Date,Open,High,Low,Close,Volume,Dividends,Stock Splits
1962-01-02 00:00:00-05:00,0.38004541397094727,0.3839553377320338,0.38004541397094727,0.38004541397094727,1880,0.0,0.0
1962-01-03 00:00:00-05:00,0.3800453773495913,0.3800453773495913,0.37691742181777954,0.37691742181777954,5170,0.0,0.0
1962-01-04 00:00:00-05:00,0.3769176253036879,0.3792635862089101,0.3737896680831909,0.3737896680831909,7755,0.0,0.0
1962-01-05 00:00:00-05:00,0.3730077525151191,0.3730077525151191,0.3659698963165283,0.3659698963165283,10575,0.0,0.0
1962-01-08 00:00:00-05:00,0.36596964508734275,0.36675164103507996,0.3628416893369831,0.36675164103507996,6815,0.0,0.0
1962-01-09 00:00:00-05:00,0.3667516859715738,0.3675336539745331,0.3644056978409185,0.3675336539745331,5170,0.0,0.0
1962-01-10 00:00:00-05:00,0.36753386392513854,0.36909782886505127,0.36596989898522575,0.36909782886505127,4700,0.0,0.0
1962-01-11 00:00:00-05:00,0.3690974758291782,0.3706614673137665,0.36596954894116507,0.3706614673137665,4230,0.0,0.0
1962-01-12 00:00:00-05:00,0.37066140145913573,0.3745713233947754,0.37066140145913573,0.3745713233947754,3525,0.0,0.0
1962-01-15 00:00:00-05:00,0.37222578678548535,0.37222578678548535,0.36831583237479065,0.36909782886505127,3525,0.0,0.0
1962-01-16 00:00:00-05:00,0.36909782886505127,0.37066182184557256,0.36753386392513854,0.36909782886505127,4465,0.0,0.0
1962-01-17 00:00:00-05:00,0.36909782886505127,0.37066182184557256,0.36909782886505127,0.36909782886505127,1175,0.0,0.0
1962-01-18 00:00:00-05:00,0.36909757279711336,0.36909757279711336,0.36518764913960555,0.36675164103507996,3995,0.0,0.0
1962-01-19 00:00:00-05:00,0.36596987982639767,0.36596987982639767,0.3651878833770752,0.3651878833770752,940,0.0,0.0
1962-01-22 00:00:00-05:00,0.3659697641908004,0.3683156967163086,0.3659697641908004,0.3683156967163086,6345,0.0,0.0
1962-01-23 00:00:00-05:00,0.3683155768493762,0.36909757279711336,0.36675164103507996,0.36675164103507996,6815,0.0,0.0
1962-01-24 00:00:00-05:00,0.36596942848210495,0.36596942848210495,0.3636234700679779,0.3636234700679779,5170,0.0,0.0
1962-01-25 00:00:00-05:00,0.3636235123089112,0.36675146657130214,0.36284151673316956,0.36284151673316956,3995,0.0,0.0
1962-01-26 00:00:00-05:00,0.362841474583078,0.3636234700679779,0.35971352068405116,0.3636234700679779,2585,0.0,0.0
1962-01-29 00:00:00-05:00,0.36362362191640096,0.36362362191640096,0.3581497073173523,0.3581497073173523,2350,0.0,0.0
1962-01-30 00:00:00-05:00,0.35814994407788775,0.35893194040629806,0.3558039831332596,0.3565859794616699,4230,0.0,0.0
1962-01-31 00:00:00-05:00,0.3550220267462912,0.3550220267462912,0.3518940971619505,0.3526760935783386,6345,0.0,0.0
1962-02-01 00:00:00-05:00,0.35267616892523007,0.35658609576128847,0.35267616892523007,0.3550221025943756,5405,0.0,0.0
1962-02-02 00:00:00-05:00,0.35502198680484937,0.3565859794616699,0.35502198680484937,0.3565859794616699,2585,0.0,0.0
1962-02-05 00:00:00-05:00,0.35658574373501734,0.36284162610494136,0.3558037479235578,0.3581497073173523,10340,0.0,0.0
1962-02-06 00:00:00-05:00,0.3581497073173523,0.35971367089968725,0.3573677395464769,0.3581497073173523,5170,0.0,0.0
1962-02-07 00:00:00-05:00,0.3620599699749538,0.3659698963165283,0.3620599699749538,0.3659698963165283,6815,0.0,0.0
1962-02-08 00:00:00-05:00,0.3690974758291782,0.3706614673137665,0.3690974758291782,0.3706614673137665,4465,0.0,0.0
1962-02-09 00:00:00-05:00,0.370661737226059,0.37222570180892944,0.370661737226059,0.37222570180892944,3055,0.0,0.0
1962-02-12 00:00:00-05:00,0.37378955708188605,0.3784814774990082,0.37378955708188605,0.3784814774990082,3525,0.0,0.0
1962-02-13 00:00:00-05:00,0.3784814774990082,0.37926347358205986,0.37378955708188605,0.3784814774990082,9870,0.0,0.0
1962-02-14 00:00:00-05:00,0.37769959357836047,0.37769959357836047,0.37144370717796876,0.3737896680831909,2350,0.0,0.0
1962-02-15 00:00:00-05:00,0.37378946628596776,0.37691742181777954,0.37378946628596776,0.37691742181777954,2115,0.0,0.0
1962-02-16 00:00:00-05:00,0.3745716627035362,0.3745716627035362,0.37222570180892944,0.37222570180892944,940,0.0,0.0
1962-02-19 00:00:00-05:00,0.3722253646252762,0.3745713233947754,0.3722253646252762,0.3745713233947754,1880,0.0,0.0
1962-02-20 00:00:00-05:00,0.37457161777730225,0.37457161777730225,0.3730076253414154,0.3730076253414154,1175,0.0,0.0
1962-02-21 00:00:00-05:00,0.37300767008006364,0.37691762359814296,0.37222570180892944,0.37222570180892944,5875,0.0,0.0
1962-02-23 00:00:00-05:00,0.3730076717679161,0.3769176253036879,0.3730076717679161,0.3737896680831909,4230,0.0,0.0
1962-02-26 00:00:00-05:00,0.37378932779141677,0.3745713233947754,0.3722253646252762,0.3745713233947754,2350,0.0,0.0
1962-02-27 00:00:00-05:00,0.37457163809708716,0.3776995670573474,0.373789641836722,0.3753536343574524,1880,0.0,0.0
1962-02-28 00:00:00-05:00,0.3753536343574524,0.3753536343574524,0.3753536343574524,0.3753536343574524,1880,0.0,0.0
1962-03-01 00:00:00-05:00,0.3753536590152725,0.37691762359814296,0.37222570180892944,0.37222570180892944,3760,0.0,0.0
1962-03-02 00:00:00-05:00,0.37222570180892944,0.37300767008006364,0.37222570180892944,0.37222570180892944,2115,0.0,0.0
1962-03-05 00:00:00-05:00,0.37222570180892944,0.3737896663917999,0.3683157482908501,0.37222570180892944,3525,0.0,0.0
1962-03-06 00:00:00-05:00,0.37066182184557256,0.37066182184557256,0.36909782886505127,0.36909782886505127,1410,0.0,0.0
1962-03-07 00:00:00-05:00,0.36909782886505127,0.36909782886505127,0.36909782886505127,0.36909782886505127,1645,0.0,0.0
1962-03-08 00:00:00-05:00,0.36909774460258643,0.37222570180892944,0.36909774460258643,0.37222570180892944,1175,0.0,0.0
1962-03-09 00:00:00-05:00,0.37222543075777303,0.37222543075777303,0.3706614673137665,0.3706614673137665,1410,0.0,0.0
1962-03-12 00:00:00-05:00,0.37066156469258776,0.3714435325997359,0.36675164103507996,0.36675164103507996,2585,0.0,0.0
1962-03-13 00:00:00-05:00,0.3667516859715738,0.3690976180210441,0.3667516859715738,0.3675336539745331,2350,0.0,0.0
1962-03-14 00:00:00-05:00,0.36753386392513854,0.37066182184557256,0.36675189547548637,0.36909782886505127,4465,0.0,0.0
1962-03-15 00:00:00-05:00,0.36909774460258643,0.3737896663917999,0.36909774460258643,0.37222570180892944,7520,0.0,0.0
1962-03-16 00:00:00-05:00,0.373789641836722,0.3753536343574524,0.373789641836722,0.3753536343574524,3055,0.0,0.0
1962-03-19 00:00:00-05:00,0.37535361399524564,0.37535361399524564,0.3730076253414154,0.3730076253414154,1880,0.0,0.0
1962-03-20 00:00:00-05:00,0.3730076253414154,0.3761355821725903,0.3730076253414154,0.3730076253414154,1410,0.0,0.0
1962-03-21 00:00:00-05:00,0.3730076455763568,0.3753536343574524,0.3706617128764617,0.3753536343574524,3055,0.0,0.0
1962-03-22 00:00:00-05:00,0.3753534580721672,0.37691742181777954,0.3753534580721672,0.37691742181777954,4230,0.0,0.0
1962-03-23 00:00:00-05:00,0.3769175988375825,0.3769175988375825,0.3753536343574524,0.3753536343574524,1645,0.0,0.0
1962-03-26 00:00:00-05:00,0.37724782374113913,0.37724782374113913,0.37566938996315,0.37566938996315,2820,0.234043,0.0
1962-03-27 00:00:00-05:00,0.3756691868577311,0.377247619782341,0.3725122927085037,0.37487995624542236,7520,0.0,0.0
1962-03-28 00:00:00-05:00,0.37487990896569656,0.37645834169123504,0.3733014762401581,0.3733014762401581,2115,0.0,0.0
1962-03-29 00:00:00-05:00,0.37330140411193724,0.37330140411193724,0.37093374133110046,0.37093374133110046,2820,0.0,0.0
1962-03-30 00:00:00-05:00,0.37093374133110046,0.37093374133110046,0.3661984157694269,0.37093374133110046,2350,0.0,0.0
1962-04-02 00:00:00-05:00,0.37093374133110046,0.3725121737516588,0.3701445392708206,0.37093374133110046,2115,0.0,0.0
1962-04-03 00:00:00-05:00,0.3693556640824151,0.3693556640824151,0.363831102848053,0.363831102848053,2585,0.0,0.0
1962-04-04 00:00:00-05:00,0.363831102848053,0.3661987679056331,0.363831102848053,0.363831102848053,1645,0.0,0.0
1962-04-05 00:00:00-05:00,0.363831102848053,0.3654095650864569,0.3614634377904729,0.363831102848053,3995,0.0,0.0
1962-04-06 00:00:00-05:00,0.3638308292030178,0.36462005972862244,0.35988473317500375,0.36462005972862244,2350,0.0,0.0
1962-04-09 00:00:00-05:00,0.36225262414376946,0.36225262414376946,0.35830649733543396,0.35830649733543396,2820,0.0,0.0
1962-04-10 00:00:00-05:00,0.3583064855469649,0.35988494753837585,0.3575172828512808,0.35988494753837585,1175,0.0,0.0
1962-04-11 00:00:00-05:00,0.3614631659262085,0.36777692523103184,0.3614631659262085,0.36462005972862244,3995,0.0,0.0
1962-04-12 00:00:00-05:00,0.36304181492115495,0.36304181492115495,0.3583064855469649,0.35988494753837585,4700,0.0,0.0
1962-04-13 00:00:00-05:00,0.35988494753837585,0.3646202769125658,0.35988494753837585,0.35988494753837585,1880,0.0,0.0
1962-04-16 00:00:00-05:00,0.35988483965615575,0.36225250363349915,0.35751717567881236,0.36225250363349915,2820,0.0,0.0
1962-04-17 00:00:00-05:00,0.3622522663096064,0.36856602334615884,0.35988460388339993,0.3661983609199524,3290,0.0,0.0
1962-04-18 00:00:00-05:00,0.3661983609199524,0.3693552535882258,0.36461992873581284,0.3661983609199524,1645,0.0,0.0
1962-04-19 00:00:00-05:00,0.36777710687417975,0.3725124357665521,0.36777710687417975,0.3717232048511505,2585,0.0,0.0
1962-04-23 00:00:00-05:00,0.3740909561851609,0.37566938996315,0.3740909561851609,0.37566938996315,940,0.0,0.0
1962-04-24 00:00:00-05:00,0.3756694931811735,0.3756694931811735,0.3740910589694977,0.3740910589694977,1880,0.0,0.0
1962-04-25 00:00:00-05:00,0.37409089759735514,0.3748801002127382,0.3717232048511505,0.3717232048511505,5640,0.0,0.0
1962-04-26 00:00:00-05:00,0.37251224572738684,0.37724757220400634,0.37251224572738684,0.3733014762401581,3995,0.0,0.0
1962-04-27 00:00:00-05:00,0.3733014762401581,0.37645834169123504,0.3733014762401581,0.3733014762401581,4465,0.0,0.0
1962-04-30 00:00:00-04:00,0.37330169072116887,0.3772477889522534,0.37251245975494385,0.37251245975494385,10810,0.0,0.0
1962-05-01 00:00:00-04:00,0.3725124357665521,0.3764585337435228,0.37093400223576745,0.3717232048511505,10105,0.0,0.0
1962-05-02 00:00:00-04:00,0.37172294339138034,0.3764582689530539,0.37093374133110046,0.37093374133110046,7050,0.0,0.0
1962-05-03 00:00:00-04:00,0.37093400223576745,0.3725124357665521,0.3701447996203844,0.3717232048511505,3290,0.0,0.0
1962-05-04 00:00:00-04:00,0.37172322878871883,0.37330169072116887,0.3693555924900844,0.37251245975494385,8695,0.0,0.0
1962-05-07 00:00:00-04:00,0.37251245975494385,0.37488012435359863,0.3701448234563094,0.37251245975494385,7285,0.0,0.0
1962-05-08 00:00:00-04:00,0.3725124357665521,0.3748801002127382,0.37093400223576745,0.3717232048511505,3290,0.0,0.0
1962-05-09 00:00:00-04:00,0.37172294339138034,0.37172294339138034,0.36935530891054213,0.37093374133110046,3525,0.0,0.0
1962-05-10 00:00:00-04:00,0.3709338487021613,0.3709338487021613,0.3685661852359772,0.3685661852359772,5640,0.0,0.0
1962-05-11 00:00:00-04:00,0.3685660712699053,0.37093373400397317,0.3677768409252167,0.3677768409252167,4465,0.0,0.0
1962-05-14 00:00:00-04:00,0.3677770340472918,0.3677770340472918,0.35988483965615575,0.36225250363349915,17155,0.0,0.0
1962-05-15 00:00:00-04:00,0.36225250930350006,0.36619860656083264,0.36067407606056967,0.3614632785320282,15980,0.0,0.0
1962-05-16 00:00:00-04:00,0.3614633812297654,0.36304181492115495,0.35909571654267036,0.35988494753837585,8225,0.0,0.0
1962-05-17 00:00:00-04:00,0.35988494753837585,0.35988494753837585,0.35988494753837585,0.35988494753837585,470,0.0,0.0
1962-05-18 00:00:00-04:00,0.3598848339742737,0.360674064720932,0.35909560322761536,0.35909560322761536,1410,0.0,0.0
1962-05-21 00:00:00-04:00,0.3590957283571055,0.35988495937877707,0.35830649733543396,0.35830649733543396,2350,0.0,0.0
1962-05-22 00:00:00-04:00,0.35830649733543396,0.3606741904004486,0.35830649733543396,0.35830649733543396,3995,0.0,0.0
1962-05-23 00:00:00-04:00,0.3583062658294425,0.35988472685292294,0.35672783310596606,0.3575170636177063,9400,0.0,0.0
1962-05-24 00:00:00-04:00,0.3575172781177481,0.3590957117882391,0.35672804713249207,0.35672804713249207,5875,0.0,0.0
1962-05-25 00:00:00-04:00,0.35672811005437977,0.3575173411788452,0.3527820110321045,0.3527820110321045,7990,0.0,0.0
1962-05-28 00:00:00-04:00,0.3519925371228443,0.3519925371228443,0.32989436388015747,0.32989436388015747,19505,0.0,0.0
1962-05-29 00:00:00-04:00,0.3251590803210135,0.3251590803210135,0.28727646022924175,0.3125315308570862,38775,0.0,0.0
1962-05-31 00:00:00-04:00,0.32279139669330636,0.32831595454991874,0.32279139669330636,0.32673749327659607,19975,0.0,0.0
1962-06-01 00:00:00-04:00,0.32831579749613843,0.34015408158302307,0.32831579749613843,0.34015408158302307,6345,0.0,0.0
1962-06-04 00:00:00-04:00,0.34015442428033116,0.34094365533458587,0.3346298635005951,0.3346298635005951,7050,0.0,0.0
1962-06-05 00:00:00-04:00,0.3346298635005951,0.33699755666335923,0.3275268972123966,0.3346298635005951,8460,0.0,0.0
1962-06-06 00:00:00-04:00,0.3354187978601603,0.33936489304086853,0.3354187978601603,0.33857569098472595,2820,0.0,0.0
1962-06-07 00:00:00-04:00,0.33857569625167344,0.33857569625167344,0.3369972638148354,0.337786465883255,3525,0.0,0.0
1962-06-08 00:00:00-04:00,0.33857573302902044,0.34173262654560876,0.33857573302902044,0.3409433960914612,3995,0.0,0.0
1962-06-11 00:00:00-04:00,0.3409434900157391,0.34410035610198975,0.33778659562947877,0.34410035610198975,6110,0.0,0.0
1962-06-12 00:00:00-04:00,0.34094335905692985,0.34094335905692985,0.336208033446417,0.337786465883255,3995,0.0,0.0
1962-06-13 00:00:00-04:00,0.33699755666335923,0.33699755666335923,0.32989456207513723,0.3346298635005951,8460,0.0,0.0
1962-06-14 00:00:00-04:00,0.33462946253181935,0.33620792274894346,0.32831573486328125,0.32831573486328125,4465,0.0,0.0
1962-06-15 00:00:00-04:00,0.32831573486328125,0.3298941667804158,0.3251588427290227,0.32831573486328125,9635,0.0,0.0
1962-06-18 00:00:00-04:00,0.32831573486328125,0.3298941667804158,0.3267372746461572,0.32831573486328125,3290,0.0,0.0
1962-06-19 00:00:00-04:00,0.3302304632827221,0.3302304632827221,0.32863515615463257,0.32863515615463257,3055,0.234043,0.0
1962-06-20 00:00:00-04:00,0.32863498187253426,0.3302302881545991,0.3254443407058716,0.3254443407058716,2115,0.0,0.0
1962-06-21 00:00:00-04:00,0.32544449838755524,0.32783747327134344,0.32305152350376704,0.32464683055877686,6110,0.0,0.0
1962-06-22 00:00:00-04:00,0.3246469869452578,0.3254446551582828,0.3190633952617645,0.3190633952617645,10105,0.0,0.0
1962-06-25 00:00:00-04:00,0.3182654269928373,0.3182654269928373,0.3031099454516484,0.311086505651474,10810,0.0,0.0
1962-06-26 00:00:00-04:00,0.311086505651474,0.3166701206733789,0.311086505651474,0.311086505651474,12925,0.0,0.0
1962-06-27 00:00:00-04:00,0.3110866373829529,0.31268197298049927,0.3094913303879523,0.31268197298049927,5640,0.0,0.0
1962-06-28 00:00:00-04:00,0.31587263066723514,0.3174679664854748,0.31587263066723514,0.316670298576355,1880,0.0,0.0
1962-06-29 00:00:00-04:00,0.31667024449173076,0.3214561939239502,0.3158725767188459,0.3214561939239502,8225,0.0,0.0
1962-07-02 00:00:00-04:00,0.32145631499199884,0.32384929060935974,0.31906333937463793,0.32384929060935974,6110,0.0,0.0
1962-07-03 00:00:00-04:00,0.32384906053869605,0.32544436694940493,0.32225375412798724,0.323051393032074,4700,0.0,0.0
1962-07-05 00:00:00-04:00,0.3230513669815078,0.3254443407058716,0.32225372814174197,0.3254443407058716,1175,0.0,0.0
1962-07-06 00:00:00-04:00,0.327040036090846,0.32783767580986023,0.327040036090846,0.32783767580986023,2115,0.0,0.0
1962-07-09 00:00:00-04:00,0.32783748828931364,0.32863515615463257,0.32384920616781565,0.32863515615463257,2820,0.0,0.0
1962-07-10 00:00:00-04:00,0.33182546496391296,0.33740904859249427,0.33182546496391296,0.33182546496391296,7285,0.0,0.0
1962-07-11 00:00:00-04:00,0.3350164219182429,0.33820703625679016,0.3350164219182429,0.33820703625679016,3290,0.0,0.0
1962-07-12 00:00:00-04:00,0.3413975014118805,0.3461834490299225,0.3413975014118805,0.3461834490299225,3525,0.0,0.0
1962-07-13 00:00:00-04:00,0.3437904295606903,0.3437904295606903,0.3421951234340668,0.3421951234340668,1175,0.0,0.0
1962-07-16 00:00:00-04:00,0.3421951316591098,0.3421951316591098,0.3413974642753601,0.3413974642753601,2115,0.0,0.0
1962-07-17 00:00:00-04:00,0.3413974438870217,0.3413974438870217,0.3350161910057068,0.3350161910057068,7285,0.0,0.0
1962-07-18 00:00:00-04:00,0.3350163036840661,0.3350163036840661,0.33023035526275635,0.33023035526275635,4700,0.0,0.0
1962-07-19 00:00:00-04:00,0.3342185236695939,0.33661152567793245,0.3342185236695939,0.3350161910057068,3055,0.0,0.0
1962-07-20 00:00:00-04:00,0.3350165899834905,0.33740956623914176,0.33421892169741896,0.33661192655563354,5170,0.0,0.0
1962-07-23 00:00:00-04:00,0.33661152567793245,0.337409164411516,0.3350161910057068,0.3350161910057068,4700,0.0,0.0
1962-07-24 00:00:00-04:00,0.3350163612369176,0.336611696719778,0.3318257474762844,0.3358140289783478,4700,0.0,0.0
1962-07-25 00:00:00-04:00,0.33581396607105923,0.3374092726525305,0.333420991897583,0.333420991897583,6345,0.0,0.0
1962-07-26 00:00:00-04:00,0.33421892169741896,0.33661192655563354,0.33421892169741896,0.33661192655563354,4935,0.0,0.0
1962-07-27 00:00:00-04:00,0.3382068918873809,0.3429928399547868,0.3382068918873809,0.3405998945236206,6345,0.0,0.0
1962-07-30 00:00:00-04:00,0.3413974642753601,0.3437904378240783,0.3413974642753601,0.3413974642753601,1645,0.0,0.0
1962-07-31 00:00:00-04:00,0.34139732805274364,0.3429926335811615,0.33900435545885715,0.3429926335811615,1175,0.0,0.0
1962-08-01 00:00:00-04:00,0.3413974221236233,0.3413974221236233,0.33900444887036124,0.3398021161556244,940,0.0,0.0
1962-08-02 00:00:00-04:00,0.33980202252432584,0.3429926335811615,0.33900435545885715,0.3429926335811615,2115,0.0,0.0
1962-08-03 00:00:00-04:00,0.3429926335811615,0.3445879677120989,0.34219499511821233,0.3429926335811615,2820,0.0,0.0
1962-08-06 00:00:00-04:00,0.3429926335811615,0.3445879677120989,0.3429926335811615,0.3429926335811615,1645,0.0,0.0
1962-08-07 00:00:00-04:00,0.3429926335811615,0.34777857876893453,0.3429926335811615,0.3429926335811615,8695,0.0,0.0
1962-08-08 00:00:00-04:00,0.3429930752831897,0.34857669472694397,0.3429930752831897,0.34857669472694397,7285,0.0,0.0
1962-08-09 00:00:00-04:00,0.3461834490299225,0.3461834490299225,0.3437904752209015,0.3461834490299225,2820,0.0,0.0
1962-08-10 00:00:00-04:00,0.34618354995073014,0.347778856754303,0.34618354995073014,0.347778856754303,2350,0.0,0.0
1962-08-13 00:00:00-04:00,0.34777894499874,0.34777894499874,0.34538599848747253,0.34538599848747253,3760,0.0,0.0
1962-08-14 00:00:00-04:00,0.34538570854136796,0.3477786530437945,0.343790374069716,0.344588041305542,7755,0.0,0.0
1962-08-15 00:00:00-04:00,0.3445882824208764,0.3469812572002411,0.3445882824208764,0.3469812572002411,8225,0.0,0.0
1962-08-16 00:00:00-04:00,0.3469813056958341,0.3485766129041956,0.34538599848747253,0.34538599848747253,2115,0.0,0.0
1962-08-17 00:00:00-04:00,0.3453859108502149,0.347778856754303,0.3445882431471573,0.347778856754303,1645,0.0,0.0
1962-08-20 00:00:00-04:00,0.34777889639166554,0.34857656418563565,0.346183589406271,0.3469812572002411,1645,0.0,0.0
1962-08-21 00:00:00-04:00,0.34698121765378775,0.347778856754303,0.3453859108502149,0.347778856754303,940,0.0,0.0
1962-08-22 00:00:00-04:00,0.347778856754303,0.3485765244573606,0.3453859108502149,0.347778856754303,2585,0.0,0.0
1962-08-23 00:00:00-04:00,0.347778856754303,0.347778856754303,0.3453859108502149,0.347778856754303,705,0.0,0.0
1962-08-24 00:00:00-04:00,0.347778856754303,0.347778856754303,0.3453859108502149,0.347778856754303,940,0.0,0.0
1962-08-27 00:00:00-04:00,0.3477788958576905,0.35495784878730774,0.3477788958576905,0.35495784878730774,11750,0.0,0.0
1962-08-28 00:00:00-04:00,0.353362513744365,0.353362513744365,0.3469812572002411,0.3469812572002411,4230,0.0,0.0
1962-08-29 00:00:00-04:00,0.3469813056958341,0.3493742808096512,0.34458833058201693,0.34538599848747253,7050,0.0,0.0
1962-08-30 00:00:00-04:00,0.3453858101619382,0.34698111650044083,0.3437904752209015,0.3461834490299225,705,0.0,0.0
1962-08-31 00:00:00-04:00,0.34618334717466825,0.3469810144104942,0.343790374069716,0.344588041305542,2585,0.0,0.0
1962-09-04 00:00:00-04:00,0.34458814269141985,0.34698111650044083,0.34458814269141985,0.3461834490299225,6110,0.0,0.0
1962-09-05 00:00:00-04:00,0.34618354995073014,0.3485765244573606,0.3445882431471573,0.347778856754303,6110,0.0,0.0
1962-09-06 00:00:00-04:00,0.34777889049373995,0.35017189383506775,0.3445882765770599,0.35017189383506775,3290,0.0,0.0
1962-09-07 00:00:00-04:00,0.35017189383506775,0.35017189383506775,0.35017189383506775,0.35017189383506775,940,0.0,0.0
1962-09-10 00:00:00-04:00,0.3501718245666928,0.35096946358680725,0.3461835150559626,0.35096946358680725,3995,0.0,0.0
1962-09-11 00:00:00-04:00,0.3509694158736841,0.3525647222995758,0.34698113550768683,0.3525647222995758,2115,0.0,0.0
1962-09-12 00:00:00-04:00,0.35256472927689014,0.3573506772518158,0.350969422819427,0.3573506772518158,3525,0.0,0.0
1962-09-13 00:00:00-04:00,0.3573506772518158,0.3597436798418148,0.3573506772518158,0.3573506772518158,4230,0.0,0.0
1962-09-14 00:00:00-04:00,0.3581485130815428,0.3764946460723877,0.3581485130815428,0.3764946460723877,5640,0.0,0.0
1962-09-17 00:00:00-04:00,0.37649465483708716,0.38128060517242324,0.3653274469221531,0.37569698691368103,15040,0.0,0.0
1962-09-18 00:00:00-04:00,0.3780898092532213,0.384471063770702,0.3780898092532213,0.38128042221069336,10810,0.0,0.0
1962-09-19 00:00:00-04:00,0.382078158576734,0.3892570819280218,0.382078158576734,0.3884594142436981,6815,0.0,0.0
1962-09-20 00:00:00-04:00,0.38845963351078683,0.39085260931193777,0.38686432584420555,0.39005494117736816,6345,0.0,0.0
1962-09-21 00:00:00-04:00,0.3900546826033253,0.3924476854206709,0.3868640693852758,0.3892570436000824,8460,0.0,0.0
1962-09-24 00:00:00-04:00,0.3783099353313446,0.3783099353313446,0.37589519044917097,0.3783099353313446,13395,0.234043,0.0
1962-09-25 00:00:00-04:00,0.3735814690589905,0.3735814690589905,0.37348085337642123,0.3735814690589905,5640,0.0,0.0
1962-09-26 00:00:00-04:00,0.3735814690589905,0.3735814690589905,0.3735814690589905,0.3735814690589905,3525,0.0,0.0
1962-09-27 00:00:00-04:00,0.3750905154612017,0.37750529081297873,0.3750905154612017,0.3758954405784607,2115,0.0,0.0
1962-09-28 00:00:00-04:00,0.3758954405784607,0.37750529081297873,0.3750905154612017,0.3758954405784607,2585,0.0,0.0
1962-10-01 00:00:00-04:00,0.37509069301294584,0.37509069301294584,0.3702611977488706,0.3710661232471466,5170,0.0,0.0
1962-10-02 00:00:00-04:00,0.37106590873847933,0.371870833771438,0.368651162502377,0.37026098370552063,1880,0.0,0.0
1962-10-03 00:00:00-04:00,0.3734804093837738,0.3750902295283425,0.3734804093837738,0.3734804093837738,1880,0.0,0.0
1962-10-04 00:00:00-04:00,0.37348095107982177,0.3758956992303981,0.37267605427149403,0.37428587675094604,2350,0.0,0.0
1962-10-05 00:00:00-04:00,0.37509071350357204,0.3791152834892273,0.37509071350357204,0.3791152834892273,1880,0.0,0.0
1962-10-08 00:00:00-04:00,0.38152972379058786,0.3847493653958227,0.38152972379058786,0.3823346197605133,3290,0.0,0.0
1962-10-09 00:00:00-04:00,0.38233464299599873,0.38555431365966797,0.3815297469771576,0.38555431365966797,5405,0.0,0.0
1962-10-10 00:00:00-04:00,0.38555467653803416,0.38635960217722765,0.38153010606765747,0.38153010606765747,5875,0.0,0.0
1962-10-11 00:00:00-04:00,0.38153010606765747,0.38153010606765747,0.38153010606765747,0.38153010606765747,1645,0.0,0.0
1962-10-12 00:00:00-04:00,0.3799200654029846,0.3799200654029846,0.3799200654029846,0.3799200654029846,705,0.0,0.0
1962-10-15 00:00:00-04:00,0.3799198741252039,0.3823346197605133,0.3783100533225865,0.3823346197605133,3525,0.0,0.0
1962-10-16 00:00:00-04:00,0.382334812254043,0.38474955910510134,0.3783102437898727,0.3799200654029846,7990,0.0,0.0
1962-10-17 00:00:00-04:00,0.3799197556318745,0.38233450051404816,0.3783099353313446,0.3783099353313446,2585,0.0,0.0
1962-10-18 00:00:00-04:00,0.3791152834892273,0.38233495679542673,0.3791152834892273,0.3791152834892273,2115,0.0,0.0
1962-10-19 00:00:00-04:00,0.37911514016503817,0.38072499064093107,0.37911514016503817,0.3799200654029846,2115,0.0,0.0
1962-10-22 00:00:00-04:00,0.3791150891672846,0.3791150891672846,0.37509052124449066,0.37670037150382996,19975,0.0,0.0
1962-10-23 00:00:00-04:00,0.37670040162424007,0.37670040162424007,0.3678463399410248,0.3678463399410248,6580,0.0,0.0
1962-10-24 00:00:00-04:00,0.36784621902989784,0.3718707859516144,0.35738231039811086,0.3718707859516144,9870,0.0,0.0
1962-10-25 00:00:00-04:00,0.3710660073265061,0.3710660073265061,0.3654315883243415,0.3670414388179779,5170,0.0,0.0
1962-10-26 00:00:00-04:00,0.3662365972995758,0.3662365972995758,0.36221202787095713,0.3662365972995758,2585,0.0,0.0
1962-10-29 00:00:00-05:00,0.3710659476004601,0.3799200084392023,0.3710659476004601,0.3758954405784607,4230,0.0,0.0
1962-10-30 00:00:00-05:00,0.37589519044917097,0.3783099353313446,0.37348044556699733,0.3783099353313446,2350,0.0,0.0
1962-10-31 00:00:00-05:00,0.3783103868097714,0.3791152834892273,0.37509071350357204,0.3791152834892273,6580,0.0,0.0
1962-11-01 00:00:00-05:00,0.3783099353313446,0.3783099353313446,0.3783099353313446,0.3783099353313446,940,0.0,0.0
1962-11-02 00:00:00-05:00,0.3783102437898727,0.38313973749198943,0.3783102437898727,0.3799200654029846,7285,0.0,0.0
1962-11-05 00:00:00-05:00,0.3799202547892705,0.3823350028440556,0.37911532915007695,0.38153010606765747,2585,0.0,0.0
1962-11-07 00:00:00-05:00,0.3815299158788776,0.382334812254043,0.3799200654029846,0.3799200654029846,2115,0.0,0.0
1962-11-08 00:00:00-05:00,0.3807247989578959,0.3831395445932053,0.3807247989578959,0.3823346197605133,1880,0.0,0.0
1962-11-09 00:00:00-05:00,0.3823350028440556,0.38313992848324907,0.380725180428464,0.38153010606765747,2350,0.0,0.0
1962-11-12 00:00:00-05:00,0.3823349232375077,0.38555459626111316,0.3823349232375077,0.38313984870910645,3995,0.0,0.0
1962-11-13 00:00:00-05:00,0.3831395445932053,0.38394444056313076,0.38152972379058786,0.3823346197605133,4465,0.0,0.0
1962-11-14 00:00:00-05:00,0.38394435143821265,0.3863591253757477,0.38394435143821265,0.3863591253757477,5170,0.0,0.0
1962-11-15 00:00:00-05:00,0.38635935218030876,0.38635935218030876,0.38474950194358826,0.38474950194358826,3290,0.0,0.0
1962-11-16 00:00:00-05:00,0.3863591253757477,0.3863591253757477,0.3863591253757477,0.3863591253757477,2350,0.0,0.0
1962-11-19 00:00:00-05:00,0.3839447453179157,0.3839447453179157,0.3815300266286984,0.38313984870910645,1645,0.0,0.0
1962-11-20 00:00:00-05:00,0.3863593257588047,0.3919937146136838,0.3863593257588047,0.3895789682865143,8695,0.0,0.0
1962-11-21 00:00:00-05:00,0.3903843490229449,0.39682367045738703,0.3903843490229449,0.39601877331733704,3290,0.0,0.0
1962-11-23 00:00:00-05:00,0.39601841787781245,0.4008479118347168,0.39601841787781245,0.4008479118347168,3995,0.0,0.0
1962-11-26 00:00:00-05:00,0.4008478375586185,0.40165273382710226,0.3944084942340851,0.3944084942340851,3995,0.0,0.0
1962-11-27 00:00:00-05:00,0.3960182182351381,0.39843293513348865,0.3960182182351381,0.3976280391216278,1880,0.0,0.0
1962-11-28 00:00:00-05:00,0.3976278424634798,0.39923766255378723,0.39601802237317235,0.39923766255378723,1410,0.0,0.0
1962-11-29 00:00:00-05:00,0.39923766255378723,0.4008475115068484,0.3968229179869492,0.39923766255378723,2350,0.0,0.0
1962-11-30 00:00:00-05:00,0.39923766255378723,0.4008475115068484,0.39843273807725665,0.39923766255378723,5170,0.0,0.0
1962-12-03 00:00:00-05:00,0.39923777554203976,0.400042700246372,0.3984328508377075,0.3984328508377075,4230,0.0,0.0
1962-12-04 00:00:00-05:00,0.39843306216483554,0.39843306216483554,0.3944084942340851,0.3944084942340851,3760,0.0,0.0
1962-12-05 00:00:00-05:00,0.39601802237317235,0.39923766255378723,0.39601802237317235,0.39923766255378723,3760,0.0,0.0
1962-12-06 00:00:00-05:00,0.3992378600081175,0.3992378600081175,0.3976280391216278,0.3976280391216278,3760,0.0,0.0
1962-12-07 00:00:00-05:00,0.3976278424634798,0.39923766255378723,0.3968229179869492,0.39923766255378723,2585,0.0,0.0
1962-12-10 00:00:00-05:00,0.3992380853826514,0.4000430107116699,0.3992380853826514,0.4000430107116699,2585,0.0,0.0
1962-12-11 00:00:00-05:00,0.4000430264660869,0.4024577736854553,0.4000430264660869,0.4024577736854553,1880,0.0,0.0
1962-12-12 00:00:00-05:00,0.4024576470063478,0.408896961276872,0.40165272189899115,0.40567731857299805,4700,0.0,0.0
1962-12-13 00:00:00-05:00,0.4056773933077441,0.4105068871160309,0.4056773933077441,0.40809211134910583,2820,0.0,0.0
1962-12-14 00:00:00-05:00,0.40648221481757835,0.40648221481757835,0.4040674683582847,0.40567731857299805,1410,0.0,0.0
1962-12-17 00:00:00-05:00,0.40957786137563734,0.4136411249637604,0.40957786137563734,0.4136411249637604,2820,0.255319,0.0
1962-12-18 00:00:00-05:00,0.409578177919359,0.409578177919359,0.40145161532218593,0.40470224618911743,12220,0.0,0.0
1962-12-19 00:00:00-05:00,0.40307652950286865,0.40307652950286865,0.4006385659765547,0.40307652950286865,1410,0.0,0.0
1962-12-20 00:00:00-05:00,0.40307652950286865,0.40713979233329745,0.4014512301987538,0.40307652950286865,4935,0.0,0.0
1962-12-21 00:00:00-05:00,0.4030767088905156,0.4030767088905156,0.40063874427919544,0.4014514088630676,2585,0.0,0.0
1962-12-24 00:00:00-05:00,0.4014519480615606,0.4055152181577917,0.39982664585113525,0.39982664585113525,2350,0.0,0.0
1962-12-26 00:00:00-05:00,0.39982593089463897,0.40551449302918263,0.39982593089463897,0.40307652950286865,3525,0.0,0.0
1962-12-27 00:00:00-05:00,0.4030767088905156,0.40470203805825994,0.3998261088356196,0.4014514088630676,2115,0.0,0.0
1962-12-28 00:00:00-05:00,0.4014514657712128,0.40957802534103394,0.39820083611522433,0.40957802534103394,1645,0.0,0.0
1962-12-31 00:00:00-05:00,0.40957802534103394,0.41120332559887796,0.40795269594288947,0.40957802534103394,1410,0.0,0.0
1963-01-02 00:00:00-05:00,0.4095778610212191,0.4103904962539673,0.4095778610212191,0.4103904962539673,705,0.0,0.0
1963-01-03 00:00:00-05:00,0.41039054112359097,0.41120320558547974,0.4095779058019942,0.41120320558547974,2115,0.0,0.0
1963-01-04 00:00:00-05:00,0.41282874285507837,0.4177046741507816,0.41282874285507837,0.41445407271385193,1645,0.0,0.0
1963-01-07 00:00:00-05:00,0.4168919438374734,0.4258311400974999,0.4168919438374734,0.42420583963394165,3055,0.0,0.0
1963-01-08 00:00:00-05:00,0.42339344513720356,0.42339344513720356,0.41933017709371856,0.42095544934272766,1645,0.0,0.0
1963-01-09 00:00:00-05:00,0.4209553346112936,0.42258066469796024,0.41607943177223206,0.41607943177223206,2350,0.0,0.0
1963-01-10 00:00:00-05:00,0.41607943177223206,0.4185173977619192,0.4128288007392116,0.41607943177223206,4700,0.0,0.0
1963-01-11 00:00:00-05:00,0.4160790889446919,0.4160790889446919,0.4136411249637604,0.4136411249637604,2350,0.0,0.0
1963-01-14 00:00:00-05:00,0.41364148103906384,0.41607944711867156,0.41282881596575666,0.4152667820453644,1880,0.0,0.0
1963-01-15 00:00:00-05:00,0.41607943177223206,0.41607943177223206,0.41607943177223206,0.41607943177223206,0,0.0,2.0
1963-01-16 00:00:00-05:00,0.41607943177223206,0.41607943177223206,0.41607943177223206,0.41607943177223206,0,0.0,0.0
1963-01-17 00:00:00-05:00,0.43070682965423895,0.4388333857059479,0.43070682965423895,0.4388333857059479,5758,0.0,0.0
1963-01-18 00:00:00-05:00,0.4388333857059479,0.442084013954689,0.43720808615172124,0.4388333857059479,4700,0.0,0.0
1963-01-21 00:00:00-05:00,0.4388334749131706,0.44370940370733,0.43558284600363306,0.44208410382270813,8108,0.0,0.0
1963-01-22 00:00:00-05:00,0.44208410277657495,0.4485853314399719,0.44208410277657495,0.4485853314399719,3878,0.0,0.0
1963-01-23 00:00:00-05:00,0.44858536177925906,0.4502106617699592,0.4453347326575631,0.44696006178855896,6463,0.0,0.0
1963-01-24 00:00:00-05:00,0.44695964290776213,0.4502102398427741,0.4453343152999878,0.4453343152999878,4348,0.0,0.0
1963-01-25 00:00:00-05:00,0.4453347326575631,0.44696006178855896,0.4453347326575631,0.44696006178855896,3055,0.0,0.0
1963-01-28 00:00:00-05:00,0.44696029741953847,0.45021089911460876,0.44696029741953847,0.45021089911460876,4935,0.0,0.0
1963-01-29 00:00:00-05:00,0.4502108674155728,0.45346149802207947,0.4502108674155728,0.45346149802207947,3995,0.0,0.0
1963-01-30 00:00:00-05:00,0.45183622910245497,0.45183622910245497,0.45021089911460876,0.45021089911460876,4348,0.0,0.0
1963-01-31 00:00:00-05:00,0.45021092808057117,0.4518362581729889,0.44858562712846634,0.4518362581729889,3643,0.0,0.0
1963-02-01 00:00:00-05:00,0.45183599090095505,0.45183599090095505,0.44696006178855896,0.44696006178855896,4348,0.0,0.0
1963-02-04 00:00:00-05:00,0.44695964290776213,0.4502102398427741,0.4453343152999878,0.4453343152999878,4583,0.0,0.0
1963-02-05 00:00:00-05:00,0.4453347326575631,0.44858536177925906,0.4420841326761628,0.44696006178855896,4230,0.0,0.0
1963-02-06 00:00:00-05:00,0.4469600326168675,0.4469600326168675,0.4404587747977925,0.44208410382270813,2938,0.0,0.0
1963-02-07 00:00:00-05:00,0.44208407367841773,0.44208407367841773,0.4372081452167322,0.440458744764328,4700,0.0,0.0
1963-02-08 00:00:00-05:00,0.4404586852601745,0.442084013954689,0.43720808615172124,0.4388333857059479,3995,0.0,0.0
1963-02-11 00:00:00-05:00,0.4388334449905301,0.44208407367841773,0.4372081452167322,0.440458744764328,2820,0.0,0.0
1963-02-12 00:00:00-05:00,0.4404586852601745,0.4404586852601745,0.43720808615172124,0.4388333857059479,2233,0.0,0.0
1963-02-13 00:00:00-05:00,0.43883368671313633,0.43883368671313633,0.42908182441815035,0.4339577555656433,3995,0.0,0.0
1963-02-14 00:00:00-05:00,0.4339579092884427,0.4339579092884427,0.4290819764137268,0.4290819764137268,1880,0.0,0.0
1963-02-15 00:00:00-05:00,0.4290819764137268,0.4339579092884427,0.4242060435390109,0.4290819764137268,2703,0.0,0.0
1963-02-18 00:00:00-05:00,0.42908167905792366,0.42908167905792366,0.4112032903339925,0.42583104968070984,5405,0.0,0.0
1963-02-19 00:00:00-05:00,0.4258309309220052,0.427456259727478,0.4242056312568222,0.427456259727478,3055,0.0,0.0
1963-02-20 00:00:00-05:00,0.4274563789394657,0.4274563789394657,0.4225804494437939,0.42583104968070984,2468,0.0,0.0
1963-02-21 00:00:00-05:00,0.4258311400974999,0.42745646970136225,0.42420583963394165,0.42420583963394165,1410,0.0,0.0
1963-02-25 00:00:00-05:00,0.42420583963394165,0.42745646970136225,0.42258053917038346,0.42420583963394165,3525,0.0,0.0
1963-02-26 00:00:00-05:00,0.42420583963394165,0.42745646970136225,0.42258053917038346,0.42420583963394165,2820,0.0,0.0
1963-02-27 00:00:00-05:00,0.4242060812617081,0.4274567131806885,0.42095544934272766,0.42095544934272766,4465,0.0,0.0
1963-02-28 00:00:00-05:00,0.42095533310705946,0.42095533310705946,0.4177047312259674,0.4177047312259674,1998,0.0,0.0
1963-03-01 00:00:00-05:00,0.4177047327185859,0.42258066469796024,0.41607943177223206,0.41607943177223206,6933,0.0,0.0
1963-03-04 00:00:00-05:00,0.41607954517473816,0.42095544934272766,0.41607954517473816,0.42095544934272766,2938,0.0,0.0
1963-03-05 00:00:00-05:00,0.4209552126077315,0.4209552126077315,0.41607931118183067,0.4193299412727356,3408,0.0,0.0
1963-03-06 00:00:00-05:00,0.41933017709371856,0.42095544934272766,0.41933017709371856,0.42095544934272766,1528,0.0,0.0
1963-03-07 00:00:00-05:00,0.42095544934272766,0.4274567131806885,0.41933017709371856,0.42095544934272766,4113,0.0,0.0
1963-03-08 00:00:00-05:00,0.42258053917038346,0.42745646970136225,0.42258053917038346,0.42420583963394165,4583,0.0,0.0
1963-03-11 00:00:00-05:00,0.4242057495622519,0.4274563789394657,0.4225804494437939,0.42583104968070984,4935,0.0,0.0
1963-03-12 00:00:00-05:00,0.4258313447838102,0.4290819764137268,0.4242060435390109,0.4290819764137268,6463,0.0,0.0
1963-03-13 00:00:00-05:00,0.4290814115289222,0.43233203887939453,0.4290814115289222,0.43233203887939453,2820,0.0,0.0
1963-03-14 00:00:00-05:00,0.43070703744888306,0.43070703744888306,0.4274564367721772,0.43070703744888306,1763,0.0,0.0
1963-03-15 00:00:00-05:00,0.43070682965423895,0.4388333857059479,0.4274562305457857,0.4388333857059479,3878,0.0,0.0
1963-03-18 00:00:00-05:00,0.4388333857059479,0.4404586852601745,0.43558275745720676,0.4388333857059479,3878,0.0,0.0
1963-03-19 00:00:00-05:00,0.4388333852414552,0.4388333852414552,0.43233215789114215,0.4355827569961548,1410,0.0,0.0
1963-03-20 00:00:00-05:00,0.4355832920048957,0.4372086226940155,0.43395799045609945,0.4372086226940155,1880,0.0,0.0
1963-03-21 00:00:00-05:00,0.4372080856889489,0.4372080856889489,0.4355827569961548,0.4355827569961548,2350,0.0,0.0
1963-03-22 00:00:00-05:00,0.4355832920048957,0.4372086226940155,0.4307073582181834,0.4372086226940155,6933,0.0,0.0
1963-03-25 00:00:00-05:00,0.44114413468322333,0.44278406630425365,0.4345843493938446,0.4345843493938446,4700,0.255319,0.0
1963-03-26 00:00:00-05:00,0.43458428878750055,0.437864180974782,0.4329443573951721,0.4329443573951721,2703,0.0,0.0
1963-03-27 00:00:00-05:00,0.43294441777281434,0.43786424203853397,0.43294441777281434,0.4345843493938446,2233,0.0,0.0
1963-03-28 00:00:00-05:00,0.4345843493938446,0.43950417365956423,0.4345843493938446,0.4345843493938446,3643,0.0,0.0
1963-03-29 00:00:00-05:00,0.4345843493938446,0.43786424203853397,0.4345843493938446,0.4345843493938446,1410,0.0,0.0
1963-04-01 00:00:00-05:00,0.4345843493938446,0.43786424203853397,0.43294441777281434,0.4345843493938446,2115,0.0,0.0
1963-04-02 00:00:00-05:00,0.43458431650045826,0.43786420889689487,0.4296644926071167,0.4296644926071167,2938,0.0,0.0
1963-04-03 00:00:00-05:00,0.431304486151784,0.4345843493938446,0.431304486151784,0.4345843493938446,1410,0.0,0.0
1963-04-04 00:00:00-05:00,0.43458428878750055,0.437864180974782,0.4329443573951721,0.4329443573951721,4818,0.0,0.0
1963-04-05 00:00:00-05:00,0.43294441777281434,0.43786424203853397,0.431304486151784,0.4345843493938446,3055,0.0,0.0
1963-04-08 00:00:00-05:00,0.4345845583941025,0.4395043850258635,0.4345845583941025,0.4362245202064514,1880,0.0,0.0
1963-04-09 00:00:00-05:00,0.4362243104175037,0.43786424203853397,0.4345843493938446,0.4345843493938446,2585,0.0,0.0
1963-04-10 00:00:00-05:00,0.4345845879576249,0.4395044149240674,0.4345845879576249,0.4378644824028015,1763,0.0,0.0
1963-04-11 00:00:00-05:00,0.4378643041293162,0.4395042359828949,0.43622437227573746,0.4395042359828949,1880,0.0,0.0
1963-04-15 00:00:00-05:00,0.4395044149240674,0.44114437684797814,0.4362245498815357,0.4378644824028015,2585,0.0,0.0
1963-04-16 00:00:00-05:00,0.4378644824028015,0.4378644824028015,0.4345845879576249,0.4378644824028015,2468,0.0,0.0
1963-04-17 00:00:00-05:00,0.4378644824028015,0.4378644824028015,0.4345845879576249,0.4378644824028015,2233,0.0,0.0
1963-04-18 00:00:00-05:00,0.4378644526161575,0.4378644526161575,0.4362245202064514,0.4362245202064514,2585,0.0,0.0
1963-04-19 00:00:00-05:00,0.4362243104175037,0.43950417365956423,0.4345843493938446,0.4345843493938446,2585,0.0,0.0
1963-04-22 00:00:00-05:00,0.43458428878750055,0.437864180974782,0.42638460242323384,0.4329443573951721,22443,0.0,0.0
1963-04-23 00:00:00-05:00,0.43130445350664826,0.43130445350664826,0.4280245611102117,0.4296644926071167,2938,0.0,0.0
1963-04-24 00:00:00-05:00,0.42966476110004204,0.434584588067731,0.42802482857836066,0.4313047230243683,4230,0.0,0.0
1963-04-25 00:00:00-05:00,0.4313045426947313,0.4313045426947313,0.42802464962005615,0.42802464962005615,2820,0.0,0.0
1963-04-26 00:00:00-05:00,0.42802458922601144,0.4329444134425232,0.42638465762138367,0.42638465762138367,2585,0.0,0.0
1963-04-29 00:00:00-04:00,0.42802464962005615,0.4313045426947313,0.42802464962005615,0.42802464962005615,3055,0.0,0.0
1963-04-30 00:00:00-04:00,0.42802482857836066,0.4313047230243683,0.42638489605667934,0.4313047230243683,2820,0.0,0.0
1963-05-01 00:00:00-04:00,0.4296647909554803,0.4296647909554803,0.42474496364593506,0.42474496364593506,3760,0.0,0.0
1963-05-02 00:00:00-04:00,0.42474469661412745,0.4296645208306392,0.42474469661412745,0.42638465762138367,1528,0.0,0.0
1963-05-03 00:00:00-04:00,0.4263847177840349,0.4296645814560774,0.4263847177840349,0.42802464962005615,3173,0.0,0.0
1963-05-06 00:00:00-04:00,0.4280245611102117,0.4296644926071167,0.4263846296133067,0.4296644926071167,4465,0.0,0.0
1963-05-07 00:00:00-04:00,0.4296645208306392,0.4296645208306392,0.42474469661412745,0.42638465762138367,3643,0.0,0.0
1963-05-08 00:00:00-04:00,0.4263849256842148,0.42802485831984755,0.42474496364593506,0.42474496364593506,2938,0.0,0.0
1963-05-09 00:00:00-04:00,0.42474493413235304,0.4313047230243683,0.42310503101331665,0.4313047230243683,4348,0.0,0.0
1963-05-10 00:00:00-04:00,0.43130445350664826,0.43130445350664826,0.4280245611102117,0.4296644926071167,1763,0.0,0.0
1963-05-13 00:00:00-04:00,0.4296644926071167,0.43130445350664826,0.4280245611102117,0.4296644926071167,2703,0.0,0.0
1963-05-14 00:00:00-04:00,0.42966446520789064,0.4329443573951721,0.42966446520789064,0.4329443573951721,4230,0.0,0.0
1963-05-15 00:00:00-04:00,0.4329443573951721,0.4329443573951721,0.42966446520789064,0.4329443573951721,2468,0.0,0.0
1963-05-16 00:00:00-04:00,0.43294438500355326,0.43294438500355326,0.4296644926071167,0.4296644926071167,2703,0.0,0.0
1963-05-17 00:00:00-04:00,0.42966476110004204,0.4313047230243683,0.42966476110004204,0.4313047230243683,1058,0.0,0.0
1963-05-20 00:00:00-04:00,0.4313045426947313,0.4313045426947313,0.42802464962005615,0.42802464962005615,2468,0.0,0.0
1963-05-21 00:00:00-04:00,0.42802458922601144,0.4296645208306392,0.42638465762138367,0.42638465762138367,3290,0.0,0.0
1963-05-22 00:00:00-04:00,0.4263846296133067,0.43130445350664826,0.4263846296133067,0.4296644926071167,5405,0.0,0.0
1963-05-23 00:00:00-04:00,0.42966446520789064,0.4329443573951721,0.4280245338155622,0.4329443573951721,3173,0.0,0.0
1963-05-24 00:00:00-04:00,0.43294438500355326,0.43294438500355326,0.4280245611102117,0.4296644926071167,3290,0.0,0.0
1963-05-27 00:00:00-04:00,0.4296644926071167,0.43130445350664826,0.4280245611102117,0.4296644926071167,2350,0.0,0.0
1963-05-28 00:00:00-04:00,0.4296645814560774,0.4296645814560774,0.4263847177840349,0.42802464962005615,4818,0.0,0.0
1963-05-29 00:00:00-04:00,0.42802458922601144,0.42802458922601144,0.42638465762138367,0.42638465762138367,2703,0.0,0.0
1963-05-31 00:00:00-04:00,0.4263847177840349,0.4296645814560774,0.424744756545381,0.42802464962005615,7168,0.0,0.0
1963-06-03 00:00:00-04:00,0.42802464962005615,0.42802464962005615,0.424744756545381,0.42802464962005615,4935,0.0,0.0
1963-06-04 00:00:00-04:00,0.42802464962005615,0.42802464962005615,0.4263847177840349,0.42802464962005615,2703,0.0,0.0
1963-06-05 00:00:00-04:00,0.4280246479265715,0.4296645797561044,0.423104852437973,0.423104852437973,9165,0.0,0.0
1963-06-06 00:00:00-04:00,0.4231050604129493,0.42802485831984755,0.4231050604129493,0.42474496364593506,2115,0.0,0.0
1963-06-07 00:00:00-04:00,0.42474460372195655,0.42638456437055133,0.421464741230011,0.421464741230011,3055,0.0,0.0
1963-06-10 00:00:00-04:00,0.4214651589397901,0.4247450246823768,0.4198252260684967,0.4198252260684967,4230,0.0,0.0
1963-06-11 00:00:00-04:00,0.4198248099840382,0.42474460372195655,0.4198248099840382,0.421464741230011,2703,0.0,0.0
1963-06-12 00:00:00-04:00,0.42146489120580766,0.42474475486487334,0.42146489120580766,0.423104852437973,3408,0.0,0.0
1963-06-13 00:00:00-04:00,0.423104852437973,0.4263847160970387,0.423104852437973,0.423104852437973,2233,0.0,0.0
1963-06-14 00:00:00-04:00,0.4231048541119924,0.42802464962005615,0.4231048541119924,0.42802464962005615,4818,0.0,0.0
1963-06-17 00:00:00-04:00,0.42802485831984755,0.42802485831984755,0.42474496364593506,0.42474496364593506,2350,0.0,0.0
1963-06-18 00:00:00-04:00,0.42474493413235304,0.4313047230243683,0.42310503101331665,0.4313047230243683,2350,0.0,0.0
1963-06-19 00:00:00-04:00,0.4296645208306392,0.4296645208306392,0.42638465762138367,0.42638465762138367,2115,0.0,0.0
1963-06-20 00:00:00-04:00,0.42638489605667934,0.4313047230243683,0.42638489605667934,0.4313047230243683,2703,0.0,0.0
1963-06-21 00:00:00-04:00,0.4313047230243683,0.4313047230243683,0.42638489605667934,0.4313047230243683,2703,0.0,0.0
1963-06-24 00:00:00-04:00,0.4319664303504546,0.4319664303504546,0.42700132727622986,0.42700132727622986,1763,0.255319,0.0
1963-06-25 00:00:00-04:00,0.4270015516786475,0.4270015516786475,0.42369145154953003,0.42369145154953003,2703,0.0,0.0
1963-06-26 00:00:00-04:00,0.4236913397207009,0.42534637451171875,0.4220363049296831,0.42534637451171875,6345,0.0,0.0
1963-06-27 00:00:00-04:00,0.4253462632447465,0.42700132727622986,0.4253462632447465,0.42700132727622986,2115,0.0,0.0
1963-06-28 00:00:00-04:00,0.42700143897615284,0.42700143897615284,0.42534637451171875,0.42534637451171875,1175,0.0,0.0
1963-07-01 00:00:00-04:00,0.4253464497432209,0.4270015145003881,0.42203637957572937,0.42203637957572937,2938,0.0,0.0
1963-07-02 00:00:00-04:00,0.4236912288866716,0.42700132727622986,0.4236912288866716,0.42700132727622986,5170,0.0,0.0
1963-07-03 00:00:00-04:00,0.4270015516786475,0.4270015516786475,0.42369145154953003,0.42369145154953003,2468,0.0,0.0
1963-07-05 00:00:00-04:00,0.4236912288866716,0.42700132727622986,0.4220361945285967,0.42700132727622986,7638,0.0,0.0
1963-07-08 00:00:00-04:00,0.42700132727622986,0.4286563319608963,0.4220361945285967,0.42700132727622986,3995,0.0,0.0
1963-07-09 00:00:00-04:00,0.4270015516786475,0.4270015516786475,0.42369145154953003,0.42369145154953003,1528,0.0,0.0
1963-07-10 00:00:00-04:00,0.42369145154953003,0.4270015516786475,0.4220364163216833,0.42369145154953003,2820,0.0,0.0
1963-07-11 00:00:00-04:00,0.42369150159626534,0.42865660786628723,0.42369150159626534,0.42865660786628723,3408,0.0,0.0
1963-07-12 00:00:00-04:00,0.4286564440937545,0.4286564440937545,0.42534637451171875,0.42534637451171875,2938,0.0,0.0
1963-07-15 00:00:00-04:00,0.42700132727622986,0.4286563319608963,0.42700132727622986,0.42700132727622986,1880,0.0,0.0
1963-07-16 00:00:00-04:00,0.42700132727622986,0.4303113959923797,0.42700132727622986,0.42700132727622986,3055,0.0,0.0
1963-07-17 00:00:00-04:00,0.42700132727622986,0.4286563319608963,0.42700132727622986,0.42700132727622986,1058,0.0,0.0
1963-07-18 00:00:00-04:00,0.42700143897615284,0.4286564440937545,0.42534637451171875,0.42534637451171875,1645,0.0,0.0
1963-07-19 00:00:00-04:00,0.42534637451171875,0.42700143897615284,0.4236913397207009,0.42534637451171875,1763,0.0,0.0
1963-07-22 00:00:00-04:00,0.42534637451171875,0.42700143897615284,0.4236913397207009,0.42534637451171875,3760,0.0,0.0
1963-07-23 00:00:00-04:00,0.42534637451171875,0.42700143897615284,0.4236913397207009,0.42534637451171875,1763,0.0,0.0
1963-07-24 00:00:00-04:00,0.4253462632447465,0.42700132727622986,0.4236912288866716,0.42700132727622986,2585,0.0,0.0
1963-07-25 00:00:00-04:00,0.4270015145003881,0.4270015145003881,0.42203637957572937,0.42203637957572937,2703,0.0,0.0
1963-07-26 00:00:00-04:00,0.4220364163216833,0.42369145154953003,0.4220364163216833,0.42369145154953003,1293,0.0,0.0
1963-07-29 00:00:00-04:00,0.42369145154953003,0.4270015516786475,0.42369145154953003,0.42369145154953003,2233,0.0,0.0
1963-07-30 00:00:00-04:00,0.4236913397207009,0.42534637451171875,0.4236913397207009,0.42534637451171875,1410,0.0,0.0
1963-07-31 00:00:00-04:00,0.42534637451171875,0.42700143897615284,0.4236913397207009,0.42534637451171875,2233,0.0,0.0
1963-08-01 00:00:00-04:00,0.4253462632447465,0.42700132727622986,0.4253462632447465,0.42700132727622986,1293,0.0,0.0
1963-08-02 00:00:00-04:00,0.42700160211637417,0.4336217438097367,0.42534653701960595,0.42865660786628723,4935,0.0,0.0
1963-08-05 00:00:00-04:00,0.430311523128324,0.43527665734291077,0.430311523128324,0.43527665734291077,5993,0.0,0.0
1963-08-06 00:00:00-04:00,0.43527675370789504,0.4369317889213562,0.43527675370789504,0.4369317889213562,1058,0.0,0.0
1963-08-07 00:00:00-04:00,0.43527665734291077,0.43527665734291077,0.43196655797538047,0.43527665734291077,2938,0.0,0.0
1963-08-08 00:00:00-04:00,0.43527675370789504,0.4369317889213562,0.4319666536075488,0.4369317889213562,7403,0.0,0.0
1963-08-09 00:00:00-04:00,0.4369317147095664,0.4385867496419239,0.4336216151714325,0.4336216151714325,4700,0.0,0.0
1963-08-12 00:00:00-04:00,0.4352769211754252,0.44189709424972534,0.4352769211754252,0.44189709424972534,5523,0.0,0.0
1963-08-13 00:00:00-04:00,0.44189657447280634,0.44686170585669854,0.43858647699241143,0.4452066719532013,4230,0.0,0.0
1963-08-14 00:00:00-04:00,0.4452069028331777,0.4452069028331777,0.44024176887441524,0.44355183839797974,3055,0.0,0.0
1963-08-15 00:00:00-04:00,0.44355166230655924,0.4501718580722809,0.44024159409710234,0.4501718580722809,7285,0.0,0.0
1963-08-16 00:00:00-04:00,0.4501716669944994,0.45679183027685333,0.4468615705166268,0.4534817337989807,4113,0.0,0.0
1963-08-19 00:00:00-04:00,0.45348205474484177,0.4584471881389618,0.4518270201712725,0.4584471881389618,3525,0.0,0.0
1963-08-20 00:00:00-04:00,0.45679215283927616,0.45679215283927616,0.44851692063775966,0.4518270194530487,5288,0.0,0.0
1963-08-21 00:00:00-04:00,0.4518270194530487,0.4551371182683378,0.4518270194530487,0.4518270194530487,1763,0.0,0.0
1963-08-22 00:00:00-04:00,0.4518268867436598,0.4567920186715419,0.4518268867436598,0.4551369845867157,1293,0.0,0.0
1963-08-23 00:00:00-04:00,0.4551369845867157,0.4584470527563681,0.4551369845867157,0.4551369845867157,2233,0.0,0.0
1963-08-26 00:00:00-04:00,0.45513711899182335,0.4584471881389618,0.4518270201712725,0.4584471881389618,1998,0.0,0.0
1963-08-27 00:00:00-04:00,0.45844686367909393,0.45844686367909393,0.4534817337989807,0.4534817337989807,1645,0.0,0.0
1963-08-28 00:00:00-04:00,0.45348192082848593,0.4601021165145978,0.45348192082848593,0.4551369845867157,3290,0.0,0.0
1963-08-29 00:00:00-04:00,0.4551369845867157,0.4584470527563681,0.4551369845867157,0.4551369845867157,1763,0.0,0.0
1963-08-30 00:00:00-04:00,0.45513711899182335,0.4584471881389618,0.45513711899182335,0.4584471881389618,2703,0.0,0.0
1963-09-03 00:00:00-04:00,0.458447033917929,0.46341216564178467,0.45679199990111125,0.46341216564178467,1880,0.0,0.0
1963-09-04 00:00:00-04:00,0.46341216564178467,0.46341216564178467,0.4617571316249669,0.46341216564178467,1998,0.0,0.0
1963-09-05 00:00:00-04:00,0.46175700426101685,0.46175700426101685,0.45844690746698513,0.46175700426101685,1645,0.0,0.0
1963-09-06 00:00:00-04:00,0.4617577020634945,0.4650678038597107,0.4617577020634945,0.4650678038597107,5053,0.0,0.0
1963-09-09 00:00:00-04:00,0.4650672293320048,0.46672226334882255,0.4617571316249669,0.46341216564178467,3878,0.0,0.0
1963-09-10 00:00:00-04:00,0.4634127381248831,0.4650678038597107,0.4634127381248831,0.4650678038597107,2703,0.0,0.0
1963-09-11 00:00:00-04:00,0.4650678038597107,0.4683778759824879,0.4634127381248831,0.4650678038597107,3290,0.0,0.0
1963-09-12 00:00:00-04:00,0.4650672293320048,0.4683772973656403,0.46341216564178467,0.46341216564178467,2585,0.0,0.0
1963-09-13 00:00:00-04:00,0.4650677568101159,0.4700328941654118,0.4650677568101159,0.46837782859802246,3525,0.0,0.0
1963-09-16 00:00:00-04:00,0.46837782859802246,0.4700328941654118,0.4650677568101159,0.46837782859802246,3408,0.0,0.0
1963-09-17 00:00:00-04:00,0.468377686494959,0.47334282234386155,0.468377686494959,0.4700327515602112,2703,0.0,0.0
1963-09-18 00:00:00-04:00,0.4700325576928075,0.4716875924020049,0.4667224586009979,0.4667224586009979,6463,0.0,0.0
1963-09-19 00:00:00-04:00,0.4667227927040692,0.47168793005936505,0.4667227927040692,0.46837782859802246,5993,0.0,0.0
1963-09-20 00:00:00-04:00,0.46837784736058724,0.47334298491477966,0.46837784736058724,0.47334298491477966,2938,0.0,0.0
1963-09-23 00:00:00-04:00,0.47067180308488094,0.47067180308488094,0.4606575068554573,0.46566465497016907,7873,0.255319,0.0
1963-09-24 00:00:00-04:00,0.4656649084490738,0.4656649084490738,0.4573196470737457,0.4573196470737457,3408,0.0,0.0
1963-09-25 00:00:00-04:00,0.45731968906943804,0.45731968906943804,0.4539816081523895,0.4539816081523895,6228,0.0,0.0
1963-09-26 00:00:00-04:00,0.45398158399864735,0.46065777540206904,0.45398158399864735,0.4606577754020691,940,0.0,0.0
1963-09-27 00:00:00-04:00,0.46065777540206904,0.4623268157717933,0.4573196647380958,0.4606577754020691,2703,0.0,0.0
1963-09-30 00:00:00-04:00,0.4606580057620046,0.46566515929961505,0.4556508522243941,0.4589889645576477,4348,0.0,0.0
1963-10-01 00:00:00-04:00,0.45898871730352553,0.46399586814381766,0.4573196470737457,0.4573196470737457,2820,0.0,0.0
1963-10-02 00:00:00-04:00,0.457319893428751,0.4623270469663615,0.4556508522243941,0.4589889645576477,2820,0.0,0.0
1963-10-03 00:00:00-04:00,0.4589887594524886,0.4589887594524886,0.4539816081523895,0.4539816081523895,5405,0.0,0.0
1963-10-04 00:00:00-04:00,0.45398131035574063,0.4556503497194306,0.4489741623401642,0.4489741623401642,4230,0.0,0.0
1963-10-07 00:00:00-04:00,0.4489747736402769,0.45231285691261286,0.4489747736402769,0.4523128569126129,1763,0.0,0.0
1963-10-08 00:00:00-04:00,0.4489746829764446,0.4489746829764446,0.44396752915451415,0.4456365704536438,3760,0.0,0.0
1963-10-09 00:00:00-04:00,0.44563653254547325,0.44563653254547325,0.4406293791494774,0.4439674913883209,2468,0.0,0.0
1963-10-10 00:00:00-04:00,0.4439672950083609,0.4456363354272469,0.44062918424606323,0.44062918424606323,2115,0.0,0.0
1963-10-11 00:00:00-04:00,0.44062918424606323,0.4456363354272469,0.44062918424606323,0.44062918424606323,1645,0.0,0.0
1963-10-14 00:00:00-04:00,0.44062918424606323,0.4456363354272469,0.44062918424606323,0.44062918424606323,3173,0.0,0.0
1963-10-15 00:00:00-04:00,0.4406293711959725,0.443967483374562,0.4406293711959725,0.44229841232299805,1410,0.0,0.0
1963-10-16 00:00:00-04:00,0.4422982246649492,0.4456363354272469,0.43729107348376556,0.44062918424606323,7638,0.0,0.0
1963-10-17 00:00:00-04:00,0.4406293711959725,0.443967483374562,0.4389603300689469,0.44229841232299805,1880,0.0,0.0
1963-10-18 00:00:00-04:00,0.4422982246649492,0.4456363354272469,0.44062918424606323,0.44062918424606323,5993,0.0,0.0
1963-10-21 00:00:00-04:00,0.44062950444034527,0.44062950444034527,0.43896046280860906,0.438960462808609,2115,0.0,0.0
1963-10-22 00:00:00-04:00,0.4389601438271772,0.44062918424606323,0.43729107348376556,0.44062918424606323,2350,0.0,0.0
1963-10-23 00:00:00-04:00,0.44062918424606323,0.44062918424606323,0.4389601438271772,0.44062918424606323,2703,0.0,0.0
1963-10-24 00:00:00-04:00,0.43896046280860906,0.43896046280860906,0.4372913912523254,0.438960462808609,2703,0.0,0.0
1963-10-25 00:00:00-04:00,0.4372911881161744,0.4372911881161744,0.43395310640335083,0.43395310640335083,1880,0.0,0.0
1963-10-28 00:00:00-05:00,0.43395310640335083,0.43395310640335083,0.4289459539095819,0.43395310640335083,9870,0.0,0.0
1963-10-29 00:00:00-05:00,0.43228381872177124,0.43228381872177124,0.4306148086273274,0.43228381872177124,2468,0.0,0.0
1963-10-30 00:00:00-05:00,0.43228381872177124,0.43228381872177124,0.4272766986648841,0.43228381872177124,5405,0.0,0.0
1963-10-31 00:00:00-05:00,0.43228381872177124,0.43228381872177124,0.4306148086273274,0.43228381872177124,1763,0.0,0.0
1963-11-01 00:00:00-05:00,0.43228400172563747,0.43228400172563747,0.4272768795490265,0.4272768795490265,3525,0.0,0.0
1963-11-04 00:00:00-05:00,0.428945928812027,0.43061499949531523,0.428945928812027,0.428945928812027,2468,0.0,0.0
1963-11-06 00:00:00-05:00,0.4289457386838465,0.43228381872177124,0.4272766986648841,0.43228381872177124,3995,0.0,0.0
1963-11-07 00:00:00-05:00,0.43061499949531523,0.43061499949531523,0.42727688805327046,0.428945928812027,4348,0.0,0.0
1963-11-08 00:00:00-05:00,0.428945928812027,0.428945928812027,0.42727688805327046,0.428945928812027,2350,0.0,0.0
1963-11-11 00:00:00-05:00,0.4289460559088051,0.4306151270866394,0.4289460559088051,0.4306151270866394,940,0.0,0.0
1963-11-12 00:00:00-05:00,0.4306148086273274,0.43228381872177124,0.4289457386838465,0.43228381872177124,4583,0.0,0.0
1963-11-13 00:00:00-05:00,0.43061499949531523,0.43061499949531523,0.42727688805327046,0.428945928812027,3055,0.0,0.0
1963-11-14 00:00:00-05:00,0.428945928812027,0.43061499949531523,0.42727688805327046,0.428945928812027,3643,0.0,0.0
1963-11-15 00:00:00-05:00,0.42894592027456346,0.4306149909246316,0.4272768795490265,0.4272768795490265,2585,0.0,0.0
1963-11-18 00:00:00-05:00,0.42727688805327046,0.43061499949531523,0.42727688805327046,0.428945928812027,1880,0.0,0.0
1963-11-19 00:00:00-05:00,0.4289460559088051,0.4322841384153924,0.42727701465551143,0.4306151270866394,4935,0.0,0.0
1963-11-20 00:00:00-05:00,0.4306151270866394,0.4306151270866394,0.4289460559088051,0.4306151270866394,8578,0.0,0.0
1963-11-21 00:00:00-05:00,0.4306151270866394,0.4306151270866394,0.42727701465551143,0.4306151270866394,3525,0.0,0.0
1963-11-22 00:00:00-05:00,0.43061499949531523,0.43061499949531523,0.42727688805327046,0.428945928812027,3290,0.0,0.0
1963-11-26 00:00:00-05:00,0.428945928812027,0.43061499949531523,0.42727688805327046,0.428945928812027,3643,0.0,0.0
1963-11-27 00:00:00-05:00,0.4289460559088051,0.4306151270866394,0.42727701465551143,0.4306151270866394,1880,0.0,0.0
1963-11-29 00:00:00-05:00,0.4306151270866394,0.4322841384153924,0.42727701465551143,0.4306151270866394,17155,0.0,0.0
1963-12-02 00:00:00-05:00,0.4306148086273274,0.43228381872177124,0.4289457386838465,0.43228381872177124,1410,0.0,0.0
1963-12-03 00:00:00-05:00,0.43228381872177124,0.43228381872177124,0.4289457386838465,0.43228381872177124,3055,0.0,0.0
1963-12-04 00:00:00-05:00,0.43228403562240547,0.43395310640335083,0.4306150246905272,0.43395310640335083,2703,0.0,0.0
1963-12-05 00:00:00-05:00,0.4339528886652521,0.4339528886652521,0.4306148086273274,0.43228381872177124,2585,0.0,0.0
1963-12-06 00:00:00-05:00,0.43228381872177124,0.4339528886652521,0.4272766986648841,0.43228381872177124,2585,0.0,0.0
1963-12-09 00:00:00-05:00,0.43228403562240547,0.4356221472597626,0.43228403562240547,0.43395310640335083,3408,0.0,0.0
1963-12-10 00:00:00-05:00,0.43395330798885295,0.43896046280860906,0.43395330798885295,0.438960462808609,4700,0.0,0.0
1963-12-11 00:00:00-05:00,0.4389599766137393,0.4389599766137393,0.4356218671230308,0.43729090690612793,3173,0.0,0.0
1963-12-12 00:00:00-05:00,0.4372910768889446,0.4372910768889446,0.43562203645706177,0.43562203645706177,1410,0.0,0.0
1963-12-13 00:00:00-05:00,0.4356221472597626,0.4372911881161744,0.43228403562240547,0.43395310640335083,4935,0.0,0.0
1963-12-16 00:00:00-05:00,0.43395282733993373,0.43729090690612793,0.43395282733993373,0.43729090690612793,2820,0.0,0.0
1963-12-17 00:00:00-05:00,0.4356221472597626,0.4356221472597626,0.43395310640335083,0.43395310640335083,1645,0.0,0.0
1963-12-18 00:00:00-05:00,0.4339528886652521,0.4339528886652521,0.43228381872177124,0.43228381872177124,3760,0.0,0.0
1963-12-19 00:00:00-05:00,0.43228381872177124,0.4339528886652521,0.43228381872177124,0.43228381872177124,2468,0.0,0.0
1963-12-20 00:00:00-05:00,0.43395282733993373,0.43729090690612793,0.43395282733993373,0.43729090690612793,2468,0.0,0.0
1963-12-23 00:00:00-05:00,0.43796492819044125,0.43796492819044125,0.43122701458168444,0.4329114854335785,5053,0.255319,0.0
1963-12-24 00:00:00-05:00,0.43291113277599536,0.4379645714162316,0.43291113277599536,0.4362800717353821,4465,0.0,0.0
1963-12-26 00:00:00-05:00,0.43628022414156026,0.44133366454711953,0.43628022414156026,0.43964919447898865,2703,0.0,0.0
1963-12-27 00:00:00-05:00,0.43964919447898865,0.44133366454711953,0.43964919447898865,0.43964919447898865,2115,0.0,0.0
1963-12-30 00:00:00-05:00,0.4396492112127415,0.44133368134498596,0.43628024074708466,0.44133368134498596,2468,0.0,0.0
1963-12-31 00:00:00-05:00,0.44133366454711953,0.44133366454711953,0.43796472441085776,0.43964919447898865,4113,0.0,0.0
1964-01-02 00:00:00-05:00,0.43964904089592494,0.4413335103756183,0.43628007173538214,0.4362800717353821,3525,0.0,0.0
1964-01-03 00:00:00-05:00,0.43628007173538214,0.4379645714162316,0.4345956324568448,0.4362800717353821,2938,0.0,0.0
1964-01-06 00:00:00-05:00,0.43628053256663185,0.43628053256663185,0.43291159004872287,0.43459609150886536,5405,0.0,0.0
1964-01-07 00:00:00-05:00,0.4345960915088653,0.43628053256663185,0.43291159004872287,0.43459609150886536,3173,0.0,0.0
1964-01-08 00:00:00-05:00,0.4329114854335785,0.4329114854335785,0.4329114854335785,0.4329114854335785,2115,0.0,0.0
1964-01-09 00:00:00-05:00,0.4345960915088653,0.43628053256663185,0.4345960915088653,0.43459609150886536,4230,0.0,0.0
1964-01-10 00:00:00-05:00,0.434595784274596,0.43964919447898865,0.434595784274596,0.43964919447898865,1998,0.0,0.0
1964-01-13 00:00:00-05:00,0.4396492112127415,0.44133368134498596,0.4396492112127415,0.44133368134498596,2820,0.0,0.0
1964-01-14 00:00:00-05:00,0.44133368134498596,0.44133368134498596,0.4396492112127415,0.44133368134498596,6110,0.0,0.0
1964-01-15 00:00:00-05:00,0.44133366454711953,0.44301816481641704,0.43796472441085776,0.43964919447898865,2938,0.0,0.0
1964-01-16 00:00:00-05:00,0.4396492112127415,0.44133368134498596,0.43796474108049693,0.44133368134498596,2703,0.0,0.0
1964-01-17 00:00:00-05:00,0.4413338757518079,0.44301837682724,0.43964940487755677,0.44301837682724,2350,0.0,0.0
1964-01-20 00:00:00-05:00,0.4430183889942924,0.4430183889942924,0.43796494603157043,0.43796494603157043,4818,0.0,0.0
1964-01-21 00:00:00-05:00,0.43796474108049693,0.44301818167839824,0.43796474108049693,0.44133368134498596,3643,0.0,0.0
1964-01-22 00:00:00-05:00,0.4413338757518079,0.44301837682724,0.43964940487755677,0.44301837682724,2703,0.0,0.0
1964-01-23 00:00:00-05:00,0.44301837682724,0.44301837682724,0.43964940487755677,0.44301837682724,1998,0.0,0.0
1964-01-24 00:00:00-05:00,0.44301837682724,0.44301837682724,0.43964940487755677,0.44301837682724,2585,0.0,0.0
1964-01-27 00:00:00-05:00,0.44133368134498596,0.44133368134498596,0.43796474108049693,0.44133368134498596,3878,0.0,0.0
1964-01-28 00:00:00-05:00,0.43964919447898865,0.43964919447898865,0.43796472441085776,0.43964919447898865,2350,0.0,0.0
1964-01-29 00:00:00-05:00,0.43964941695208376,0.43964941695208376,0.4345960041905437,0.43796494603157043,3878,0.0,0.0
1964-01-30 00:00:00-05:00,0.43796494603157043,0.43964941695208376,0.4345960041905437,0.43796494603157043,3643,0.0,0.0
1964-01-31 00:00:00-05:00,0.43628007173538214,0.43628007173538214,0.43628007173538214,0.4362800717353821,1058,0.0,0.0
1964-02-03 00:00:00-05:00,0.43628007173538214,0.4379645714162316,0.4345956324568448,0.4362800717353821,13513,0.0,0.0
1964-02-04 00:00:00-05:00,0.43628022414156026,0.44133366454711953,0.43628022414156026,0.43964919447898865,5523,0.0,0.0
1964-02-05 00:00:00-05:00,0.43964904089592494,0.4413335103756183,0.43628007173538214,0.4362800717353821,2233,0.0,0.0
1964-02-06 00:00:00-05:00,0.43628007173538214,0.4379645714162316,0.43628007173538214,0.4362800717353821,1998,0.0,0.0
1964-02-07 00:00:00-05:00,0.43628044490987516,0.43964941695208376,0.43628044490987516,0.43796494603157043,3290,0.0,0.0
1964-02-10 00:00:00-05:00,0.43796472441085776,0.43964919447898865,0.43628022414156026,0.43964919447898865,2938,0.0,0.0
1964-02-11 00:00:00-05:00,0.43964904089592494,0.43964904089592494,0.43628007173538214,0.4362800717353821,3643,0.0,0.0
1964-02-12 00:00:00-05:00,0.43628044490987516,0.43796494603157043,0.43628044490987516,0.43796494603157043,1645,0.0,0.0
1964-02-13 00:00:00-05:00,0.43796494603157043,0.43964941695208376,0.4345960041905437,0.43796494603157043,2233,0.0,0.0
1964-02-14 00:00:00-05:00,0.43628053256663185,0.43628053256663185,0.43291159004872287,0.43459609150886536,4113,0.0,0.0
1964-02-17 00:00:00-05:00,0.4345956324568448,0.43628007173538214,0.43291113277599536,0.4362800717353821,2938,0.0,0.0
1964-02-18 00:00:00-05:00,0.43628007173538214,0.43628007173538214,0.43291113277599536,0.4362800717353821,1645,0.0,0.0
1964-02-19 00:00:00-05:00,0.4345960915088653,0.4345960915088653,0.43291159004872287,0.43459609150886536,2703,0.0,0.0
1964-02-20 00:00:00-05:00,0.4345956324568448,0.43628007173538214,0.4345956324568448,0.4362800717353821,1175,0.0,0.0
1964-02-24 00:00:00-05:00,0.43628007173538214,0.43964904089592494,0.43628007173538214,0.4362800717353821,5640,0.0,0.0
1964-02-25 00:00:00-05:00,0.43628007173538214,0.43964904089592494,0.43628007173538214,0.4362800717353821,4113,0.0,0.0
1964-02-26 00:00:00-05:00,0.43628022414156026,0.43964919447898865,0.43628022414156026,0.43964919447898865,2350,0.0,0.0
1964-02-27 00:00:00-05:00,0.43964941695208376,0.43964941695208376,0.43796494603157043,0.43796494603157043,1763,0.0,0.0
1964-02-28 00:00:00-05:00,0.43796472441085776,0.43964919447898865,0.43628022414156026,0.43964919447898865,2115,0.0,0.0
1964-03-02 00:00:00-05:00,0.43964941695208376,0.44133388787259714,0.43796494603157043,0.43796494603157043,3525,0.0,0.0
1964-03-03 00:00:00-05:00,0.43796472441085776,0.43964919447898865,0.43628022414156026,0.43964919447898865,3173,0.0,0.0
1964-03-04 00:00:00-05:00,0.43964941695208376,0.44133388787259714,0.43796494603157043,0.43796494603157043,1645,0.0,0.0
1964-03-05 00:00:00-05:00,0.43796503402677434,0.4396495052857289,0.4345960915088653,0.43459609150886536,1998,0.0,0.0
1964-03-06 00:00:00-05:00,0.434595784274596,0.43964919447898865,0.434595784274596,0.43964919447898865,2233,0.0,0.0
1964-03-09 00:00:00-05:00,0.43964941695208376,0.44133388787259714,0.43796494603157043,0.43796494603157043,1763,0.0,0.0
1964-03-10 00:00:00-05:00,0.43796494603157043,0.44133388787259714,0.43796494603157043,0.43796494603157043,3878,0.0,0.0
1964-03-11 00:00:00-05:00,0.43796472441085776,0.44133366454711953,0.43628022414156026,0.43964919447898865,16920,0.0,0.0
1964-03-12 00:00:00-05:00,0.43964941695208376,0.43964941695208376,0.43628044490987516,0.43796494603157043,3173,0.0,0.0
1964-03-13 00:00:00-05:00,0.43796474108049693,0.44133368134498596,0.43796474108049693,0.44133368134498596,3878,0.0,0.0
1964-03-16 00:00:00-05:00,0.44133366454711953,0.44133366454711953,0.43796472441085776,0.43964919447898865,2585,0.0,0.0
1964-03-17 00:00:00-05:00,0.43964919447898865,0.44133366454711953,0.43796472441085776,0.43964919447898865,4465,0.0,0.0
1964-03-18 00:00:00-05:00,0.4437298191405871,0.4454299236968236,0.4386295054718775,0.4420297145843506,4700,0.255319,0.0
1964-03-19 00:00:00-05:00,0.4420292378661041,0.4437293405888194,0.44032910466194153,0.44032910466194153,2820,0.0,0.0
1964-03-20 00:00:00-05:00,0.4403294939779907,0.44372973291118006,0.43692928552627563,0.43692928552627563,4700,0.0,0.0
1964-03-23 00:00:00-05:00,0.436929256554151,0.436929256554151,0.4352291524410248,0.4352291524410248,4230,0.0,0.0
1964-03-24 00:00:00-05:00,0.4352291524410248,0.436929256554151,0.4352291524410248,0.4352291524410248,2938,0.0,0.0
1964-03-25 00:00:00-05:00,0.4369288992165109,0.44032910466194153,0.4369288992165109,0.44032910466194153,2233,0.0,0.0
1964-03-26 00:00:00-05:00,0.4403294939779907,0.4403294939779907,0.43692928552627563,0.43692928552627563,3760,0.0,0.0
1964-03-30 00:00:00-05:00,0.43692928552627563,0.4403294939779907,0.43692928552627563,0.43692928552627563,3290,0.0,0.0
1964-03-31 00:00:00-05:00,0.43692928552627563,0.4403294939779907,0.43692928552627563,0.43692928552627563,4348,0.0,0.0
1964-04-01 00:00:00-05:00,0.43692928552627563,0.4386294202336074,0.43692928552627563,0.43692928552627563,1763,0.0,0.0
1964-04-02 00:00:00-05:00,0.4369293729709062,0.44202971715070777,0.4369293729709062,0.43862950801849365,5640,0.0,0.0
1964-04-03 00:00:00-05:00,0.4386295054718775,0.4420297145843506,0.4386295054718775,0.4420297145843506,2585,0.0,0.0
1964-04-06 00:00:00-05:00,0.44202971715070777,0.44202971715070777,0.43862950801849365,0.43862950801849365,2938,0.0,0.0
1964-04-07 00:00:00-05:00,0.43862950801849365,0.44202971715070777,0.43862950801849365,0.43862950801849365,3173,0.0,0.0
1964-04-08 00:00:00-05:00,0.43862950801849365,0.44202971715070777,0.43862950801849365,0.43862950801849365,940,0.0,0.0
1964-04-09 00:00:00-05:00,0.43862950801849365,0.44032958210312034,0.43862950801849365,0.43862950801849365,3643,0.0,0.0
1964-04-10 00:00:00-05:00,0.4386290324206735,0.4420292378661041,0.4369288992165109,0.44032910466194153,3173,0.0,0.0
1964-04-13 00:00:00-05:00,0.44032958210312034,0.44032958210312034,0.4369293729709062,0.43862950801849365,3290,0.0,0.0
1964-04-14 00:00:00-05:00,0.4386290324206735,0.44032910466194153,0.4369288992165109,0.44032910466194153,5288,0.0,0.0
1964-04-15 00:00:00-05:00,0.44032910466194153,0.44032910466194153,0.4369288992165109,0.44032910466194153,2468,0.0,0.0
1964-04-16 00:00:00-05:00,0.4386294202336074,0.4386294202336074,0.43692928552627563,0.43692928552627563,2233,0.0,0.0
1964-04-17 00:00:00-05:00,0.43862950801849365,0.44202971715070777,0.43862950801849365,0.43862950801849365,10575,0.0,0.0
1964-04-20 00:00:00-05:00,0.43862950801849365,0.44202971715070777,0.43862950801849365,0.43862950801849365,3995,0.0,0.0
1964-04-21 00:00:00-05:00,0.4386294202336074,0.4403294939779907,0.43692928552627563,0.43692928552627563,7520,0.0,0.0
1964-04-22 00:00:00-05:00,0.43692928552627563,0.4403294939779907,0.43692928552627563,0.43692928552627563,3055,0.0,0.0
1964-04-23 00:00:00-05:00,0.4369293729709062,0.44032958210312034,0.4369293729709062,0.43862950801849365,5875,0.0,0.0
1964-04-24 00:00:00-05:00,0.43862950801849365,0.44032958210312034,0.4369293729709062,0.43862950801849365,3995,0.0,0.0
1964-04-27 00:00:00-04:00,0.4386294202336074,0.4403294939779907,0.43692928552627563,0.43692928552627563,3878,0.0,0.0
1964-04-28 00:00:00-04:00,0.4369288992165109,0.4437293405888194,0.4369288992165109,0.44032910466194153,6463,0.0,0.0
1964-04-29 00:00:00-04:00,0.4403295795466339,0.4437298191405871,0.4386295054718775,0.4420297145843506,3173,0.0,0.0
1964-04-30 00:00:00-04:00,0.4420292378661041,0.4437293405888194,0.4386290324206735,0.44032910466194153,3525,0.0,0.0
1964-05-01 00:00:00-04:00,0.4403295795466339,0.4454299236968236,0.4386295054718775,0.4420297145843506,2703,0.0,0.0
1964-05-04 00:00:00-04:00,0.4420292378661041,0.4437293405888194,0.44032910466194153,0.44032910466194153,2468,0.0,0.0
1964-05-05 00:00:00-04:00,0.44032937126542354,0.44372960925102234,0.44032937126542354,0.44372960925102234,4113,0.0,0.0
1964-05-06 00:00:00-04:00,0.4437293405888194,0.4437293405888194,0.44032910466194153,0.44032910466194153,1645,0.0,0.0
1964-05-07 00:00:00-04:00,0.44032958210312034,0.44372982171681485,0.43862950801849365,0.43862950801849365,2233,0.0,0.0
1964-05-08 00:00:00-04:00,0.43862950801849365,0.44202971715070777,0.4369293729709062,0.43862950801849365,1998,0.0,0.0
1964-05-11 00:00:00-04:00,0.43862950801849365,0.43862950801849365,0.43862950801849365,0.43862950801849365,1410,0.0,0.0
1964-05-12 00:00:00-04:00,0.43862950801849365,0.44202971715070777,0.43862950801849365,0.43862950801849365,2703,0.0,0.0
1964-05-13 00:00:00-04:00,0.4386290324206735,0.4437293405888194,0.4386290324206735,0.44032910466194153,12103,0.0,0.0
1964-05-14 00:00:00-04:00,0.44032937126542354,0.44372960925102234,0.44032937126542354,0.44372960925102234,2115,0.0,0.0
1964-05-15 00:00:00-04:00,0.44372960925102234,0.44542971300308887,0.44032937126542354,0.44372960925102234,4113,0.0,0.0
1964-05-18 00:00:00-04:00,0.4437298191405871,0.4437298191405871,0.4403295795466339,0.4420297145843506,4818,0.0,0.0
1964-05-19 00:00:00-04:00,0.4420292378661041,0.4454294433115347,0.44032910466194153,0.44032910466194153,3995,0.0,0.0
1964-05-20 00:00:00-04:00,0.4420295054989558,0.44542971300308887,0.4420295054989558,0.44372960925102234,11398,0.0,0.0
1964-05-21 00:00:00-04:00,0.4437293405888194,0.4454294433115347,0.44032910466194153,0.44032910466194153,4700,0.0,0.0
1964-05-22 00:00:00-04:00,0.4420297145843506,0.4420297145843506,0.4420297145843506,0.4420297145843506,940,0.0,0.0
1964-05-25 00:00:00-04:00,0.4420295054989558,0.44372960925102234,0.44032937126542354,0.44372960925102234,3995,0.0,0.0
1964-05-26 00:00:00-04:00,0.4437293405888194,0.4437293405888194,0.44032910466194153,0.44032910466194153,3643,0.0,0.0
1964-05-27 00:00:00-04:00,0.4420297145843506,0.4471300587345403,0.4420297145843506,0.4420297145843506,11398,0.0,0.0
1964-05-28 00:00:00-04:00,0.4420297145843506,0.4437298191405871,0.4420297145843506,0.4420297145843506,3290,0.0,0.0
1964-06-01 00:00:00-04:00,0.4420297145843506,0.4454299236968236,0.4420297145843506,0.4420297145843506,2468,0.0,0.0
1964-06-02 00:00:00-04:00,0.4420297145843506,0.4454299236968236,0.4420297145843506,0.4420297145843506,4583,0.0,0.0
1964-06-03 00:00:00-04:00,0.4420292378661041,0.4437293405888194,0.44032910466194153,0.44032910466194153,4113,0.0,0.0
1964-06-04 00:00:00-04:00,0.44032958210312034,0.44372982171681485,0.43862950801849365,0.43862950801849365,5170,0.0,0.0
1964-06-05 00:00:00-04:00,0.44032937126542354,0.44372960925102234,0.44032937126542354,0.44372960925102234,3290,0.0,0.0
1964-06-08 00:00:00-04:00,0.4437293405888194,0.4437293405888194,0.44032910466194153,0.44032910466194153,2585,0.0,0.0
1964-06-09 00:00:00-04:00,0.4420294458837489,0.44712978693354627,0.4420294458837489,0.44542965292930603,2938,0.0,0.0
1964-06-10 00:00:00-04:00,0.44542965292930603,0.44712978693354627,0.44542965292930603,0.44542965292930603,3525,0.0,0.0
1964-06-11 00:00:00-04:00,0.44712963733191907,0.4488297402858734,0.44712963733191907,0.4488297402858734,4230,0.0,0.0
1964-06-12 00:00:00-04:00,0.4488297402858734,0.4488297402858734,0.44712963733191907,0.4488297402858734,2703,0.0,0.0
1964-06-15 00:00:00-04:00,0.4488298904563249,0.4488298904563249,0.44542965292930603,0.44542965292930603,2585,0.0,0.0
1964-06-16 00:00:00-04:00,0.4454301567268822,0.44713029265403753,0.4454301567268822,0.4471302926540375,3643,0.0,0.0
1964-06-17 00:00:00-04:00,0.44712978693354627,0.44712978693354627,0.44542965292930603,0.44542965292930603,3173,0.0,0.0
1964-06-18 00:00:00-04:00,0.44542950389651326,0.4488297402858734,0.44542950389651326,0.4488297402858734,2468,0.0,0.0
1964-06-19 00:00:00-04:00,0.449516469545022,0.449516469545022,0.4426536616614905,0.4460850656032562,2468,0.255319,0.0
1964-06-22 00:00:00-04:00,0.4460850656032563,0.44780076757413917,0.4426536616614905,0.4460850656032562,2820,0.0,0.0
1964-06-23 00:00:00-04:00,0.4460850656032563,0.4460850656032563,0.4426536616614905,0.4460850656032562,2703,0.0,0.0
1964-06-24 00:00:00-04:00,0.4460845401726941,0.4460845401726941,0.44093740956157834,0.44436880946159363,5288,0.0,0.0
1964-06-25 00:00:00-04:00,0.4443691113365072,0.4443691113365072,0.4392220079898834,0.4392220079898834,3408,0.0,0.0
1964-06-26 00:00:00-04:00,0.44265356659889216,0.4443692374401951,0.44265356659889216,0.4426535665988922,823,0.0,0.0
1964-06-29 00:00:00-04:00,0.44265314027267877,0.44780024012270175,0.44265314027267877,0.44436880946159363,5170,0.0,0.0
1964-06-30 00:00:00-04:00,0.4443691113365072,0.4443691113365072,0.4392220079898834,0.4392220079898834,4230,0.0,0.0
1964-07-01 00:00:00-04:00,0.44093783423534444,0.4460849698037428,0.44093783423534444,0.4426535665988922,4113,0.0,0.0
1964-07-02 00:00:00-04:00,0.44265344098207965,0.44780054432870336,0.4392220079898834,0.4392220079898834,10105,0.0,0.0
1964-07-06 00:00:00-04:00,0.4392220079898834,0.4409377091054247,0.43750630687434217,0.4392220079898834,5523,0.0,0.0
1964-07-07 00:00:00-04:00,0.43922170961157064,0.44436880946159363,0.43922170961157064,0.44436880946159363,7050,0.0,0.0
1964-07-08 00:00:00-04:00,0.44436933287124436,0.4460850656032563,0.44093792892947864,0.4460850656032562,3995,0.0,0.0
1964-07-09 00:00:00-04:00,0.4460849826152561,0.4478006842669562,0.44093784689903254,0.4409378468990326,7520,0.0,0.0
1964-07-10 00:00:00-04:00,0.44093783423534444,0.4460849698037428,0.44093783423534444,0.4426535665988922,4465,0.0,0.0
1964-07-13 00:00:00-04:00,0.44265331506284433,0.4495161175727844,0.4409375836742544,0.4495161175727844,5875,0.0,0.0
1964-07-14 00:00:00-04:00,0.44951664033057387,0.45123237371444697,0.4443695017012359,0.451232373714447,4935,0.0,0.0
1964-07-15 00:00:00-04:00,0.45123184896137436,0.45123184896137436,0.4460847163178144,0.4495161175727844,4935,0.0,0.0
1964-07-16 00:00:00-04:00,0.4495160657473989,0.45294749736785894,0.44780036531771955,0.4529474973678589,5640,0.0,0.0
1964-07-17 00:00:00-04:00,0.4529477309807458,0.4666734337806702,0.4529477309807458,0.46667343378067017,10223,0.0,0.0
1964-07-20 00:00:00-04:00,0.46667308568059984,0.47182021654609185,0.4649573548847063,0.47010448575019836,6110,0.0,0.0
1964-07-21 00:00:00-04:00,0.4701046753935197,0.4718204068815506,0.46838897466659546,0.46838897466659546,7050,0.0,0.0
1964-07-22 00:00:00-04:00,0.46838913509524177,0.4701048364098134,0.4649577017049814,0.46667343378067017,3643,0.0,0.0
1964-07-23 00:00:00-04:00,0.4666734337806702,0.46838913509524177,0.46152629907583825,0.46667343378067017,5875,0.0,0.0
1964-07-24 00:00:00-04:00,0.46667327393967123,0.4701046753935197,0.4649575424516403,0.46838897466659546,5523,0.0,0.0
1964-07-27 00:00:00-04:00,0.468389212273534,0.47696778178215027,0.4666735106762596,0.47696778178215027,3878,0.0,0.0
1964-07-28 00:00:00-04:00,0.47696738408278716,0.47868308424949646,0.4718202528215626,0.47868308424949646,2468,0.0,0.0
1964-07-29 00:00:00-04:00,0.47868308424949646,0.47868308424949646,0.4735359529882719,0.47868308424949646,2703,0.0,0.0
1964-07-30 00:00:00-04:00,0.4786836174764823,0.48726218938827515,0.47525218255953894,0.48726218938827515,5875,0.0,0.0
1964-07-31 00:00:00-04:00,0.4855459735225054,0.4855459735225054,0.480398841648082,0.4838302731513977,1058,0.0,0.0
1964-08-03 00:00:00-04:00,0.48383020516819747,0.4906930364494291,0.4803987741470337,0.4803987741470337,6463,0.0,0.0
1964-08-04 00:00:00-04:00,0.4803991849766989,0.48211491733509554,0.47696778178215027,0.47696778178215027,2938,0.0,0.0
1964-08-05 00:00:00-04:00,0.47696738408278716,0.47868308424949646,0.4718202528215626,0.47868308424949646,4818,0.0,0.0
1964-08-06 00:00:00-04:00,0.4786830474463832,0.4786830474463832,0.4701044857501983,0.47010448575019836,3525,0.0,0.0
1964-08-07 00:00:00-04:00,0.47182058141619426,0.4786834176236804,0.47182058141619426,0.47353628277778625,1763,0.0,0.0
1964-08-10 00:00:00-04:00,0.4735362827777863,0.4786834176236804,0.4735362827777863,0.47353628277778625,3055,0.0,0.0
1964-08-11 00:00:00-04:00,0.4735362827777863,0.4735362827777863,0.4701048492934842,0.47353628277778625,2938,0.0,0.0
1964-08-12 00:00:00-04:00,0.4735362827777863,0.4786834176236804,0.47182058141619426,0.47353628277778625,1645,0.0,0.0
1964-08-13 00:00:00-04:00,0.4735364792182514,0.4769679141260398,0.4735364792182514,0.4752521812915802,2115,0.0,0.0
1964-08-14 00:00:00-04:00,0.4752522058202646,0.47696793874327653,0.47182080149650574,0.47182080149650574,5640,0.0,0.0
1964-08-17 00:00:00-04:00,0.47182058141619426,0.4769677162620884,0.47182058141619426,0.47353628277778625,1763,0.0,0.0
1964-08-18 00:00:00-04:00,0.4735365036583852,0.4752522058202646,0.47182080149650574,0.47182080149650574,1880,0.0,0.0
1964-08-19 00:00:00-04:00,0.47182080149650574,0.4752522058202646,0.47182080149650574,0.47182080149650574,1528,0.0,0.0
1964-08-20 00:00:00-04:00,0.47182021654609185,0.4735359165808911,0.4701044857501983,0.47010448575019836,1293,0.0,0.0
1964-08-21 00:00:00-04:00,0.4701048492934842,0.4769677162620884,0.4683891479318922,0.47353628277778625,4935,0.0,0.0
1964-08-24 00:00:00-04:00,0.4735364792182514,0.4769679141260398,0.4735364792182514,0.4752521812915802,1880,0.0,0.0
1964-08-25 00:00:00-04:00,0.4752516166156904,0.4752516166156904,0.4701044857501983,0.47010448575019836,3878,0.0,0.0
1964-08-26 00:00:00-04:00,0.47182077714492265,0.47525218129158014,0.47182077714492265,0.4752521812915802,4230,0.0,0.0
1964-08-27 00:00:00-04:00,0.47525218129158014,0.47525218129158014,0.47182077714492265,0.4752521812915802,1763,0.0,0.0
1964-08-28 00:00:00-04:00,0.4752522058202646,0.4752522058202646,0.47182080149650574,0.47182080149650574,4700,0.0,0.0
1964-08-31 00:00:00-04:00,0.47182080149650574,0.4735365036583852,0.47182080149650574,0.47182080149650574,2350,0.0,0.0
1964-09-01 00:00:00-04:00,0.47182080149650574,0.4735365036583852,0.4701050685734938,0.47182080149650574,1763,0.0,0.0
1964-09-02 00:00:00-04:00,0.4718204068815506,0.4718204068815506,0.46838897466659546,0.46838897466659546,3055,0.0,0.0
1964-09-03 00:00:00-04:00,0.4683887857153991,0.4735359165808911,0.4683887857153991,0.47010448575019836,2820,0.0,0.0
1964-09-04 00:00:00-04:00,0.4701050685734938,0.47182080149650574,0.4683893664116144,0.47182080149650574,2820,0.0,0.0
1964-09-08 00:00:00-04:00,0.47182058141619426,0.4752519841393783,0.4701048492934842,0.47353628277778625,3055,0.0,0.0
1964-09-09 00:00:00-04:00,0.4735364792182514,0.47525218129158014,0.47182077714492265,0.4752521812915802,4230,0.0,0.0
1964-09-10 00:00:00-04:00,0.4752519841393783,0.4769677162620884,0.4735362827777863,0.47353628277778625,1998,0.0,0.0
1964-09-11 00:00:00-04:00,0.4752516531549812,0.47868308424949646,0.4752516531549812,0.47868308424949646,3995,0.0,0.0
1964-09-14 00:00:00-04:00,0.47868308424949646,0.47868308424949646,0.4752516531549812,0.47868308424949646,1880,0.0,0.0
1964-09-15 00:00:00-04:00,0.480398841648082,0.4872617046547134,0.480398841648082,0.4838302731513977,7050,0.0,0.0
1964-09-16 00:00:00-04:00,0.48383064256279884,0.48383064256279884,0.4821149408817292,0.4821149408817291,2703,0.0,0.0
1964-09-17 00:00:00-04:00,0.48383075447133184,0.48726218938827515,0.48383075447133184,0.48726218938827515,2585,0.0,0.0
1964-09-18 00:00:00-04:00,0.4872617046547134,0.4889774050258211,0.4838302731513977,0.4838302731513977,3995,0.0,0.0
1964-09-21 00:00:00-04:00,0.4838302731513977,0.4889774050258211,0.4838302731513977,0.4838302731513977,1880,0.0,0.0
1964-09-22 00:00:00-04:00,0.485546456549238,0.48897789146618137,0.485546456549238,0.48726218938827515,1880,0.0,0.0
1964-09-23 00:00:00-04:00,0.48726218938827515,0.48897789146618137,0.485546456549238,0.48726218938827515,2115,0.0,0.0
1964-09-24 00:00:00-04:00,0.48795405308889506,0.48795405308889506,0.4827630512039799,0.4844933748245239,1645,0.255319,0.0
1964-09-25 00:00:00-04:00,0.48449316624606276,0.48449316624606276,0.48103252049481243,0.4827628433704376,1410,0.0,0.0
1964-09-28 00:00:00-04:00,0.4844935807018203,0.48622393608093256,0.4844935807018203,0.4862239360809326,2350,0.0,0.0
1964-09-29 00:00:00-04:00,0.4862239048716882,0.4896845533611914,0.4862239048716882,0.4879542291164398,8813,0.0,0.0
1964-09-30 00:00:00-04:00,0.487953843020583,0.4896841658962081,0.4827628433704376,0.4827628433704376,2585,0.0,0.0
1964-10-01 00:00:00-04:00,0.4827631148338584,0.4844934386824652,0.4793024361133576,0.47930243611335754,3525,0.0,0.0
1964-10-02 00:00:00-04:00,0.4793024361133576,0.48103279098525165,0.4793024361133576,0.47930243611335754,588,0.0,0.0
1964-10-05 00:00:00-04:00,0.4793023729396087,0.48795405308889506,0.4793023729396087,0.4844933748245239,4700,0.0,0.0
1964-10-06 00:00:00-04:00,0.48449316624606276,0.4862235201449578,0.4827628433704376,0.4827628433704376,2585,0.0,0.0
1964-10-07 00:00:00-04:00,0.48276322535889066,0.4896845533611914,0.48276322535889066,0.4879542291164398,2115,0.0,0.0
1964-10-08 00:00:00-04:00,0.48795405308889506,0.48795405308889506,0.48449337482452387,0.4844933748245239,1998,0.0,0.0
1964-10-09 00:00:00-04:00,0.4879542574115037,0.4896845817565918,0.4879542574115037,0.4896845817565918,1645,0.0,0.0
1964-10-12 00:00:00-04:00,0.4896845817565918,0.49141493712497614,0.4862239330664156,0.4896845817565918,2350,0.0,0.0
1964-10-13 00:00:00-04:00,0.48968463843273274,0.49141499400138855,0.48795431388737676,0.49141499400138855,2350,0.0,0.0
1964-10-14 00:00:00-04:00,0.4914146921781083,0.4983360171318054,0.48968433767222347,0.4983360171318054,6698,0.0,0.0
1964-10-15 00:00:00-04:00,0.4983360171318054,0.5087180200739914,0.4966056936492013,0.4983360171318054,3995,0.0,0.0
1964-10-16 00:00:00-04:00,0.49833604350413413,0.5087180469957437,0.49833604350413413,0.503527045249939,3878,0.0,0.0
1964-10-19 00:00:00-04:00,0.503527045249939,0.5052573688241131,0.5000663670783083,0.503527045249939,5053,0.0,0.0
1964-10-20 00:00:00-04:00,0.5035272852295299,0.5069879650505102,0.5017969608306885,0.5017969608306885,3525,0.0,0.0
1964-10-21 00:00:00-04:00,0.5017969608306885,0.5069879650505102,0.5017969608306885,0.5017969608306885,2585,0.0,0.0
1964-10-22 00:00:00-04:00,0.5017966895125167,0.5069876909255981,0.5000663350259693,0.5069876909255981,1998,0.0,0.0
1964-10-23 00:00:00-04:00,0.506987657852083,0.5190999833513613,0.5017966567776383,0.5139089822769165,5053,0.0,0.0
1964-10-26 00:00:00-05:00,0.5139093056785923,0.5191003100197215,0.5139093056785923,0.5173699855804443,2703,0.0,0.0
1964-10-27 00:00:00-05:00,0.5173696594866932,0.519099982835362,0.5156393051147461,0.5156393051147461,2115,0.0,0.0
1964-10-28 00:00:00-05:00,0.5156394782116537,0.520830512046814,0.5156394782116537,0.520830512046814,3878,0.0,0.0
1964-10-29 00:00:00-05:00,0.5208303377250284,0.5225606300521388,0.5139089822769165,0.5139089822769165,3290,0.0,0.0
1964-10-30 00:00:00-05:00,0.5139089817660772,0.5173696594866932,0.5139089817660772,0.5156393051147461,1410,0.0,0.0
1964-11-02 00:00:00-05:00,0.5156393051147461,0.519099982835362,0.5121786584174085,0.5156393051147461,2585,0.0,0.0
1964-11-04 00:00:00-05:00,0.5156399798582285,0.519100662107339,0.5052579641342163,0.5052579641342163,6345,0.0,0.0
1964-11-05 00:00:00-05:00,0.5052574542162073,0.5087181329727173,0.5052574542162073,0.5087181329727173,1528,0.0,0.0
1964-11-06 00:00:00-05:00,0.5087181329727173,0.5121788117292272,0.5087181329727173,0.5087181329727173,1645,0.0,0.0
1964-11-09 00:00:00-05:00,0.5087181329727173,0.5121788117292272,0.5069878091061061,0.5087181329727173,2585,0.0,0.0
1964-11-10 00:00:00-05:00,0.5087181001153865,0.5139091024032286,0.5069877763605344,0.5121787786483765,2233,0.0,0.0
1964-11-11 00:00:00-05:00,0.5121787786483765,0.5121787786483765,0.5087181001153865,0.5121787786483765,1763,0.0,0.0
1964-11-12 00:00:00-05:00,0.5121787786483765,0.5139091024032286,0.5121787786483765,0.5121787786483765,1763,0.0,0.0
1964-11-13 00:00:00-05:00,0.5121787786483765,0.5139091024032286,0.5121787786483765,0.5121787786483765,1763,0.0,0.0
1964-11-16 00:00:00-05:00,0.5121786584174085,0.5173696594866932,0.5121786584174085,0.5156393051147461,5405,0.0,0.0
1964-11-17 00:00:00-05:00,0.5139088345163552,0.5139088345163552,0.5069875120815603,0.510448157787323,2233,0.0,0.0
1964-11-18 00:00:00-05:00,0.5104484238702387,0.5139091024032286,0.5104484238702387,0.5121787786483765,2820,0.0,0.0
1964-11-19 00:00:00-05:00,0.5121785116634738,0.5139088345163552,0.510448157787323,0.510448157787323,1998,0.0,0.0
1964-11-20 00:00:00-05:00,0.5104484568393284,0.5104484568393284,0.5069878091061061,0.5087181329727173,1998,0.0,0.0
1964-11-23 00:00:00-05:00,0.5087180143888652,0.5087180143888652,0.5069876909255981,0.5069876909255981,940,0.0,0.0
1964-11-24 00:00:00-05:00,0.5069879650505102,0.5087182894493518,0.5017969608306885,0.5017969608306885,1645,0.0,0.0
1964-11-25 00:00:00-05:00,0.5017967216757648,0.503527045249939,0.5000663670783083,0.503527045249939,3173,0.0,0.0
1964-11-27 00:00:00-05:00,0.5035272852295299,0.5087182894493518,0.5000666054085497,0.5017969608306885,3643,0.0,0.0
1964-11-30 00:00:00-05:00,0.5017967216757648,0.5052573688241131,0.5017967216757648,0.503527045249939,1645,0.0,0.0
1964-12-01 00:00:00-05:00,0.5035272852295299,0.5087182894493518,0.5017969608306885,0.5017969608306885,2468,0.0,0.0
1964-12-02 00:00:00-05:00,0.5017969608306885,0.5052576096283715,0.5000666054085497,0.5017969608306885,2585,0.0,0.0
1964-12-03 00:00:00-05:00,0.5017966070084955,0.5052572533660395,0.49487525224685674,0.4948752522468567,3408,0.0,0.0
1964-12-04 00:00:00-05:00,0.49660568809943517,0.5069876909255981,0.49660568809943517,0.5069876909255981,4230,0.0,0.0
1964-12-07 00:00:00-05:00,0.5069876909255981,0.5069876909255981,0.5035270129757837,0.5069876909255981,940,0.0,0.0
1964-12-08 00:00:00-05:00,0.5069875120815603,0.510448157787323,0.5069875120815603,0.510448157787323,1763,0.0,0.0
1964-12-09 00:00:00-05:00,0.5104486138481934,0.5104486138481934,0.5017969608306885,0.5017969608306885,7638,0.0,0.0
1964-12-10 00:00:00-05:00,0.501796806482985,0.5087181329727173,0.5000664515930863,0.5087181329727173,4583,0.0,0.0
1964-12-11 00:00:00-05:00,0.5087180143888652,0.5087180143888652,0.5052573364390508,0.5069876909255981,2115,0.0,0.0
1964-12-14 00:00:00-05:00,0.5069878091061061,0.5087181329727173,0.5035271303495962,0.5087181329727173,3878,0.0,0.0
1964-12-15 00:00:00-05:00,0.5087181329727173,0.5087181329727173,0.5069878091061061,0.5087181329727173,1763,0.0,0.0
1964-12-16 00:00:00-05:00,0.5087181329727173,0.5104484568393284,0.5069878091061061,0.5087181329727173,3643,0.0,0.0
1964-12-17 00:00:00-05:00,0.5087181329727173,0.5104484568393284,0.5087181329727173,0.5087181329727173,2468,0.0,0.0
1964-12-18 00:00:00-05:00,0.5115118376809937,0.5115118376809937,0.5080202780841524,0.5097660422325134,940,0.276596,0.0
1964-12-21 00:00:00-05:00,0.5097656295887584,0.5097656295887584,0.5062741041183472,0.5062741041183472,1528,0.0,0.0
1964-12-22 00:00:00-05:00,0.5080202780841524,0.5115118376809937,0.5080202780841524,0.5097660422325134,1293,0.0,0.0
1964-12-23 00:00:00-05:00,0.5097656870959653,0.5097656870959653,0.5062741612316713,0.5080199241638184,1175,0.0,0.0
1964-12-24 00:00:00-05:00,0.5080199241638184,0.5080199241638184,0.504528366999427,0.5080199241638184,1528,0.0,0.0
1964-12-28 00:00:00-05:00,0.5080199606976492,0.5080199606976492,0.5045284032821655,0.5045284032821655,3055,0.0,0.0
1964-12-29 00:00:00-05:00,0.504528226473305,0.5062740202192938,0.49405358919772663,0.5027824640274048,5758,0.0,0.0
1964-12-30 00:00:00-05:00,0.5027824660394647,0.5062740222453265,0.49754514738071665,0.5010367035865784,2938,0.0,0.0
1964-12-31 00:00:00-05:00,0.5027825473478421,0.5097656295887584,0.5027825473478421,0.5062741041183472,3290,0.0,0.0
1965-01-04 00:00:00-05:00,0.5062741976399572,0.5080199606976492,0.5027826402244735,0.5045284032821655,2938,0.0,0.0
1965-01-05 00:00:00-05:00,0.5045284032821655,0.5062741976399572,0.5045284032821655,0.5045284032821655,1175,0.0,0.0
1965-01-06 00:00:00-05:00,0.504528226473305,0.504528226473305,0.5010367015815046,0.5027824640274048,2585,0.0,0.0
1965-01-07 00:00:00-05:00,0.5027825473478421,0.5062741041183472,0.5010367846126366,0.5062741041183472,3643,0.0,0.0
1965-01-08 00:00:00-05:00,0.504528226473305,0.504528226473305,0.4992909078355158,0.5027824640274048,2468,0.0,0.0
1965-01-11 00:00:00-05:00,0.5027826402244735,0.5045284032821655,0.4992910828089898,0.5045284032821655,3995,0.0,0.0
1965-01-12 00:00:00-05:00,0.5045284032821655,0.5080199606976492,0.5027826402244735,0.5045284032821655,2233,0.0,0.0
1965-01-13 00:00:00-05:00,0.5045284032821655,0.5062741976399572,0.5045284032821655,0.5045284032821655,940,0.0,0.0
1965-01-14 00:00:00-05:00,0.5062741612316713,0.5097656870959653,0.5062741612316713,0.5080199241638184,1293,0.0,0.0
1965-01-15 00:00:00-05:00,0.509766000241208,0.5184948828642214,0.509766000241208,0.5150033235549927,5875,0.0,0.0
1965-01-18 00:00:00-05:00,0.5150029706621028,0.5202402903871453,0.5115114450454712,0.5115114450454712,6463,0.0,0.0
1965-01-19 00:00:00-05:00,0.5132568144992449,0.5184941302104645,0.5132568144992449,0.5167483687400818,5758,0.0,0.0
1965-01-20 00:00:00-05:00,0.5167483687400818,0.5202398916808474,0.5150025759696277,0.5167483687400818,4935,0.0,0.0
1965-01-21 00:00:00-05:00,0.5167483687400818,0.5237314459216843,0.5132568144992449,0.5167483687400818,11515,0.0,0.0
1965-01-22 00:00:00-05:00,0.5167483687400818,0.5237314459216843,0.5167483687400818,0.5167483687400818,3878,0.0,0.0
1965-01-25 00:00:00-05:00,0.5184946033953042,0.5219861608225812,0.5184946033953042,0.5202403664588928,3760,0.0,0.0
1965-01-26 00:00:00-05:00,0.5202404088186279,0.5219862033244648,0.5097657669840157,0.5132573246955872,4348,0.0,0.0
1965-01-27 00:00:00-05:00,0.5132568144992449,0.5202398916808474,0.5080194987880252,0.5167483687400818,8578,0.0,0.0
1965-01-28 00:00:00-05:00,0.5167484271179488,0.5219857434208361,0.5132568724826656,0.518494188785553,4465,0.0,0.0
1965-01-29 00:00:00-05:00,0.5184946033953042,0.5202403664588928,0.5167488403317155,0.5202403664588928,940,0.0,0.0
1965-02-01 00:00:00-05:00,0.521986186504364,0.5254777441034261,0.521986186504364,0.521986186504364,3408,0.0,0.0
1965-02-02 00:00:00-05:00,0.5237317942451808,0.5272233195080898,0.5237317942451808,0.5254775881767273,1998,0.0,0.0
1965-02-03 00:00:00-05:00,0.5272232226727701,0.5359520655269041,0.5272232226727701,0.5307148098945618,4935,0.0,0.0
1965-02-04 00:00:00-05:00,0.5307147436812077,0.5376977920532227,0.5289689502881216,0.5376977920532227,3760,0.0,0.0
1965-02-05 00:00:00-05:00,0.5376978849116191,0.5394436786061972,0.5342063601226384,0.535952091217041,9753,0.0,0.0
1965-02-08 00:00:00-05:00,0.5359523009724225,0.5359523009724225,0.5272234542836788,0.5342065691947937,6463,0.0,0.0
1965-02-09 00:00:00-05:00,0.5342063345161808,0.5359520655269041,0.5307148098945618,0.5307148098945618,1998,0.0,0.0
1965-02-10 00:00:00-05:00,0.5307150430393363,0.5376980953502513,0.5307150430393363,0.5342065691947937,5170,0.0,0.0
1965-02-11 00:00:00-05:00,0.5342066689886166,0.5342066689886166,0.5289693474769592,0.5289693474769592,2820,0.0,0.0
1965-02-12 00:00:00-05:00,0.5324604511260986,0.5376977684755394,0.5324604511260986,0.5324604511260986,4935,0.0,0.0
1965-02-15 00:00:00-05:00,0.5324604511260986,0.5359519751590052,0.5324604511260986,0.5324604511260986,1880,0.0,0.0
1965-02-16 00:00:00-05:00,0.532460774816965,0.5359523009724225,0.5307150430393363,0.5342065691947937,2585,0.0,0.0
1965-02-17 00:00:00-05:00,0.5342066689886166,0.5376981957963175,0.5272235527730029,0.5289693474769592,4818,0.0,0.0
1965-02-18 00:00:00-05:00,0.5289693474769592,0.5324608742846602,0.5289693474769592,0.5289693474769592,823,0.0,0.0
1965-02-19 00:00:00-05:00,0.5289690162836659,0.5307148098945618,0.5289690162836659,0.5307148098945618,1763,0.0,0.0
1965-02-23 00:00:00-05:00,0.5289691426454903,0.5289691426454903,0.5254776171898046,0.5272233486175537,4818,0.0,0.0
1965-02-24 00:00:00-05:00,0.5272233195080898,0.5289691134396363,0.5254775881767273,0.5254775881767273,3290,0.0,0.0
1965-02-25 00:00:00-05:00,0.5254775881767273,0.5272233195080898,0.5254775881767273,0.5254775881767273,2703,0.0,0.0
1965-02-26 00:00:00-05:00,0.5237318277359009,0.5237318277359009,0.5202402709496277,0.5237318277359009,4465,0.0,0.0
1965-03-01 00:00:00-05:00,0.5237318277359009,0.52722335322208,0.5237318277359009,0.5237318277359009,4700,0.0,0.0
1965-03-02 00:00:00-05:00,0.5237317942451808,0.5254775881767273,0.5237317942451808,0.5254775881767273,7050,0.0,0.0
1965-03-03 00:00:00-05:00,0.5254775881767273,0.5254775881767273,0.5219860316137263,0.5254775881767273,2233,0.0,0.0
1965-03-04 00:00:00-05:00,0.5254777182498582,0.5272234500133471,0.5202403664588928,0.5202403664588928,10810,0.0,0.0
1965-03-05 00:00:00-05:00,0.521986186504364,0.5237319496538444,0.521986186504364,0.521986186504364,823,0.0,0.0
1965-03-08 00:00:00-05:00,0.5184946456128933,0.5184946456128933,0.5132573246955872,0.5132573246955872,4230,0.0,0.0
1965-03-09 00:00:00-05:00,0.5132576018293548,0.5167491614261961,0.5097660422325134,0.5097660422325134,3408,0.0,0.0
1965-03-10 00:00:00-05:00,0.5097660422325134,0.5115118376809937,0.5080202780841524,0.5097660422325134,5875,0.0,0.0
1965-03-11 00:00:00-05:00,0.5097656509370602,0.5115114450454712,0.5080198881287444,0.5115114450454712,1763,0.0,0.0
1965-03-12 00:00:00-05:00,0.5115114450454712,0.5132572078537869,0.5115114450454712,0.5115114450454712,2820,0.0,0.0
1965-03-15 00:00:00-05:00,0.511511053028862,0.5167483687400818,0.511511053028862,0.5167483687400818,2703,0.0,0.0
1965-03-16 00:00:00-05:00,0.5132573246955872,0.5132573246955872,0.5115115614898526,0.5132573246955872,4348,0.0,0.0
1965-03-17 00:00:00-05:00,0.5132573246955872,0.5132573246955872,0.5115115614898526,0.5132573246955872,4348,0.0,0.0
1965-03-18 00:00:00-05:00,0.5132572078537869,0.5132572078537869,0.5115114450454712,0.5115114450454712,4113,0.0,0.0
1965-03-19 00:00:00-05:00,0.5115115614898526,0.5132573246955872,0.5115115614898526,0.5132573246955872,5523,0.0,0.0
1965-03-22 00:00:00-05:00,0.5160751938819885,0.5160751938819885,0.5090297761099988,0.5160751938819885,3290,0.276596,0.0
1965-03-23 00:00:00-05:00,0.5160754101622081,0.5195980889451527,0.5143140391913653,0.5178367495536804,7638,0.0,0.0
1965-03-24 00:00:00-05:00,0.5195975975224099,0.5231203045530345,0.5195975975224099,0.5213589668273926,3290,0.0,0.0
1965-03-25 00:00:00-05:00,0.5213594599159955,0.5231207993074678,0.5178367495536804,0.5178367495536804,4818,0.0,0.0
1965-03-26 00:00:00-05:00,0.5178367495536804,0.5231207993074678,0.5178367495536804,0.5178367495536804,3408,0.0,0.0
1965-03-29 00:00:00-05:00,0.5178370839059435,0.5195984244346619,0.5160757433772252,0.5195984244346619,705,0.0,0.0
1965-03-30 00:00:00-05:00,0.5195975975224099,0.5248816422786765,0.5178362597967678,0.5213589668273926,2820,0.0,0.0
1965-03-31 00:00:00-05:00,0.5213589668273926,0.5231203045530345,0.5178362597967678,0.5213589668273926,7520,0.0,0.0
1965-04-01 00:00:00-05:00,0.5178367495536804,0.5178367495536804,0.5143140391913653,0.5178367495536804,3525,0.0,0.0
1965-04-02 00:00:00-05:00,0.5178365325353073,0.519597871188626,0.5143138236493124,0.5160751938819885,7403,0.0,0.0
1965-04-05 00:00:00-05:00,0.5160754101622081,0.5195980889451527,0.512552699799893,0.5178367495536804,4113,0.0,0.0
1965-04-06 00:00:00-05:00,0.5178367495536804,0.5178367495536804,0.512552699799893,0.5178367495536804,1528,0.0,0.0
1965-04-07 00:00:00-05:00,0.5178370839059435,0.5195984244346619,0.5178370839059435,0.5195984244346619,2468,0.0,0.0
1965-04-08 00:00:00-05:00,0.5178370059680252,0.5178370059680252,0.5143142938613892,0.5143142938613892,1763,0.0,0.0
1965-04-09 00:00:00-05:00,0.5160751938819885,0.5178365325353073,0.5160751938819885,0.5160751938819885,2233,0.0,0.0
1965-04-12 00:00:00-05:00,0.5160751938819885,0.519597871188626,0.5160751938819885,0.5160751938819885,2115,0.0,0.0
1965-04-13 00:00:00-05:00,0.5160754101622081,0.5178367495536804,0.5160754101622081,0.5178367495536804,3290,0.0,0.0
1965-04-14 00:00:00-05:00,0.5178362597967678,0.5213589668273926,0.5160749220711259,0.5213589668273926,5405,0.0,0.0
1965-04-15 00:00:00-05:00,0.5213594599159955,0.5213594599159955,0.5178367495536804,0.5178367495536804,1528,0.0,0.0
1965-04-19 00:00:00-05:00,0.5178367495536804,0.5231207993074678,0.5178367495536804,0.5178367495536804,3525,0.0,0.0
1965-04-20 00:00:00-05:00,0.5178367486425577,0.5248821377754211,0.5178367486425577,0.5248821377754211,2233,0.0,0.0
1965-04-21 00:00:00-05:00,0.5248820842404399,0.5266434550285339,0.5231207450317132,0.5266434550285339,5758,0.0,0.0
1965-04-22 00:00:00-05:00,0.528404788016535,0.533688837159875,0.528404788016535,0.5319274663925171,8460,0.0,0.0
1965-04-23 00:00:00-05:00,0.5319276905607573,0.5354504335800492,0.5284050107002258,0.5284050107002258,3290,0.0,0.0
1965-04-26 00:00:00-04:00,0.5301663279533386,0.5336890074533638,0.5301663279533386,0.5301663279533386,2820,0.0,0.0
1965-04-27 00:00:00-04:00,0.5301663279533386,0.5354503787827533,0.5301663279533386,0.5301663279533386,823,0.0,0.0
1965-04-28 00:00:00-04:00,0.5301663822098718,0.5336890620704032,0.524882299260314,0.5284050107002258,8813,0.0,0.0
1965-04-29 00:00:00-04:00,0.5284049566239492,0.5301663279533386,0.5248822455445471,0.5301663279533386,1410,0.0,0.0
1965-04-30 00:00:00-04:00,0.5301661650253545,0.5301661650253545,0.5231207450317132,0.5266434550285339,7638,0.0,0.0
1965-05-03 00:00:00-04:00,0.5248816422786765,0.5248816422786765,0.5213589668273926,0.5213589668273926,2585,0.0,0.0
1965-05-04 00:00:00-04:00,0.5213589668273926,0.5248816422786765,0.5213589668273926,0.5213589668273926,2350,0.0,0.0
1965-05-05 00:00:00-04:00,0.5231204032897949,0.5266431109853157,0.5231204032897949,0.5231204032897949,6815,0.0,0.0
1965-05-06 00:00:00-04:00,0.5231204032897949,0.5248817413478819,0.5231204032897949,0.5231204032897949,2585,0.0,0.0
1965-05-07 00:00:00-04:00,0.5231211370714896,0.5248824776002079,0.5195984244346619,0.5195984244346619,4818,0.0,0.0
1965-05-10 00:00:00-04:00,0.5195980889451527,0.5231207993074678,0.5178367495536804,0.5178367495536804,2703,0.0,0.0
1965-05-11 00:00:00-04:00,0.5178362597967678,0.5231203045530345,0.5178362597967678,0.5213589668273926,4113,0.0,0.0
1965-05-12 00:00:00-04:00,0.5213597965427712,0.5213597965427712,0.5195984244346619,0.5195984244346619,1175,0.0,0.0
1965-05-13 00:00:00-04:00,0.519597871188626,0.519597871188626,0.5160751938819885,0.5160751938819885,3643,0.0,0.0
1965-05-14 00:00:00-04:00,0.5178370839059435,0.5195984244346619,0.5178370839059435,0.5195984244346619,3173,0.0,0.0
1965-05-17 00:00:00-04:00,0.519597695594274,0.5231204032897949,0.5160750194780999,0.5231204032897949,2703,0.0,0.0
1965-05-18 00:00:00-04:00,0.5231207983870478,0.5248821377754211,0.5213594589986746,0.5248821377754211,3290,0.0,0.0
1965-05-19 00:00:00-04:00,0.5231203045530345,0.5231203045530345,0.5195975975224099,0.5213589668273926,2233,0.0,0.0
1965-05-20 00:00:00-04:00,0.5213594589986746,0.5248821377754211,0.5213594589986746,0.5248821377754211,1645,0.0,0.0
1965-05-21 00:00:00-04:00,0.5213592414213021,0.5213592414213021,0.5160751938819885,0.5160751938819885,2115,0.0,0.0
1965-05-24 00:00:00-04:00,0.5213590652317078,0.5231204032897949,0.5213590652317078,0.5231204032897949,1763,0.0,0.0
1965-05-25 00:00:00-04:00,0.5231205800746209,0.5231205800746209,0.5160751938819885,0.5160751938819885,2820,0.0,0.0
1965-05-26 00:00:00-04:00,0.5160749220711259,0.5213589668273926,0.5160749220711259,0.5213589668273926,3173,0.0,0.0
1965-05-27 00:00:00-04:00,0.5213597965427712,0.5213597965427712,0.5160757433772252,0.5195984244346619,1763,0.0,0.0
1965-05-28 00:00:00-04:00,0.5195975975224099,0.5213589668273926,0.5178362597967678,0.5213589668273926,823,0.0,0.0
1965-06-01 00:00:00-04:00,0.5213597965427712,0.5213597965427712,0.5125530307403975,0.5195984244346619,3643,0.0,0.0
1965-06-02 00:00:00-04:00,0.5195975975224099,0.5213589668273926,0.5195975975224099,0.5213589668273926,2115,0.0,0.0
1965-06-03 00:00:00-04:00,0.5213597965427712,0.5213597965427712,0.5143143712691159,0.5195984244346619,3643,0.0,0.0
1965-06-04 00:00:00-04:00,0.519597695594274,0.5231204032897949,0.5160750194780999,0.5231204032897949,4113,0.0,0.0
1965-06-07 00:00:00-04:00,0.5213597965427712,0.5213597965427712,0.5160757433772252,0.5195984244346619,3878,0.0,0.0
1965-06-08 00:00:00-04:00,0.519597871188626,0.519597871188626,0.5143138236493124,0.5160751938819885,3290,0.0,0.0
1965-06-09 00:00:00-04:00,0.5160756288587608,0.5160756288587608,0.510791576865759,0.5125529170036316,3055,0.0,0.0
1965-06-10 00:00:00-04:00,0.512552558355025,0.512552558355025,0.5037458006692502,0.5055071711540222,5758,0.0,0.0
1965-06-11 00:00:00-04:00,0.5055073441979188,0.5090300232146131,0.503745973110199,0.503745973110199,3290,0.0,0.0
1965-06-14 00:00:00-04:00,0.503745973110199,0.507268683706266,0.5019846336018519,0.503745973110199,3290,0.0,0.0
1965-06-15 00:00:00-04:00,0.5037458757860066,0.5125526347850133,0.501984536617952,0.5090299248695374,2703,0.0,0.0
1965-06-16 00:00:00-04:00,0.5090302414911283,0.5143142938613892,0.5090302414911283,0.5143142938613892,6110,0.0,0.0
1965-06-17 00:00:00-04:00,0.5143142571415042,0.5160756288587608,0.5125529170036316,0.5125529170036316,2820,0.0,0.0
1965-06-18 00:00:00-04:00,0.512552558355025,0.5143138972604352,0.5037458006692502,0.5055071711540222,5288,0.0,0.0
1965-06-21 00:00:00-04:00,0.503745973110199,0.503745973110199,0.5002232940935046,0.503745973110199,1645,0.0,0.0
1965-06-22 00:00:00-04:00,0.5083672959807168,0.5101448257375389,0.5012572725606654,0.5048123002052307,5405,0.276596,0.0
1965-06-23 00:00:00-04:00,0.5048123282187362,0.5048123282187362,0.5012573003768921,0.5012573003768921,3173,0.0,0.0
1965-06-24 00:00:00-04:00,0.5012568568426514,0.5083668743660007,0.5012568568426514,0.5030343532562256,2938,0.0,0.0
1965-06-25 00:00:00-04:00,0.5030348020537968,0.5065898299217224,0.5012573040543745,0.5065898299217224,4113,0.0,0.0
1965-06-28 00:00:00-04:00,0.5048122961762934,0.5048122961762934,0.4977022409439087,0.4977022409439087,3525,0.0,0.0
1965-06-29 00:00:00-04:00,0.4977022409439087,0.5012572685601011,0.49592474307035195,0.4977022409439087,7638,0.0,0.0
1965-06-30 00:00:00-04:00,0.5012572725606654,0.5048123002052307,0.5012572725606654,0.5048123002052307,3173,0.0,0.0
1965-07-01 00:00:00-04:00,0.5065900388346541,0.5101450681686401,0.5065900388346541,0.5101450681686401,3995,0.0,0.0
1965-07-02 00:00:00-04:00,0.5101448257375389,0.5136998215130251,0.5012572725606654,0.5048123002052307,6345,0.0,0.0
1965-07-06 00:00:00-04:00,0.5048122450419102,0.5083672404289246,0.4977021905297304,0.5083672404289246,12455,0.0,0.0
1965-07-07 00:00:00-04:00,0.5048118815388524,0.5048118815388524,0.4977018321464505,0.5030343532562256,5170,0.0,0.0
1965-07-08 00:00:00-04:00,0.5030343532562256,0.5048118815388524,0.4977018321464505,0.5030343532562256,2938,0.0,0.0
1965-07-09 00:00:00-04:00,0.5030348020537968,0.5065898299217224,0.4994798060549523,0.5065898299217224,3760,0.0,0.0
1965-07-12 00:00:00-04:00,0.5048118815388524,0.5048118815388524,0.4994793604290773,0.5030343532562256,2468,0.0,0.0
1965-07-13 00:00:00-04:00,0.5030347983632737,0.5048123282187362,0.5012573003768921,0.5012573003768921,1645,0.0,0.0
1965-07-14 00:00:00-04:00,0.5012573003768921,0.5030347983632737,0.49947980239051054,0.5012573003768921,2938,0.0,0.0
1965-07-15 00:00:00-04:00,0.5012575975260426,0.5030350965661385,0.4977025675767509,0.49948009848594666,5288,0.0,0.0
1965-07-16 00:00:00-04:00,0.4994797706865443,0.5012572685601011,0.4977022409439087,0.4977022409439087,2468,0.0,0.0
1965-07-19 00:00:00-04:00,0.4994793604290773,0.5030343532562256,0.4994793604290773,0.5030343532562256,3643,0.0,0.0
1965-07-20 00:00:00-04:00,0.5030347983632737,0.5083673241914994,0.5012573003768921,0.5012573003768921,4230,0.0,0.0
1965-07-21 00:00:00-04:00,0.5012573003768921,0.5048123282187362,0.5012573003768921,0.5012573003768921,1645,0.0,0.0
1965-07-22 00:00:00-04:00,0.5012573003768921,0.5048123282187362,0.5012573003768921,0.5012573003768921,4113,0.0,0.0
1965-07-23 00:00:00-04:00,0.5012572725606654,0.5048123002052307,0.5012572725606654,0.5048123002052307,1293,0.0,0.0
1965-07-26 00:00:00-04:00,0.5048118815388524,0.5101444026486276,0.5030343532562256,0.5030343532562256,2820,0.0,0.0
1965-07-27 00:00:00-04:00,0.5030347704484085,0.5083672959807168,0.49947977467292237,0.5048123002052307,5993,0.0,0.0
1965-07-28 00:00:00-04:00,0.5048123282187362,0.5048123282187362,0.5012573003768921,0.5012573003768921,2350,0.0,0.0
1965-07-29 00:00:00-04:00,0.5012572725606654,0.5083672959807168,0.5012572725606654,0.5048123002052307,3055,0.0,0.0
1965-07-30 00:00:00-04:00,0.5065900388346541,0.5119225669010861,0.5065900388346541,0.5101450681686401,1998,0.0,0.0
1965-08-02 00:00:00-04:00,0.5101447699915073,0.5119222676850145,0.5048122450419102,0.5083672404289246,2820,0.0,0.0
1965-08-03 00:00:00-04:00,0.5083673279211446,0.510144857789648,0.5065898299217224,0.5065898299217224,4583,0.0,0.0
1965-08-04 00:00:00-04:00,0.5065897427354173,0.5101447699915073,0.5065897427354173,0.5083672404289246,2350,0.0,0.0
1965-08-05 00:00:00-04:00,0.5083673279211446,0.510144857789648,0.5065898299217224,0.5065898299217224,2115,0.0,0.0
1965-08-06 00:00:00-04:00,0.5065900388346541,0.5101450681686401,0.5065900388346541,0.5101450681686401,1410,0.0,0.0
1965-08-09 00:00:00-04:00,0.5101450681686401,0.5101450681686401,0.5065900388346541,0.5101450681686401,1880,0.0,0.0
1965-08-10 00:00:00-04:00,0.510144857789648,0.510144857789648,0.5030348020537968,0.5065898299217224,7520,0.0,0.0
1965-08-11 00:00:00-04:00,0.5048123282187362,0.5048123282187362,0.49947980239051054,0.5012573003768921,9048,0.0,0.0
1965-08-12 00:00:00-04:00,0.5012572725606654,0.5048123002052307,0.49947977467292237,0.5048123002052307,4583,0.0,0.0
1965-08-13 00:00:00-04:00,0.5048123319223001,0.5065898299217224,0.5012573040543745,0.5065898299217224,3173,0.0,0.0
1965-08-16 00:00:00-04:00,0.5065897427354173,0.5083672404289246,0.5030347154793274,0.5083672404289246,1998,0.0,0.0
1965-08-17 00:00:00-04:00,0.5083675375671,0.5101450681686401,0.5048125401022082,0.5101450681686401,4230,0.0,0.0
1965-08-18 00:00:00-04:00,0.5083673279211446,0.5083673279211446,0.5048123319223001,0.5065898299217224,1410,0.0,0.0
1965-08-19 00:00:00-04:00,0.5065897427354173,0.5101447699915073,0.5065897427354173,0.5083672404289246,2585,0.0,0.0
1965-08-20 00:00:00-04:00,0.5083668743660007,0.5083668743660007,0.5030343532562256,0.5030343532562256,2350,0.0,0.0
1965-08-23 00:00:00-04:00,0.5030347704484085,0.5065897980929738,0.5012572725606654,0.5048123002052307,3525,0.0,0.0
1965-08-24 00:00:00-04:00,0.5048123002052307,0.5065897980929738,0.5012572725606654,0.5048123002052307,2585,0.0,0.0
1965-08-25 00:00:00-04:00,0.5048126274753343,0.5048126274753343,0.49948009848594666,0.49948009848594666,4818,0.0,0.0
1965-08-26 00:00:00-04:00,0.4994798060549523,0.5065898299217224,0.4994798060549523,0.5065898299217224,3760,0.0,0.0
1965-08-27 00:00:00-04:00,0.5065897427354173,0.5101447699915073,0.5048122450419102,0.5083672404289246,6815,0.0,0.0
1965-08-30 00:00:00-04:00,0.5083673279211446,0.510144857789648,0.5065898299217224,0.5065898299217224,1880,0.0,0.0
1965-08-31 00:00:00-04:00,0.5065897427354173,0.5101447699915073,0.5030347154793274,0.5083672404289246,5523,0.0,0.0
1965-09-01 00:00:00-04:00,0.5083673907638113,0.5136999172903481,0.5048123943255101,0.5119224190711975,4465,0.0,0.0
1965-09-02 00:00:00-04:00,0.5119223910611503,0.5154774191740218,0.5101448929392564,0.5136998891830444,4230,0.0,0.0
1965-09-03 00:00:00-04:00,0.5136998295103963,0.5154773592948914,0.5136998295103963,0.5154773592948914,2468,0.0,0.0
1965-09-07 00:00:00-04:00,0.5154776885078333,0.5225877165794373,0.5137001575881074,0.5225877165794373,2585,0.0,0.0
1965-09-08 00:00:00-04:00,0.5225877165794373,0.5261427465497892,0.5172551875584593,0.5225877165794373,4348,0.0,0.0
1965-09-09 00:00:00-04:00,0.5243647159500878,0.531474769115448,0.5243647159500878,0.531474769115448,4700,0.0,0.0
1965-09-10 00:00:00-04:00,0.529697597026825,0.529697597026825,0.5243650694919972,0.529697597026825,2703,0.0,0.0
1965-09-13 00:00:00-04:00,0.5296973265393287,0.531474856055978,0.5243648017275302,0.5279198288917542,4230,0.0,0.0
1965-09-14 00:00:00-04:00,0.5279200984715794,0.5332526260064071,0.5279200984715794,0.529697597026825,1880,0.0,0.0
1965-09-15 00:00:00-04:00,0.5296976272772028,0.5332526564598083,0.5296976272772028,0.5332526564598083,3760,0.0,0.0
1965-09-16 00:00:00-04:00,0.5332523537035526,0.5332523537035526,0.5279198288917542,0.5279198288917542,4818,0.0,0.0
1965-09-17 00:00:00-04:00,0.5279197425327679,0.531474769115448,0.5279197425327679,0.531474769115448,2820,0.0,0.0
1965-09-20 00:00:00-04:00,0.531474769115448,0.5332522664722532,0.5261422451759626,0.531474769115448,9753,0.0,0.0
1965-09-21 00:00:00-04:00,0.5314751578030521,0.5385851842991701,0.5314751578030521,0.5332526564598083,4113,0.0,0.0
1965-09-22 00:00:00-04:00,0.53325224448858,0.5368072390556335,0.5296972180524582,0.5368072390556335,7990,0.0,0.0
1965-09-23 00:00:00-04:00,0.5368072390556335,0.5368072390556335,0.5314747472050533,0.5368072390556335,4348,0.0,0.0
1965-09-24 00:00:00-04:00,0.5360904594276485,0.5360904594276485,0.5307116242039455,0.5325045585632324,6110,0.276596,0.0
1965-09-27 00:00:00-04:00,0.532504413198939,0.5342973470687866,0.532504413198939,0.5342973470687866,4230,0.0,0.0
1965-09-28 00:00:00-04:00,0.5342973397248617,0.5360903057158987,0.5307114720344543,0.5307114720344543,1410,0.0,0.0
1965-09-29 00:00:00-04:00,0.5307116242039455,0.5342974929225193,0.5307116242039455,0.5325045585632324,1998,0.0,0.0
1965-09-30 00:00:00-04:00,0.5325044058796581,0.5360903057158987,0.5307114720344543,0.5307114720344543,4583,0.0,0.0
1965-10-01 00:00:00-04:00,0.5325045585632324,0.5360904594276485,0.5325045585632324,0.5325045585632324,2233,0.0,0.0
1965-10-04 00:00:00-04:00,0.5325044058796581,0.5360903057158987,0.5307114720344543,0.5307114720344543,1410,0.0,0.0
1965-10-05 00:00:00-04:00,0.5325046513178261,0.5360905528068542,0.5325046513178261,0.5360905528068542,2115,0.0,0.0
1965-10-06 00:00:00-04:00,0.5360904594276485,0.5360904594276485,0.5325045585632324,0.5325045585632324,1175,0.0,0.0
1965-10-07 00:00:00-04:00,0.532504413198939,0.5378832469543156,0.532504413198939,0.5342973470687866,2585,0.0,0.0
1965-10-08 00:00:00-04:00,0.5342973470687866,0.5378832469543156,0.5342973470687866,0.5342973470687866,1998,0.0,0.0
1965-10-11 00:00:00-04:00,0.5342974929225193,0.5360904594276485,0.5325045585632324,0.5325045585632324,1058,0.0,0.0
1965-10-12 00:00:00-04:00,0.5342973470687866,0.5342973470687866,0.5342973470687866,0.5342973470687866,940,0.0,0.0
1965-10-13 00:00:00-04:00,0.5342975859894162,0.5378834874784444,0.5325046513178261,0.5360905528068542,3525,0.0,0.0
1965-10-14 00:00:00-04:00,0.5360903130844679,0.5360903130844679,0.532504413198939,0.5342973470687866,2585,0.0,0.0
1965-10-15 00:00:00-04:00,0.5342973470687866,0.5378832469543156,0.5342973470687866,0.5342973470687866,3055,0.0,0.0
1965-10-18 00:00:00-04:00,0.5360899344419439,0.5396758317947388,0.5360899344419439,0.5396758317947388,4465,0.0,0.0
1965-10-19 00:00:00-04:00,0.5396764542958825,0.5414693568216247,0.5360905528068542,0.5360905528068542,3643,0.0,0.0
1965-10-20 00:00:00-04:00,0.5360903130844679,0.5396762129699968,0.5342973470687866,0.5342973470687866,823,0.0,0.0
1965-10-21 00:00:00-04:00,0.5342973470687866,0.5378832469543156,0.5342973470687866,0.5342973470687866,3290,0.0,0.0
1965-10-22 00:00:00-04:00,0.534297559212382,0.537883460521698,0.534297559212382,0.537883460521698,5053,0.0,0.0
1965-10-25 00:00:00-04:00,0.5360903130844679,0.5360903130844679,0.532504413198939,0.5342973470687866,2938,0.0,0.0
1965-10-26 00:00:00-04:00,0.5342973470687866,0.5378832469543156,0.5342973470687866,0.5342973470687866,1880,0.0,0.0
1965-10-27 00:00:00-04:00,0.5360905259399632,0.5414693296851676,0.5360905259399632,0.537883460521698,4348,0.0,0.0
1965-10-28 00:00:00-04:00,0.537883460521698,0.537883460521698,0.534297559212382,0.537883460521698,2350,0.0,0.0
1965-10-29 00:00:00-04:00,0.5378830538189826,0.5432618856430054,0.5360901205929157,0.5432618856430054,12455,0.0,0.0
1965-11-01 00:00:00-05:00,0.5414687322524198,0.5414687322524198,0.5360899344419439,0.5396758317947388,1998,0.0,0.0
1965-11-03 00:00:00-05:00,0.5396764272492792,0.5414693296851676,0.5360905259399632,0.537883460521698,4700,0.0,0.0
1965-11-04 00:00:00-05:00,0.537883460521698,0.5414693296851676,0.537883460521698,0.537883460521698,2938,0.0,0.0
1965-11-05 00:00:00-05:00,0.5396758317947388,0.5432616970017227,0.5396758317947388,0.5396758317947388,1998,0.0,0.0
1965-11-08 00:00:00-05:00,0.5396760191908716,0.5432618856430054,0.5396760191908716,0.5432618856430054,5640,0.0,0.0
1965-11-09 00:00:00-05:00,0.5432620630949974,0.5432620630949974,0.5378832295140238,0.5414690971374512,2938,0.0,0.0
1965-11-10 00:00:00-05:00,0.5414689202711164,0.5432618856430054,0.5378830538189826,0.5432618856430054,2468,0.0,0.0
1965-11-11 00:00:00-05:00,0.5396758317947388,0.5396758317947388,0.5360899344419439,0.5396758317947388,2585,0.0,0.0
1965-11-12 00:00:00-05:00,0.5396760191908716,0.5432618856430054,0.5396760191908716,0.5432618856430054,3760,0.0,0.0
1965-11-15 00:00:00-05:00,0.5432618856430054,0.5432618856430054,0.5378830538189826,0.5432618856430054,5053,0.0,0.0
1965-11-16 00:00:00-05:00,0.5432618856430054,0.5432618856430054,0.5396760191908716,0.5432618856430054,3055,0.0,0.0
1965-11-17 00:00:00-05:00,0.5432620630949974,0.5450550290525435,0.5396761954715701,0.5414690971374512,6815,0.0,0.0
1965-11-18 00:00:00-05:00,0.5414687322524198,0.5414687322524198,0.5396758317947388,0.5396758317947388,2350,0.0,0.0
1965-11-19 00:00:00-05:00,0.5396764542958825,0.5396764542958825,0.5360905528068542,0.5360905528068542,2115,0.0,0.0
1965-11-22 00:00:00-05:00,0.5360905259399632,0.5414693296851676,0.534297559212382,0.537883460521698,2585,0.0,0.0
1965-11-23 00:00:00-05:00,0.5378832295140238,0.5414690971374512,0.5325043959330503,0.5414690971374512,4348,0.0,0.0
1965-11-24 00:00:00-05:00,0.5414687322524198,0.5432616970017227,0.5378828670454359,0.5396758317947388,5405,0.0,0.0
1965-11-26 00:00:00-05:00,0.5396761954715701,0.5414690971374512,0.5360902957023101,0.5414690971374512,1998,0.0,0.0
1965-11-29 00:00:00-05:00,0.5414693296851676,0.5414693296851676,0.534297559212382,0.537883460521698,2350,0.0,0.0
1965-11-30 00:00:00-05:00,0.537883460521698,0.537883460521698,0.534297559212382,0.537883460521698,1528,0.0,0.0
1965-12-01 00:00:00-05:00,0.5360905528068542,0.5360905528068542,0.5342975859894162,0.5360905528068542,2468,0.0,0.0
1965-12-02 00:00:00-05:00,0.5360903130844679,0.5378832469543156,0.5342973470687866,0.5342973470687866,823,0.0,0.0
1965-12-03 00:00:00-05:00,0.537883460521698,0.5396764272492792,0.537883460521698,0.537883460521698,940,0.0,0.0
1965-12-06 00:00:00-05:00,0.5378832469543156,0.5378832469543156,0.5307114793290915,0.5342973470687866,3408,0.0,0.0
1965-12-07 00:00:00-05:00,0.5342973397248617,0.5378832395611024,0.5307114720344543,0.5307114720344543,4583,0.0,0.0
1965-12-08 00:00:00-05:00,0.5307114720344543,0.5360903057158987,0.5307114720344543,0.5307114720344543,1998,0.0,0.0
1965-12-09 00:00:00-05:00,0.5307113169747241,0.5342971836174367,0.5235395193976513,0.5271254181861877,4113,0.0,0.0
1965-12-10 00:00:00-05:00,0.5271253820901952,0.5289183152887768,0.5199536171500476,0.5235394835472107,6698,0.0,0.0
1965-12-13 00:00:00-05:00,0.5235396885469326,0.5271255884940295,0.5199538207456699,0.5217467546463013,3290,0.0,0.0
1965-12-14 00:00:00-05:00,0.5217465503486292,0.5235394835472107,0.5199536171500476,0.5235394835472107,5053,0.0,0.0
1965-12-15 00:00:00-05:00,0.5235396885469326,0.5253326545933982,0.5163679207985731,0.5217467546463013,16803,0.0,0.0
1965-12-16 00:00:00-05:00,0.5253328146352081,0.5289186835289001,0.5253328146352081,0.5289186835289001,4700,0.0,0.0
1965-12-17 00:00:00-05:00,0.5339869717001862,0.535797119140625,0.5285565942866236,0.535797119140625,5288,0.297872,0.0
1965-12-20 00:00:00-05:00,0.535797119140625,0.5376072341271868,0.5339869717001862,0.535797119140625,3878,0.0,0.0
1965-12-21 00:00:00-05:00,0.5357971600168552,0.5430376529693604,0.5357971600168552,0.5430376529693604,2703,0.0,0.0
1965-12-22 00:00:00-05:00,0.5412275751552154,0.5412275751552154,0.5376073122024536,0.5376073122024536,1880,0.0,0.0
1965-12-23 00:00:00-05:00,0.5376073122024536,0.5394174274518936,0.5357971969530135,0.5376073122024536,3408,0.0,0.0
1965-12-27 00:00:00-05:00,0.5376071881964986,0.5394173030284125,0.5339869260787964,0.5339869260787964,2350,0.0,0.0
1965-12-28 00:00:00-05:00,0.5339873686659888,0.5357975174520909,0.5303671360015869,0.5303671360015869,15393,0.0,0.0
1965-12-29 00:00:00-05:00,0.5303671360015869,0.5339873686659888,0.5303671360015869,0.5303671360015869,2233,0.0,0.0
1965-12-30 00:00:00-05:00,0.5303667966568676,0.5339870270049366,0.5303667966568676,0.5321769118309021,1528,0.0,0.0
1965-12-31 00:00:00-05:00,0.5339870672741363,0.5394174456596375,0.5339870672741363,0.5394174456596375,1528,0.0,0.0
1966-01-03 00:00:00-05:00,0.5394173902661681,0.5430376529693604,0.5394173902661681,0.5430376529693604,5523,0.0,0.0
1966-01-04 00:00:00-05:00,0.5430371561435984,0.5430371561435984,0.5394168967525885,0.5412270426750183,3995,0.0,0.0
1966-01-05 00:00:00-05:00,0.5412270426750183,0.5430371561435984,0.5394168967525885,0.5412270426750183,3643,0.0,0.0
1966-01-06 00:00:00-05:00,0.5412275934240598,0.5430377087345993,0.537607330349098,0.5394174456596375,4583,0.0,0.0
1966-01-07 00:00:00-05:00,0.5394174456596375,0.5394174456596375,0.5357972150385585,0.5394174456596375,1763,0.0,0.0
1966-01-10 00:00:00-05:00,0.5376072341271868,0.5376072341271868,0.5303667417270624,0.535797119140625,1880,0.0,0.0
1966-01-11 00:00:00-05:00,0.5357971746328515,0.5357971746328515,0.5321769118309021,0.5321769118309021,4583,0.0,0.0
1966-01-12 00:00:00-05:00,0.5321765684572163,0.5321765684572163,0.5249360799789429,0.5249360799789429,5405,0.0,0.0
1966-01-13 00:00:00-05:00,0.5267467498779297,0.5303670141645781,0.5267467498779297,0.5267467498779297,2115,0.0,0.0
1966-01-14 00:00:00-05:00,0.5267461939850464,0.5303664544511127,0.5195057055067729,0.5249360799789429,6110,0.0,0.0
1966-01-17 00:00:00-05:00,0.5231257873991044,0.5231257873991044,0.5176954144437502,0.5195055603981018,6345,0.0,0.0
1966-01-18 00:00:00-05:00,0.519505936671603,0.5267464283716818,0.517695789406178,0.5213160514831543,3525,0.0,0.0
1966-01-19 00:00:00-05:00,0.5213160514831543,0.5213160514831543,0.5158856745946266,0.5213160514831543,6463,0.0,0.0
1966-01-20 00:00:00-05:00,0.519505787056666,0.519505787056666,0.5122652649879456,0.5122652649879456,4700,0.0,0.0
1966-01-21 00:00:00-05:00,0.5140751874427476,0.5195055603981018,0.5140751874427476,0.5195055603981018,2820,0.0,0.0
1966-01-24 00:00:00-05:00,0.519505672932088,0.5213157868246916,0.5158854126930237,0.5158854126930237,5875,0.0,0.0
1966-01-25 00:00:00-05:00,0.5158853057834314,0.5195055652722506,0.5086448192596436,0.5086448192596436,13043,0.0,0.0
1966-01-26 00:00:00-05:00,0.5086450364074498,0.5122652649879456,0.5068348896633376,0.5122652649879456,6228,0.0,0.0
1966-01-27 00:00:00-05:00,0.5122654299321027,0.5140755772590637,0.5104553150590166,0.5140755772590637,3760,0.0,0.0
1966-01-28 00:00:00-05:00,0.5122652649879456,0.5122652649879456,0.5104551506976976,0.5122652649879456,3055,0.0,0.0
1966-01-31 00:00:00-05:00,0.5122650462946122,0.5140751922659471,0.5086448192596436,0.5086448192596436,4935,0.0,0.0
1966-02-01 00:00:00-05:00,0.5086451907236151,0.5122654204024403,0.5050249285909157,0.5068350434303284,13160,0.0,0.0
1966-02-02 00:00:00-05:00,0.5068350528589696,0.5140755772590637,0.5050249379858834,0.5140755772590637,6933,0.0,0.0
1966-02-03 00:00:00-05:00,0.5140752988004201,0.5158854126930237,0.5104550385613558,0.5158854126930237,3760,0.0,0.0
1966-02-04 00:00:00-05:00,0.5158856921321497,0.5195059543321968,0.5140755772590637,0.5140755772590637,2115,0.0,0.0
1966-02-07 00:00:00-05:00,0.5140751922659471,0.5158853057834314,0.5086448192596436,0.5086448192596436,3878,0.0,0.0
1966-02-08 00:00:00-05:00,0.5086450364074498,0.5122652649879456,0.5068348896633376,0.5122652649879456,8813,0.0,0.0
1966-02-09 00:00:00-05:00,0.5122653410585573,0.5122653410585573,0.5050248503684998,0.5050248503684998,6815,0.0,0.0
1966-02-10 00:00:00-05:00,0.5050248503684998,0.5050248503684998,0.5014045887965363,0.5050248503684998,4818,0.0,0.0
1966-02-11 00:00:00-05:00,0.5050248503684998,0.5068349649275468,0.5014045887965363,0.5050248503684998,4700,0.0,0.0
1966-02-14 00:00:00-05:00,0.5050249285909157,0.5086451907236151,0.5032148137515032,0.5068350434303284,5875,0.0,0.0
1966-02-15 00:00:00-05:00,0.5068350434303284,0.5068350434303284,0.5050249285909157,0.5068350434303284,1763,0.0,0.0
1966-02-16 00:00:00-05:00,0.5068349595272826,0.5068349595272826,0.5014045834541321,0.5014045834541321,9048,0.0,0.0
1966-02-17 00:00:00-05:00,0.5014045105761423,0.5050247715833358,0.5014045105761423,0.5032146573066711,5053,0.0,0.0
1966-02-18 00:00:00-05:00,0.5032146573066711,0.5050247715833358,0.5014045105761423,0.5032146573066711,2703,0.0,0.0
1966-02-21 00:00:00-05:00,0.503214826744215,0.5050249416303637,0.49597430229187006,0.4959743022918701,11163,0.0,0.0
1966-02-23 00:00:00-05:00,0.49597416400685845,0.49959442522364794,0.49416404962539673,0.49416404962539673,7285,0.0,0.0
1966-02-24 00:00:00-05:00,0.49416404962539673,0.4977843108421863,0.49235393524393506,0.49416404962539673,3173,0.0,0.0
1966-02-25 00:00:00-05:00,0.49416404962539673,0.4977843108421863,0.49235393524393506,0.49416404962539673,4230,0.0,0.0
1966-02-28 00:00:00-05:00,0.49416404962539673,0.49959442522364794,0.49416404962539673,0.49416404962539673,8460,0.0,0.0
1966-03-01 00:00:00-05:00,0.4941644074095343,0.4941644074095343,0.48149353265762335,0.4814935326576233,6933,0.0,0.0
1966-03-02 00:00:00-05:00,0.4814932183391388,0.48873370883451583,0.4796830713748932,0.4796830713748932,13043,0.0,0.0
1966-03-03 00:00:00-05:00,0.4796833034537096,0.481493451293735,0.4724428094552603,0.476063072681427,13748,0.0,0.0
1966-03-04 00:00:00-05:00,0.4760630689649639,0.4760630689649639,0.46882254256915484,0.4724428057670593,10810,0.0,0.0
1966-03-07 00:00:00-05:00,0.4724428094552603,0.4796833034537096,0.4724428094552603,0.476063072681427,8108,0.0,0.0
1966-03-08 00:00:00-05:00,0.481492944435254,0.49054354429244995,0.481492944435254,0.49054354429244995,5053,0.0,0.0
1966-03-09 00:00:00-05:00,0.4905439729324596,0.4941642355110532,0.48873385787010193,0.48873385787010193,3173,0.0,0.0
1966-03-10 00:00:00-05:00,0.48873385787010193,0.4941642355110532,0.48873385787010193,0.48873385787010193,3055,0.0,0.0
1966-03-11 00:00:00-05:00,0.4887337795806718,0.4923540415793418,0.48692366480827337,0.4869236648082733,4230,0.0,0.0
1966-03-14 00:00:00-05:00,0.48692331733111155,0.4923536902269691,0.4851131713965924,0.49054354429244995,3173,0.0,0.0
1966-03-15 00:00:00-05:00,0.49054354429244995,0.4923536902269691,0.4887334308117807,0.49054354429244995,4230,0.0,0.0
1966-03-16 00:00:00-05:00,0.4905435318609878,0.49235367774963384,0.4887334184261909,0.4923536777496338,2820,0.0,0.0
1966-03-17 00:00:00-05:00,0.4923540415793418,0.4923540415793418,0.48692366480827337,0.4869236648082733,3878,0.0,0.0
1966-03-18 00:00:00-05:00,0.48330309987068176,0.48330309987068176,0.47968284014122453,0.48330309987068176,7520,0.0,0.0
1966-03-21 00:00:00-05:00,0.48330335714507344,0.4851134717464447,0.48149324254370224,0.4851134717464447,4700,0.0,0.0
1966-03-22 00:00:00-05:00,0.4884063502294813,0.4884063502294813,0.4829186369551485,0.4865771234035492,1645,0.297872,0.0
1966-03-23 00:00:00-05:00,0.48474751780437886,0.48474751780437886,0.47743058292639745,0.48291829228401184,5640,0.0,0.0
1966-03-24 00:00:00-05:00,0.4829182922840118,0.4829182922840118,0.4792598084467645,0.48291829228401184,3878,0.0,0.0
1966-03-25 00:00:00-05:00,0.4829186369551485,0.48657712340354925,0.48108941012921635,0.4865771234035492,3525,0.0,0.0
1966-03-28 00:00:00-05:00,0.48657703604820096,0.48657703604820096,0.47926006446501795,0.481089323759079,4700,0.0,0.0
1966-03-29 00:00:00-05:00,0.48108933615325444,0.48108933615325444,0.4719431706334414,0.4774308502674103,24675,0.0,0.0
1966-03-30 00:00:00-05:00,0.477430832724837,0.477430832724837,0.47194315329250575,0.4737723469734192,6110,0.0,0.0
1966-03-31 00:00:00-05:00,0.4737721840702539,0.4737721840702539,0.47011373237329873,0.4719429910182953,9283,0.0,0.0
1966-04-01 00:00:00-05:00,0.4719430126453581,0.47560146450996393,0.4719430126453581,0.475601464509964,7873,0.0,0.0
1966-04-04 00:00:00-05:00,0.475601623722754,0.48108933615325444,0.475601623722754,0.4774308502674103,4348,0.0,0.0
1966-04-05 00:00:00-05:00,0.4774308379674875,0.48108932375907904,0.4774308379674875,0.481089323759079,5053,0.0,0.0
1966-04-06 00:00:00-05:00,0.48108932375907904,0.48291855025660946,0.47926006446501795,0.481089323759079,4230,0.0,0.0
1966-04-07 00:00:00-05:00,0.48108933615325444,0.48108933615325444,0.47743085026741033,0.4774308502674103,5758,0.0,0.0
1966-04-11 00:00:00-05:00,0.47743085026741033,0.4792600768120666,0.4737723643815662,0.4774308502674103,9988,0.0,0.0
1966-04-12 00:00:00-05:00,0.47743085026741033,0.4792600768120666,0.4737723643815662,0.4774308502674103,6580,0.0,0.0
1966-04-13 00:00:00-05:00,0.477430832724837,0.477430832724837,0.47194315329250575,0.4737723469734192,4348,0.0,0.0
1966-04-14 00:00:00-05:00,0.4737721840702539,0.4756014427152505,0.47194299101829534,0.4719429910182953,3643,0.0,0.0
1966-04-15 00:00:00-05:00,0.47194315329250575,0.47926005920228076,0.47194315329250575,0.4737723469734192,7638,0.0,0.0
1966-04-18 00:00:00-05:00,0.4737723469734192,0.47926005920228076,0.4737723469734192,0.4737723469734192,4113,0.0,0.0
1966-04-19 00:00:00-05:00,0.4737723469734192,0.477430832724837,0.47194315329250575,0.4737723469734192,3408,0.0,0.0
1966-04-20 00:00:00-05:00,0.4737723643815662,0.48840627512841117,0.4737723643815662,0.4774308502674103,2703,0.0,0.0
1966-04-21 00:00:00-05:00,0.4774306904422669,0.4810891751033933,0.47560146450996393,0.475601464509964,2233,0.0,0.0
1966-04-22 00:00:00-05:00,0.4756016062473932,0.477430832724837,0.4737723469734192,0.4737723469734192,3173,0.0,0.0
1966-04-25 00:00:00-04:00,0.4737722057811405,0.4774306904422669,0.4737722057811405,0.475601464509964,3760,0.0,0.0
1966-04-26 00:00:00-04:00,0.4756014427152505,0.47743066856372807,0.47194299101829534,0.4719429910182953,4348,0.0,0.0
1966-04-27 00:00:00-04:00,0.4719431706334414,0.47743085026741033,0.4719431706334414,0.4774308502674103,2350,0.0,0.0
1966-04-28 00:00:00-04:00,0.4756014427152505,0.4756014427152505,0.47194299101829534,0.4719429910182953,2468,0.0,0.0
1966-04-29 00:00:00-04:00,0.4719432523489585,0.47560170607172103,0.47011399269104,0.47011399269104004,5758,0.0,0.0
1966-05-02 00:00:00-04:00,0.47194299101829534,0.4737721840702539,0.47194299101829534,0.4719429910182953,1880,0.0,0.0
1966-05-03 00:00:00-04:00,0.47194299101829534,0.4756014427152505,0.47194299101829534,0.4719429910182953,4348,0.0,0.0
1966-05-04 00:00:00-04:00,0.47194315329250575,0.4756016062473932,0.47194315329250575,0.4737723469734192,3290,0.0,0.0
1966-05-05 00:00:00-04:00,0.4737721840702539,0.4737721840702539,0.47011373237329873,0.4719429910182953,4465,0.0,0.0
1966-05-06 00:00:00-04:00,0.47011399269104,0.47011399269104,0.4682847658296587,0.47011399269104004,4113,0.0,0.0
1966-05-09 00:00:00-04:00,0.47011375391653465,0.4774306904422669,0.47011375391653465,0.475601464509964,5758,0.0,0.0
1966-05-10 00:00:00-04:00,0.4756016062473932,0.4756016062473932,0.47194315329250575,0.4737723469734192,4465,0.0,0.0
1966-05-11 00:00:00-04:00,0.4737723469734192,0.477430832724837,0.47194315329250575,0.4737723469734192,12220,0.0,0.0
1966-05-12 00:00:00-04:00,0.4737722057811405,0.47560146450996393,0.4719430126453581,0.475601464509964,2703,0.0,0.0
1966-05-13 00:00:00-04:00,0.4756014427152505,0.4756014427152505,0.47194299101829534,0.4719429910182953,2820,0.0,0.0
1966-05-16 00:00:00-04:00,0.47194300210605267,0.47194300210605267,0.46645529163517346,0.4682845175266266,15510,0.0,0.0
1966-05-17 00:00:00-04:00,0.4682845066296794,0.4719429911239728,0.46645528078079224,0.46645528078079224,2115,0.0,0.0
1966-05-18 00:00:00-04:00,0.4664554410636441,0.4737723469734192,0.4664554410636441,0.4737723469734192,7520,0.0,0.0
1966-05-19 00:00:00-04:00,0.473772195200986,0.473772195200986,0.4682845175266266,0.4682845175266266,2703,0.0,0.0
1966-05-20 00:00:00-04:00,0.47194315329250575,0.4756016062473932,0.47194315329250575,0.4737723469734192,7990,0.0,0.0
1966-05-23 00:00:00-04:00,0.4737721840702539,0.4810891530572023,0.47194299101829534,0.4719429910182953,2585,0.0,0.0
1966-05-24 00:00:00-04:00,0.47194299101829534,0.47194299101829534,0.4682845065248211,0.4719429910182953,4700,0.0,0.0
1966-05-25 00:00:00-04:00,0.47194299101829534,0.47743066856372807,0.47194299101829534,0.4719429910182953,2938,0.0,0.0
1966-05-26 00:00:00-04:00,0.47194315329250575,0.4756016062473932,0.47194315329250575,0.4737723469734192,1410,0.0,0.0
1966-05-27 00:00:00-04:00,0.4737723469734192,0.4737723469734192,0.47194315329250575,0.4737723469734192,3055,0.0,0.0
1966-05-31 00:00:00-04:00,0.47377244641380256,0.47377244641380256,0.47011399269104,0.47011399269104004,1998,0.0,0.0
1966-06-01 00:00:00-04:00,0.47011399269104,0.47377244641380256,0.47011399269104,0.47011399269104004,2468,0.0,0.0
1966-06-02 00:00:00-04:00,0.47011374341807977,0.473772195200986,0.4682845175266266,0.4682845175266266,10340,0.0,0.0
1966-06-03 00:00:00-04:00,0.4682845175266266,0.47194300210605267,0.4682845175266266,0.4682845175266266,2703,0.0,0.0
1966-06-06 00:00:00-04:00,0.4682847658296587,0.47011399269104,0.4682847658296587,0.47011399269104004,2233,0.0,0.0
1966-06-07 00:00:00-04:00,0.47011399269104,0.47011399269104,0.4682847658296587,0.47011399269104004,2468,0.0,0.0
1966-06-08 00:00:00-04:00,0.47011399269104,0.4719432523489585,0.47011399269104,0.47011399269104004,1410,0.0,0.0
1966-06-09 00:00:00-04:00,0.47011399269104,0.47011399269104,0.4682847658296587,0.47011399269104004,3878,0.0,0.0
1966-06-10 00:00:00-04:00,0.47011373237329873,0.47194299101829534,0.4682845065248211,0.4719429910182953,8695,0.0,0.0
1966-06-13 00:00:00-04:00,0.4719430126453581,0.47925991637456977,0.4719430126453581,0.475601464509964,10458,0.0,0.0
1966-06-14 00:00:00-04:00,0.47560144282174716,0.4865768635081083,0.46645528078079224,0.46645528078079224,3878,0.0,0.0
1966-06-15 00:00:00-04:00,0.46645529163517346,0.47011374341807977,0.46462603294720056,0.4682845175266266,3643,0.0,0.0
1966-06-16 00:00:00-04:00,0.4682845066296794,0.4701137324785666,0.46279679628649883,0.46645528078079224,5875,0.0,0.0
1966-06-17 00:00:00-04:00,0.46645529163517346,0.4682845175266266,0.46462603294720056,0.4682845175266266,1058,0.0,0.0
1966-06-20 00:00:00-04:00,0.4682845066296794,0.4701137324785666,0.46279679628649883,0.46645528078079224,2468,0.0,0.0
1966-06-21 00:00:00-04:00,0.46978438323273086,0.46978438323273086,0.46238621310798006,0.4660853147506714,3525,0.297872,0.0
1966-06-22 00:00:00-04:00,0.4660855960192668,0.4660855960192668,0.4568378529121205,0.4605369567871094,4935,0.0,0.0
1966-06-23 00:00:00-04:00,0.4605369238871265,0.46793509794793936,0.4549882850513545,0.46238645911216736,9283,0.0,0.0
1966-06-24 00:00:00-04:00,0.46238610823088744,0.46793474285608305,0.4586870074272156,0.4586870074272156,3525,0.0,0.0
1966-06-27 00:00:00-04:00,0.4586874314676774,0.4642360712223961,0.4531387917129587,0.45498836040496826,5288,0.0,0.0
1966-06-28 00:00:00-04:00,0.4549880978791826,0.45683763234336533,0.453138530254364,0.453138530254364,2585,0.0,0.0
1966-06-29 00:00:00-04:00,0.4531387917129587,0.4568378959363228,0.4531387917129587,0.45498836040496826,3760,0.0,0.0
1966-06-30 00:00:00-04:00,0.4549878298156986,0.45683736319019863,0.45128872990608215,0.45128872990608215,11868,0.0,0.0
1966-07-01 00:00:00-04:00,0.45128925618160415,0.45498836040496826,0.45128925618160415,0.45498836040496826,2585,0.0,0.0
1966-07-05 00:00:00-04:00,0.45498817892477983,0.4568377137184143,0.4531386109705036,0.4568377137184143,4935,0.0,0.0
1966-07-06 00:00:00-04:00,0.4568377137184143,0.4568377137184143,0.45498817892477983,0.4568377137184143,3055,0.0,0.0
1966-07-07 00:00:00-04:00,0.4568378959363228,0.4568378959363228,0.45498836040496826,0.45498836040496826,3995,0.0,0.0
1966-07-08 00:00:00-04:00,0.45498817892477983,0.4586872485120488,0.45498817892477983,0.4568377137184143,5405,0.0,0.0
1966-07-11 00:00:00-04:00,0.4568377137184143,0.4586872485120488,0.4568377137184143,0.4568377137184143,3643,0.0,0.0
1966-07-12 00:00:00-04:00,0.4568377137184143,0.4586872485120488,0.4568377137184143,0.4568377137184143,3995,0.0,0.0
1966-07-13 00:00:00-04:00,0.4568374736056918,0.4586870074272156,0.454987939784168,0.4586870074272156,1998,0.0,0.0
1966-07-14 00:00:00-04:00,0.4586874314676774,0.46053700015968696,0.45498836040496826,0.45498836040496826,2468,0.0,0.0
1966-07-15 00:00:00-04:00,0.454987939784168,0.4586870074272156,0.454987939784168,0.4586870074272156,2115,0.0,0.0
1966-07-18 00:00:00-04:00,0.4586873555014362,0.4642359943372082,0.4586873555014362,0.46238645911216736,3173,0.0,0.0
1966-07-19 00:00:00-04:00,0.4605365744093637,0.4605365744093637,0.4568374736056918,0.4586870074272156,5288,0.0,0.0
1966-07-20 00:00:00-04:00,0.4586872485120488,0.460536816466325,0.4568377137184143,0.4568377137184143,1763,0.0,0.0
1966-07-21 00:00:00-04:00,0.4568377137184143,0.46238635125995947,0.4568377137184143,0.4568377137184143,2820,0.0,0.0
1966-07-22 00:00:00-04:00,0.4568377137184143,0.4568377137184143,0.45498817892477983,0.4568377137184143,1410,0.0,0.0
1966-07-25 00:00:00-04:00,0.4568378959363228,0.4568378959363228,0.4531387917129587,0.45498836040496826,2820,0.0,0.0
1966-07-26 00:00:00-04:00,0.45498817892477983,0.4568377137184143,0.45128907617686914,0.4568377137184143,2703,0.0,0.0
1966-07-27 00:00:00-04:00,0.45683763234336533,0.45683763234336533,0.453138530254364,0.453138530254364,3055,0.0,0.0
1966-07-28 00:00:00-04:00,0.45498836040496826,0.4586874314676774,0.45498836040496826,0.45498836040496826,1528,0.0,0.0
1966-07-29 00:00:00-04:00,0.4549880978791826,0.458687166807548,0.4512889957901813,0.453138530254364,9400,0.0,0.0
1966-08-01 00:00:00-04:00,0.45313889553772535,0.45313889553772535,0.4494398236274719,0.4494398236274719,3995,0.0,0.0
1966-08-02 00:00:00-04:00,0.44943914359086273,0.451288676747501,0.4457400441169739,0.4457400441169739,3290,0.0,0.0
1966-08-03 00:00:00-04:00,0.4457399540544501,0.4475894868373871,0.4457399540544501,0.4475894868373871,2938,0.0,0.0
1966-08-04 00:00:00-04:00,0.4475895772736121,0.44943914359086273,0.4457400441169739,0.4457400441169739,2703,0.0,0.0
1966-08-05 00:00:00-04:00,0.44574071855655595,0.4494398236274719,0.44574071855655595,0.4494398236274719,5288,0.0,0.0
1966-08-08 00:00:00-04:00,0.44943946132599855,0.453138530254364,0.44943946132599855,0.453138530254364,2115,0.0,0.0
1966-08-09 00:00:00-04:00,0.45313811834680373,0.45498768429034636,0.4475894868373871,0.4475894868373871,8813,0.0,0.0
1966-08-10 00:00:00-04:00,0.4475894868373871,0.45313811834680373,0.4475894868373871,0.4475894868373871,2233,0.0,0.0
1966-08-11 00:00:00-04:00,0.4475896299964658,0.4531382632805822,0.4475896299964658,0.45128872990608215,5170,0.0,0.0
1966-08-12 00:00:00-04:00,0.45128872990608215,0.45128872990608215,0.4475896299964658,0.45128872990608215,8460,0.0,0.0
1966-08-15 00:00:00-04:00,0.45128872990608215,0.45128872990608215,0.4475896299964658,0.45128872990608215,1410,0.0,0.0
1966-08-16 00:00:00-04:00,0.451288676747501,0.451288676747501,0.4457400441169739,0.4457400441169739,1880,0.0,0.0
1966-08-17 00:00:00-04:00,0.4457399540544501,0.4475894868373871,0.4457399540544501,0.4475894868373871,1880,0.0,0.0
1966-08-18 00:00:00-04:00,0.4475895772736121,0.4475895772736121,0.4438905109603356,0.4457400441169739,6110,0.0,0.0
1966-08-19 00:00:00-04:00,0.44573998529752434,0.44758951821009985,0.44019135339918963,0.44389045238494873,3995,0.0,0.0
1966-08-22 00:00:00-04:00,0.4438906677243825,0.4438906677243825,0.4383420331343043,0.4401915669441223,3760,0.0,0.0
1966-08-23 00:00:00-04:00,0.4401919172580064,0.4401919172580064,0.430944174528122,0.43094417452812195,6345,0.0,0.0
1966-08-24 00:00:00-04:00,0.430943867634976,0.43834206981457463,0.430943867634976,0.4364925026893616,3055,0.0,0.0
1966-08-25 00:00:00-04:00,0.4364925026893615,0.44204113774374704,0.4364925026893615,0.4364925026893616,3760,0.0,0.0
1966-08-26 00:00:00-04:00,0.4364925026893615,0.43834206981457463,0.4346429687247753,0.4364925026893616,6698,0.0,0.0
1966-08-29 00:00:00-04:00,0.43649290769110854,0.43649290769110854,0.42539562728568003,0.42909473180770874,9518,0.0,0.0
1966-08-30 00:00:00-04:00,0.42909450708618124,0.4309440417982451,0.41614769778045413,0.42169633507728577,7050,0.0,0.0
1966-08-31 00:00:00-04:00,0.42169630040969647,0.4253953695297241,0.4198467326890451,0.4253953695297241,6580,0.0,0.0
1966-09-01 00:00:00-04:00,0.42724455668994477,0.4438904523849488,0.42724455668994477,0.44389045238494873,8930,0.0,0.0
1966-09-02 00:00:00-04:00,0.4438907297872509,0.44574026385566273,0.4383420944213867,0.4383420944213867,4818,0.0,0.0
1966-09-06 00:00:00-04:00,0.4383420944213867,0.44574026385566273,0.43464299312393434,0.4383420944213867,10458,0.0,0.0
1966-09-07 00:00:00-04:00,0.43834206981457463,0.44019160377916083,0.4346429687247753,0.4364925026893616,2233,0.0,0.0
1966-09-08 00:00:00-04:00,0.43649252719234616,0.44019162848979854,0.43464299312393434,0.4383420944213867,3878,0.0,0.0
1966-09-09 00:00:00-04:00,0.4383420944213867,0.44204116255821035,0.4383420944213867,0.4383420944213867,2350,0.0,0.0
1966-09-12 00:00:00-04:00,0.4383420331343043,0.4420411007539404,0.4383420331343043,0.4401915669441223,2350,0.0,0.0
1966-09-13 00:00:00-04:00,0.44204094464308497,0.4457400441169739,0.44204094464308497,0.4457400441169739,5053,0.0,0.0
1966-09-14 00:00:00-04:00,0.44574009662196573,0.45128872990608215,0.44389056324746573,0.45128872990608215,2585,0.0,0.0
1966-09-15 00:00:00-04:00,0.4512888389804962,0.46238610823088744,0.4512888389804962,0.4586870074272156,3760,0.0,0.0
1966-09-16 00:00:00-04:00,0.4586875365637681,0.4586875365637681,0.4494398236274719,0.4494398236274719,3173,0.0,0.0
1966-09-19 00:00:00-04:00,0.4494398236274719,0.4494398236274719,0.44759025451168266,0.4494398236274719,2468,0.0,0.0
1966-09-20 00:00:00-04:00,0.44943905278092977,0.44943905278092977,0.4457399540544501,0.4475894868373871,4935,0.0,0.0
1966-09-21 00:00:00-04:00,0.4475894868373871,0.44943905278092977,0.4438904212715131,0.4475894868373871,5053,0.0,0.0
1966-09-22 00:00:00-04:00,0.44758951821009985,0.44943908428328344,0.4420408863117652,0.44389045238494873,3760,0.0,0.0
1966-09-23 00:00:00-04:00,0.44913056657942857,0.44913056657942857,0.44351643323898315,0.44351643323898315,2585,0.297872,0.0
1966-09-26 00:00:00-04:00,0.443516426325995,0.4472591594599094,0.439773659640013,0.4416450262069702,3408,0.0,0.0
1966-09-27 00:00:00-04:00,0.4416450330907893,0.44351643323898315,0.4416450330907893,0.44351643323898315,1528,0.0,0.0
1966-09-28 00:00:00-04:00,0.44351635479655954,0.44538772106170654,0.4416449549793504,0.44538772106170654,1880,0.0,0.0
1966-09-29 00:00:00-04:00,0.4453877928929522,0.4453877928929522,0.4379022930730558,0.4416450262069702,4230,0.0,0.0
1966-09-30 00:00:00-04:00,0.4416449556405837,0.4453877217285435,0.4397735893726349,0.4397735893726349,2233,0.0,0.0
1966-10-03 00:00:00-04:00,0.4397740273092785,0.44164539544077686,0.4379026591777802,0.43790265917778015,3290,0.0,0.0
1966-10-04 00:00:00-04:00,0.4379022231046861,0.4397735893726349,0.4379022231046861,0.4397735893726349,2938,0.0,0.0
1966-10-05 00:00:00-04:00,0.439773659640013,0.443516426325995,0.4379022930730558,0.4416450262069702,3290,0.0,0.0
1966-10-06 00:00:00-04:00,0.4397735893726349,0.4397735893726349,0.4379022231046861,0.4397735893726349,1998,0.0,0.0
1966-10-07 00:00:00-04:00,0.43977396179867584,0.43977396179867584,0.43603119254112244,0.43603119254112244,3055,0.0,0.0
1966-10-10 00:00:00-04:00,0.43603119254112244,0.43977396179867584,0.43415982468839104,0.43603119254112244,3525,0.0,0.0
1966-10-11 00:00:00-04:00,0.43603125749418625,0.44164539544077686,0.43603125749418625,0.43790265917778015,2585,0.0,0.0
1966-10-12 00:00:00-04:00,0.43603119254112244,0.43603119254112244,0.43041705543083764,0.43603119254112244,3995,0.0,0.0
1966-10-13 00:00:00-04:00,0.43603119254112244,0.43790259394594444,0.43041705543083764,0.43603119254112244,4700,0.0,0.0
1966-10-14 00:00:00-04:00,0.43603119254112244,0.43977396179867584,0.43603119254112244,0.43603119254112244,4230,0.0,0.0
1966-10-17 00:00:00-04:00,0.4360308232846751,0.44725908799649233,0.4360308232846751,0.4397735893726349,5993,0.0,0.0
1966-10-18 00:00:00-04:00,0.439773659640013,0.4416450262069702,0.436030892954031,0.4416450262069702,6933,0.0,0.0
1966-10-19 00:00:00-04:00,0.4416450262069702,0.4472591594599094,0.4379022930730558,0.4416450262069702,10575,0.0,0.0
1966-10-20 00:00:00-04:00,0.44164520123214007,0.4491307375706421,0.44164520123214007,0.4472593367099762,3760,0.0,0.0
1966-10-21 00:00:00-04:00,0.44725933670997614,0.4491307375706421,0.443516602092806,0.4472593367099762,2938,0.0,0.0
1966-10-24 00:00:00-04:00,0.4491302967071533,0.4547444266741945,0.4491302967071533,0.4491302967071533,4348,0.0,0.0
1966-10-25 00:00:00-04:00,0.4510017152768698,0.4547444802128957,0.4510017152768698,0.4528730809688568,2468,0.0,0.0
1966-10-26 00:00:00-04:00,0.4566164104897214,0.4678446856289845,0.4566164104897214,0.4659733176231384,4465,0.0,0.0
1966-10-27 00:00:00-04:00,0.4678443841371432,0.47532988488875744,0.4678443841371432,0.4715871512889862,2115,0.0,0.0
1966-10-28 00:00:00-04:00,0.47158749097176245,0.48094436526298523,0.4697160892718412,0.48094436526298523,4818,0.0,0.0
1966-10-31 00:00:00-05:00,0.4809441033931367,0.48655823833186146,0.4809441033931367,0.4828155040740967,5405,0.0,0.0
1966-11-01 00:00:00-05:00,0.4828155438604896,0.49217241382803156,0.4828155438604896,0.4903010129928589,5640,0.0,0.0
1966-11-02 00:00:00-05:00,0.4921723967171039,0.5034006671294551,0.4921723967171039,0.49965789914131165,10105,0.0,0.0
1966-11-03 00:00:00-05:00,0.49965809849253945,0.5015294664572011,0.49778673052787775,0.4977867305278778,6228,0.0,0.0
1966-11-04 00:00:00-05:00,0.49778673052787775,0.49965809849253945,0.4959153290111235,0.4977867305278778,4935,0.0,0.0
1966-11-07 00:00:00-05:00,0.49965789914131165,0.5015292663593438,0.49965789914131165,0.49965789914131165,4230,0.0,0.0
1966-11-09 00:00:00-05:00,0.49965789914131165,0.5015292663593438,0.49965789914131165,0.49965789914131165,4113,0.0,0.0
1966-11-10 00:00:00-05:00,0.49965809849253945,0.49965809849253945,0.49778673052787775,0.4977867305278778,8225,0.0,0.0
1966-11-11 00:00:00-05:00,0.497786601020061,0.5034007370055238,0.497786601020061,0.501529335975647,2585,0.0,0.0
1966-11-14 00:00:00-05:00,0.5015292825724066,0.5034006834030151,0.5015292825724066,0.5034006834030151,4348,0.0,0.0
1966-11-15 00:00:00-05:00,0.5034007370055238,0.5052721044833168,0.499657968497854,0.501529335975647,5288,0.0,0.0
1966-11-16 00:00:00-05:00,0.5015295586839298,0.5071436971623965,0.5015295586839298,0.5052723288536072,5523,0.0,0.0
1966-11-17 00:00:00-05:00,0.5052720506815435,0.5071434179600718,0.5034006834030151,0.5034006834030151,2115,0.0,0.0
1966-11-18 00:00:00-05:00,0.5034008679739554,0.5034008679739554,0.4959153290111235,0.4977867305278778,2115,0.0,0.0
1966-11-21 00:00:00-05:00,0.49591537754978005,0.49591537754978005,0.48094436526298523,0.48094436526298523,3173,0.0,0.0
1966-11-22 00:00:00-05:00,0.48094436526298523,0.484687101558636,0.4772016289673345,0.48094436526298523,6698,0.0,0.0
1966-11-23 00:00:00-05:00,0.4809441167957479,0.4809441167957479,0.4790727496147156,0.4790727496147156,1645,0.0,0.0
1966-11-25 00:00:00-05:00,0.4790727362642543,0.48655823833186146,0.4772013691353719,0.4828155040740967,5170,0.0,0.0
1966-11-28 00:00:00-05:00,0.484686887462515,0.4884296556570043,0.484686887462515,0.48655828833580017,2703,0.0,0.0
1966-11-29 00:00:00-05:00,0.48655850325855726,0.48842987140638267,0.48094436526298523,0.48094436526298523,4818,0.0,0.0
1966-11-30 00:00:00-05:00,0.4865582784266742,0.4959151483942162,0.4865582784266742,0.4903010129928589,5053,0.0,0.0
1966-12-01 00:00:00-05:00,0.4921722220842729,0.49404358863830566,0.4921722220842729,0.49404358863830566,2115,0.0,0.0
1966-12-02 00:00:00-05:00,0.49404358863830566,0.49404358863830566,0.49404358863830566,0.49404358863830566,2233,0.0,0.0
1966-12-05 00:00:00-05:00,0.49404358863830566,0.49404358863830566,0.4921722220842729,0.49404358863830566,1410,0.0,0.0
1966-12-06 00:00:00-05:00,0.4940438770784418,0.4977866459237343,0.49217250943183893,0.492172509431839,3290,0.0,0.0
1966-12-07 00:00:00-05:00,0.4921722220842729,0.49404358863830566,0.4921722220842729,0.49404358863830566,3290,0.0,0.0
1966-12-08 00:00:00-05:00,0.4940439610464618,0.5015294664572011,0.4940439610464618,0.4977867305278778,6345,0.0,0.0
1966-12-09 00:00:00-05:00,0.49778673052787775,0.5034008679739554,0.49778673052787775,0.4977867305278778,3995,0.0,0.0
1966-12-12 00:00:00-05:00,0.499657700002952,0.5090145994680828,0.499657700002952,0.5071431994438171,6580,0.0,0.0
1966-12-13 00:00:00-05:00,0.5071429688837708,0.509014368057251,0.5052716032623412,0.509014368057251,5405,0.0,0.0
1966-12-14 00:00:00-05:00,0.509014706247718,0.5127574399772576,0.5071433058308754,0.5108860731124878,4113,0.0,0.0
1966-12-15 00:00:00-05:00,0.5108861725202468,0.5146289405301235,0.5108861725202468,0.5127575397491455,4818,0.0,0.0
1966-12-16 00:00:00-05:00,0.5127574399772576,0.5127574399772576,0.509014706247718,0.5108860731124878,2115,0.0,0.0
1966-12-19 00:00:00-05:00,0.5142892599105835,0.5142892599105835,0.5123984675158625,0.5142892599105835,3525,0.297872,0.0
1966-12-20 00:00:00-05:00,0.51428933927006,0.5161800980567932,0.5123985465835725,0.5161800980567932,3878,0.0,0.0
1966-12-21 00:00:00-05:00,0.5161804757030051,0.5199620299428737,0.5086174011230469,0.5086174011230469,3173,0.0,0.0
1966-12-22 00:00:00-05:00,0.5086172181051187,0.5086172181051187,0.5048356652259827,0.5048356652259827,1998,0.0,0.0
1966-12-23 00:00:00-05:00,0.5029451408347227,0.5029451408347227,0.5010543465614319,0.5010543465614319,1763,0.0,0.0
1966-12-27 00:00:00-05:00,0.5010541123468466,0.5048356652259827,0.5010541123468466,0.5048356652259827,1645,0.0,0.0
1966-12-28 00:00:00-05:00,0.5029451251029968,0.5029451251029968,0.5010543308888485,0.5029451251029968,1175,0.0,0.0
1966-12-29 00:00:00-05:00,0.5010539992572547,0.5010539992572547,0.49916324019432073,0.4991632401943207,1175,0.0,0.0
1966-12-30 00:00:00-05:00,0.49916358618792356,0.5029451408347227,0.4972728258144153,0.5010543465614319,4465,0.0,0.0
1967-01-03 00:00:00-05:00,0.5010539338547004,0.5029447265705883,0.495381623506546,0.495381623506546,5523,0.0,0.0
1967-01-04 00:00:00-05:00,0.4953819028706072,0.4972726966527832,0.49349114298820496,0.49349114298820496,1880,0.0,0.0
1967-01-05 00:00:00-05:00,0.49349086469041276,0.5010539338547004,0.49160010587427955,0.495381623506546,5523,0.0,0.0
1967-01-06 00:00:00-05:00,0.49916358618792356,0.504835901208231,0.49916358618792356,0.5010543465614319,2585,0.0,0.0
1967-01-09 00:00:00-05:00,0.5010539992572547,0.5010539992572547,0.4972724811313868,0.4991632401943207,5758,0.0,0.0
1967-01-10 00:00:00-05:00,0.49916348988237386,0.49916348988237386,0.4972727298736573,0.4972727298736572,2350,0.0,0.0
1967-01-11 00:00:00-05:00,0.4972724811313868,0.49916324019432073,0.4916001700428259,0.4991632401943207,3408,0.0,0.0
1967-01-12 00:00:00-05:00,0.49916348988237386,0.5029450437995832,0.4953819359651646,0.4972727298736572,4230,0.0,0.0
1967-01-13 00:00:00-05:00,0.4972728102601149,0.5029451251029968,0.4953820160459666,0.5029451251029968,2938,0.0,0.0
1967-01-16 00:00:00-05:00,0.502944905736298,0.5048356652259827,0.5010541123468466,0.5048356652259827,4230,0.0,0.0
1967-01-17 00:00:00-05:00,0.5048356652259827,0.5048356652259827,0.5010541123468466,0.5048356652259827,2938,0.0,0.0
1967-01-18 00:00:00-05:00,0.5067262897206263,0.5142893934640405,0.5067262897206263,0.5123986005783081,16450,0.0,0.0
1967-01-19 00:00:00-05:00,0.510508120059967,0.510508120059967,0.5086173600426367,0.510508120059967,7285,0.0,0.0
1967-01-20 00:00:00-05:00,0.510508120059967,0.5123988800772975,0.5086173600426367,0.510508120059967,4113,0.0,0.0
1967-01-23 00:00:00-05:00,0.5105077090208903,0.5161800184055557,0.5105077090208903,0.5142892599105835,6698,0.0,0.0
1967-01-24 00:00:00-05:00,0.5142892599105835,0.5142892599105835,0.5105077090208903,0.5142892599105835,6110,0.0,0.0
1967-01-25 00:00:00-05:00,0.5142896739944042,0.5161804340117345,0.510508120059967,0.510508120059967,6698,0.0,0.0
1967-01-26 00:00:00-05:00,0.510508120059967,0.5123988800772975,0.510508120059967,0.510508120059967,3878,0.0,0.0
1967-01-27 00:00:00-05:00,0.5105077090208903,0.5180707769005278,0.5105077090208903,0.5142892599105835,5053,0.0,0.0
1967-01-30 00:00:00-05:00,0.5142892599105835,0.5142892599105835,0.5142892599105835,0.5142892599105835,2938,0.0,0.0
1967-01-31 00:00:00-05:00,0.5142892599105835,0.5161800184055557,0.5142892599105835,0.5142892599105835,3173,0.0,0.0
1967-02-01 00:00:00-05:00,0.5142893934640405,0.5161801524500151,0.5105078415923333,0.5123986005783081,4818,0.0,0.0
1967-02-02 00:00:00-05:00,0.5142892599105835,0.5161800184055557,0.5142892599105835,0.5142892599105835,2820,0.0,0.0
1967-02-03 00:00:00-05:00,0.5142892599105835,0.5142892599105835,0.5123984675158625,0.5142892599105835,2468,0.0,0.0
1967-02-06 00:00:00-05:00,0.5142893934640405,0.5142893934640405,0.5123986005783081,0.5123986005783081,4700,0.0,0.0
1967-02-07 00:00:00-05:00,0.5123989214631365,0.5142897155329603,0.5086174011230469,0.5086174011230469,6463,0.0,0.0
1967-02-08 00:00:00-05:00,0.5086173600426367,0.5123988800772975,0.5086173600426367,0.510508120059967,4465,0.0,0.0
1967-02-09 00:00:00-05:00,0.510508120059967,0.5142896739944042,0.510508120059967,0.510508120059967,5875,0.0,0.0
1967-02-10 00:00:00-05:00,0.5105078415923333,0.5142893934640405,0.5105078415923333,0.5123986005783081,4700,0.0,0.0
1967-02-13 00:00:00-05:00,0.5123987370844881,0.5123987370844881,0.5048356652259827,0.5048356652259827,3055,0.0,0.0
1967-02-14 00:00:00-05:00,0.504835901208231,0.504835901208231,0.49916358618792356,0.5010543465614319,3408,0.0,0.0
1967-02-15 00:00:00-05:00,0.5010543348907373,0.5048358894494555,0.4897097051143646,0.4897097051143646,5053,0.0,0.0
1967-02-16 00:00:00-05:00,0.4916004159477314,0.4972727298736573,0.4916004159477314,0.4972727298736572,2350,0.0,0.0
1967-02-17 00:00:00-05:00,0.4972728142318009,0.4972728142318009,0.4878189786846782,0.4897097051143646,1293,0.0,0.0
1967-02-20 00:00:00-05:00,0.4840370868525957,0.4840370868525957,0.47647401690483093,0.47647401690483093,4818,0.0,0.0
1967-02-21 00:00:00-05:00,0.4764744400359841,0.4802559614181518,0.4726928847540281,0.48025596141815186,4113,0.0,0.0
1967-02-23 00:00:00-05:00,0.4802554647752367,0.48214625741079786,0.4783647060394287,0.4783647060394287,1645,0.0,0.0
1967-02-24 00:00:00-05:00,0.47836471170639117,0.4821462631225586,0.47836471170639117,0.4821462631225586,1528,0.0,0.0
1967-02-27 00:00:00-05:00,0.48214675600902396,0.4859282773911917,0.4802559614181518,0.48025596141815186,705,0.0,0.0
1967-02-28 00:00:00-05:00,0.4802558627576645,0.4802558627576645,0.47269278764724737,0.4726927876472473,1998,0.0,0.0
1967-03-01 00:00:00-05:00,0.4764741815713516,0.4878188073635102,0.4764741815713516,0.48781880736351013,4113,0.0,0.0
1967-03-02 00:00:00-05:00,0.48592832684516907,0.48592832684516907,0.48025601029484527,0.48592832684516907,3760,0.0,0.0
1967-03-03 00:00:00-05:00,0.48592832684516907,0.48592832684516907,0.47836524941133457,0.48592832684516907,3760,0.0,0.0
1967-03-06 00:00:00-05:00,0.48214675600902396,0.48214675600902396,0.47836520072706795,0.48025596141815186,6228,0.0,0.0
1967-03-07 00:00:00-05:00,0.4802554704645981,0.48403702188076553,0.4802554704645981,0.4821462631225586,1528,0.0,0.0
1967-03-08 00:00:00-05:00,0.4821463278405941,0.4821463278405941,0.47647401690483093,0.47647401690483093,3760,0.0,0.0
1967-03-09 00:00:00-05:00,0.4764745649847874,0.478365326171697,0.4708022475242615,0.4708022475242615,3525,0.0,0.0
1967-03-10 00:00:00-05:00,0.47458315466805956,0.4783647060394287,0.47458315466805956,0.4783647060394287,2115,0.0,0.0
1967-03-13 00:00:00-05:00,0.47836491056069885,0.4802556701048867,0.47458335757255554,0.47458335757255554,2820,0.0,0.0
1967-03-14 00:00:00-05:00,0.47458335757255554,0.4764741510165111,0.47458335757255554,0.47458335757255554,1175,0.0,0.0
1967-03-15 00:00:00-05:00,0.47269283881708835,0.47269283881708835,0.4651297628879547,0.4651297628879547,11515,0.0,0.0
1967-03-16 00:00:00-05:00,0.46512935523580057,0.47080166568622817,0.46512935523580057,0.4689108729362488,2820,0.0,0.0
1967-03-17 00:00:00-05:00,0.4689109130573079,0.47647401690483093,0.4689109130573079,0.47647401690483093,5875,0.0,0.0
1967-03-20 00:00:00-05:00,0.47647394730362075,0.4802554647752367,0.4726923959322516,0.4783647060394287,3173,0.0,0.0
1967-03-21 00:00:00-05:00,0.47836473498688,0.4802554938371041,0.4689108729362488,0.4689108729362488,5523,0.0,0.0
1967-03-22 00:00:00-05:00,0.4742656551513102,0.4742656551513102,0.47044095396995544,0.47044095396995544,3878,0.297872,0.0
1967-03-23 00:00:00-05:00,0.47044095396995544,0.4742656551513102,0.47044095396995544,0.47044095396995544,6110,0.0,0.0
1967-03-27 00:00:00-05:00,0.47044095396995544,0.4800027412102198,0.47044095396995544,0.47044095396995544,6110,0.0,0.0
1967-03-28 00:00:00-05:00,0.47044041498940675,0.4723527633891189,0.46852803230285645,0.46852803230285645,4583,0.0,0.0
1967-03-29 00:00:00-05:00,0.47044093441840035,0.4761780202388763,0.47044093441840035,0.47617802023887634,4818,0.0,0.0
1967-03-30 00:00:00-05:00,0.4761780202388763,0.47809037075007627,0.4723532849296003,0.47617802023887634,3760,0.0,0.0
1967-03-31 00:00:00-05:00,0.4761777947873486,0.4838272274973179,0.47426541089471147,0.4819148778915405,2585,0.0,0.0
1967-04-03 00:00:00-05:00,0.4819150964079426,0.4857397973537445,0.4780903611752654,0.4857397973537445,8695,0.0,0.0
1967-04-04 00:00:00-05:00,0.4838272274973179,0.4838272274973179,0.4761777947873486,0.4819148778915405,6110,0.0,0.0
1967-04-05 00:00:00-05:00,0.48191512116196267,0.4857398223042239,0.48191512116196267,0.48382747173309326,3055,0.0,0.0
1967-04-06 00:00:00-05:00,0.48382747173309326,0.4857398223042239,0.48191512116196267,0.48382747173309326,3995,0.0,0.0
1967-04-07 00:00:00-05:00,0.4838272274973179,0.4857395771030953,0.4800024939989034,0.4819148778915405,3995,0.0,0.0
1967-04-10 00:00:00-05:00,0.48000285029411316,0.48000285029411316,0.47617814824356897,0.48000285029411316,5640,0.0,0.0
1967-04-11 00:00:00-05:00,0.48000285029411316,0.4819152356062705,0.47809049926884106,0.48000285029411316,2820,0.0,0.0
1967-04-12 00:00:00-05:00,0.4800027363039549,0.4857398223042239,0.4780903857328243,0.48382747173309326,3643,0.0,0.0
1967-04-13 00:00:00-05:00,0.48382750647986794,0.491476943600623,0.48382750647986794,0.4876522421836853,12925,0.0,0.0
1967-04-14 00:00:00-05:00,0.4895645137623477,0.49721394964670107,0.4895645137623477,0.4933892488479614,5523,0.0,0.0
1967-04-17 00:00:00-05:00,0.49338910988311563,0.4953014254570008,0.48765202601400276,0.49530142545700073,8930,0.0,0.0
1967-04-18 00:00:00-05:00,0.49530167993887964,0.49530167993887964,0.4895646274089813,0.4895646274089813,4230,0.0,0.0
1967-04-19 00:00:00-05:00,0.49147686416171754,0.49530156496045724,0.49147686416171754,0.4933892488479614,4113,0.0,0.0
1967-04-20 00:00:00-05:00,0.4933896073262456,0.49530192482815916,0.48956486946172156,0.49147722125053406,3173,0.0,0.0
1967-04-21 00:00:00-05:00,0.4914772212505341,0.4914772212505341,0.48956486946172156,0.49147722125053406,3408,0.0,0.0
1967-04-24 00:00:00-05:00,0.4914766602072872,0.4914766602072872,0.4819148778915405,0.4819148778915405,6698,0.0,0.0
1967-04-25 00:00:00-05:00,0.4819148778915405,0.48765196099573244,0.4800024939989034,0.4819148778915405,6933,0.0,0.0
1967-04-26 00:00:00-05:00,0.48191512116196267,0.4857398223042239,0.4800027363039549,0.48382747173309326,6463,0.0,0.0
1967-04-27 00:00:00-05:00,0.48382758663154257,0.48382758663154257,0.47809049926884106,0.48000285029411316,5405,0.0,0.0
1967-04-28 00:00:00-05:00,0.4819148778915405,0.48765196099573244,0.4819148778915405,0.4819148778915405,2820,0.0,0.0
1967-05-01 00:00:00-04:00,0.48191512116196267,0.4876522071622316,0.48191512116196267,0.48382747173309326,7285,0.0,0.0
1967-05-02 00:00:00-04:00,0.48000272126127624,0.48000272126127624,0.4761780202388763,0.47617802023887634,5993,0.0,0.0
1967-05-03 00:00:00-04:00,0.4761780202388763,0.48000272126127624,0.4761780202388763,0.47617802023887634,5288,0.0,0.0
1967-05-04 00:00:00-04:00,0.4761780202388763,0.48000272126127624,0.4761780202388763,0.47617802023887634,6463,0.0,0.0
1967-05-05 00:00:00-04:00,0.4761781735465719,0.48000287580035184,0.4761781735465719,0.4780905246734619,5640,0.0,0.0
1967-05-08 00:00:00-04:00,0.47809049926884106,0.48000285029411316,0.47809049926884106,0.48000285029411316,2115,0.0,0.0
1967-05-09 00:00:00-04:00,0.48000287580035184,0.48000287580035184,0.4761781735465719,0.4780905246734619,4818,0.0,0.0
1967-05-10 00:00:00-04:00,0.47809052467346186,0.48000287580035184,0.4761781735465719,0.4780905246734619,7403,0.0,0.0
1967-05-11 00:00:00-04:00,0.47809052467346186,0.47809052467346186,0.47426578813279485,0.4780905246734619,1880,0.0,0.0
1967-05-12 00:00:00-04:00,0.47809052467346186,0.47809052467346186,0.47426578813279485,0.4780905246734619,4113,0.0,0.0
1967-05-15 00:00:00-04:00,0.47617804002886505,0.47617804002886505,0.47044095396995544,0.47044095396995544,7990,0.0,0.0
1967-05-16 00:00:00-04:00,0.4704408157466959,0.4761779001199556,0.4704408157466959,0.47426551580429077,3173,0.0,0.0
1967-05-17 00:00:00-04:00,0.4742654505423182,0.47617783459482677,0.4723531007766724,0.47235310077667236,3290,0.0,0.0
1967-05-18 00:00:00-04:00,0.4723531007766724,0.4742654505423182,0.46852836695851807,0.47235310077667236,4113,0.0,0.0
1967-05-19 00:00:00-04:00,0.4723531007766724,0.4742654505423182,0.46852836695851807,0.47235310077667236,2468,0.0,0.0
1967-05-22 00:00:00-04:00,0.47235284678573924,0.47235284678573924,0.4666157662868499,0.46661576628685,5170,0.0,0.0
1967-05-23 00:00:00-04:00,0.4666157662868499,0.4685281150241983,0.462791034525309,0.46661576628685,3055,0.0,0.0
1967-05-24 00:00:00-04:00,0.4666162080560276,0.4666162080560276,0.4627914726734161,0.46279147267341614,5170,0.0,0.0
1967-05-25 00:00:00-04:00,0.46279131258858414,0.4685283965345398,0.45896661281585693,0.45896661281585693,11985,0.0,0.0
1967-05-26 00:00:00-04:00,0.4608791221255487,0.4647038575081602,0.4608791221255487,0.46279147267341614,3525,0.0,0.0
1967-05-29 00:00:00-04:00,0.4627914726734161,0.4647038575081602,0.4589667715776813,0.46279147267341614,3290,0.0,0.0
1967-05-31 00:00:00-04:00,0.46087896270222056,0.46087896270222056,0.45896661281585693,0.45896661281585693,3408,0.0,0.0
1967-06-01 00:00:00-04:00,0.4589668854374517,0.46087923645973206,0.4570545001282861,0.46087923645973206,3173,0.0,0.0
1967-06-02 00:00:00-04:00,0.46087923645973206,0.46279158748201243,0.4589668854374517,0.46087923645973206,3408,0.0,0.0
1967-06-05 00:00:00-04:00,0.46087896270222056,0.46087896270222056,0.45514187875626494,0.45896661281585693,4113,0.0,0.0
1967-06-06 00:00:00-04:00,0.45896661281585693,0.46087896270222056,0.4570542286426285,0.45896661281585693,4113,0.0,0.0
1967-06-07 00:00:00-04:00,0.4589668854374517,0.46087923645973206,0.4551421491060057,0.46087923645973206,3290,0.0,0.0
1967-06-08 00:00:00-04:00,0.460879021744779,0.460879021744779,0.4551419370638536,0.4570542871952057,4700,0.0,0.0
1967-06-09 00:00:00-04:00,0.4570544267917397,0.4570544267917397,0.45131734035855603,0.45322972536087036,6933,0.0,0.0
1967-06-12 00:00:00-04:00,0.4532297253608704,0.4570544267917397,0.45131734035855603,0.45322972536087036,10928,0.0,0.0
1967-06-13 00:00:00-04:00,0.4532297253608704,0.4570544267917397,0.45131734035855603,0.45322972536087036,22795,0.0,0.0
1967-06-14 00:00:00-04:00,0.4532297253608704,0.4551420760763051,0.44940498964312137,0.45322972536087036,8695,0.0,0.0
1967-06-15 00:00:00-04:00,0.45322986652126346,0.45322986652126346,0.4455803927033039,0.447492778301239,9635,0.0,0.0
1967-06-16 00:00:00-04:00,0.4474926933691563,0.4494050443172455,0.44558030813418326,0.4494050443172455,15510,0.0,0.0
1967-06-19 00:00:00-04:00,0.45288885896131537,0.45288885896131537,0.4490180015563965,0.4490180015563965,5758,0.297872,0.0
1967-06-20 00:00:00-04:00,0.4490180015563965,0.4490180015563965,0.44514714415147755,0.4490180015563965,13278,0.0,0.0
1967-06-21 00:00:00-04:00,0.4490180015563965,0.4509534129086869,0.447082590204106,0.4490180015563965,12220,0.0,0.0
1967-06-22 00:00:00-04:00,0.449017810852255,0.449017810852255,0.4451469550913426,0.44708240032196045,8460,0.0,0.0
1967-06-23 00:00:00-04:00,0.44708254123196894,0.46063048861467487,0.4451470953913437,0.45675963163375854,16568,0.0,0.0
1967-06-26 00:00:00-04:00,0.456759459929592,0.4606303154553835,0.4548240495168568,0.4586949050426483,9988,0.0,0.0
1967-06-27 00:00:00-04:00,0.4586951996046527,0.4586951996046527,0.450953483581543,0.45095348358154297,9870,0.0,0.0
1967-06-28 00:00:00-04:00,0.4509532636822882,0.4548241198062897,0.4509532636822882,0.4548241198062897,3878,0.0,0.0
1967-06-29 00:00:00-04:00,0.4548241198062897,0.4606303866421285,0.4548241198062897,0.4548241198062897,3995,0.0,0.0
1967-06-30 00:00:00-04:00,0.45482391423995105,0.46063017845153814,0.45482391423995105,0.4606301784515381,5170,0.0,0.0
1967-07-03 00:00:00-04:00,0.4606303403750771,0.4683720171451569,0.4606303403750771,0.46837201714515686,4583,0.0,0.0
1967-07-05 00:00:00-04:00,0.46837187293795396,0.47030731755981137,0.4625656084730065,0.4645010530948639,2468,0.0,0.0
1967-07-06 00:00:00-04:00,0.46450133264991605,0.4722430116956536,0.46450133264991605,0.4664367437362671,6345,0.0,0.0
1967-07-07 00:00:00-04:00,0.46643674373626715,0.4703076006093025,0.46643674373626715,0.4664367437362671,3408,0.0,0.0
1967-07-10 00:00:00-04:00,0.4683720171451569,0.4703074623629191,0.4683720171451569,0.46837201714515686,2938,0.0,0.0
1967-07-11 00:00:00-04:00,0.4683721548226182,0.4703076006093025,0.46643674373626715,0.4664367437362671,4583,0.0,0.0
1967-07-12 00:00:00-04:00,0.4664366066277177,0.4703074623629191,0.4664366066277177,0.46837201714515686,4935,0.0,0.0
1967-07-13 00:00:00-04:00,0.46837187293795396,0.46837187293795396,0.4645010530948639,0.4645010530948639,3643,0.0,0.0
1967-07-14 00:00:00-04:00,0.4645010530948639,0.4664364630164089,0.4645010530948639,0.4645010530948639,4935,0.0,0.0
1967-07-17 00:00:00-04:00,0.4645011950971927,0.4645011950971927,0.4606303393704337,0.46256574988365173,6580,0.0,0.0
1967-07-18 00:00:00-04:00,0.4625655882886302,0.4645010328260331,0.458694768614446,0.4606301784515381,9165,0.0,0.0
1967-07-19 00:00:00-04:00,0.4606303154553835,0.4625657258681187,0.4586949050426483,0.4586949050426483,4230,0.0,0.0
1967-07-20 00:00:00-04:00,0.458694768614446,0.4625655882886302,0.4567593240770431,0.4606301784515381,7050,0.0,0.0
1967-07-21 00:00:00-04:00,0.46063047577688065,0.46643674373626715,0.4586950646905296,0.4664367437362671,7168,0.0,0.0
1967-07-24 00:00:00-04:00,0.4664364426631252,0.4664364426631252,0.458694768614446,0.4606301784515381,4700,0.0,0.0
1967-07-25 00:00:00-04:00,0.46063048861467487,0.4645013455955912,0.4567596316337585,0.45675963163375854,7873,0.0,0.0
1967-07-26 00:00:00-04:00,0.456759459929592,0.4625657258681187,0.4548240495168568,0.4586949050426483,3408,0.0,0.0
1967-07-27 00:00:00-04:00,0.45869507747438376,0.46063048861467487,0.45482422049346743,0.45675963163375854,5288,0.0,0.0
1967-07-28 00:00:00-04:00,0.4567593240770431,0.4625655882886302,0.4567593240770431,0.4606301784515381,3525,0.0,0.0
1967-07-31 00:00:00-04:00,0.46063017845153814,0.4625655882886302,0.4567593240770431,0.4606301784515381,5758,0.0,0.0
1967-08-01 00:00:00-04:00,0.4606303154553835,0.46643658139391025,0.4586949050426483,0.4586949050426483,7638,0.0,0.0
1967-08-02 00:00:00-04:00,0.4606301985514614,0.4664364630164089,0.4606301985514614,0.4645010530948639,5523,0.0,0.0
1967-08-03 00:00:00-04:00,0.46450133264991605,0.46643674373626715,0.46256588686323175,0.4664367437362671,5170,0.0,0.0
1967-08-04 00:00:00-04:00,0.4664364426631252,0.4664364426631252,0.46063017845153814,0.4606301784515381,2585,0.0,0.0
1967-08-07 00:00:00-04:00,0.4606303393704337,0.4645011950971927,0.4586949288572157,0.46256574988365173,4230,0.0,0.0
1967-08-08 00:00:00-04:00,0.4625655882886302,0.4625655882886302,0.4567593240770431,0.4606301784515381,6110,0.0,0.0
1967-08-09 00:00:00-04:00,0.46063048861467487,0.46063048861467487,0.4567596316337585,0.45675963163375854,3643,0.0,0.0
1967-08-10 00:00:00-04:00,0.4567596316337585,0.45869507747438376,0.45482422049346743,0.45675963163375854,4230,0.0,0.0
1967-08-11 00:00:00-04:00,0.456759459929592,0.4586949050426483,0.4528886391041216,0.4586949050426483,4230,0.0,0.0
1967-08-14 00:00:00-04:00,0.45869497593029107,0.4606303866421285,0.4509532636822882,0.4548241198062897,4113,0.0,0.0
1967-08-15 00:00:00-04:00,0.45482422049346743,0.4567596316337585,0.4509533635125511,0.45675963163375854,3173,0.0,0.0
1967-08-16 00:00:00-04:00,0.45482434159309787,0.45482434159309787,0.450953483581543,0.45095348358154297,4818,0.0,0.0
1967-08-17 00:00:00-04:00,0.450953483581543,0.45482434159309787,0.450953483581543,0.45095348358154297,1528,0.0,0.0
1967-08-18 00:00:00-04:00,0.4509532213825495,0.4509532213825495,0.4432115445610481,0.44708240032196045,37600,0.0,0.0
1967-08-21 00:00:00-04:00,0.44708257289074865,0.4509533954454312,0.44514712691307073,0.4451471269130707,9400,0.0,0.0
1967-08-22 00:00:00-04:00,0.4451469550913426,0.44708240032196045,0.4432115445610481,0.44708240032196045,7403,0.0,0.0
1967-08-23 00:00:00-04:00,0.44708259171287323,0.44708259171287323,0.4412763229360695,0.44321173429489136,16333,0.0,0.0
1967-08-24 00:00:00-04:00,0.4432117156357294,0.44514712691307073,0.4432117156357294,0.4451471269130707,5758,0.0,0.0
1967-08-25 00:00:00-04:00,0.44514712691307073,0.44514712691307073,0.44127630435838816,0.4451471269130707,6463,0.0,0.0
1967-08-28 00:00:00-04:00,0.44514712691307073,0.44514712691307073,0.4432117156357294,0.4451471269130707,4700,0.0,0.0
1967-08-29 00:00:00-04:00,0.44514712691307073,0.44514712691307073,0.4432117156357294,0.4451471269130707,3760,0.0,0.0
1967-08-30 00:00:00-04:00,0.44514712691307073,0.44708257289074865,0.4432117156357294,0.4451471269130707,6463,0.0,0.0
1967-08-31 00:00:00-04:00,0.44514712691307073,0.4490179841680899,0.4432117156357294,0.4451471269130707,5993,0.0,0.0
1967-09-01 00:00:00-04:00,0.44514714415147755,0.4490180015563965,0.44321173279918713,0.4490180015563965,3408,0.0,0.0
1967-09-05 00:00:00-04:00,0.4490180015563965,0.4490180015563965,0.44514714415147755,0.4490180015563965,3878,0.0,0.0
1967-09-06 00:00:00-04:00,0.44901790045706264,0.45288875699043274,0.4470824895405427,0.45288875699043274,3173,0.0,0.0
1967-09-07 00:00:00-04:00,0.45288866661316735,0.45288866661316735,0.44708240032196045,0.44708240032196045,3643,0.0,0.0
1967-09-08 00:00:00-04:00,0.44708259171287323,0.44901800307169515,0.4432117342948914,0.44321173429489136,15393,0.0,0.0
1967-09-11 00:00:00-04:00,0.4432117156357294,0.44708257289074865,0.4432117156357294,0.4451471269130707,6463,0.0,0.0
1967-09-12 00:00:00-04:00,0.4451469550913426,0.44708240032196045,0.4451469550913426,0.44708240032196045,5288,0.0,0.0
1967-09-13 00:00:00-04:00,0.44708240032196045,0.44708240032196045,0.4451469550913426,0.44708240032196045,10928,0.0,0.0
1967-09-14 00:00:00-04:00,0.447082590204106,0.45288885896131537,0.447082590204106,0.4490180015563965,7285,0.0,0.0
1967-09-15 00:00:00-04:00,0.449017810852255,0.449017810852255,0.4451469550913426,0.44708240032196045,4583,0.0,0.0
1967-09-18 00:00:00-04:00,0.44708240032196045,0.449017810852255,0.44708240032196045,0.44708240032196045,5170,0.0,0.0
1967-09-19 00:00:00-04:00,0.44708240032196045,0.449017810852255,0.44708240032196045,0.44708240032196045,3995,0.0,0.0
1967-09-20 00:00:00-04:00,0.4490180015563965,0.45288885896131537,0.4490180015563965,0.4490180015563965,3760,0.0,0.0
1967-09-21 00:00:00-04:00,0.4490180719259373,0.450953483581543,0.4470826602703316,0.45095348358154297,5288,0.0,0.0
1967-09-22 00:00:00-04:00,0.4509533113735826,0.4567595788234726,0.4470824895405427,0.45288875699043274,7638,0.0,0.0
1967-09-25 00:00:00-04:00,0.45445556564941453,0.45445556564941453,0.44857898354530334,0.44857898354530334,5875,0.297872,0.0
1967-09-26 00:00:00-04:00,0.44857898354530334,0.4505378325398218,0.4466201345507848,0.44857898354530334,4348,0.0,0.0
1967-09-27 00:00:00-04:00,0.4485791596416424,0.45249689428919937,0.4485791596416424,0.4505380094051361,6698,0.0,0.0
1967-09-28 00:00:00-04:00,0.4505378325398218,0.45249671665489605,0.4466201345507848,0.44857898354530334,4348,0.0,0.0
1967-09-29 00:00:00-04:00,0.4485791596416424,0.45249689428919937,0.44662030987814866,0.4505380094051361,4465,0.0,0.0
1967-10-02 00:00:00-04:00,0.4485790854513785,0.4485790854513785,0.44270250201225286,0.4427025020122528,11045,0.0,0.0
1967-10-03 00:00:00-04:00,0.44270250201225286,0.4485790854513785,0.4407436525727322,0.4427025020122528,9635,0.0,0.0
1967-10-04 00:00:00-04:00,0.44270250201225286,0.4446613514517735,0.4387847680126479,0.4427025020122528,29140,0.0,0.0
1967-10-05 00:00:00-04:00,0.44270250201225286,0.4446613514517735,0.4387847680126479,0.4427025020122528,6463,0.0,0.0
1967-10-06 00:00:00-04:00,0.4407440219477734,0.4407440219477734,0.4368262846648241,0.4387851357460022,17273,0.0,0.0
1967-10-09 00:00:00-04:00,0.4387847206958766,0.44074360504472276,0.43682587146759033,0.43682587146759033,12925,0.0,0.0
1967-10-10 00:00:00-04:00,0.43682603909512063,0.44270262415561884,0.43682603909512063,0.4407437741756439,6698,0.0,0.0
1967-10-11 00:00:00-04:00,0.4407436525727322,0.4446613514517735,0.4387847680126479,0.4427025020122528,9048,0.0,0.0
1967-10-12 00:00:00-04:00,0.44074360504472276,0.44074360504472276,0.43682587146759033,0.43682587146759033,9518,0.0,0.0
1967-10-13 00:00:00-04:00,0.4368262846648241,0.4387851357460022,0.4368262846648241,0.4387851357460022,9518,0.0,0.0
1967-10-16 00:00:00-04:00,0.4387844221898231,0.4387844221898231,0.434866726398468,0.434866726398468,10223,0.0,0.0
1967-10-17 00:00:00-04:00,0.434866726398468,0.43682557429414554,0.4329078433822545,0.434866726398468,7285,0.0,0.0
1967-10-18 00:00:00-04:00,0.434866726398468,0.43682557429414554,0.4329078433822545,0.434866726398468,9165,0.0,0.0
1967-10-19 00:00:00-04:00,0.434866726398468,0.43682557429414554,0.4329078433822545,0.434866726398468,7403,0.0,0.0
1967-10-20 00:00:00-04:00,0.4348671217776608,0.4368259714543155,0.43290823698043823,0.43290823698043823,3643,0.0,0.0
1967-10-23 00:00:00-04:00,0.4329081378904579,0.43682587146759033,0.4329081378904579,0.43682587146759033,13513,0.0,0.0
1967-10-24 00:00:00-04:00,0.4368259714543155,0.4368259714543155,0.43290823698043823,0.43290823698043823,4583,0.0,0.0
1967-10-25 00:00:00-04:00,0.43290823698043823,0.43290823698043823,0.4309493873037835,0.43290823698043823,5405,0.0,0.0
1967-10-26 00:00:00-04:00,0.4329081498097922,0.43486703421257267,0.4309493005275726,0.43094930052757263,8813,0.0,0.0
1967-10-27 00:00:00-04:00,0.4309492428972947,0.4309492428972947,0.42703150973620796,0.4289903938770294,5875,0.0,0.0
1967-10-30 00:00:00-05:00,0.4289903938770294,0.4309492428972947,0.42703150973620796,0.4289903938770294,6463,0.0,0.0
1967-10-31 00:00:00-05:00,0.4289903938770294,0.4309492428972947,0.42703150973620796,0.4289903938770294,7050,0.0,0.0
1967-11-01 00:00:00-05:00,0.428990451245353,0.4309493005275726,0.42703156684257254,0.43094930052757263,4465,0.0,0.0
1967-11-02 00:00:00-05:00,0.4309493005275726,0.4329081498097922,0.42703156684257254,0.43094930052757263,7638,0.0,0.0
1967-11-03 00:00:00-05:00,0.4309493005275726,0.4309493005275726,0.428990451245353,0.43094930052757263,3055,0.0,0.0
1967-11-06 00:00:00-05:00,0.4309492428972947,0.4309492428972947,0.4289903938770294,0.4289903938770294,4348,0.0,0.0
1967-11-08 00:00:00-05:00,0.4289905836914014,0.4289905836914014,0.4231139989098519,0.4250728487968445,20445,0.0,0.0
1967-11-09 00:00:00-05:00,0.4250727117318562,0.4250727117318562,0.41919612884521484,0.41919612884521484,11750,0.0,0.0
1967-11-10 00:00:00-05:00,0.41919633429198355,0.4231140698433341,0.41331978364582406,0.42115518450737,27730,0.0,0.0
1967-11-13 00:00:00-05:00,0.4211551608237119,0.4211551608237119,0.41527857538744456,0.41723746061325073,14688,0.0,0.0
1967-11-14 00:00:00-05:00,0.4172374606132508,0.41919631071848135,0.41331976040278967,0.41723746061325073,12808,0.0,0.0
1967-11-15 00:00:00-05:00,0.4172372795898545,0.4211549781005752,0.4152783952139338,0.41919612884521484,4818,0.0,0.0
1967-11-16 00:00:00-05:00,0.41919612884521484,0.41919612884521484,0.4152783952139338,0.41919612884521484,5523,0.0,0.0
1967-11-17 00:00:00-05:00,0.4191961988411915,0.4191961988411915,0.4133196500938642,0.41527846455574036,12455,0.0,0.0
1967-11-20 00:00:00-05:00,0.41331941563719055,0.41331941563719055,0.4094016835740846,0.4113605320453644,17273,0.0,0.0
1967-11-21 00:00:00-05:00,0.4113608029818134,0.41331968786382883,0.4094019532203674,0.40940195322036743,11398,0.0,0.0
1967-11-22 00:00:00-05:00,0.4094019532203674,0.4113608029818134,0.4094019532203674,0.40940195322036743,10223,0.0,0.0
1967-11-24 00:00:00-05:00,0.40940220825143026,0.4133199453353882,0.40940220825143026,0.4133199453353882,8343,0.0,0.0
1967-11-27 00:00:00-05:00,0.4133196500938642,0.41723734925874906,0.4113607653908554,0.41527846455574036,8930,0.0,0.0
1967-11-28 00:00:00-05:00,0.4172372795898545,0.4211549781005752,0.4172372795898545,0.41919612884521484,12338,0.0,0.0
1967-11-29 00:00:00-05:00,0.41919633429198355,0.42115518450737,0.41723748407659705,0.42115518450737,8460,0.0,0.0
1967-11-30 00:00:00-05:00,0.4211551608237119,0.4211551608237119,0.41331976040278967,0.41723746061325073,10340,0.0,0.0
1967-12-01 00:00:00-05:00,0.4172376472987548,0.4172376472987548,0.4133199453353882,0.4133199453353882,9165,0.0,0.0
1967-12-04 00:00:00-05:00,0.41331976040278967,0.41919631071848135,0.4113608751769835,0.41723746061325073,25028,0.0,0.0
1967-12-05 00:00:00-05:00,0.41723734925874906,0.4191961988411915,0.41527846455574036,0.41527846455574036,8695,0.0,0.0
1967-12-06 00:00:00-05:00,0.41527876119648016,0.4172376472987548,0.41136105923311356,0.4133199453353882,13983,0.0,0.0
1967-12-07 00:00:00-05:00,0.4133196500938642,0.4191961988411915,0.4133196500938642,0.41527846455574036,6580,0.0,0.0
1967-12-08 00:00:00-05:00,0.4172374606132508,0.41919631071848135,0.4172374606132508,0.41723746061325073,7168,0.0,0.0
1967-12-11 00:00:00-05:00,0.41723748407659705,0.4231140698433341,0.415278598740633,0.42115518450737,9283,0.0,0.0
1967-12-12 00:00:00-05:00,0.4211549781005752,0.4211549781005752,0.4172372795898545,0.41919612884521484,7520,0.0,0.0
1967-12-13 00:00:00-05:00,0.41919631071848135,0.4211551608237119,0.4172374606132508,0.41723746061325073,6580,0.0,0.0
1967-12-14 00:00:00-05:00,0.41723734925874906,0.4191961988411915,0.41527846455574036,0.41527846455574036,7168,0.0,0.0
1967-12-15 00:00:00-05:00,0.41527857538744456,0.41919631071848135,0.41527857538744456,0.41723746061325073,8460,0.0,0.0
1967-12-18 00:00:00-05:00,0.4208105648344088,0.4208105648344088,0.4148557320927561,0.4188256561756134,9518,0.297872,0.0
1967-12-19 00:00:00-05:00,0.4188255118004179,0.4188255118004179,0.4128706455230713,0.4128706455230713,9988,0.0,0.0
1967-12-20 00:00:00-05:00,0.4148557320927561,0.4188256561756134,0.4148557320927561,0.4188256561756134,13513,0.0,0.0
1967-12-21 00:00:00-05:00,0.4188252031467023,0.4188252031467023,0.4148552833579716,0.41684022545814514,9870,0.0,0.0
1967-12-22 00:00:00-05:00,0.41684053264902904,0.4188255118004179,0.4128706455230713,0.4128706455230713,14218,0.0,0.0
1967-12-26 00:00:00-05:00,0.4128706455230713,0.41684053264902904,0.4128706455230713,0.4128706455230713,10340,0.0,0.0
1967-12-27 00:00:00-05:00,0.4148552833579716,0.4188252031467023,0.4148552833579716,0.41684022545814514,10105,0.0,0.0
1967-12-28 00:00:00-05:00,0.41684053264902904,0.41684053264902904,0.4128706455230713,0.4128706455230713,30785,0.0,0.0
1967-12-29 00:00:00-05:00,0.4128703412577981,0.4188252031467023,0.4128703412577981,0.41684022545814514,17038,0.0,0.0
1968-01-02 00:00:00-05:00,0.41684048496551274,0.42081037163734436,0.41684048496551274,0.42081037163734436,10810,0.0,0.0
1968-01-03 00:00:00-05:00,0.4208103277494428,0.4267651927245407,0.4208103277494428,0.4247802495956421,6815,0.0,0.0
1968-01-04 00:00:00-05:00,0.42676517064751374,0.43272003531456,0.42676517064751374,0.43272003531455994,10575,0.0,0.0
1968-01-05 00:00:00-05:00,0.43272005997532165,0.45256963372230535,0.43073511683598426,0.4525696337223053,26203,0.0,0.0
1968-01-08 00:00:00-05:00,0.4545545253078633,0.4664642539699382,0.4545545253078633,0.46050938963890076,15275,0.0,0.0
1968-01-09 00:00:00-05:00,0.4605093896389007,0.4605093896389007,0.4585244467246877,0.46050938963890076,7520,0.0,0.0
1968-01-10 00:00:00-05:00,0.46050939516195283,0.46050939516195283,0.44859966635704035,0.4485996663570404,13043,0.0,0.0
1968-01-11 00:00:00-05:00,0.44859966635704035,0.4545545307594966,0.4466147234190212,0.4485996663570404,17390,0.0,0.0
1968-01-12 00:00:00-05:00,0.44859967725112765,0.45058462023735046,0.4446297556902824,0.45058462023735046,6580,0.0,0.0
1968-01-15 00:00:00-05:00,0.4505846583899652,0.4505846583899652,0.44065990703008734,0.4466147720813751,10693,0.0,0.0
1968-01-16 00:00:00-05:00,0.44661476711938675,0.44859971025162865,0.43867492341361475,0.4446297883987427,11163,0.0,0.0
1968-01-17 00:00:00-05:00,0.4446297933386774,0.44661477208137507,0.44065990703008734,0.4466147720813751,5405,0.0,0.0
1968-01-18 00:00:00-05:00,0.44661477208137507,0.44859971523567016,0.44065990703008734,0.4466147720813751,5640,0.0,0.0
1968-01-19 00:00:00-05:00,0.44661476711938675,0.44859971025162865,0.4446297883987426,0.4446297883987427,4700,0.0,0.0
1968-01-22 00:00:00-05:00,0.44462959879516384,0.44462959879516384,0.4366897940635681,0.4366897940635681,7990,0.0,0.0
1968-01-23 00:00:00-05:00,0.4366897940635681,0.44264465650936163,0.4366897940635681,0.4366897940635681,6698,0.0,0.0
1968-01-24 00:00:00-05:00,0.4366899459512395,0.44264481046822907,0.4307350814342499,0.4307350814342499,5170,0.0,0.0
1968-01-25 00:00:00-05:00,0.43073504289344483,0.43470496407902176,0.41882535051350656,0.42279523611068726,57575,0.0,0.0
1968-01-26 00:00:00-05:00,0.42478034928817043,0.4267652928829193,0.42478034928817043,0.4267652928829193,7050,0.0,0.0
1968-01-29 00:00:00-05:00,0.4267651927245407,0.4267651927245407,0.4227953064667435,0.4247802495956421,9870,0.0,0.0
1968-01-30 00:00:00-05:00,0.42279554467004854,0.42279554467004854,0.41287078784553854,0.4188256561756134,47235,0.0,0.0
1968-01-31 00:00:00-05:00,0.4188255823915058,0.4188255823915058,0.4108857356245465,0.4148556590080261,27025,0.0,0.0
1968-02-01 00:00:00-05:00,0.4148556590080262,0.4148556590080262,0.4128707151104943,0.4148556590080261,14453,0.0,0.0
1968-02-02 00:00:00-05:00,0.4148555890860502,0.4148555890860502,0.4108856663716825,0.4128706455230713,25263,0.0,0.0
1968-02-05 00:00:00-05:00,0.4128707151104943,0.416840602905558,0.4108857356245465,0.4148556590080261,33840,0.0,0.0
1968-02-06 00:00:00-05:00,0.4148556590080262,0.42081049070062176,0.4108857356245465,0.4148556590080261,108453,0.0,0.0
1968-02-07 00:00:00-05:00,0.4148555890860502,0.41684053264902904,0.4108856663716825,0.4128706455230713,25028,0.0,0.0
1968-02-08 00:00:00-05:00,0.4128706455230713,0.4148555890860502,0.4128706455230713,0.4128706455230713,10928,0.0,0.0
1968-02-09 00:00:00-05:00,0.4128703412577981,0.4168402254581451,0.4128703412577981,0.41684022545814514,29375,0.0,0.0
1968-02-13 00:00:00-05:00,0.416840602905558,0.42081049070062176,0.4148556590080262,0.4148556590080261,8695,0.0,0.0
1968-02-14 00:00:00-05:00,0.4148557320927561,0.4188256561756134,0.4148557320927561,0.4188256561756134,6345,0.0,0.0
1968-02-15 00:00:00-05:00,0.4188256561756134,0.4188256561756134,0.4148557320927561,0.4188256561756134,8578,0.0,0.0
1968-02-16 00:00:00-05:00,0.4188256561756134,0.4188256561756134,0.41287078784553854,0.4188256561756134,8695,0.0,0.0
1968-02-19 00:00:00-05:00,0.4188255185039238,0.4267652928829193,0.4049308065754503,0.4267652928829193,9048,0.0,0.0
1968-02-20 00:00:00-05:00,0.4267652928829193,0.4267652928829193,0.42279540569342156,0.4267652928829193,4935,0.0,0.0
1968-02-21 00:00:00-05:00,0.4267652928829193,0.4307352156608275,0.42478034928817043,0.4267652928829193,6580,0.0,0.0
1968-02-23 00:00:00-05:00,0.42676512170786796,0.43073504289344483,0.4148554293279296,0.42279523611068726,35133,0.0,0.0
1968-02-26 00:00:00-05:00,0.42279540569342156,0.4267652928829193,0.4208104265102622,0.4267652928829193,7873,0.0,0.0
1968-02-27 00:00:00-05:00,0.4267652928829193,0.4267652928829193,0.4188255185039238,0.4267652928829193,9400,0.0,0.0
1968-02-28 00:00:00-05:00,0.4247802938975818,0.4247802938975818,0.42081037163734436,0.42081037163734436,7168,0.0,0.0
1968-02-29 00:00:00-05:00,0.42081037163734436,0.4247802938975818,0.41684048496551274,0.42081037163734436,7168,0.0,0.0
1968-03-01 00:00:00-05:00,0.4208105648344088,0.42279554467004854,0.4188256561756134,0.4188256561756134,4230,0.0,0.0
1968-03-04 00:00:00-05:00,0.4188254638898344,0.422795350561666,0.4188254638898344,0.42081037163734436,4700,0.0,0.0
1968-03-05 00:00:00-05:00,0.4188252031467023,0.4188252031467023,0.4128703412577981,0.41684022545814514,16215,0.0,0.0
1968-03-06 00:00:00-05:00,0.4168402254581451,0.4188252031467023,0.4148552833579716,0.41684022545814514,7050,0.0,0.0
1968-03-07 00:00:00-05:00,0.4168406763399737,0.4188256561756134,0.41287078784553854,0.4188256561756134,13630,0.0,0.0
1968-03-08 00:00:00-05:00,0.4188252031467023,0.4188252031467023,0.4128703412577981,0.41684022545814514,4465,0.0,0.0
1968-03-11 00:00:00-05:00,0.4168402254581451,0.4188252031467023,0.4148552833579716,0.41684022545814514,14805,0.0,0.0
1968-03-12 00:00:00-05:00,0.4168402254581451,0.4168402254581451,0.4128703412577981,0.41684022545814514,17390,0.0,0.0
1968-03-13 00:00:00-05:00,0.41684053264902904,0.41684053264902904,0.4128706455230713,0.4128706455230713,5053,0.0,0.0
1968-03-14 00:00:00-05:00,0.4128706455230713,0.4148555890860502,0.40890072280870365,0.4128706455230713,12925,0.0,0.0
1968-03-15 00:00:00-05:00,0.4128706455230713,0.4148555890860502,0.40890072280870365,0.4128706455230713,5523,0.0,0.0
1968-03-18 00:00:00-05:00,0.4128706455230713,0.4148555890860502,0.4108856663716825,0.4128706455230713,5405,0.0,0.0
1968-03-19 00:00:00-05:00,0.4128707151104943,0.416840602905558,0.4128707151104943,0.4148556590080261,3878,0.0,0.0
1968-03-20 00:00:00-05:00,0.41847706905368526,0.41847706905368526,0.4124413408822297,0.4144532382488251,4465,0.297872,0.0
1968-03-21 00:00:00-05:00,0.414453375286925,0.41847720742225647,0.414453375286925,0.41847720742225647,5053,0.0,0.0
1968-03-22 00:00:00-05:00,0.41847706905368526,0.41847706905368526,0.4124413408822297,0.4144532382488251,21738,0.0,0.0
1968-03-25 00:00:00-05:00,0.4144530308124482,0.4144530308124482,0.40841730566191153,0.4124411344528198,6698,0.0,0.0
1968-03-26 00:00:00-05:00,0.4124414114742708,0.41445330918521556,0.41042947769165034,0.4104294776916504,4230,0.0,0.0
1968-03-27 00:00:00-05:00,0.41042940744396494,0.4144532382488251,0.41042940744396494,0.4144532382488251,6463,0.0,0.0
1968-03-28 00:00:00-05:00,0.41445330918521556,0.41646520689616034,0.41042947769165034,0.4104294776916504,6815,0.0,0.0
1968-03-29 00:00:00-05:00,0.41042940744396494,0.4144532382488251,0.41042940744396494,0.4144532382488251,4818,0.0,0.0
1968-04-01 00:00:00-05:00,0.4144533547059453,0.41646525263786316,0.4124414567740274,0.41646525263786316,12103,0.0,0.0
1968-04-02 00:00:00-05:00,0.41646525263786316,0.41646525263786316,0.4124414567740274,0.41646525263786316,8930,0.0,0.0
1968-04-03 00:00:00-05:00,0.4164649739303368,0.42250069975852966,0.4164649739303368,0.42250069975852966,9518,0.0,0.0
1968-04-04 00:00:00-05:00,0.42250100348590647,0.42250100348590647,0.41646527331875,0.41847720742225647,5993,0.0,0.0
1968-04-05 00:00:00-05:00,0.41847706905368526,0.42048896642028055,0.4144532382488251,0.4144532382488251,8225,0.0,0.0
1968-04-08 00:00:00-05:00,0.4144532382488251,0.41847706905368526,0.41042940744396494,0.4144532382488251,10810,0.0,0.0
1968-04-10 00:00:00-05:00,0.4144530773448244,0.42250069975852966,0.41042924810214404,0.42250069975852966,12808,0.0,0.0
1968-04-11 00:00:00-05:00,0.42250100348590647,0.42250100348590647,0.41646527331875,0.41847720742225647,8225,0.0,0.0
1968-04-15 00:00:00-05:00,0.4184771866414607,0.42250098250529655,0.41646525263786316,0.41646525263786316,12808,0.0,0.0
1968-04-16 00:00:00-05:00,0.41646527331875,0.41847720742225647,0.414453375286925,0.41847720742225647,7403,0.0,0.0
1968-04-17 00:00:00-05:00,0.4184768596033565,0.4204887559629849,0.4124411344528198,0.4124411344528198,10458,0.0,0.0
1968-04-18 00:00:00-05:00,0.4124413408822297,0.41847706905368526,0.4124413408822297,0.4144532382488251,8343,0.0,0.0
1968-04-19 00:00:00-05:00,0.41445330918521556,0.41445330918521556,0.41042947769165034,0.4104294776916504,17978,0.0,0.0
1968-04-22 00:00:00-05:00,0.41042920202153993,0.4144530308124482,0.40439347687100324,0.4124411344528198,4700,0.0,0.0
1968-04-23 00:00:00-05:00,0.41244126355069366,0.4164650575294347,0.40640553651091943,0.4084174335002899,8578,0.0,0.0
1968-04-24 00:00:00-05:00,0.40841732437654,0.40841732437654,0.4003697024976142,0.4023815989494324,28083,0.0,0.0
1968-04-25 00:00:00-05:00,0.4023813368440388,0.4023813368440388,0.39030989385298726,0.39433372020721436,45825,0.0,0.0
1968-04-26 00:00:00-05:00,0.39634587478160976,0.40036970376968384,0.39634587478160976,0.40036970376968384,13865,0.0,0.0
1968-04-29 00:00:00-04:00,0.4003695915442331,0.4003695915442331,0.39835765957832336,0.39835765957832336,12808,0.0,0.0
1968-04-30 00:00:00-04:00,0.39835765957832336,0.4003695915442331,0.39835765957832336,0.39835765957832336,11985,0.0,0.0
1968-05-01 00:00:00-04:00,0.3983577699741429,0.4023815989494324,0.3983577699741429,0.4023815989494324,10340,0.0,0.0
1968-05-02 00:00:00-04:00,0.40238148743849983,0.40238148743849983,0.3963457636840566,0.39835765957832336,18095,0.0,0.0
1968-05-03 00:00:00-04:00,0.39835765957832336,0.39835765957832336,0.3963457636840566,0.39835765957832336,22208,0.0,0.0
1968-05-06 00:00:00-04:00,0.3983575104898118,0.4003694417027401,0.39433372020721436,0.39433372020721436,23618,0.0,0.0
1968-05-07 00:00:00-04:00,0.39634587352232475,0.4023815989494324,0.39634587352232475,0.4023815989494324,7285,0.0,0.0
1968-05-08 00:00:00-04:00,0.40238160022789426,0.40238160022789426,0.3943339783233993,0.40036970376968384,23148,0.0,0.0
1968-05-09 00:00:00-04:00,0.40036970376968384,0.40036970376968384,0.3943339783233993,0.40036970376968384,10575,0.0,0.0
1968-05-10 00:00:00-04:00,0.4003695915442331,0.4003695915442331,0.3963457636840566,0.39835765957832336,8695,0.0,0.0
1968-05-13 00:00:00-04:00,0.3983577699741429,0.4023815989494324,0.39634587352232475,0.4023815989494324,15628,0.0,0.0
1968-05-14 00:00:00-04:00,0.40238160022789426,0.40238160022789426,0.3983577712398202,0.40036970376968384,7285,0.0,0.0
1968-05-15 00:00:00-04:00,0.4003695915442331,0.40238148743849983,0.3963457636840566,0.39835765957832336,14100,0.0,0.0
1968-05-16 00:00:00-04:00,0.39835787994636596,0.4003698130252593,0.3862864257596582,0.3923221528530121,85423,0.0,0.0
1968-05-17 00:00:00-04:00,0.39232175953258575,0.3983574805748545,0.38628603849031706,0.3963455855846405,20680,0.0,0.0
1968-05-20 00:00:00-04:00,0.3963457636840566,0.39835765957832336,0.39232193582388014,0.39835765957832336,15275,0.0,0.0
1968-05-21 00:00:00-04:00,0.3983574805748545,0.4003694116366953,0.3963455855846405,0.3963455855846405,7285,0.0,0.0
1968-05-22 00:00:00-04:00,0.3983577699741429,0.4023815989494324,0.3983577699741429,0.4023815989494324,15275,0.0,0.0
1968-05-23 00:00:00-04:00,0.40238130662690924,0.40238130662690924,0.3963455855846405,0.3963455855846405,15158,0.0,0.0
1968-05-24 00:00:00-04:00,0.3983577699741429,0.4023815989494324,0.3983577699741429,0.4023815989494324,8460,0.0,0.0
1968-05-27 00:00:00-04:00,0.4023815989494324,0.4043934954012505,0.4003697024976142,0.4023815989494324,8343,0.0,0.0
1968-05-28 00:00:00-04:00,0.4023815989494324,0.4023815989494324,0.39634587352232475,0.4023815989494324,7990,0.0,0.0
1968-05-29 00:00:00-04:00,0.4023817756080093,0.4043936729431153,0.40036987827290327,0.40439367294311523,5993,0.0,0.0
1968-05-31 00:00:00-04:00,0.40439349668610475,0.4064054292159684,0.40036970376968384,0.40036970376968384,5758,0.0,0.0
1968-06-03 00:00:00-04:00,0.40036987827290327,0.4043936729431153,0.40036987827290327,0.40439367294311523,7050,0.0,0.0
1968-06-04 00:00:00-04:00,0.4043934954012505,0.4124411533518294,0.4003697024976142,0.4023815989494324,18330,0.0,0.0
1968-06-05 00:00:00-04:00,0.40238160022789426,0.40238160022789426,0.40036970376968384,0.40036970376968384,6580,0.0,0.0
1968-06-06 00:00:00-04:00,0.40036970376968384,0.40238160022789426,0.3983577712398202,0.40036970376968384,7638,0.0,0.0
1968-06-07 00:00:00-04:00,0.40036987827290327,0.4064056063498902,0.40036987827290327,0.40439367294311523,5758,0.0,0.0
1968-06-10 00:00:00-04:00,0.4043934954012505,0.4043934954012505,0.3983577699741429,0.4023815989494324,12808,0.0,0.0
1968-06-11 00:00:00-04:00,0.4023817756080093,0.4043936729431153,0.40036987827290327,0.40439367294311523,12455,0.0,0.0
1968-06-13 00:00:00-04:00,0.4043934954012505,0.4043934954012505,0.3983577699741429,0.4023815989494324,39480,0.0,0.0
1968-06-14 00:00:00-04:00,0.4023818262812163,0.40640565752983093,0.40036992869274574,0.40640565752983093,7755,0.0,0.0
1968-06-17 00:00:00-04:00,0.40640565752983093,0.40841755511830147,0.40439372386968686,0.40640565752983093,9988,0.0,0.0
1968-06-18 00:00:00-04:00,0.40640553651091943,0.4084174335002899,0.4043936034498862,0.4084174335002899,11045,0.0,0.0
1968-06-20 00:00:00-04:00,0.41412957812845763,0.4182096856472595,0.412089542657138,0.4161696135997772,21503,0.297872,0.0
1968-06-21 00:00:00-04:00,0.41820963551715834,0.4243297777736685,0.41820963551715834,0.42024967074394226,18918,0.0,0.0
1968-06-24 00:00:00-04:00,0.4222898058673371,0.4324900209903717,0.4222898058673371,0.4324900209903717,15980,0.0,0.0
1968-06-25 00:00:00-04:00,0.4324900209903717,0.43453009327591213,0.4263699138622511,0.4324900209903717,13278,0.0,0.0
1968-06-27 00:00:00-04:00,0.43249002135554065,0.4386101650649956,0.4304500222206116,0.4304500222206116,9753,0.0,0.0
1968-06-28 00:00:00-04:00,0.4304500222206116,0.4345300936428036,0.4284099499333486,0.4304500222206116,6933,0.0,0.0
1968-07-01 00:00:00-04:00,0.43045027575364164,0.4324902760901206,0.42841020226478577,0.42841020226478577,8108,0.0,0.0
1968-07-02 00:00:00-04:00,0.42841020226478577,0.4324902760901206,0.42841020226478577,0.42841020226478577,7050,0.0,0.0
1968-07-03 00:00:00-04:00,0.4284099499333486,0.4304500222206116,0.4284099499333486,0.4304500222206116,9635,0.0,0.0
1968-07-08 00:00:00-04:00,0.4304500218571651,0.4386101646946592,0.4304500218571651,0.4324900209903717,17860,0.0,0.0
1968-07-09 00:00:00-04:00,0.4345299833366622,0.43657001852989197,0.4345299833366622,0.43657001852989197,4583,0.0,0.0
1968-07-11 00:00:00-04:00,0.43657038649164387,0.43861042340431133,0.42841020226478577,0.42841020226478577,22560,0.0,0.0
1968-07-12 00:00:00-04:00,0.42841020226478577,0.4324902760901206,0.42841020226478577,0.42841020226478577,7990,0.0,0.0
1968-07-15 00:00:00-04:00,0.42841020226478577,0.43045027575364164,0.42637016535211836,0.42841020226478577,9635,0.0,0.0
1968-07-16 00:00:00-04:00,0.4284099499333486,0.4304500222206116,0.42636991422225257,0.4304500222206116,8343,0.0,0.0
1968-07-18 00:00:00-04:00,0.4304501036489631,0.4304501036489631,0.4263699948787689,0.4263699948787689,14570,0.0,0.0
1968-07-19 00:00:00-04:00,0.4263699948787689,0.42841003097577907,0.4243299587817588,0.4263699948787689,16803,0.0,0.0
1968-07-22 00:00:00-04:00,0.4263698227662621,0.4284098580397722,0.4243297874927521,0.4243297874927521,10810,0.0,0.0
1968-07-23 00:00:00-04:00,0.4243297874927521,0.4243297874927521,0.4182096450960628,0.4243297874927521,15158,0.0,0.0
1968-07-25 00:00:00-04:00,0.42228970597072624,0.42228970597072624,0.41820963551715834,0.42024967074394226,9400,0.0,0.0
1968-07-26 00:00:00-04:00,0.4182094931602478,0.4182094931602478,0.41412938751937395,0.4182094931602478,15393,0.0,0.0
1968-07-29 00:00:00-04:00,0.4182096856472595,0.4222897565898988,0.4161696135997773,0.4161696135997772,7285,0.0,0.0
1968-07-30 00:00:00-04:00,0.41616942205173796,0.4202495276926118,0.41208935298700994,0.4182094931602478,12808,0.0,0.0
1968-08-01 00:00:00-04:00,0.4182094931602478,0.4222895622249758,0.4182094931602478,0.4182094931602478,15628,0.0,0.0
1968-08-02 00:00:00-04:00,0.4182096856472595,0.42024972111857917,0.4161696135997773,0.4161696135997772,7990,0.0,0.0
1968-08-05 00:00:00-04:00,0.4161695637142161,0.42228970597072624,0.4141295284874321,0.42024967074394226,9870,0.0,0.0
1968-08-06 00:00:00-04:00,0.42024967074394226,0.4243297777736685,0.41820963551715834,0.42024967074394226,4818,0.0,0.0
1968-08-08 00:00:00-04:00,0.4222899377346039,0.4263700470036018,0.4222899377346039,0.4222899377346039,10458,0.0,0.0
1968-08-09 00:00:00-04:00,0.42228988610857476,0.4263699948787689,0.4202498500115646,0.4263699948787689,8225,0.0,0.0
1968-08-12 00:00:00-04:00,0.4263698227662621,0.4263698227662621,0.4243297874927521,0.4243297874927521,4230,0.0,0.0
1968-08-13 00:00:00-04:00,0.4243297874927521,0.4263698227662621,0.4243297874927521,0.4243297874927521,4113,0.0,0.0
1968-08-15 00:00:00-04:00,0.4243297874927521,0.4263698227662621,0.42024968036957283,0.4243297874927521,3995,0.0,0.0
1968-08-16 00:00:00-04:00,0.4243297874927521,0.4263698227662621,0.4182096450960628,0.4243297874927521,9988,0.0,0.0
1968-08-19 00:00:00-04:00,0.4243301284394509,0.42841020226478577,0.422290054950595,0.42841020226478577,13983,0.0,0.0
1968-08-20 00:00:00-04:00,0.42841020226478577,0.42841020226478577,0.4243301284394509,0.42841020226478577,7050,0.0,0.0
1968-08-22 00:00:00-04:00,0.4263700470036018,0.4263700470036018,0.420249901388194,0.4222899377346039,8930,0.0,0.0
1968-08-23 00:00:00-04:00,0.42228971564308293,0.4263698227662621,0.42024968036957283,0.4243297874927521,13043,0.0,0.0
1968-08-26 00:00:00-04:00,0.4243299587817588,0.4263699948787689,0.4243299587817588,0.4263699948787689,8460,0.0,0.0
1968-08-27 00:00:00-04:00,0.4263698227662621,0.4263698227662621,0.42024968036957283,0.4243297874927521,6345,0.0,0.0
1968-08-29 00:00:00-04:00,0.424330010657192,0.424330010657192,0.4182098650417842,0.4222899377346039,9048,0.0,0.0
1968-08-30 00:00:00-04:00,0.42228971564308293,0.4263698227662621,0.42228971564308293,0.4243297874927521,5640,0.0,0.0
1968-09-03 00:00:00-04:00,0.424330010657192,0.4263700470036018,0.420249901388194,0.4222899377346039,5993,0.0,0.0
1968-09-04 00:00:00-04:00,0.42228971564308293,0.43044992988944136,0.4182096450960628,0.4243297874927521,20093,0.0,0.0
1968-09-05 00:00:00-04:00,0.424330010657192,0.4263700470036018,0.4222899377346039,0.4222899377346039,8108,0.0,0.0
1968-09-06 00:00:00-04:00,0.42228988610857476,0.4263699948787689,0.42228988610857476,0.4263699948787689,5640,0.0,0.0
1968-09-09 00:00:00-04:00,0.4263700470036018,0.4263700470036018,0.4222899377346039,0.4222899377346039,7990,0.0,0.0
1968-09-10 00:00:00-04:00,0.42228971564308293,0.43044992988944136,0.42228971564308293,0.4243297874927521,4583,0.0,0.0
1968-09-12 00:00:00-04:00,0.4243301284394509,0.42841020226478577,0.4243301284394509,0.42841020226478577,10810,0.0,0.0
1968-09-13 00:00:00-04:00,0.42841003097577907,0.42841003097577907,0.4263699948787689,0.4263699948787689,1645,0.0,0.0
1968-09-16 00:00:00-04:00,0.4263699948787689,0.4304501036489631,0.4263699948787689,0.4263699948787689,8930,0.0,0.0
1968-09-17 00:00:00-04:00,0.4263699948787689,0.4304501036489631,0.4263699948787689,0.4263699948787689,17625,0.0,0.0
1968-09-19 00:00:00-04:00,0.43215983592037077,0.43215983592037077,0.42595658326800734,0.4280243217945099,15393,0.297872,0.0
1968-09-20 00:00:00-04:00,0.42802383640709785,0.43215934584321003,0.42595610022544855,0.4259561002254486,6933,0.0,0.0
1968-09-23 00:00:00-04:00,0.42595593286638117,0.43422691141610537,0.42595593286638117,0.4300914406776428,6463,0.0,0.0
1968-09-24 00:00:00-04:00,0.43009209739386817,0.43215983592037077,0.4280243217945099,0.4280243217945099,10458,0.0,0.0
1968-09-26 00:00:00-04:00,0.42802366823561244,0.4321591760468741,0.42802366823561244,0.4300914406776428,7050,0.0,0.0
1968-09-27 00:00:00-04:00,0.4300914406776428,0.4321591760468741,0.4300914406776428,0.4300914406776428,4818,0.0,0.0
1968-09-30 00:00:00-04:00,0.4300915982941592,0.4321593344211578,0.42802382509434794,0.43215933442115784,6815,0.0,0.0
1968-10-01 00:00:00-04:00,0.43009160966156074,0.43009160966156074,0.42595610022544855,0.4259561002254486,10575,0.0,0.0
1968-10-03 00:00:00-04:00,0.42595658326800734,0.43009209739386817,0.42595658326800734,0.4280243217945099,15275,0.0,0.0
1968-10-04 00:00:00-04:00,0.42802383640709785,0.43009160966156074,0.42595610022544855,0.4259561002254486,7873,0.0,0.0
1968-10-07 00:00:00-04:00,0.42595658326800734,0.4280243217945099,0.42595658326800734,0.4280243217945099,9753,0.0,0.0
1968-10-08 00:00:00-04:00,0.42802383640709785,0.42802383640709785,0.42595610022544855,0.4259561002254486,10693,0.0,0.0
1968-10-10 00:00:00-04:00,0.42595610022544855,0.42802383640709785,0.4238883640437993,0.4259561002254486,7990,0.0,0.0
1968-10-11 00:00:00-04:00,0.42595621142428136,0.42595621142428136,0.4218207009085654,0.4238884747028351,13748,0.0,0.0
1968-10-14 00:00:00-04:00,0.42388884474150473,0.4280243217945099,0.42388884474150473,0.4280243217945099,11045,0.0,0.0
1968-10-15 00:00:00-04:00,0.42802383640709785,0.42802383640709785,0.4238883640437993,0.4259561002254486,7638,0.0,0.0
1968-10-17 00:00:00-04:00,0.42595610022544855,0.42802383640709785,0.42595610022544855,0.4259561002254486,16920,0.0,0.0
1968-10-18 00:00:00-04:00,0.42595658326800734,0.4280243217945099,0.42595658326800734,0.4280243217945099,10458,0.0,0.0
1968-10-21 00:00:00-04:00,0.4280243217945099,0.4280243217945099,0.42388884474150473,0.4280243217945099,15393,0.0,0.0
1968-10-22 00:00:00-04:00,0.4280243217945099,0.4280243217945099,0.42388884474150473,0.4280243217945099,18565,0.0,0.0
1968-10-24 00:00:00-04:00,0.42802383640709785,0.42802383640709785,0.4238883640437993,0.4259561002254486,17155,0.0,0.0
1968-10-25 00:00:00-04:00,0.42595610022544855,0.42595610022544855,0.4238883640437993,0.4259561002254486,14805,0.0,0.0
1968-10-28 00:00:00-05:00,0.42595621142428136,0.42595621142428136,0.423888474702835,0.4238884747028351,10693,0.0,0.0
1968-10-29 00:00:00-05:00,0.423888474702835,0.42595621142428136,0.4218207009085654,0.4238884747028351,12103,0.0,0.0
1968-10-31 00:00:00-05:00,0.4238883640437993,0.42802383640709785,0.4218205907893364,0.4259561002254486,28435,0.0,0.0
1968-11-01 00:00:00-05:00,0.42595621142428136,0.42595621142428136,0.4218207009085654,0.4238884747028351,7990,0.0,0.0
1968-11-04 00:00:00-05:00,0.42388884474150473,0.4280243217945099,0.42388884474150473,0.4280243217945099,8343,0.0,0.0
1968-11-06 00:00:00-05:00,0.42802383640709785,0.42802383640709785,0.4238883640437993,0.4259561002254486,14335,0.0,0.0
1968-11-07 00:00:00-05:00,0.42595658326800734,0.4280243217945099,0.42388884474150473,0.4280243217945099,6698,0.0,0.0
1968-11-08 00:00:00-05:00,0.4280243217945099,0.4280243217945099,0.42595658326800734,0.4280243217945099,11868,0.0,0.0
1968-11-12 00:00:00-05:00,0.4280242154717978,0.43422746658325195,0.4280242154717978,0.43422746658325195,72263,0.0,0.0
1968-11-13 00:00:00-05:00,0.434227245977588,0.45076921582221985,0.434227245977588,0.45076921582221985,100698,0.0,0.0
1968-11-14 00:00:00-05:00,0.45076893940794766,0.45903995633125305,0.45076893940794766,0.45903995633125305,21385,0.0,0.0
1968-11-15 00:00:00-05:00,0.4590400356483148,0.4590400356483148,0.45283679042038577,0.4549045264720917,11750,0.0,0.0
1968-11-18 00:00:00-05:00,0.4549044567854991,0.46317543679810663,0.4549044567854991,0.46110770106315613,12338,0.0,0.0
1968-11-19 00:00:00-05:00,0.46110772031471686,0.4631754561359967,0.45490447577807014,0.45697221159935,13865,0.0,0.0
1968-11-21 00:00:00-05:00,0.45697218356402425,0.4611076920256769,0.45697218356402425,0.45903995633125305,15393,0.0,0.0
1968-11-22 00:00:00-05:00,0.45903995633125305,0.46317542772010084,0.45697218356402425,0.45903995633125305,11515,0.0,0.0
1968-11-25 00:00:00-05:00,0.45903995633125305,0.46317542772010084,0.45903995633125305,0.45903995633125305,6933,0.0,0.0
1968-11-26 00:00:00-05:00,0.4590399742448288,0.4631754457950592,0.4569722013969072,0.4631754457950592,6815,0.0,0.0
1968-11-27 00:00:00-05:00,0.46317542772010084,0.46317542772010084,0.45903995633125305,0.45903995633125305,8225,0.0,0.0
1968-11-29 00:00:00-05:00,0.4590399653282057,0.4611077010631562,0.45697219252044957,0.46110770106315613,9165,0.0,0.0
1968-12-02 00:00:00-05:00,0.4611076920256769,0.4611076920256769,0.4549044478696003,0.45903995633125305,9753,0.0,0.0
1968-12-03 00:00:00-05:00,0.45490472681979166,0.45490472681979166,0.44663374189747573,0.45076921582221985,6815,0.0,0.0
1968-12-05 00:00:00-05:00,0.45076927565144104,0.4528370499610901,0.44043055239452605,0.4528370499610901,11633,0.0,0.0
1968-12-06 00:00:00-05:00,0.45283671217517646,0.46317542772010084,0.45283671217517646,0.45903995633125305,34075,0.0,0.0
1968-12-09 00:00:00-05:00,0.4590400356483148,0.4611077717000207,0.4549045264720917,0.4549045264720917,17625,0.0,0.0
1968-12-10 00:00:00-05:00,0.45697219252044957,0.4611077010631562,0.45697219252044957,0.46110770106315613,15980,0.0,0.0
1968-12-12 00:00:00-05:00,0.4611076920256769,0.46317542772010084,0.45697218356402425,0.45903995633125305,11750,0.0,0.0
1968-12-13 00:00:00-05:00,0.4590399653282057,0.4611077010631562,0.45697219252044957,0.46110770106315613,7050,0.0,0.0
1968-12-16 00:00:00-05:00,0.4690651190927581,0.4900055573702237,0.4690651190927581,0.48581746220588684,33370,0.297872,0.0
1968-12-17 00:00:00-05:00,0.4858175004656165,0.4879115294405872,0.47534728050231934,0.47534728050231934,17155,0.0,0.0
1968-12-19 00:00:00-05:00,0.4753475414923984,0.48581776720438424,0.4753475414923984,0.47953563928604126,17743,0.0,0.0
1968-12-20 00:00:00-05:00,0.4795354615039922,0.4837235577449483,0.4795354615039922,0.48162949085235596,8930,0.0,0.0
1968-12-23 00:00:00-05:00,0.48162995940275,0.48162995940275,0.4690656960010529,0.46906569600105286,16685,0.0,0.0
1968-12-24 00:00:00-05:00,0.46906515603318544,0.47744134702151186,0.46906515603318544,0.47534728050231934,9988,0.0,0.0
1968-12-26 00:00:00-05:00,0.4753471573978585,0.4753471573978585,0.46906503455565624,0.47115910053253174,6228,0.0,0.0
1968-12-27 00:00:00-05:00,0.4711597649308458,0.4732537963163736,0.4690656960010529,0.46906569600105286,5640,0.0,0.0
1968-12-30 00:00:00-05:00,0.4690654133229899,0.47744160890579224,0.4690654133229899,0.47744160890579224,13043,0.0,0.0
1968-12-31 00:00:00-05:00,0.47744134702151186,0.4837234714906458,0.47534728050231934,0.47534728050231934,17273,0.0,0.0
1969-01-02 00:00:00-05:00,0.47953527758631015,0.4858174007662275,0.47953527758631015,0.48372337222099304,17625,0.0,0.0
1969-01-03 00:00:00-05:00,0.4837236642152351,0.4900057911872863,0.4837236642152351,0.4900057911872864,13395,0.0,0.0
1969-01-06 00:00:00-05:00,0.49000561880761473,0.49628774356966965,0.4879115521907807,0.48791155219078064,15393,0.0,0.0
1969-01-07 00:00:00-05:00,0.48791161644167585,0.48791161644167585,0.48162949085235596,0.48162949085235596,11163,0.0,0.0
1969-01-08 00:00:00-05:00,0.48162949085235596,0.4837235577449483,0.48162949085235596,0.48162949085235596,11750,0.0,0.0
1969-01-09 00:00:00-05:00,0.48162949085235596,0.4837235577449483,0.4795354615039922,0.48162949085235596,7990,0.0,0.0
1969-01-10 00:00:00-05:00,0.48162949085235596,0.4837235577449483,0.4774414321556284,0.48162949085235596,5053,0.0,0.0
1969-01-13 00:00:00-05:00,0.48162966915295097,0.48162966915295097,0.47744160890579224,0.47744160890579224,8108,0.0,0.0
1969-01-14 00:00:00-05:00,0.47744160916134104,0.4816296694107414,0.47744160916134104,0.47953563928604126,6698,0.0,0.0
1969-01-15 00:00:00-05:00,0.47953563902937163,0.48162966915295097,0.47744160890579224,0.47744160890579224,5288,0.0,0.0
1969-01-16 00:00:00-05:00,0.47744160916134104,0.4816296694107414,0.47744160916134104,0.47953563928604126,8108,0.0,0.0
1969-01-17 00:00:00-05:00,0.47953537599648255,0.47953537599648255,0.47325325152734865,0.47534728050231934,5993,0.0,0.0
1969-01-20 00:00:00-05:00,0.47534697974891976,0.481629100243338,0.4732529520988464,0.47325295209884644,8813,0.0,0.0
1969-01-21 00:00:00-05:00,0.47325325152734865,0.48162940497145323,0.47325325152734865,0.47534728050231934,5170,0.0,0.0
1969-01-22 00:00:00-05:00,0.47534697974891976,0.4795350725932646,0.4732529520988464,0.47325295209884644,7638,0.0,0.0
1969-01-23 00:00:00-05:00,0.4732537963163736,0.4732537963163736,0.4690656960010529,0.46906569600105286,7520,0.0,0.0
1969-01-24 00:00:00-05:00,0.4690650364718982,0.4690650364718982,0.4648769795894622,0.4648769795894623,9518,0.0,0.0
1969-01-27 00:00:00-05:00,0.4648771940011902,0.46906525281525224,0.4585950682358675,0.46068909764289856,22090,0.0,0.0
1969-01-28 00:00:00-05:00,0.46068888709639977,0.4627829155464067,0.4565007926521734,0.4585948586463928,24558,0.0,0.0
1969-01-29 00:00:00-05:00,0.46068909764289856,0.4669712234082212,0.46068909764289856,0.46068909764289856,15158,0.0,0.0
1969-01-30 00:00:00-05:00,0.46906515603318544,0.47534728050231934,0.46906515603318544,0.47534728050231934,9283,0.0,0.0
1969-01-31 00:00:00-05:00,0.4732531289651951,0.4732531289651951,0.46697100612299286,0.47115910053253174,6698,0.0,0.0
1969-02-03 00:00:00-05:00,0.4711597649308458,0.4732537963163736,0.4690656960010529,0.46906569600105286,6463,0.0,0.0
1969-02-04 00:00:00-05:00,0.46906503455565624,0.4753471573978585,0.462782911713454,0.47115910053253174,21855,0.0,0.0
1969-02-05 00:00:00-05:00,0.47115949531866264,0.4732535255059209,0.46697139739990234,0.46697139739990234,4583,0.0,0.0
1969-02-06 00:00:00-05:00,0.4690656960010529,0.4732537963163736,0.4690656960010529,0.46906569600105286,5640,0.0,0.0
1969-02-07 00:00:00-05:00,0.4690650364718982,0.47953525376641265,0.4648769795894622,0.4648769795894623,15393,0.0,0.0
1969-02-11 00:00:00-05:00,0.46487736721264405,0.4690654275871607,0.4627832994811421,0.46697139739990234,9753,0.0,0.0
1969-02-12 00:00:00-05:00,0.46697139739990234,0.4690654275871607,0.46697139739990234,0.46697139739990234,4700,0.0,0.0
1969-02-13 00:00:00-05:00,0.4669710080306802,0.47115910245732845,0.45859485672159606,0.4648769795894623,18448,0.0,0.0
1969-02-14 00:00:00-05:00,0.46487736721264405,0.46697139739990234,0.46068926929388376,0.46697139739990234,7168,0.0,0.0
1969-02-17 00:00:00-05:00,0.4669716646155251,0.4690656960010529,0.46278356430020434,0.46906569600105286,7990,0.0,0.0
1969-02-18 00:00:00-05:00,0.4690650364718982,0.4690650364718982,0.46068888516281403,0.4648769795894623,14335,0.0,0.0
1969-02-19 00:00:00-05:00,0.4648769815406261,0.46697100999063307,0.4585948586463928,0.4585948586463928,4935,0.0,0.0
1969-02-20 00:00:00-05:00,0.4585948586463928,0.46068888709639977,0.45440676420216647,0.4585948586463928,46295,0.0,0.0
1969-02-24 00:00:00-05:00,0.45859498148963074,0.45859498148963074,0.4523128569126129,0.4523128569126129,9048,0.0,0.0
1969-02-25 00:00:00-05:00,0.452312649043229,0.45650070514038704,0.44603052735328674,0.44603052735328674,29023,0.0,0.0
1969-02-26 00:00:00-05:00,0.44603073233559515,0.45440688592354467,0.4439366657804409,0.4523128569126129,5875,0.0,0.0
1969-02-27 00:00:00-05:00,0.4523128879406053,0.4544069170951843,0.4481247920872221,0.4544069170951843,5875,0.0,0.0
1969-02-28 00:00:00-05:00,0.452312649043229,0.452312649043229,0.44603052735328674,0.44603052735328674,6463,0.0,0.0
1969-03-03 00:00:00-05:00,0.4439367353916168,0.4439367353916168,0.43974867671304785,0.4439367353916168,8930,0.0,0.0
1969-03-04 00:00:00-05:00,0.44603073233559515,0.4523128569126129,0.44603073233559515,0.4523128569126129,7403,0.0,0.0
1969-03-05 00:00:00-05:00,0.4523128932557756,0.4544069224349618,0.4502188265323639,0.4502188265323639,4700,0.0,0.0
1969-03-06 00:00:00-05:00,0.4502188265323639,0.4502188265323639,0.44393670145057984,0.4502188265323639,9988,0.0,0.0
1969-03-07 00:00:00-05:00,0.4460307934090097,0.4460307934090097,0.4397486679718028,0.4418427348136902,5758,0.0,0.0
1969-03-10 00:00:00-05:00,0.44184283133743746,0.44393682354831726,0.43765473428297036,0.43974876403808594,4700,0.0,0.0
1969-03-11 00:00:00-05:00,0.4397486679718028,0.4439367265671223,0.4397486679718028,0.4418427348136902,4348,0.0,0.0
1969-03-12 00:00:00-05:00,0.4418427435965607,0.44812483161441424,0.4418427435965607,0.4439367353916168,4818,0.0,0.0
1969-03-13 00:00:00-05:00,0.44393682354831726,0.44812492060278436,0.439748764038086,0.43974876403808594,8343,0.0,0.0
1969-03-14 00:00:00-05:00,0.4397486679718028,0.4481248227066695,0.4397486679718028,0.4418427348136902,5640,0.0,0.0
1969-03-17 00:00:00-05:00,0.4418427348136902,0.4460307934090097,0.437654638674143,0.4418427348136902,4583,0.0,0.0
1969-03-18 00:00:00-05:00,0.4418424712561287,0.44812455540186574,0.4418424712561287,0.44603052735328674,3408,0.0,0.0
1969-03-19 00:00:00-05:00,0.44560685753822327,0.44560685753822327,0.44136300698046343,0.44560685753822327,17508,0.297872,0.0
1969-03-20 00:00:00-05:00,0.44560637834407724,0.4477283393854321,0.4413625323500451,0.44348445534706116,6463,0.0,0.0
1969-03-21 00:00:00-05:00,0.44348456993180174,0.4477284550666809,0.44136264638653644,0.4477284550666809,6933,0.0,0.0
1969-03-24 00:00:00-05:00,0.4477288208614829,0.4477288208614829,0.44136300698046343,0.44560685753822327,4348,0.0,0.0
1969-03-25 00:00:00-05:00,0.44560637834407724,0.44560637834407724,0.4413625323500451,0.44348445534706116,4230,0.0,0.0
1969-03-26 00:00:00-05:00,0.4434849322593433,0.44560685753822327,0.4371191183783239,0.44560685753822327,9165,0.0,0.0
1969-03-27 00:00:00-05:00,0.44348454281554756,0.44348454281554756,0.4413626194000244,0.4413626194000244,5875,0.0,0.0
1969-03-28 00:00:00-05:00,0.4413627754655035,0.44348469963133713,0.43711888908947644,0.43924081325531006,5523,0.0,0.0
1969-04-01 00:00:00-05:00,0.43924065794015493,0.44348454281554756,0.43711873452463174,0.4413626194000244,12573,0.0,0.0
1969-04-02 00:00:00-05:00,0.44136238307413617,0.44348430535348377,0.43711850047111506,0.4371185004711151,5640,0.0,0.0
1969-04-03 00:00:00-05:00,0.4371184973814606,0.43924041964580995,0.4349965751171112,0.4349965751171112,7050,0.0,0.0
1969-04-07 00:00:00-05:00,0.4349967000883728,0.44136250675459465,0.43287473917007446,0.43287473917007446,6815,0.0,0.0
1969-04-08 00:00:00-05:00,0.4349965781917675,0.43924042275046266,0.4349965781917675,0.4371185004711151,5993,0.0,0.0
1969-04-09 00:00:00-05:00,0.43711850047111506,0.43924042275046266,0.4349965781917675,0.4371185004711151,6933,0.0,0.0
1969-04-10 00:00:00-05:00,0.43711888908947644,0.4413627754655035,0.43499696492364276,0.43924081325531006,13630,0.0,0.0
1969-04-11 00:00:00-05:00,0.43924042275046266,0.44136238307413617,0.43711850047111506,0.4371185004711151,5758,0.0,0.0
1969-04-14 00:00:00-05:00,0.43711873452463174,0.44348454281554756,0.43711873452463174,0.4413626194000244,5758,0.0,0.0
1969-04-15 00:00:00-05:00,0.43924042275046266,0.43924042275046266,0.43287461786809395,0.4371185004711151,11163,0.0,0.0
1969-04-16 00:00:00-05:00,0.4371184973814606,0.43924041964580995,0.4349965751171112,0.4349965751171112,7520,0.0,0.0
1969-04-17 00:00:00-05:00,0.4349965751171112,0.43924041964580995,0.4349965751171112,0.4349965751171112,9283,0.0,0.0
1969-04-18 00:00:00-05:00,0.434996725314658,0.44348445534706116,0.434996725314658,0.44348445534706116,14570,0.0,0.0
1969-04-21 00:00:00-05:00,0.44348445534706116,0.44560637834407724,0.44348445534706116,0.44348445534706116,5993,0.0,0.0
1969-04-22 00:00:00-05:00,0.44348469963133713,0.44348469963133713,0.43711888908947644,0.43924081325531006,8813,0.0,0.0
1969-04-23 00:00:00-05:00,0.4413625323500451,0.44348445534706116,0.4413625323500451,0.44348445534706116,9048,0.0,0.0
1969-04-24 00:00:00-05:00,0.44348445534706116,0.44348445534706116,0.4413625323500451,0.44348445534706116,4818,0.0,0.0
1969-04-25 00:00:00-05:00,0.44348454281554756,0.44348454281554756,0.43924065794015493,0.4413626194000244,4935,0.0,0.0
1969-04-28 00:00:00-04:00,0.44136300698046343,0.44560685753822327,0.4371191183783239,0.44560685753822327,4465,0.0,0.0
1969-04-29 00:00:00-04:00,0.44560646623107075,0.44560646623107075,0.43711873452463174,0.4413626194000244,6345,0.0,0.0
1969-04-30 00:00:00-04:00,0.4413626194000244,0.44560646623107075,0.43924065794015493,0.4413626194000244,7755,0.0,0.0
1969-05-01 00:00:00-04:00,0.4413626194000244,0.44560646623107075,0.43924065794015493,0.4413626194000244,4230,0.0,0.0
1969-05-02 00:00:00-04:00,0.4413626194000244,0.44560646623107075,0.43924065794015493,0.4413626194000244,7990,0.0,0.0
1969-05-05 00:00:00-04:00,0.4413626194000244,0.44560646623107075,0.43924065794015493,0.4413626194000244,7403,0.0,0.0
1969-05-06 00:00:00-04:00,0.4413626194000244,0.44772842769094023,0.4413626194000244,0.4413626194000244,14335,0.0,0.0
1969-05-07 00:00:00-04:00,0.4413625323500451,0.44348445534706116,0.4371186483116741,0.44348445534706116,12103,0.0,0.0
1969-05-08 00:00:00-04:00,0.44348445534706116,0.44348445534706116,0.43924057130869015,0.44348445534706116,7403,0.0,0.0
1969-05-09 00:00:00-04:00,0.4413627754655035,0.4413627754655035,0.43711888908947644,0.43924081325531006,5523,0.0,0.0
1969-05-12 00:00:00-04:00,0.43924042275046266,0.43924042275046266,0.43287461786809395,0.4371185004711151,11045,0.0,0.0
1969-05-13 00:00:00-04:00,0.4371184973814606,0.44136237995448496,0.4328746148084362,0.4349965751171112,10928,0.0,0.0
1969-05-14 00:00:00-04:00,0.43499696492364276,0.43924081325531006,0.43499696492364276,0.43924081325531006,5053,0.0,0.0
1969-05-15 00:00:00-04:00,0.43924042275046266,0.43924042275046266,0.4349965781917675,0.4371185004711151,5288,0.0,0.0
1969-05-16 00:00:00-04:00,0.43711850047111506,0.44136238307413617,0.4349965781917675,0.4371185004711151,6815,0.0,0.0
1969-05-19 00:00:00-04:00,0.4371184973814606,0.43924041964580995,0.4328746148084362,0.4349965751171112,5288,0.0,0.0
1969-05-20 00:00:00-04:00,0.4349965781917675,0.43924042275046266,0.43287461786809395,0.4371185004711151,4818,0.0,0.0
1969-05-21 00:00:00-04:00,0.4371184973814606,0.4371184973814606,0.4328746148084362,0.4349965751171112,6345,0.0,0.0
1969-05-22 00:00:00-04:00,0.4349967000883728,0.43711862296233456,0.43287473917007446,0.43287473917007446,5405,0.0,0.0
1969-05-23 00:00:00-04:00,0.43287461786809395,0.43924042275046266,0.43287461786809395,0.4371185004711151,9870,0.0,0.0
1969-05-26 00:00:00-04:00,0.43711888908947644,0.43924081325531006,0.43287500271344936,0.43924081325531006,4583,0.0,0.0
1969-05-27 00:00:00-04:00,0.43924081325531006,0.43924081325531006,0.43287500271344936,0.43924081325531006,5758,0.0,0.0
1969-05-28 00:00:00-04:00,0.43924041964580995,0.43924041964580995,0.4328746148084362,0.4349965751171112,9988,0.0,0.0
1969-05-29 00:00:00-04:00,0.4349965751171112,0.43924041964580995,0.4349965751171112,0.4349965751171112,6580,0.0,0.0
1969-06-02 00:00:00-04:00,0.4349967000883728,0.4349967000883728,0.43075281629611273,0.43287473917007446,8578,0.0,0.0
1969-06-03 00:00:00-04:00,0.43287473667781545,0.43287473667781545,0.4286308909543257,0.43075281381607056,7403,0.0,0.0
1969-06-04 00:00:00-04:00,0.43075281381607056,0.43499669758389664,0.4286308909543257,0.43075281381607056,11163,0.0,0.0
1969-06-05 00:00:00-04:00,0.4307528712111892,0.43287479435566706,0.4265089868778922,0.4286309480667114,7755,0.0,0.0
1969-06-06 00:00:00-04:00,0.4286311325299876,0.4286311325299876,0.4243872463703156,0.42438724637031555,10575,0.0,0.0
1969-06-09 00:00:00-04:00,0.4243872180061599,0.43287495171386364,0.4243872180061599,0.42650914192199707,21385,0.0,0.0
1969-06-10 00:00:00-04:00,0.426509141921997,0.43075302779802654,0.4243872180061599,0.42650914192199707,6933,0.0,0.0
1969-06-11 00:00:00-04:00,0.426509141921997,0.43075302779802654,0.4243872180061599,0.42650914192199707,7638,0.0,0.0
1969-06-12 00:00:00-04:00,0.426509141921997,0.42863110388218945,0.4243872180061599,0.42650914192199707,4818,0.0,0.0
1969-06-13 00:00:00-04:00,0.4265089868778922,0.4307528712111892,0.42438706373341434,0.4286309480667114,8930,0.0,0.0
1969-06-16 00:00:00-04:00,0.42863110388218945,0.43075302779802654,0.4243872180061599,0.42650914192199707,8108,0.0,0.0
1969-06-17 00:00:00-04:00,0.426509141921997,0.42863110388218945,0.4243872180061599,0.42650914192199707,9988,0.0,0.0
1969-06-18 00:00:00-04:00,0.426509141921997,0.43075302779802654,0.426509141921997,0.42650914192199707,5170,0.0,0.0
1969-06-19 00:00:00-04:00,0.426509141921997,0.42863110388218945,0.4243872180061599,0.42650914192199707,5993,0.0,0.0
1969-06-20 00:00:00-04:00,0.4303823888538939,0.4303823888538939,0.4217747518797186,0.4239266514778137,16450,0.297872,0.0
1969-06-23 00:00:00-04:00,0.4239268242766638,0.42607872475190545,0.4153191837938867,0.4217749238014221,9635,0.0,0.0
1969-06-24 00:00:00-04:00,0.4196228248268227,0.4196228248268227,0.413167087279558,0.41531902551651,11398,0.0,0.0
1969-06-25 00:00:00-04:00,0.41531902551651,0.4174709251716664,0.413167087279558,0.41531902551651,9518,0.0,0.0
1969-06-26 00:00:00-04:00,0.4153192398573683,0.4174711406230926,0.4131673005098283,0.41747114062309265,3995,0.0,0.0
1969-06-27 00:00:00-04:00,0.4174709251716664,0.4174709251716664,0.41531902551651,0.41531902551651,6580,0.0,0.0
1969-06-30 00:00:00-04:00,0.41531902551651,0.41531902551651,0.413167087279558,0.41531902551651,8343,0.0,0.0
1969-07-01 00:00:00-04:00,0.4153192398573683,0.4174711406230926,0.4131673005098283,0.41747114062309265,6345,0.0,0.0
1969-07-02 00:00:00-04:00,0.4174707905244474,0.4196226894855499,0.4153188915633449,0.4196226894855499,9753,0.0,0.0
1969-07-03 00:00:00-04:00,0.4217750209866251,0.42823076248168945,0.4217750209866251,0.42823076248168945,8108,0.0,0.0
1969-07-07 00:00:00-04:00,0.42392666271893115,0.42392666271893115,0.413167087279558,0.41531902551651,21738,0.0,0.0
1969-07-08 00:00:00-04:00,0.41531902551651,0.4196228248268227,0.41531902551651,0.41531902551651,5523,0.0,0.0
1969-07-09 00:00:00-04:00,0.41531902551651,0.42177476306377476,0.413167087279558,0.41531902551651,11280,0.0,0.0
1969-07-10 00:00:00-04:00,0.41531902551651,0.4196228248268227,0.413167087279558,0.41531902551651,8813,0.0,0.0
1969-07-11 00:00:00-04:00,0.41531902551651,0.4174709251716664,0.413167087279558,0.41531902551651,7285,0.0,0.0
1969-07-14 00:00:00-04:00,0.41531887768321685,0.41531887768321685,0.4110150413230646,0.41316694021224976,4818,0.0,0.0
1969-07-15 00:00:00-04:00,0.4131672321548586,0.41531917114637873,0.4110153317451477,0.4110153317451477,8578,0.0,0.0
1969-07-16 00:00:00-04:00,0.41101539974410395,0.4174711406230926,0.41101539974410395,0.41747114062309265,9165,0.0,0.0
1969-07-17 00:00:00-04:00,0.41531887768321685,0.41531887768321685,0.41316694021224976,0.41316694021224976,6463,0.0,0.0
1969-07-18 00:00:00-04:00,0.413167087279558,0.41531902551651,0.4110151876244016,0.41531902551651,6110,0.0,0.0
1969-07-22 00:00:00-04:00,0.41531917114637873,0.41747107155608965,0.4088634313354368,0.4110153317451477,5405,0.0,0.0
1969-07-23 00:00:00-04:00,0.41101523575500226,0.4131671356621498,0.40886333584785467,0.4088633358478546,8225,0.0,0.0
1969-07-24 00:00:00-04:00,0.4088633080957663,0.41101520785685114,0.4067113697528839,0.4067113697528839,10810,0.0,0.0
1969-07-25 00:00:00-04:00,0.4067111605374305,0.4088630977733393,0.39595162868499756,0.39595162868499756,15393,0.0,0.0
1969-07-28 00:00:00-04:00,0.3959517195289483,0.3981036186767936,0.38949598350362574,0.3937997817993164,11985,0.0,0.0
1969-07-29 00:00:00-04:00,0.39379978179931635,0.3959517195289483,0.39164788265147105,0.3937997817993164,7285,0.0,0.0
1969-07-30 00:00:00-04:00,0.3937996914490888,0.39810352733912857,0.39164779279495776,0.39595162868499756,11045,0.0,0.0
1969-07-31 00:00:00-04:00,0.39595191328428997,0.40455955266952515,0.39595191328428997,0.40455955266952515,8343,0.0,0.0
1969-08-01 00:00:00-04:00,0.40455949745175923,0.40886333584785467,0.40025565905566385,0.4088633358478546,13983,0.0,0.0
1969-08-04 00:00:00-04:00,0.4088633080957663,0.41101520785685114,0.40240757023071433,0.4067113697528839,6345,0.0,0.0
1969-08-05 00:00:00-04:00,0.40671153687683337,0.4088634761039803,0.4024077355861664,0.4024077355861664,6345,0.0,0.0
1969-08-06 00:00:00-04:00,0.4024076915244948,0.4110153317451477,0.4024076915244948,0.4110153317451477,7285,0.0,0.0
1969-08-07 00:00:00-04:00,0.41101537674931377,0.41101537674931377,0.4002557963590195,0.4024077355861664,9870,0.0,0.0
1969-08-08 00:00:00-04:00,0.4024077355861664,0.4088634761039803,0.398103895713686,0.4024077355861664,15863,0.0,0.0
1969-08-11 00:00:00-04:00,0.4024073632291684,0.4024073632291684,0.39595162868499756,0.39595162868499756,5875,0.0,0.0
1969-08-12 00:00:00-04:00,0.3959518928847099,0.40025569306469144,0.3916480541229248,0.3916480541229248,13395,0.0,0.0
1969-08-13 00:00:00-04:00,0.3916480541229248,0.3937999542129156,0.389496154032934,0.3916480541229248,9400,0.0,0.0
1969-08-14 00:00:00-04:00,0.39164788265147105,0.3959517195289483,0.38949598350362574,0.3937997817993164,16098,0.0,0.0
1969-08-15 00:00:00-04:00,0.3937998241552565,0.40240749883602694,0.3937998241552565,0.40025556087493896,4818,0.0,0.0
1969-08-18 00:00:00-04:00,0.4002557963590195,0.40671153687683337,0.398103895713686,0.4024077355861664,5758,0.0,0.0
1969-08-19 00:00:00-04:00,0.40240749883602694,0.4067112975946214,0.40025556087493896,0.40025556087493896,9165,0.0,0.0
1969-08-20 00:00:00-04:00,0.40025556087493896,0.40240749883602694,0.3981036614956417,0.40025556087493896,11280,0.0,0.0
1969-08-21 00:00:00-04:00,0.4002554937986423,0.4024074313991006,0.39595169576129424,0.39810359477996826,6815,0.0,0.0
1969-08-22 00:00:00-04:00,0.39810352733912857,0.40455926188329944,0.39595162868499756,0.39595162868499756,22208,0.0,0.0
1969-08-25 00:00:00-04:00,0.39595191328428997,0.40455955266952515,0.39595191328428997,0.40455955266952515,6698,0.0,0.0
1969-08-26 00:00:00-04:00,0.4024074313991006,0.4024074313991006,0.39810359477996826,0.39810359477996826,4348,0.0,0.0
1969-08-27 00:00:00-04:00,0.398103895713686,0.4024077355861664,0.3938000558412056,0.4024077355861664,11868,0.0,0.0
1969-08-28 00:00:00-04:00,0.4002554937986423,0.4002554937986423,0.39595169576129424,0.39810359477996826,8695,0.0,0.0
1969-08-29 00:00:00-04:00,0.39810359477996826,0.4024074313991006,0.39810359477996826,0.39810359477996826,7168,0.0,0.0
1969-09-02 00:00:00-04:00,0.4002557963590195,0.4045596362314999,0.4002557963590195,0.4024077355861664,5053,0.0,0.0
1969-09-03 00:00:00-04:00,0.4024077355861664,0.4024077355861664,0.39595199506835255,0.4024077355861664,7990,0.0,0.0
1969-09-04 00:00:00-04:00,0.4024074313991006,0.4024074313991006,0.39595169576129424,0.39810359477996826,11985,0.0,0.0
1969-09-05 00:00:00-04:00,0.398103895713686,0.40671153687683337,0.39595199506835255,0.4024077355861664,6815,0.0,0.0
1969-09-08 00:00:00-04:00,0.4024077355861664,0.40671153687683337,0.4002557963590195,0.4024077355861664,4700,0.0,0.0
1969-09-09 00:00:00-04:00,0.40240749883602694,0.4067112975946214,0.40025556087493896,0.40025556087493896,6815,0.0,0.0
1969-09-10 00:00:00-04:00,0.4002557136860048,0.40455955266952515,0.3981038134851474,0.40455955266952515,8460,0.0,0.0
1969-09-11 00:00:00-04:00,0.40455955266952515,0.40455955266952515,0.39595191328428997,0.40455955266952515,6463,0.0,0.0
1969-09-12 00:00:00-04:00,0.40455933041777464,0.40455933041777464,0.39595169576129424,0.39810359477996826,5875,0.0,0.0
1969-09-15 00:00:00-04:00,0.39810359477996826,0.4024074313991006,0.39810359477996826,0.39810359477996826,11750,0.0,0.0
1969-09-16 00:00:00-04:00,0.39810359477996826,0.4002554937986423,0.39595169576129424,0.39810359477996826,6228,0.0,0.0
1969-09-17 00:00:00-04:00,0.39595162868499756,0.39595162868499756,0.39595162868499756,0.39595162868499756,10340,0.0,0.0
1969-09-18 00:00:00-04:00,0.39595169576129424,0.4024074313991006,0.39595169576129424,0.39810359477996826,5758,0.0,0.0
1969-09-19 00:00:00-04:00,0.4042218029499054,0.4042218029499054,0.3954818828748313,0.4042218029499054,11985,0.297872,0.0
1969-09-22 00:00:00-04:00,0.40422182170176985,0.40422182170176985,0.397666871547699,0.397666871547699,4583,0.0,0.0
1969-09-23 00:00:00-04:00,0.39766652507674916,0.39985149349952187,0.3954815566539764,0.39548155665397644,7990,0.0,0.0
1969-09-24 00:00:00-04:00,0.3954815566539764,0.39985149349952187,0.3932965490565121,0.39548155665397644,10105,0.0,0.0
1969-09-25 00:00:00-04:00,0.3954819012212506,0.39985184187414735,0.3932968917200765,0.397666871547699,8460,0.0,0.0
1969-09-26 00:00:00-04:00,0.397666871547699,0.39985184187414735,0.3932968917200765,0.397666871547699,13513,0.0,0.0
1969-09-29 00:00:00-04:00,0.39766684716874506,0.39766684716874506,0.3911118974165252,0.39329686760902405,9988,0.0,0.0
1969-09-30 00:00:00-04:00,0.39329686760902405,0.3954818769762462,0.39329686760902405,0.39329686760902405,4700,0.0,0.0
1969-10-01 00:00:00-04:00,0.39329686760902405,0.3998518173612439,0.3911118974165252,0.39329686760902405,7873,0.0,0.0
1969-10-02 00:00:00-04:00,0.3932968806078845,0.3976668603120378,0.39111191034317017,0.39111191034317017,7520,0.0,0.0
1969-10-03 00:00:00-04:00,0.3911118974165252,0.3954818769762462,0.3911118974165252,0.39329686760902405,7520,0.0,0.0
1969-10-06 00:00:00-04:00,0.3932968937527988,0.3932968937527988,0.38892695307731634,0.3889269530773163,11280,0.0,0.0
1969-10-07 00:00:00-04:00,0.38892703558981095,0.3911120063911029,0.3867420256137848,0.3867420256137848,9753,0.0,0.0
1969-10-08 00:00:00-04:00,0.38674194356484914,0.38892695307731634,0.3845569732271079,0.3889269530773163,7990,0.0,0.0
1969-10-09 00:00:00-04:00,0.3889269400784558,0.3932968806078845,0.38674193063901685,0.39111191034317017,7755,0.0,0.0
1969-10-10 00:00:00-04:00,0.3911118974165252,0.39329686760902405,0.38892692722402633,0.39329686760902405,6815,0.0,0.0
1969-10-13 00:00:00-04:00,0.3932968806078845,0.3954818900473234,0.3889269400784558,0.39111191034317017,6345,0.0,0.0
1969-10-14 00:00:00-04:00,0.39111158063373935,0.39766652507674916,0.39111158063373935,0.39548155665397644,11163,0.0,0.0
1969-10-15 00:00:00-04:00,0.3954818769762462,0.39766684716874506,0.39329686760902405,0.39329686760902405,11750,0.0,0.0
1969-10-16 00:00:00-04:00,0.39329686760902405,0.39766684716874506,0.39329686760902405,0.39329686760902405,6815,0.0,0.0
1969-10-17 00:00:00-04:00,0.3932968278436427,0.40203678607940674,0.3932968278436427,0.40203678607940674,13748,0.0,0.0
1969-10-20 00:00:00-04:00,0.40203659273064174,0.40859153866767883,0.3976666157143835,0.40859153866767883,13160,0.0,0.0
1969-10-21 00:00:00-04:00,0.4085915863623484,0.41733150224036986,0.4064065780118142,0.4107765555381775,18213,0.0,0.0
1969-10-22 00:00:00-04:00,0.4107766702876009,0.4260715371403972,0.40859170050140603,0.42388656735420227,21855,0.0,0.0
1969-10-23 00:00:00-04:00,0.42388656735420227,0.430441515887503,0.4195165886070965,0.42388656735420227,11045,0.0,0.0
1969-10-24 00:00:00-04:00,0.42388624077257747,0.42388624077257747,0.4129613219092353,0.41951626539230347,7050,0.0,0.0
1969-10-27 00:00:00-05:00,0.4195164679905042,0.4195164679905042,0.4129615213418383,0.41514652967453003,3643,0.0,0.0
1969-10-28 00:00:00-05:00,0.41514653306454075,0.41733150224036986,0.4107765555381775,0.4107765555381775,6228,0.0,0.0
1969-10-29 00:00:00-05:00,0.4107765555381775,0.41514653306454075,0.4107765555381775,0.4107765555381775,4583,0.0,0.0
1969-10-30 00:00:00-05:00,0.41077655218385123,0.42388644548118304,0.41077655218385123,0.41514652967453003,12925,0.0,0.0
1969-10-31 00:00:00-05:00,0.41733186715941006,0.4217018485069275,0.41733186715941006,0.4217018485069275,5053,0.0,0.0
1969-11-03 00:00:00-05:00,0.41951626539230347,0.41951626539230347,0.4129613219092353,0.41951626539230347,6110,0.0,0.0
1969-11-04 00:00:00-05:00,0.4195164679905042,0.421701476323196,0.4129615213418383,0.41514652967453003,6933,0.0,0.0
1969-11-05 00:00:00-05:00,0.41514632918671523,0.41951626539230347,0.41514632918671523,0.41951626539230347,7168,0.0,0.0
1969-11-06 00:00:00-05:00,0.4195164560361088,0.4195164560361088,0.4129615095742304,0.4173314869403839,6933,0.0,0.0
1969-11-07 00:00:00-05:00,0.4173314869403839,0.4260714024979873,0.4129615095742304,0.4173314869403839,6580,0.0,0.0
1969-11-10 00:00:00-05:00,0.41733152032205467,0.42170149803775564,0.41296154260635376,0.41296154260635376,7755,0.0,0.0
1969-11-11 00:00:00-05:00,0.41296152471400654,0.41951647141619897,0.4107765555381775,0.4107765555381775,7520,0.0,0.0
1969-11-12 00:00:00-05:00,0.4107765733358567,0.41733152032205467,0.4042216263496587,0.41296154260635376,8695,0.0,0.0
1969-11-13 00:00:00-05:00,0.4129614765092366,0.415146484604716,0.4042215616514206,0.40859153866767883,5993,0.0,0.0
1969-11-14 00:00:00-05:00,0.4085915863623484,0.41514653306454075,0.4085915863623484,0.4107765555381775,10105,0.0,0.0
1969-11-17 00:00:00-05:00,0.4107765288418616,0.41296149787568986,0.40422158256567436,0.40640655159950256,10575,0.0,0.0
1969-11-18 00:00:00-05:00,0.40640677317499296,0.4085917825748044,0.4042218029499054,0.4042218029499054,8225,0.0,0.0
1969-11-19 00:00:00-05:00,0.40422182170176985,0.40422182170176985,0.397666871547699,0.397666871547699,10810,0.0,0.0
1969-11-20 00:00:00-05:00,0.39766674000059704,0.40422168798630853,0.3954817703969308,0.3998517096042633,8578,0.0,0.0
1969-11-21 00:00:00-05:00,0.39985149349952187,0.39985149349952187,0.3954815566539764,0.39548155665397644,7168,0.0,0.0
1969-11-24 00:00:00-05:00,0.3954819871684209,0.3976669579697128,0.3867420256137848,0.3867420256137848,17155,0.0,0.0
1969-11-25 00:00:00-05:00,0.38674194356484914,0.3932968937527988,0.38674194356484914,0.3889269530773163,10340,0.0,0.0
1969-11-26 00:00:00-05:00,0.3889269400784558,0.3954818900473234,0.38674193063901685,0.39111191034317017,6580,0.0,0.0
1969-11-28 00:00:00-05:00,0.39111191034317017,0.3954818900473234,0.38674193063901685,0.39111191034317017,7050,0.0,0.0
1969-12-01 00:00:00-05:00,0.3911120063911029,0.39329697719239476,0.3867420256137848,0.3867420256137848,7990,0.0,0.0
1969-12-02 00:00:00-05:00,0.3867420256137848,0.3911120063911029,0.3867420256137848,0.3867420256137848,10693,0.0,0.0
1969-12-03 00:00:00-05:00,0.3867418294245587,0.3889268382921575,0.3845568597316742,0.3845568597316742,16098,0.0,0.0
1969-12-04 00:00:00-05:00,0.38455672236661403,0.3867416912790197,0.3801867453671024,0.3823717534542084,15745,0.0,0.0
1969-12-05 00:00:00-05:00,0.3823717534542084,0.39111166827853133,0.3823717534542084,0.3823717534542084,15745,0.0,0.0
1969-12-08 00:00:00-05:00,0.38237192473235876,0.3867418645146234,0.37144699692726135,0.37144699692726135,13395,0.0,0.0
1969-12-09 00:00:00-05:00,0.37144700180528,0.37800195073947757,0.3670770227909088,0.3670770227909088,16568,0.0,0.0
1969-12-10 00:00:00-05:00,0.3670770227909088,0.37363197172510637,0.36270708295125603,0.3670770227909088,13630,0.0,0.0
1969-12-11 00:00:00-05:00,0.36707711939877596,0.3758170797277132,0.36707711939877596,0.36926212906837463,10928,0.0,0.0
1969-12-12 00:00:00-05:00,0.36926181732197966,0.3845566762229621,0.36489184084682935,0.3758167624473572,13278,0.0,0.0
1969-12-15 00:00:00-05:00,0.3753727820829238,0.3753727820829238,0.3598248064517975,0.3598248064517975,19388,0.297872,0.0
1969-12-16 00:00:00-05:00,0.3642670512199402,0.36870930659312395,0.3642670512199402,0.3642670512199402,16920,0.0,0.0
1969-12-17 00:00:00-05:00,0.3642671299637668,0.375372810620445,0.3598248338072919,0.3664882183074951,16568,0.0,0.0
1969-12-18 00:00:00-05:00,0.36648791336123876,0.37315133213996887,0.364266826865626,0.37315133213996887,13395,0.0,0.0
1969-12-19 00:00:00-05:00,0.37537288162805,0.38869973279544934,0.37537288162805,0.384257435798645,17625,0.0,0.0
1969-12-22 00:00:00-05:00,0.3842571768146931,0.38647830390457993,0.3775937557220459,0.3775937557220459,14100,0.0,0.0
1969-12-23 00:00:00-05:00,0.3775939253383719,0.38203622133662507,0.3753727972507477,0.3753727972507477,18565,0.0,0.0
1969-12-24 00:00:00-05:00,0.3753724982815276,0.3775936246001133,0.37315133213996887,0.37315133213996887,12338,0.0,0.0
1969-12-26 00:00:00-05:00,0.3731514617192854,0.3775937557220459,0.3709303346293986,0.3775937557220459,8343,0.0,0.0
1969-12-29 00:00:00-05:00,0.3775937547405559,0.3775937547405559,0.3687092065811157,0.3687092065811157,18095,0.0,0.0
1969-12-30 00:00:00-05:00,0.3687093731648703,0.37981505342599614,0.36648820525424136,0.3753727972507477,24910,0.0,0.0
1969-12-31 00:00:00-05:00,0.3753725503469841,0.38425709667661695,0.37315138389734204,0.3798148036003113,24440,0.0,0.0
1970-01-02 00:00:00-05:00,0.38203632987159325,0.39536318182945246,0.38203632987159325,0.3953631818294525,7520,0.0,0.0
1970-01-05 00:00:00-05:00,0.39536303065830347,0.4064687098281374,0.39536303065830347,0.40424758195877075,4700,0.0,0.0
1970-01-06 00:00:00-05:00,0.40424758195877075,0.4086898775205048,0.40424758195877075,0.40424758195877075,13043,0.0,0.0
1970-01-07 00:00:00-05:00,0.40424758195877075,0.4086898775205048,0.40202645408940413,0.40424758195877075,10105,0.0,0.0
1970-01-08 00:00:00-05:00,0.404247570571077,0.4109109938144684,0.404247570571077,0.4109109938144684,7168,0.0,0.0
1970-01-09 00:00:00-05:00,0.4109109938144684,0.4131321216212656,0.40646869837787425,0.4109109938144684,4700,0.0,0.0
1970-01-12 00:00:00-05:00,0.4109109938144684,0.4131321216212656,0.404247570571077,0.4109109938144684,7050,0.0,0.0
1970-01-13 00:00:00-05:00,0.41091086442735775,0.41313199153476915,0.40202631617472484,0.4086897373199463,9283,0.0,0.0
1970-01-14 00:00:00-05:00,0.40646845925520597,0.40646845925520597,0.4020262062549591,0.4020262062549591,3878,0.0,0.0
1970-01-15 00:00:00-05:00,0.40202645408940413,0.4064687098281374,0.3998052863970367,0.40424758195877075,8813,0.0,0.0
1970-01-16 00:00:00-05:00,0.39980543926672824,0.39980543926672824,0.39314201328779863,0.3953631818294525,5993,0.0,0.0
1970-01-19 00:00:00-05:00,0.395362843085284,0.395362843085284,0.3909205496311188,0.3909205496311188,6580,0.0,0.0
1970-01-20 00:00:00-05:00,0.39092059904689247,0.393141726143254,0.38425717793482106,0.388699471950531,8460,0.0,0.0
1970-01-21 00:00:00-05:00,0.38869942281552716,0.395362843085284,0.3864782561769536,0.3909205496311188,5170,0.0,0.0
1970-01-22 00:00:00-05:00,0.3909205496311188,0.395362843085284,0.3909205496311188,0.3909205496311188,6345,0.0,0.0
1970-01-23 00:00:00-05:00,0.3909205687318737,0.3931416956559917,0.3820360212124176,0.3864782750606537,6228,0.0,0.0
1970-01-26 00:00:00-05:00,0.38647831439518804,0.38869948136835325,0.37981489312166816,0.3820360600948334,6110,0.0,0.0
1970-01-27 00:00:00-05:00,0.3820359700499533,0.3909205163795862,0.3798148036003113,0.3798148036003113,7168,0.0,0.0
1970-01-28 00:00:00-05:00,0.38203630721174964,0.39092086138234466,0.38203630721174964,0.384257435798645,6698,0.0,0.0
1970-01-29 00:00:00-05:00,0.3842571768146931,0.38869947081745354,0.3753726286321591,0.3775937557220459,13278,0.0,0.0
1970-01-30 00:00:00-05:00,0.3775936769736477,0.3798148036003113,0.3753725503469841,0.3798148036003113,4348,0.0,0.0
1970-02-02 00:00:00-05:00,0.37981489312166816,0.38647831439518804,0.37759376597149086,0.3820360600948334,7990,0.0,0.0
1970-02-03 00:00:00-05:00,0.3820360600948334,0.38647831439518804,0.37981489312166816,0.3820360600948334,6110,0.0,0.0
1970-02-04 00:00:00-05:00,0.3820360212124176,0.3909205687318737,0.3820360212124176,0.3864782750606537,6815,0.0,0.0
1970-02-05 00:00:00-05:00,0.3864783050311825,0.393141726143254,0.38425717793482106,0.388699471950531,5053,0.0,0.0
1970-02-06 00:00:00-05:00,0.388699471950531,0.388699471950531,0.38425717793482106,0.388699471950531,5640,0.0,0.0
1970-02-09 00:00:00-05:00,0.38869973279544934,0.39092086138234466,0.384257435798645,0.384257435798645,5288,0.0,0.0
1970-02-10 00:00:00-05:00,0.3842571872450107,0.38647831439518804,0.3820360600948334,0.3820360600948334,6228,0.0,0.0
1970-02-11 00:00:00-05:00,0.3820360212124176,0.38647827506065374,0.3798148544653157,0.3864782750606537,4700,0.0,0.0
1970-02-12 00:00:00-05:00,0.38647843101748386,0.39980527758598333,0.3820361753766507,0.3998052775859833,7990,0.0,0.0
1970-02-13 00:00:00-05:00,0.39536286240309365,0.39536286240309365,0.38425714813653566,0.3864782750606537,10810,0.0,0.0
1970-02-16 00:00:00-05:00,0.38647827506065374,0.3909205687318737,0.38425714813653566,0.3864782750606537,4113,0.0,0.0
1970-02-17 00:00:00-05:00,0.3864782561769536,0.39314167644671044,0.3864782561769536,0.3909205496311188,3408,0.0,0.0
1970-02-18 00:00:00-05:00,0.39314187441200454,0.3975841701030731,0.39314187441200454,0.3975841701030731,1998,0.0,0.0
1970-02-19 00:00:00-05:00,0.39758431054809035,0.39980543926672824,0.39536318182945246,0.3953631818294525,2820,0.0,0.0
1970-02-20 00:00:00-05:00,0.39536318182945246,0.40202660780838206,0.39314201328779863,0.3953631818294525,6228,0.0,0.0
1970-02-24 00:00:00-05:00,0.395363213262466,0.3975843421576928,0.3909209156489932,0.39314204454421997,4818,0.0,0.0
1970-02-25 00:00:00-05:00,0.39314187441200454,0.3975841701030731,0.39092074647797126,0.3975841701030731,9400,0.0,0.0
1970-02-26 00:00:00-05:00,0.39758431054809035,0.39758431054809035,0.39314201328779863,0.3953631818294525,6580,0.0,0.0
1970-02-27 00:00:00-05:00,0.39536278693161264,0.40424733275508257,0.393141620608513,0.4020262062549591,6345,0.0,0.0
1970-03-02 00:00:00-05:00,0.4020264657941417,0.404247593728175,0.39536304216903984,0.3975841701030731,8343,0.0,0.0
1970-03-03 00:00:00-05:00,0.3998052751344829,0.4109109938144684,0.3998052751344829,0.4109109938144684,9518,0.0,0.0
1970-03-04 00:00:00-05:00,0.4109109938144684,0.4153532892510625,0.404247570571077,0.4109109938144684,8930,0.0,0.0
1970-03-05 00:00:00-05:00,0.4109109731715072,0.4175743960801478,0.40868984547629295,0.41535326838493347,6933,0.0,0.0
1970-03-06 00:00:00-05:00,0.41535326838493347,0.4175743960801478,0.41313210086672153,0.41535326838493347,4583,0.0,0.0
1970-03-09 00:00:00-05:00,0.4153532496658005,0.4153532496658005,0.4064686596393585,0.4064686596393585,5758,0.0,0.0
1970-03-10 00:00:00-05:00,0.40646869837787425,0.4131321216212656,0.40646869837787425,0.4109109938144684,5170,0.0,0.0
1970-03-11 00:00:00-05:00,0.41091075207842903,0.41091075207842903,0.3909204941083896,0.4020262062549591,41478,0.0,0.0
1970-03-12 00:00:00-05:00,0.39980543926672824,0.39980543926672824,0.39092088456916074,0.3953631818294525,3525,0.0,0.0
1970-03-13 00:00:00-05:00,0.395363213262466,0.3975843421576928,0.38647861803552036,0.39314204454421997,6345,0.0,0.0
1970-03-16 00:00:00-05:00,0.39314187441200454,0.3975841701030731,0.388699618543938,0.3975841701030731,5405,0.0,0.0
1970-03-17 00:00:00-05:00,0.3975843421576928,0.3975843421576928,0.39314204454422,0.39314204454421997,3643,0.0,0.0
1970-03-18 00:00:00-05:00,0.3931418543017336,0.40202644522939984,0.390920726481317,0.3998052775859833,8578,0.0,0.0
1970-03-19 00:00:00-05:00,0.3975841701030731,0.3975841701030731,0.39314187441200454,0.3975841701030731,5170,0.0,0.0
1970-03-20 00:00:00-05:00,0.3971327349506238,0.3971327349506238,0.3926198482513428,0.3926198482513428,2820,0.297872,0.0
1970-03-23 00:00:00-05:00,0.39262010445947926,0.3971329941036911,0.39262010445947926,0.3948765695095062,3995,0.0,0.0
1970-03-24 00:00:00-05:00,0.3948763605627087,0.39938920736312866,0.39261989670667796,0.39938920736312866,4935,0.0,0.0
1970-03-25 00:00:00-05:00,0.39938918579561195,0.4151842701115897,0.39713276251725166,0.4129278063774109,9518,0.0,0.0
1970-03-26 00:00:00-05:00,0.41292780637741083,0.4151842701115897,0.41067138309905055,0.4129278063774109,5053,0.0,0.0
1970-03-30 00:00:00-05:00,0.4129277869138995,0.4129277869138995,0.40164563059806824,0.40164563059806824,7520,0.0,0.0
1970-03-31 00:00:00-05:00,0.40164563059806824,0.40841494056989364,0.3993891669702487,0.40164563059806824,5875,0.0,0.0
1970-04-01 00:00:00-05:00,0.4016456712191594,0.40841498187561004,0.39938920736312866,0.39938920736312866,7285,0.0,0.0
1970-04-02 00:00:00-05:00,0.3993891669702487,0.4061584769420741,0.3993891669702487,0.40164563059806824,4348,0.0,0.0
1970-04-03 00:00:00-05:00,0.40164571956814304,0.40841503103946447,0.39938925544048554,0.403902143239975,5053,0.0,0.0
1970-04-06 00:00:00-05:00,0.40390205377007116,0.40390205377007116,0.39487632062624284,0.40164563059806824,14570,0.0,0.0
1970-04-07 00:00:00-05:00,0.4016456712191594,0.4016456712191594,0.3948763605627087,0.39938920736312866,5758,0.0,0.0
1970-04-08 00:00:00-05:00,0.39938925544048554,0.403902143239975,0.3948764080968217,0.403902143239975,6463,0.0,0.0
1970-04-09 00:00:00-05:00,0.40390205377007116,0.4061584769420741,0.3993891669702487,0.40164563059806824,4935,0.0,0.0
1970-04-10 00:00:00-05:00,0.40164556169010956,0.4084148705005646,0.40164556169010956,0.4084148705005646,3643,0.0,0.0
1970-04-13 00:00:00-05:00,0.40841494056989364,0.40841494056989364,0.40164563059806824,0.40164563059806824,5405,0.0,0.0
1970-04-14 00:00:00-05:00,0.40164552068137666,0.40390194323587364,0.39713263511657715,0.39713263511657715,7873,0.0,0.0
1970-04-15 00:00:00-05:00,0.3971327839629187,0.40615851801957936,0.3971327839629187,0.39938920736312866,8813,0.0,0.0
1970-04-16 00:00:00-05:00,0.39938905767107413,0.40390194323587364,0.39713263511657715,0.39713263511657715,5053,0.0,0.0
1970-04-17 00:00:00-05:00,0.3971327839629187,0.4039020946193694,0.3948763605627087,0.39938920736312866,5405,0.0,0.0
1970-04-20 00:00:00-05:00,0.3993891669702487,0.40164563059806824,0.39487632062624284,0.40164563059806824,5053,0.0,0.0
1970-04-21 00:00:00-05:00,0.4016458837479029,0.4016458837479029,0.39262010445947926,0.3948765695095062,3290,0.0,0.0
1970-04-22 00:00:00-05:00,0.39487631182889116,0.39487631182889116,0.3881070020078775,0.3926198482513428,8695,0.0,0.0
1970-04-23 00:00:00-05:00,0.38810674095209946,0.38810674095209946,0.3790809736246217,0.3835938572883606,12808,0.0,0.0
1970-04-24 00:00:00-05:00,0.38359417789326467,0.3858506013831403,0.36328628557273923,0.3723119795322418,40068,0.0,0.0
1970-04-27 00:00:00-04:00,0.3745685508768794,0.38133786374327383,0.3745685508768794,0.3768249750137329,7050,0.0,0.0
1970-04-28 00:00:00-04:00,0.37682491707400234,0.383594228899563,0.3677991814585307,0.3700556457042694,9988,0.0,0.0
1970-04-29 00:00:00-04:00,0.3700556457042694,0.37682491707400234,0.3655427576686197,0.3700556457042694,18683,0.0,0.0
1970-04-30 00:00:00-04:00,0.3700555857211787,0.37682485599366633,0.3700555857211787,0.3745684325695038,7168,0.0,0.0
1970-05-01 00:00:00-04:00,0.37456844347793977,0.37456844347793977,0.3700555964981885,0.3723119795322418,4113,0.0,0.0
1970-05-04 00:00:00-04:00,0.3723119795322418,0.3768248669678154,0.3700555964981885,0.3723119795322418,7638,0.0,0.0
1970-05-05 00:00:00-04:00,0.3723120290383527,0.3723120290383527,0.3677991814585307,0.3700556457042694,5288,0.0,0.0
1970-05-06 00:00:00-04:00,0.3700555964981885,0.37456844347793977,0.3700555964981885,0.3723119795322418,5288,0.0,0.0
1970-05-07 00:00:00-04:00,0.3723120290383527,0.37456849328409136,0.3677991814585307,0.3700556457042694,12455,0.0,0.0
1970-05-08 00:00:00-04:00,0.3700552671744183,0.3700552671744183,0.3632859622731854,0.3677988052368164,6580,0.0,0.0
1970-05-11 00:00:00-04:00,0.3677988052368164,0.3677988052368164,0.3632859622731854,0.3677988052368164,3643,0.0,0.0
1970-05-12 00:00:00-04:00,0.3677990732398315,0.3677990732398315,0.36328622698783875,0.36328622698783875,11163,0.0,0.0
1970-05-13 00:00:00-04:00,0.3632861776211148,0.36554260044048736,0.36102971434593195,0.361029714345932,9048,0.0,0.0
1970-05-14 00:00:00-04:00,0.3610299695543639,0.3677992832534512,0.3610299695543639,0.36554285883903503,7285,0.0,0.0
1970-05-15 00:00:00-04:00,0.36554285883903503,0.3677992832534512,0.3610299695543639,0.36554285883903503,9283,0.0,0.0
1970-05-18 00:00:00-04:00,0.36554265011383513,0.37005553682164366,0.36328622698783875,0.36328622698783875,8578,0.0,0.0
1970-05-19 00:00:00-04:00,0.36328622698783875,0.36554265011383513,0.36102976340602655,0.36328622698783875,8108,0.0,0.0
1970-05-20 00:00:00-04:00,0.3632863884406895,0.3632863884406895,0.3565170755984458,0.35877349972724915,37013,0.0,0.0
1970-05-21 00:00:00-04:00,0.3587734106539395,0.3587734106539395,0.3497476759237276,0.3565169870853424,17625,0.0,0.0
1970-05-22 00:00:00-04:00,0.3542604744675832,0.3542604744675832,0.3474911642345037,0.3520040512084961,16333,0.0,0.0
1970-05-25 00:00:00-04:00,0.3474910550421151,0.3474910550421151,0.3429782099420157,0.34523463249206543,16215,0.0,0.0
1970-05-26 00:00:00-04:00,0.34297817945480347,0.34297817945480347,0.33395242937319247,0.34297817945480347,21973,0.0,0.0
1970-05-27 00:00:00-04:00,0.3429782099420157,0.3474910550421151,0.3362088816081586,0.34523463249206543,20210,0.0,0.0
1970-05-28 00:00:00-04:00,0.3452347998348027,0.35426053486577486,0.34297837619101595,0.3497476875782013,21033,0.0,0.0
1970-05-29 00:00:00-04:00,0.3497477627562021,0.35877349972724915,0.3497477627562021,0.35877349972724915,26203,0.0,0.0
1970-06-01 00:00:00-04:00,0.35877329152655946,0.3632861776211148,0.3565168687071869,0.361029714345932,16098,0.0,0.0
1970-06-02 00:00:00-04:00,0.36102976340602655,0.36554265011383513,0.36102976340602655,0.36328622698783875,17038,0.0,0.0
1970-06-03 00:00:00-04:00,0.3632863884406895,0.3632863884406895,0.3565170755984458,0.35877349972724915,14688,0.0,0.0
1970-06-04 00:00:00-04:00,0.35877324941110095,0.35877324941110095,0.3452346331725081,0.347491055727005,16803,0.0,0.0
1970-06-05 00:00:00-04:00,0.3452345376399716,0.3452345376399716,0.3249266189016445,0.3339523673057556,90123,0.0,0.0
1970-06-08 00:00:00-04:00,0.33395262639802625,0.3362090500787445,0.329439738580764,0.33169618248939514,16568,0.0,0.0
1970-06-09 00:00:00-04:00,0.3316961132853421,0.3316961132853421,0.3271832466375433,0.3294396698474884,17390,0.0,0.0
1970-06-10 00:00:00-04:00,0.32943960980661263,0.32943960980661263,0.3249267439812905,0.32718318700790405,19035,0.0,0.0
1970-06-11 00:00:00-04:00,0.32718318700790405,0.32718318700790405,0.3249267439812905,0.32718318700790405,17508,0.0,0.0
1970-06-12 00:00:00-04:00,0.32718318700790405,0.32718318700790405,0.3249267439812905,0.32718318700790405,9283,0.0,0.0
1970-06-15 00:00:00-04:00,0.3271832466375433,0.3294396698474884,0.32492680319968953,0.3294396698474884,15158,0.0,0.0
1970-06-16 00:00:00-04:00,0.3294396698474884,0.3316961132853421,0.3271832466375433,0.3294396698474884,20445,0.0,0.0
1970-06-17 00:00:00-04:00,0.329439738580764,0.33395262639802625,0.329439738580764,0.33169618248939514,13865,0.0,0.0
1970-06-18 00:00:00-04:00,0.33169618248939514,0.33395262639802625,0.329439738580764,0.33169618248939514,13630,0.0,0.0
1970-06-19 00:00:00-04:00,0.33813684743387973,0.33813684743387973,0.3335363518595964,0.33583658933639526,8225,0.297872,0.0
1970-06-22 00:00:00-04:00,0.33583658933639526,0.33813684743387973,0.3335363518595964,0.33583658933639526,6698,0.0,0.0
1970-06-23 00:00:00-04:00,0.33583641415051385,0.33583641415051385,0.33353617787361145,0.33353617787361145,7168,0.0,0.0
1970-06-24 00:00:00-04:00,0.3335363518595964,0.33813684743387973,0.3335363518595964,0.33583658933639526,7403,0.0,0.0
1970-06-25 00:00:00-04:00,0.33583641415051385,0.33583641415051385,0.33123592097603416,0.33353617787361145,6815,0.0,0.0
1970-06-26 00:00:00-04:00,0.33353622704935526,0.33353622704935526,0.3289357125759125,0.3289357125759125,14100,0.0,0.0
1970-06-29 00:00:00-04:00,0.32893577659543777,0.3312360342798496,0.32433528184729593,0.32663553953170776,8225,0.0,0.0
1970-06-30 00:00:00-04:00,0.32663541467639257,0.32663541467639257,0.3220349010661001,0.32433515787124634,8460,0.0,0.0
1970-07-01 00:00:00-04:00,0.32433515787124634,0.32433515787124634,0.31973466488162783,0.32433515787124634,13278,0.0,0.0
1970-07-02 00:00:00-04:00,0.3220348689237882,0.3220348689237882,0.3197346329689026,0.3197346329689026,9400,0.0,0.0
1970-07-06 00:00:00-04:00,0.31973465927593075,0.32203489542007446,0.3174344025111134,0.32203489542007446,13983,0.0,0.0
1970-07-07 00:00:00-04:00,0.3220348689237882,0.3220348689237882,0.3151341198177875,0.3197346329689026,10223,0.0,0.0
1970-07-08 00:00:00-04:00,0.3197347870991541,0.32663553953170776,0.31743452941474226,0.32663553953170776,16920,0.0,0.0
1970-07-09 00:00:00-04:00,0.32663553953170776,0.32663553953170776,0.32203502416288404,0.32663553953170776,22325,0.0,0.0
1970-07-10 00:00:00-04:00,0.32663541467639257,0.32663541467639257,0.3220349010661001,0.32433515787124634,28200,0.0,0.0
1970-07-13 00:00:00-04:00,0.32433515218489184,0.32663540894970916,0.31973465927593075,0.32203489542007446,43475,0.0,0.0
1970-07-14 00:00:00-04:00,0.32203489542007446,0.32203489542007446,0.3174344025111134,0.32203489542007446,66623,0.0,0.0
1970-07-15 00:00:00-04:00,0.3220349010661001,0.32433515787124634,0.31973466488162783,0.32433515787124634,113270,0.0,0.0
1970-07-16 00:00:00-04:00,0.32433528184729593,0.32663553953170776,0.32203502416288404,0.32663553953170776,52993,0.0,0.0
1970-07-17 00:00:00-04:00,0.32663553953170776,0.32893577659543777,0.32433528184729593,0.32663553953170776,56165,0.0,0.0
1970-07-20 00:00:00-04:00,0.32663541467639257,0.32893565086086485,0.32433515787124634,0.32433515787124634,58515,0.0,0.0
1970-07-21 00:00:00-04:00,0.32433515218489184,0.32663540894970916,0.32203489542007446,0.32203489542007446,29845,0.0,0.0
1970-07-22 00:00:00-04:00,0.32203489542007446,0.32203489542007446,0.31973465927593075,0.32203489542007446,39363,0.0,0.0
1970-07-23 00:00:00-04:00,0.32203489542007446,0.32203489542007446,0.31973465927593075,0.32203489542007446,19035,0.0,0.0
1970-07-24 00:00:00-04:00,0.32203489542007446,0.32203489542007446,0.3174344025111134,0.32203489542007446,28905,0.0,0.0
1970-07-27 00:00:00-04:00,0.3220349010661001,0.32433515787124634,0.31973466488162783,0.32433515787124634,17155,0.0,0.0
1970-07-28 00:00:00-04:00,0.32433528184729593,0.32663553953170776,0.32203502416288404,0.32663553953170776,14688,0.0,0.0
1970-07-29 00:00:00-04:00,0.32663541467639257,0.32663541467639257,0.3220349010661001,0.32433515787124634,18095,0.0,0.0
1970-07-30 00:00:00-04:00,0.32433515787124634,0.32433515787124634,0.3220349010661001,0.32433515787124634,9165,0.0,0.0
1970-07-31 00:00:00-04:00,0.32433515787124634,0.32433515787124634,0.3220349010661001,0.32433515787124634,14453,0.0,0.0
1970-08-03 00:00:00-04:00,0.32433515787124634,0.32663541467639257,0.3220349010661001,0.32433515787124634,10223,0.0,0.0
1970-08-04 00:00:00-04:00,0.32433515787124634,0.32663541467639257,0.31973466488162783,0.32433515787124634,17743,0.0,0.0
1970-08-05 00:00:00-04:00,0.32433528184729593,0.32663553953170776,0.32203502416288404,0.32663553953170776,6110,0.0,0.0
1970-08-06 00:00:00-04:00,0.32663541467639257,0.32663541467639257,0.3220349010661001,0.32433515787124634,9870,0.0,0.0
1970-08-07 00:00:00-04:00,0.32433515218489184,0.32663540894970916,0.32203489542007446,0.32203489542007446,10105,0.0,0.0
1970-08-10 00:00:00-04:00,0.32203502416288404,0.32663553953170776,0.32203502416288404,0.32663553953170776,11750,0.0,0.0
1970-08-11 00:00:00-04:00,0.32663541467639257,0.32663541467639257,0.3220349010661001,0.32433515787124634,8813,0.0,0.0
1970-08-12 00:00:00-04:00,0.32433515787124634,0.32663541467639257,0.32433515787124634,0.32433515787124634,8225,0.0,0.0
1970-08-13 00:00:00-04:00,0.32433515218489184,0.32663540894970916,0.32203489542007446,0.32203489542007446,12220,0.0,0.0
1970-08-14 00:00:00-04:00,0.3220349010661001,0.32433515787124634,0.3220349010661001,0.32433515787124634,8930,0.0,0.0
1970-08-17 00:00:00-04:00,0.32433515787124634,0.32663541467639257,0.32433515787124634,0.32433515787124634,9283,0.0,0.0
1970-08-18 00:00:00-04:00,0.32433515218489184,0.32663540894970916,0.32203489542007446,0.32203489542007446,11398,0.0,0.0
1970-08-19 00:00:00-04:00,0.3220349010661001,0.32663541467639257,0.3220349010661001,0.32433515787124634,10928,0.0,0.0
1970-08-20 00:00:00-04:00,0.32433515787124634,0.32893565086086485,0.32433515787124634,0.32433515787124634,14923,0.0,0.0
1970-08-21 00:00:00-04:00,0.32433515787124634,0.32663541467639257,0.32433515787124634,0.32433515787124634,16333,0.0,0.0
1970-08-24 00:00:00-04:00,0.3243352187231475,0.3289357125759125,0.3243352187231475,0.3289357125759125,31255,0.0,0.0
1970-08-25 00:00:00-04:00,0.3289357125759125,0.33123596981263387,0.3266354759598689,0.3289357125759125,14453,0.0,0.0
1970-08-26 00:00:00-04:00,0.3289356585634291,0.3312359154224396,0.32663542232509307,0.3312359154224396,15980,0.0,0.0
1970-08-27 00:00:00-04:00,0.3312359154224396,0.3312359154224396,0.32663542232509307,0.3312359154224396,9635,0.0,0.0
1970-08-28 00:00:00-04:00,0.33123596981263387,0.33123596981263387,0.3243352187231475,0.3289357125759125,38188,0.0,0.0
1970-08-31 00:00:00-04:00,0.3289356585634291,0.3312359154224396,0.3289356585634291,0.3312359154224396,11398,0.0,0.0
1970-09-01 00:00:00-04:00,0.3312360342798496,0.3312360342798496,0.32663553953170776,0.32663553953170776,19270,0.0,0.0
1970-09-02 00:00:00-04:00,0.32663542232509307,0.3312359154224396,0.32663542232509307,0.3312359154224396,8813,0.0,0.0
1970-09-03 00:00:00-04:00,0.3312359154224396,0.3312359154224396,0.32663542232509307,0.3312359154224396,14805,0.0,0.0
1970-09-04 00:00:00-04:00,0.3312360342798496,0.3312360342798496,0.32663553953170776,0.32663553953170776,16333,0.0,0.0
1970-09-08 00:00:00-04:00,0.32663542232509307,0.3312359154224396,0.32663542232509307,0.3312359154224396,14335,0.0,0.0
1970-09-09 00:00:00-04:00,0.3312359154224396,0.3335361722814501,0.3289356585634291,0.3312359154224396,18095,0.0,0.0
1970-09-10 00:00:00-04:00,0.3312359154224396,0.3335361722814501,0.3289356585634291,0.3312359154224396,14688,0.0,0.0
1970-09-11 00:00:00-04:00,0.33123609376211194,0.33583658933639526,0.33123609376211194,0.33583658933639526,15628,0.0,0.0
1970-09-14 00:00:00-04:00,0.33583658933639526,0.33583658933639526,0.33123609376211194,0.33583658933639526,10810,0.0,0.0
1970-09-15 00:00:00-04:00,0.33583640851978613,0.33583640851978613,0.3312359154224396,0.3312359154224396,12925,0.0,0.0
1970-09-16 00:00:00-04:00,0.33123592097603416,0.33353617787361145,0.33123592097603416,0.33353617787361145,13630,0.0,0.0
1970-09-17 00:00:00-04:00,0.3335362973603518,0.33813679218292236,0.3335362973603518,0.33813679218292236,8813,0.0,0.0
1970-09-18 00:00:00-04:00,0.33813679218292236,0.34043704990454876,0.3335362973603518,0.33813679218292236,11398,0.0,0.0
1970-09-21 00:00:00-04:00,0.33813679218292236,0.34043704990454876,0.33583653446129597,0.33813679218292236,16568,0.0,0.0
1970-09-22 00:00:00-04:00,0.33813684743387973,0.3404371055313642,0.33583658933639526,0.33583658933639526,16568,0.0,0.0
1970-09-23 00:00:00-04:00,0.33813664887573786,0.34273714174855324,0.33813664887573786,0.3404369056224823,18448,0.0,0.0
1970-09-24 00:00:00-04:00,0.3404372900844539,0.3450377881526947,0.3404372900844539,0.3450377881526947,18448,0.0,0.0
1970-09-25 00:00:00-04:00,0.3445686995983124,0.3445686995983124,0.33988069594071463,0.3445686995983124,18918,0.297872,0.0
1970-09-28 00:00:00-04:00,0.34456875968654427,0.3469127724305684,0.34222474694252014,0.34222474694252014,10575,0.0,0.0
1970-09-29 00:00:00-04:00,0.3422246872630531,0.3445686995983124,0.3422246872630531,0.3445686995983124,13983,0.0,0.0
1970-09-30 00:00:00-04:00,0.3445686995983124,0.3445686995983124,0.33988069594071463,0.3445686995983124,13983,0.0,0.0
1970-10-01 00:00:00-04:00,0.34456875968654427,0.34456875968654427,0.34222474694252014,0.34222474694252014,6933,0.0,0.0
1970-10-02 00:00:00-04:00,0.34222472627160194,0.34456873887404393,0.33753672207964114,0.33988073468208313,23970,0.0,0.0
1970-10-05 00:00:00-04:00,0.3398807552114206,0.34456875968654427,0.3398807552114206,0.34222474694252014,25850,0.0,0.0
1970-10-06 00:00:00-04:00,0.34222469640211395,0.34222469640211395,0.33753669261932373,0.33753669261932373,15393,0.0,0.0
1970-10-07 00:00:00-04:00,0.33753672207964114,0.34222472627160194,0.33753672207964114,0.33988073468208313,11750,0.0,0.0
1970-10-08 00:00:00-04:00,0.33988073468208313,0.34222472627160194,0.33988073468208313,0.33988073468208313,10458,0.0,0.0
1970-10-09 00:00:00-04:00,0.33988073468208313,0.34222472627160194,0.33988073468208313,0.33988073468208313,8930,0.0,0.0
1970-10-12 00:00:00-04:00,0.33988073468208313,0.34222472627160194,0.33988073468208313,0.33988073468208313,11280,0.0,0.0
1970-10-13 00:00:00-04:00,0.33988073468208313,0.34456873887404393,0.33988073468208313,0.33988073468208313,7755,0.0,0.0
1970-10-14 00:00:00-04:00,0.3398807552114206,0.34222474694252014,0.3398807552114206,0.34222474694252014,4113,0.0,0.0
1970-10-15 00:00:00-04:00,0.34222469640211395,0.34222469640211395,0.33753669261932373,0.33753669261932373,13395,0.0,0.0
1970-10-16 00:00:00-04:00,0.33753669261932373,0.34222469640211395,0.33753669261932373,0.33753669261932373,7285,0.0,0.0
1970-10-19 00:00:00-04:00,0.33753672207964114,0.34222472627160194,0.33753672207964114,0.33988073468208313,15510,0.0,0.0
1970-10-20 00:00:00-04:00,0.3398807552114206,0.34456875968654427,0.33753674246739646,0.34222474694252014,11280,0.0,0.0
1970-10-21 00:00:00-04:00,0.34222472627160194,0.34456873887404393,0.33988073468208313,0.33988073468208313,8695,0.0,0.0
1970-10-22 00:00:00-04:00,0.33988073468208313,0.34222472627160194,0.33753672207964114,0.33988073468208313,9518,0.0,0.0
1970-10-23 00:00:00-04:00,0.33988070501717954,0.34222469640211395,0.33753669261932373,0.33753669261932373,8343,0.0,0.0
1970-10-26 00:00:00-05:00,0.33753669261932373,0.34222469640211395,0.33753669261932373,0.33753669261932373,14453,0.0,0.0
1970-10-27 00:00:00-05:00,0.33753672207964114,0.33988073468208313,0.33753672207964114,0.33988073468208313,15393,0.0,0.0
1970-10-28 00:00:00-05:00,0.33988073468208313,0.33988073468208313,0.33753672207964114,0.33988073468208313,27025,0.0,0.0
1970-10-29 00:00:00-05:00,0.33988058427996254,0.33988058427996254,0.33519256114959717,0.33519256114959717,8578,0.0,0.0
1970-10-30 00:00:00-05:00,0.3351926802214679,0.33753669261932373,0.3328486888365335,0.33753669261932373,8813,0.0,0.0
1970-11-02 00:00:00-05:00,0.33753669261932373,0.33753669261932373,0.3351926802214679,0.33753669261932373,8578,0.0,0.0
1970-11-03 00:00:00-05:00,0.33753669261932373,0.33988070501717954,0.3351926802214679,0.33753669261932373,5993,0.0,0.0
1970-11-04 00:00:00-05:00,0.3375365727147799,0.33988058427996254,0.33519256114959717,0.33519256114959717,7873,0.0,0.0
1970-11-05 00:00:00-05:00,0.33519256114959717,0.3375365727147799,0.3328485705973285,0.33519256114959717,12455,0.0,0.0
1970-11-06 00:00:00-05:00,0.33519256114959717,0.3375365727147799,0.3328485705973285,0.33519256114959717,17390,0.0,0.0
1970-11-09 00:00:00-05:00,0.3351926802214679,0.33988070501717954,0.3351926802214679,0.33753669261932373,16215,0.0,0.0
1970-11-10 00:00:00-05:00,0.33753669261932373,0.33988070501717954,0.3351926802214679,0.33753669261932373,20563,0.0,0.0
1970-11-11 00:00:00-05:00,0.34222474694252014,0.3469127724305684,0.34222474694252014,0.34222474694252014,15745,0.0,0.0
1970-11-12 00:00:00-05:00,0.34222474694252014,0.3469127724305684,0.34222474694252014,0.34222474694252014,8813,0.0,0.0
1970-11-13 00:00:00-05:00,0.34222474694252014,0.34456875968654427,0.3398807552114206,0.34222474694252014,10105,0.0,0.0
1970-11-16 00:00:00-05:00,0.3422246872630531,0.3445686995983124,0.33988069594071463,0.3445686995983124,7168,0.0,0.0
1970-11-17 00:00:00-05:00,0.34456875968654427,0.3469127724305684,0.3398807552114206,0.34222474694252014,8695,0.0,0.0
1970-11-18 00:00:00-05:00,0.3422246872630531,0.3445686995983124,0.3422246872630531,0.3445686995983124,6698,0.0,0.0
1970-11-19 00:00:00-05:00,0.3445686995983124,0.3469127119335717,0.3422246872630531,0.3445686995983124,6463,0.0,0.0
1970-11-20 00:00:00-05:00,0.3445686995983124,0.3469127119335717,0.3445686995983124,0.3445686995983124,9283,0.0,0.0
1970-11-23 00:00:00-05:00,0.3445687789861284,0.3492567837238312,0.3445687789861284,0.3492567837238312,10575,0.0,0.0
1970-11-24 00:00:00-05:00,0.34925678311305314,0.3539447878425575,0.34456877838354877,0.3516007959842682,15275,0.0,0.0
1970-11-25 00:00:00-05:00,0.35160061026302875,0.36097661476947734,0.35160061026302875,0.3586326241493225,15628,0.0,0.0
1970-11-27 00:00:00-05:00,0.35863281159996185,0.3726968467235565,0.35863281159996185,0.3726968467235565,12690,0.0,0.0
1970-11-30 00:00:00-05:00,0.3726968655871532,0.38676085939672866,0.3680088396333926,0.37972888350486755,24558,0.0,0.0
1970-12-01 00:00:00-05:00,0.37972888350486755,0.38441690945862816,0.3750408575511069,0.37972888350486755,23735,0.0,0.0
1970-12-02 00:00:00-05:00,0.37972888350486755,0.38207287546882124,0.3703528736231995,0.37972888350486755,15980,0.0,0.0
1970-12-03 00:00:00-05:00,0.37972888350486755,0.37972888350486755,0.3750408575511069,0.37972888350486755,21503,0.0,0.0
1970-12-04 00:00:00-05:00,0.37972888350486755,0.38207287546882124,0.3773848915409138,0.37972888350486755,12690,0.0,0.0
1970-12-07 00:00:00-05:00,0.3797287677244526,0.38676074147224426,0.3797287677244526,0.38676074147224426,19153,0.0,0.0
1970-12-08 00:00:00-05:00,0.38676086869811355,0.3891049027442932,0.3844169187036424,0.3891049027442932,14100,0.0,0.0
1970-12-09 00:00:00-05:00,0.3891047747473486,0.3891047747473486,0.3844167922488208,0.38676074147224426,15745,0.0,0.0
1970-12-10 00:00:00-05:00,0.38676100787530293,0.389105042764991,0.3844170570373535,0.3844170570373535,13748,0.0,0.0
1970-12-11 00:00:00-05:00,0.3844166000428608,0.3844166000428608,0.37972857786247516,0.3820725679397583,16568,0.0,0.0
1970-12-14 00:00:00-05:00,0.38636578344151695,0.38636578344151695,0.3792108599422155,0.38159582018852234,15393,0.297872,0.0
1970-12-15 00:00:00-05:00,0.38159575980136917,0.38159575980136917,0.37682584006359054,0.37921079993247986,9283,0.0,0.0
1970-12-16 00:00:00-05:00,0.37921079993247986,0.38159575980136917,0.37682584006359054,0.37921079993247986,9400,0.0,0.0
1970-12-17 00:00:00-05:00,0.3792105892084138,0.3815955477520021,0.37444062936088673,0.37682563066482544,16333,0.0,0.0
1970-12-18 00:00:00-05:00,0.37682584006359054,0.38159575980136917,0.37682584006359054,0.37921079993247986,10223,0.0,0.0
1970-12-21 00:00:00-05:00,0.3792105892084138,0.3815955477520021,0.3768256306648255,0.37682563066482544,13278,0.0,0.0
1970-12-22 00:00:00-05:00,0.3768256306648255,0.3815955477520021,0.3768256306648255,0.37682563066482544,20093,0.0,0.0
1970-12-23 00:00:00-05:00,0.37921099470571595,0.38398095965385437,0.37921099470571595,0.38398095965385437,22560,0.0,0.0
1970-12-24 00:00:00-05:00,0.3839805761032921,0.3887504935264588,0.37921061591977206,0.38875049352645874,11750,0.0,0.0
1970-12-28 00:00:00-05:00,0.38875070147867424,0.38875070147867424,0.38398078150396125,0.38636574149131775,9753,0.0,0.0
1970-12-29 00:00:00-05:00,0.3887510272985768,0.39829091800394956,0.3887510272985768,0.39352095127105713,15393,0.0,0.0
1970-12-30 00:00:00-05:00,0.39352086256140717,0.4054457553252569,0.39352086256140717,0.40306079387664795,23030,0.0,0.0
1970-12-31 00:00:00-05:00,0.4054457103285567,0.4292954504489898,0.4054457103285567,0.42929545044898987,29728,0.0,0.0
1971-01-04 00:00:00-05:00,0.42691016066884957,0.42691016066884957,0.4173702805156791,0.4245252013206482,15158,0.0,0.0
1971-01-05 00:00:00-05:00,0.42452520132064814,0.42452520132064814,0.4149852784071128,0.4245252013206482,10105,0.0,0.0
1971-01-06 00:00:00-05:00,0.42452535079571363,0.4269103109836578,0.42214034784738963,0.42691031098365784,15158,0.0,0.0
1971-01-07 00:00:00-05:00,0.42691016066884957,0.42691016066884957,0.41975523986388047,0.4245252013206482,13278,0.0,0.0
1971-01-08 00:00:00-05:00,0.4245255427190325,0.4245255427190325,0.41975557742631553,0.42214053869247437,14218,0.0,0.0
1971-01-11 00:00:00-05:00,0.4221401992120819,0.42452520132064814,0.41975523986388047,0.4245252013206482,14100,0.0,0.0
1971-01-12 00:00:00-05:00,0.42452552808114186,0.4292954504489898,0.42214052413682013,0.42929545044898987,14218,0.0,0.0
1971-01-13 00:00:00-05:00,0.4292952295692562,0.43168023228645325,0.42691026961243483,0.43168023228645325,15628,0.0,0.0
1971-01-14 00:00:00-05:00,0.4316804543933116,0.43406541557723555,0.42691048926506586,0.42929545044898987,11633,0.0,0.0
1971-01-15 00:00:00-05:00,0.4292954504489898,0.43406541557723555,0.4292954504489898,0.42929545044898987,23500,0.0,0.0
1971-01-18 00:00:00-05:00,0.431680203338639,0.43645012293241814,0.431680203338639,0.43406516313552856,22090,0.0,0.0
1971-01-19 00:00:00-05:00,0.434065123590521,0.44599000700931174,0.434065123590521,0.4412200450897217,33723,0.0,0.0
1971-01-20 00:00:00-05:00,0.4412200450897217,0.44599000700931174,0.43883508551011113,0.4412200450897217,13630,0.0,0.0
1971-01-21 00:00:00-05:00,0.43883511424064636,0.43883511424064636,0.431680192273013,0.43883511424064636,15158,0.0,0.0
1971-01-22 00:00:00-05:00,0.43645019449581435,0.43645019449581435,0.4269103109836578,0.42691031098365784,14805,0.0,0.0
1971-01-25 00:00:00-05:00,0.42691016066884957,0.42691016066884957,0.41975523986388047,0.4245252013206482,22443,0.0,0.0
1971-01-26 00:00:00-05:00,0.4245254227768345,0.4245254227768345,0.41737049823945693,0.4197554588317871,21973,0.0,0.0
1971-01-27 00:00:00-05:00,0.419755758498586,0.42452572584894904,0.41498579114822287,0.4173707962036133,13983,0.0,0.0
1971-01-28 00:00:00-05:00,0.41737049823945693,0.42214041942411723,0.41737049823945693,0.4197554588317871,13630,0.0,0.0
1971-01-29 00:00:00-05:00,0.4197555321090606,0.4221404931177365,0.41498556733131414,0.4149855673313141,12220,0.0,0.0
1971-02-01 00:00:00-05:00,0.41498579114822287,0.4221407207935587,0.41498579114822287,0.4173707962036133,11985,0.0,0.0
1971-02-02 00:00:00-05:00,0.41975557742631553,0.4245255427190325,0.41975557742631553,0.42214053869247437,12690,0.0,0.0
1971-02-03 00:00:00-05:00,0.42214041942411723,0.42214041942411723,0.41498549488673964,0.4197554588317871,18095,0.0,0.0
1971-02-04 00:00:00-05:00,0.41975557742631553,0.4245255427190325,0.4149856121335986,0.42214053869247437,14218,0.0,0.0
1971-02-05 00:00:00-05:00,0.42214041942411723,0.42214041942411723,0.41737049823945693,0.4197554588317871,10928,0.0,0.0
1971-02-08 00:00:00-05:00,0.41975523986388047,0.42452520132064814,0.41975523986388047,0.4245252013206482,12103,0.0,0.0
1971-02-09 00:00:00-05:00,0.4245255427190325,0.4269105039851913,0.41975557742631553,0.42214053869247437,10693,0.0,0.0
1971-02-10 00:00:00-05:00,0.42214052413682013,0.4292954504489898,0.42214052413682013,0.42929545044898987,10223,0.0,0.0
1971-02-11 00:00:00-05:00,0.429295120017051,0.429295120017051,0.42452520132064814,0.4245252013206482,7520,0.0,0.0
1971-02-12 00:00:00-05:00,0.42452535079571363,0.4269103109836578,0.42452535079571363,0.42691031098365784,6815,0.0,0.0
1971-02-16 00:00:00-05:00,0.42929520078137656,0.43645012293241814,0.42929520078137656,0.43406516313552856,11750,0.0,0.0
1971-02-17 00:00:00-05:00,0.43406529960773704,0.4436051845550537,0.43406529960773704,0.4436051845550537,32313,0.0,0.0
1971-02-18 00:00:00-05:00,0.4436050450834597,0.4436050450834597,0.43406516313552856,0.43406516313552856,18448,0.0,0.0
1971-02-19 00:00:00-05:00,0.43168012212561724,0.43168012212561724,0.42452520132064814,0.4245252013206482,19505,0.0,0.0
1971-02-22 00:00:00-05:00,0.4245254227768345,0.4269103833691647,0.4197554588317871,0.4197554588317871,12925,0.0,0.0
1971-02-23 00:00:00-05:00,0.4197555321090606,0.4221404931177365,0.4126006063226382,0.4149855673313141,15393,0.0,0.0
1971-02-24 00:00:00-05:00,0.41498556733131414,0.41737057110038467,0.41021564531396226,0.4149855673313141,22090,0.0,0.0
1971-02-25 00:00:00-05:00,0.41498556733131414,0.41737057110038467,0.4126006063226382,0.4149855673313141,9988,0.0,0.0
1971-02-26 00:00:00-05:00,0.41498579114822287,0.419755758498586,0.41260082885325017,0.4173707962036133,10340,0.0,0.0
1971-03-01 00:00:00-05:00,0.4173705413149342,0.4197555021534085,0.412600576877594,0.412600576877594,10223,0.0,0.0
1971-03-02 00:00:00-05:00,0.4126006063226382,0.41737057110038467,0.40783064154489174,0.4149855673313141,10458,0.0,0.0
1971-03-03 00:00:00-05:00,0.41498556733131414,0.41737057110038467,0.41021564531396226,0.4149855673313141,5758,0.0,0.0
1971-03-04 00:00:00-05:00,0.41498579114822287,0.419755758498586,0.41260082885325017,0.4173707962036133,7520,0.0,0.0
1971-03-05 00:00:00-05:00,0.4197554588317871,0.4269103833691647,0.4197554588317871,0.4197554588317871,7755,0.0,0.0
1971-03-08 00:00:00-05:00,0.41975523986388047,0.42691016066884957,0.41975523986388047,0.4245252013206482,11045,0.0,0.0
1971-03-09 00:00:00-05:00,0.42452520132064814,0.42691016066884957,0.4221401992120819,0.4245252013206482,9870,0.0,0.0
1971-03-10 00:00:00-05:00,0.4245255427190325,0.4269105039851913,0.42214053869247437,0.42214053869247437,5053,0.0,0.0
1971-03-11 00:00:00-05:00,0.42214041942411723,0.4245254227768345,0.4197554588317871,0.4197554588317871,13748,0.0,0.0
1971-03-12 00:00:00-05:00,0.41975523986388047,0.42452520132064814,0.41975523986388047,0.4245252013206482,10105,0.0,0.0
1971-03-15 00:00:00-05:00,0.42452535079571363,0.4269103109836578,0.4197553876594454,0.42691031098365784,13748,0.0,0.0
1971-03-16 00:00:00-05:00,0.4269103833691647,0.4269103833691647,0.4197554588317871,0.4197554588317871,14218,0.0,0.0
1971-03-17 00:00:00-05:00,0.41975523986388047,0.42452520132064814,0.41975523986388047,0.4245252013206482,10340,0.0,0.0
1971-03-18 00:00:00-05:00,0.42452520132064814,0.42452520132064814,0.41975523986388047,0.4245252013206482,12690,0.0,0.0
1971-03-19 00:00:00-05:00,0.42646408053245194,0.42646408053245194,0.4216178820013858,0.4240410029888153,10928,0.297872,0.0
1971-03-22 00:00:00-05:00,0.4240407431202081,0.4240407431202081,0.41677147150039673,0.41677147150039673,11868,0.0,0.0
1971-03-23 00:00:00-05:00,0.41677147150039673,0.42161762361776023,0.41677147150039673,0.41677147150039673,11633,0.0,0.0
1971-03-24 00:00:00-05:00,0.41677147325325564,0.421617625391001,0.41677147325325564,0.4191945493221283,10105,0.0,0.0
1971-03-25 00:00:00-05:00,0.4191945493221283,0.421617625391001,0.41677147325325564,0.4191945493221283,12455,0.0,0.0
1971-03-26 00:00:00-05:00,0.41919443254073074,0.42404062677216414,0.41919443254073074,0.4216175079345703,15158,0.0,0.0
1971-03-29 00:00:00-05:00,0.4216175079345703,0.4216175079345703,0.41919443254073074,0.4216175079345703,9048,0.0,0.0
1971-03-30 00:00:00-05:00,0.42161762361776023,0.42161762361776023,0.41677147150039673,0.41677147150039673,12925,0.0,0.0
1971-03-31 00:00:00-05:00,0.4191945493221283,0.4240407449036401,0.4191945493221283,0.4191945493221283,9753,0.0,0.0
1971-04-01 00:00:00-05:00,0.4191945493221283,0.421617625391001,0.41677147325325564,0.4191945493221283,10223,0.0,0.0
1971-04-02 00:00:00-05:00,0.4191945294255128,0.4191945294255128,0.40950218216629236,0.4143483340740204,25615,0.0,0.0
1971-04-05 00:00:00-05:00,0.41434835199794884,0.41677147150039673,0.4095021998805854,0.41677147150039673,14100,0.0,0.0
1971-04-06 00:00:00-05:00,0.41677145347164873,0.41677145347164873,0.4119252581201564,0.4143483340740204,11398,0.0,0.0
1971-04-07 00:00:00-05:00,0.41434823830929735,0.4216175079345703,0.4119251629154578,0.4216175079345703,11750,0.0,0.0
1971-04-08 00:00:00-05:00,0.421617625391001,0.421617625391001,0.41677147325325564,0.4191945493221283,12455,0.0,0.0
1971-04-12 00:00:00-05:00,0.41919480445774915,0.4240410029888153,0.41919480445774915,0.4240410029888153,11985,0.0,0.0
1971-04-13 00:00:00-05:00,0.42404062677216414,0.42404062677216414,0.41919443254073074,0.4216175079345703,15980,0.0,0.0
1971-04-14 00:00:00-05:00,0.421617625391001,0.4264638209725128,0.4191945493221283,0.4191945493221283,18565,0.0,0.0
1971-04-15 00:00:00-05:00,0.4191945493221283,0.421617625391001,0.4191945493221283,0.4191945493221283,15980,0.0,0.0
1971-04-16 00:00:00-05:00,0.41919480445774915,0.4240410029888153,0.41919480445774915,0.4240410029888153,9518,0.0,0.0
1971-04-19 00:00:00-05:00,0.4240407449036401,0.4264638209725128,0.4191945493221283,0.4191945493221283,20445,0.0,0.0
1971-04-20 00:00:00-05:00,0.41919443254073074,0.42404062677216414,0.41919443254073074,0.4216175079345703,12455,0.0,0.0
1971-04-21 00:00:00-05:00,0.4216175079345703,0.42404062677216414,0.4216175079345703,0.4216175079345703,10340,0.0,0.0
1971-04-22 00:00:00-05:00,0.4216175079345703,0.42404062677216414,0.4216175079345703,0.4216175079345703,15980,0.0,0.0
1971-04-23 00:00:00-05:00,0.4216178820013858,0.4240410029888153,0.41919480445774915,0.4240410029888153,13043,0.0,0.0
1971-04-26 00:00:00-04:00,0.42404097363233817,0.4264640510082245,0.421617852812662,0.4264640510082245,11633,0.0,0.0
1971-04-27 00:00:00-04:00,0.42646408053245194,0.42646408053245194,0.4216178820013858,0.4240410029888153,6580,0.0,0.0
1971-04-28 00:00:00-04:00,0.42404062677216414,0.4264637021660037,0.4216175079345703,0.4216175079345703,11985,0.0,0.0
1971-04-29 00:00:00-04:00,0.4216175079345703,0.42404062677216414,0.4216175079345703,0.4216175079345703,22208,0.0,0.0
1971-04-30 00:00:00-04:00,0.421617625391001,0.4240407449036401,0.41677147325325564,0.4191945493221283,34663,0.0,0.0
1971-05-03 00:00:00-04:00,0.4191945493221283,0.421617625391001,0.41434835374061657,0.4191945493221283,7050,0.0,0.0
1971-05-04 00:00:00-04:00,0.4191945493221283,0.421617625391001,0.41677147325325564,0.4191945493221283,6580,0.0,0.0
1971-05-05 00:00:00-04:00,0.41919443254073074,0.4216175079345703,0.41919443254073074,0.4216175079345703,5875,0.0,0.0
1971-05-06 00:00:00-04:00,0.42161762361776023,0.42161762361776023,0.41677147150039673,0.41677147150039673,5875,0.0,0.0
1971-05-07 00:00:00-04:00,0.41677147150039673,0.42161762361776023,0.41677147150039673,0.41677147150039673,6933,0.0,0.0
1971-05-10 00:00:00-04:00,0.41677145347164873,0.4191945294255128,0.4143483340740204,0.4143483340740204,10458,0.0,0.0
1971-05-11 00:00:00-04:00,0.41434835374061657,0.421617625391001,0.41192527767174386,0.4191945493221283,5993,0.0,0.0
1971-05-12 00:00:00-04:00,0.4191945475590785,0.4191945475590785,0.41677147150039673,0.41677147150039673,6228,0.0,0.0
1971-05-13 00:00:00-04:00,0.4167714214288671,0.4191944971964369,0.41192522644996643,0.41192522644996643,8695,0.0,0.0
1971-05-14 00:00:00-04:00,0.4119253742769824,0.4167715709950301,0.4095022976398468,0.4095022976398468,9988,0.0,0.0
1971-05-17 00:00:00-04:00,0.4095023401505732,0.4119254170392501,0.40707921981811523,0.40707921981811523,13513,0.0,0.0
1971-05-18 00:00:00-04:00,0.4070790314710658,0.41192522644996643,0.4070790314710658,0.41192522644996643,12690,0.0,0.0
1971-05-19 00:00:00-04:00,0.4119253742769824,0.414348450914118,0.4095022976398468,0.4095022976398468,11398,0.0,0.0
1971-05-20 00:00:00-04:00,0.40950218216629236,0.4143483340740204,0.40950218216629236,0.4143483340740204,5053,0.0,0.0
1971-05-21 00:00:00-04:00,0.41434830221753627,0.41434830221753627,0.4095021506823966,0.41192522644996643,10810,0.0,0.0
1971-05-24 00:00:00-04:00,0.4119254170392501,0.414348493927927,0.40707921981811523,0.40707921981811523,12573,0.0,0.0
1971-05-25 00:00:00-04:00,0.407079338802587,0.4095024598432946,0.4022331836087594,0.4046562612056732,12338,0.0,0.0
1971-05-26 00:00:00-04:00,0.4046558660015948,0.4046558660015948,0.3973866403102875,0.3973866403102875,11163,0.0,0.0
1971-05-27 00:00:00-04:00,0.3973866403102875,0.39980967209697194,0.3876942525010417,0.3973866403102875,16920,0.0,0.0
1971-05-28 00:00:00-04:00,0.39738689023558305,0.39738689023558305,0.38769449633057906,0.39254069328308105,11985,0.0,0.0
1971-06-01 00:00:00-04:00,0.39254069328308105,0.3949637700374427,0.39011761652871935,0.39254069328308105,11163,0.0,0.0
1971-06-02 00:00:00-04:00,0.3925406054854414,0.39496368169784546,0.3901175292730374,0.39496368169784546,10810,0.0,0.0
1971-06-03 00:00:00-04:00,0.3949636482666719,0.3949636482666719,0.39011749625205994,0.39011749625205994,5523,0.0,0.0
1971-06-04 00:00:00-04:00,0.39011744817581867,0.3925405238845162,0.3876943290233612,0.3876943290233612,15040,0.0,0.0
1971-06-07 00:00:00-04:00,0.38769437680098867,0.3925405722593659,0.38769437680098867,0.39011749625205994,6228,0.0,0.0
1971-06-08 00:00:00-04:00,0.39011744817581867,0.39011744817581867,0.3876943290233612,0.3876943290233612,10693,0.0,0.0
1971-06-09 00:00:00-04:00,0.3876942969072804,0.39011741585900994,0.38527122139930725,0.38527122139930725,21503,0.0,0.0
1971-06-10 00:00:00-04:00,0.38527125331466366,0.3876943290233612,0.38527125331466366,0.3876943290233612,8930,0.0,0.0
1971-06-11 00:00:00-04:00,0.3876943290233612,0.3876943290233612,0.38527125331466366,0.3876943290233612,7050,0.0,0.0
1971-06-14 00:00:00-04:00,0.38769396258902145,0.3901170794512363,0.3828478157520294,0.3828478157520294,9635,0.0,0.0
1971-06-15 00:00:00-04:00,0.3828481776059661,0.3876943290233612,0.3828481776059661,0.3876943290233612,13983,0.0,0.0
1971-06-16 00:00:00-04:00,0.3872009515762329,0.3872009515762329,0.3847347175590445,0.3872009515762329,7873,0.297872,0.0
1971-06-17 00:00:00-04:00,0.3872013439381698,0.3872013439381698,0.384735107421875,0.384735107421875,74143,0.0,0.0
1971-06-18 00:00:00-04:00,0.384735107421875,0.384735107421875,0.384735107421875,0.384735107421875,25380,0.0,0.0
1971-06-21 00:00:00-04:00,0.384735107421875,0.39460009770465193,0.384735107421875,0.384735107421875,30668,0.0,0.0
1971-06-22 00:00:00-04:00,0.3847347175590445,0.3872009515762329,0.3847347175590445,0.3872009515762329,35955,0.0,0.0
1971-06-23 00:00:00-04:00,0.3847348637250071,0.3847348637250071,0.3773361146450043,0.3773361146450043,109628,0.0,0.0
1971-06-24 00:00:00-04:00,0.37980259017168766,0.384735107421875,0.37980259017168766,0.384735107421875,65448,0.0,0.0
1971-06-25 00:00:00-04:00,0.38473478244490084,0.38473478244490084,0.37980226936109834,0.3822685480117798,18330,0.0,0.0
1971-06-28 00:00:00-04:00,0.38226887090558026,0.3872013439381698,0.38226887090558026,0.384735107421875,22560,0.0,0.0
1971-06-29 00:00:00-04:00,0.3847347175590445,0.38966722981097435,0.3847347175590445,0.3872009515762329,18095,0.0,0.0
1971-06-30 00:00:00-04:00,0.3872011091029415,0.3921336233615875,0.384734874082404,0.3921336233615875,40538,0.0,0.0
1971-07-01 00:00:00-04:00,0.39213320694611253,0.39213320694611253,0.38720069792541384,0.38966697454452515,28435,0.0,0.0
1971-07-02 00:00:00-04:00,0.38966697454452515,0.39213320694611253,0.38720069792541384,0.38966697454452515,16450,0.0,0.0
1971-07-06 00:00:00-04:00,0.389667384948011,0.3945998549461365,0.389667384948011,0.3945998549461365,17273,0.0,0.0
1971-07-07 00:00:00-04:00,0.39459943934769987,0.39459943934769987,0.38966697454452515,0.38966697454452515,21620,0.0,0.0
1971-07-08 00:00:00-04:00,0.389667384948011,0.3945998549461365,0.389667384948011,0.3945998549461365,14453,0.0,0.0
1971-07-09 00:00:00-04:00,0.3945998583821251,0.3945998583821251,0.38966738834104997,0.3921336233615875,16685,0.0,0.0
1971-07-12 00:00:00-04:00,0.39213361994707374,0.3945998549461365,0.389667384948011,0.3945998549461365,14923,0.0,0.0
1971-07-13 00:00:00-04:00,0.3945998583821251,0.3945998583821251,0.38966738834104997,0.3921336233615875,20210,0.0,0.0
1971-07-14 00:00:00-04:00,0.39213361994707374,0.3945998549461365,0.39213361994707374,0.3945998549461365,12690,0.0,0.0
1971-07-15 00:00:00-04:00,0.3945998549461365,0.3945998549461365,0.39213361994707374,0.3945998549461365,23265,0.0,0.0
1971-07-16 00:00:00-04:00,0.39459986684433224,0.3995323812087562,0.39459986684433224,0.3970661461353302,21503,0.0,0.0
1971-07-19 00:00:00-04:00,0.3970662907597817,0.39953252673149103,0.3970662907597817,0.3995325267314911,13043,0.0,0.0
1971-07-20 00:00:00-04:00,0.39953252673149103,0.39953252673149103,0.3970662907597817,0.3995325267314911,17273,0.0,0.0
1971-07-21 00:00:00-04:00,0.3995323691618325,0.3995323691618325,0.3945998549461365,0.3945998549461365,19035,0.0,0.0
1971-07-22 00:00:00-04:00,0.39459986684433224,0.3995323812087562,0.39459986684433224,0.3970661461353302,16568,0.0,0.0
1971-07-23 00:00:00-04:00,0.3970661461353302,0.3995323812087562,0.39459986684433224,0.3970661461353302,16098,0.0,0.0
1971-07-26 00:00:00-04:00,0.3970662907597817,0.4019987627032004,0.3970662907597817,0.3995325267314911,12338,0.0,0.0
1971-07-27 00:00:00-04:00,0.39953252673149103,0.4044650428924978,0.39953252673149103,0.3995325267314911,14335,0.0,0.0
1971-07-28 00:00:00-04:00,0.39953237427381016,0.40446488855261725,0.39953237427381016,0.4019986093044281,12455,0.0,0.0
1971-07-29 00:00:00-04:00,0.40199860930442816,0.40199860930442816,0.39953237427381016,0.4019986093044281,11398,0.0,0.0
1971-07-30 00:00:00-04:00,0.4019986076613086,0.4019986076613086,0.3921336233615875,0.3921336233615875,50055,0.0,0.0
1971-08-02 00:00:00-04:00,0.3946000105704843,0.39953252673149103,0.3946000105704843,0.3995325267314911,9048,0.0,0.0
1971-08-03 00:00:00-04:00,0.3995323691618325,0.3995323691618325,0.3945998549461365,0.3945998549461365,12338,0.0,0.0
1971-08-04 00:00:00-04:00,0.3945998583821251,0.3970661376202336,0.38966738834104997,0.3921336233615875,11985,0.0,0.0
1971-08-05 00:00:00-04:00,0.3921336233615875,0.3970661376202336,0.3921336233615875,0.3921336233615875,9518,0.0,0.0
1971-08-06 00:00:00-04:00,0.39459986684433224,0.3970661461353302,0.39459986684433224,0.3970661461353302,6463,0.0,0.0
1971-08-09 00:00:00-04:00,0.3970661376202336,0.3970661376202336,0.3921336233615875,0.3921336233615875,9048,0.0,0.0
1971-08-10 00:00:00-04:00,0.3921336317709062,0.3970661461353302,0.3921336317709062,0.3970661461353302,7755,0.0,0.0
1971-08-11 00:00:00-04:00,0.3970661376202336,0.3970661376202336,0.3921336233615875,0.3921336233615875,10693,0.0,0.0
1971-08-12 00:00:00-04:00,0.39213361994707374,0.3945998549461365,0.39213361994707374,0.3945998549461365,11750,0.0,0.0
1971-08-13 00:00:00-04:00,0.39459943934769987,0.39459943934769987,0.38966697454452515,0.38966697454452515,6815,0.0,0.0
1971-08-16 00:00:00-04:00,0.39213361994707374,0.3970661341627698,0.39213361994707374,0.3945998549461365,31725,0.0,0.0
1971-08-17 00:00:00-04:00,0.3945998549461365,0.3995323691618325,0.39213361994707374,0.3945998549461365,21738,0.0,0.0
1971-08-18 00:00:00-04:00,0.3945998549461365,0.3970661341627698,0.39213361994707374,0.3945998549461365,22325,0.0,0.0
1971-08-19 00:00:00-04:00,0.3945998583821251,0.3970661376202336,0.38966738834104997,0.3921336233615875,24910,0.0,0.0
1971-08-20 00:00:00-04:00,0.39213361994707374,0.3945998549461365,0.389667384948011,0.3945998549461365,12220,0.0,0.0
1971-08-23 00:00:00-04:00,0.3945998583821251,0.3945998583821251,0.38966738834104997,0.3921336233615875,15980,0.0,0.0
1971-08-24 00:00:00-04:00,0.39213361994707374,0.3945998549461365,0.39213361994707374,0.3945998549461365,25380,0.0,0.0
1971-08-25 00:00:00-04:00,0.3945998549461365,0.3970661341627698,0.39213361994707374,0.3945998549461365,13043,0.0,0.0
1971-08-26 00:00:00-04:00,0.39459943934769987,0.39459943934769987,0.38720069792541384,0.38966697454452515,32900,0.0,0.0
1971-08-27 00:00:00-04:00,0.38966738834104997,0.3945998583821251,0.38966738834104997,0.3921336233615875,7755,0.0,0.0
1971-08-30 00:00:00-04:00,0.39213361994707374,0.3945998549461365,0.39213361994707374,0.3945998549461365,10575,0.0,0.0
1971-08-31 00:00:00-04:00,0.3921336233615875,0.3921336233615875,0.38966738834104997,0.3921336233615875,14100,0.0,0.0
1971-09-01 00:00:00-04:00,0.39213320694611253,0.39459943934769987,0.38966697454452515,0.38966697454452515,7638,0.0,0.0
1971-09-02 00:00:00-04:00,0.3921336233615875,0.3945998583821251,0.3921336233615875,0.3921336233615875,9518,0.0,0.0
1971-09-03 00:00:00-04:00,0.3921336317709062,0.3970661461353302,0.3921336317709062,0.3970661461353302,11398,0.0,0.0
1971-09-07 00:00:00-04:00,0.3970661461353302,0.3995323812087562,0.39459986684433224,0.3970661461353302,27965,0.0,0.0
1971-09-08 00:00:00-04:00,0.3970662907597817,0.39953252673149103,0.3946000105704843,0.3995325267314911,13630,0.0,0.0
1971-09-09 00:00:00-04:00,0.3970661341627698,0.3970661341627698,0.3945998549461365,0.3945998549461365,10223,0.0,0.0
1971-09-10 00:00:00-04:00,0.3945998549461365,0.3995323691618325,0.3945998549461365,0.3945998549461365,18918,0.0,0.0
1971-09-13 00:00:00-04:00,0.39459986684433224,0.3970661461353302,0.3921336317709062,0.3970661461353302,10575,0.0,0.0
1971-09-14 00:00:00-04:00,0.3970661461353302,0.3970661461353302,0.3921336317709062,0.3970661461353302,9048,0.0,0.0
1971-09-15 00:00:00-04:00,0.3970661461353302,0.3970661461353302,0.39459986684433224,0.3970661461353302,8578,0.0,0.0
1971-09-16 00:00:00-04:00,0.3970661341627698,0.3970661341627698,0.3945998549461365,0.3945998549461365,16568,0.0,0.0
1971-09-17 00:00:00-04:00,0.3945998549461365,0.3970661341627698,0.39213361994707374,0.3945998549461365,5523,0.0,0.0
1971-09-20 00:00:00-04:00,0.3945998549461365,0.3945998549461365,0.39213361994707374,0.3945998549461365,13395,0.0,0.0
1971-09-21 00:00:00-04:00,0.3945998549461365,0.3970661341627698,0.39213361994707374,0.3945998549461365,13748,0.0,0.0
1971-09-22 00:00:00-04:00,0.3945998583821251,0.3945998583821251,0.38966738834104997,0.3921336233615875,13630,0.0,0.0
1971-09-23 00:00:00-04:00,0.39213320694611253,0.39213320694611253,0.38966697454452515,0.38966697454452515,16920,0.0,0.0
1971-09-24 00:00:00-04:00,0.39167584857884796,0.39167584857884796,0.3866543471813202,0.3866543471813202,35015,0.297872,0.0
1971-09-27 00:00:00-04:00,0.38665459682889747,0.3916761014686121,0.38665459682889747,0.38916537165641785,9870,0.0,0.0
1971-09-28 00:00:00-04:00,0.3891651203877326,0.39167584857884796,0.3866543471813202,0.3866543471813202,10458,0.0,0.0
1971-09-29 00:00:00-04:00,0.38665459682889747,0.38916537165641785,0.38665459682889747,0.38916537165641785,9635,0.0,0.0
1971-09-30 00:00:00-04:00,0.3891651203877326,0.3891651203877326,0.3866543471813202,0.3866543471813202,12103,0.0,0.0
1971-10-01 00:00:00-04:00,0.38665459682889747,0.3916761014686121,0.38665459682889747,0.38916537165641785,19623,0.0,0.0
1971-10-04 00:00:00-04:00,0.39167594672827866,0.39669744938413654,0.39167594672827866,0.39418667554855347,21738,0.0,0.0
1971-10-05 00:00:00-04:00,0.39418667554855347,0.39669744938413654,0.39167594672827866,0.39418667554855347,17273,0.0,0.0
1971-10-06 00:00:00-04:00,0.3941867441320547,0.3992082476615906,0.39167601487494486,0.3992082476615906,14453,0.0,0.0
1971-10-07 00:00:00-04:00,0.3992082476615906,0.4017189769187004,0.3966975184044807,0.3992082476615906,14218,0.0,0.0
1971-10-08 00:00:00-04:00,0.39920797832935667,0.40171870589256287,0.39920797832935667,0.40171870589256287,13395,0.0,0.0
1971-10-11 00:00:00-04:00,0.4017189769187004,0.4042297511911264,0.3992082476615906,0.3992082476615906,19975,0.0,0.0
1971-10-12 00:00:00-04:00,0.39920797832935667,0.40422947847105484,0.39669725076615053,0.40171870589256287,26320,0.0,0.0
1971-10-13 00:00:00-04:00,0.40171870589256287,0.40422947847105484,0.40171870589256287,0.40171870589256287,14923,0.0,0.0
1971-10-14 00:00:00-04:00,0.4017188377557242,0.4067403395457172,0.4017188377557242,0.40422961115837097,13278,0.0,0.0
1971-10-15 00:00:00-04:00,0.40422961115837097,0.4067403395457172,0.4017188377557242,0.40422961115837097,9753,0.0,0.0
1971-10-18 00:00:00-04:00,0.4067402482032776,0.41176174886558253,0.4067402482032776,0.4067402482032776,18213,0.0,0.0
1971-10-19 00:00:00-04:00,0.4067402482032776,0.40925097602678484,0.40422952037977034,0.4067402482032776,26908,0.0,0.0
1971-10-20 00:00:00-04:00,0.4067403395457172,0.40925106793306343,0.40422961115837097,0.40422961115837097,11398,0.0,0.0
1971-10-21 00:00:00-04:00,0.40422961115837097,0.40925106793306343,0.40422961115837097,0.40422961115837097,11750,0.0,0.0
1971-10-22 00:00:00-04:00,0.40422961115837097,0.4067403395457172,0.40422961115837097,0.40422961115837097,12103,0.0,0.0
1971-10-25 00:00:00-04:00,0.40422961115837097,0.4067403395457172,0.40422961115837097,0.40422961115837097,7520,0.0,0.0
1971-10-26 00:00:00-04:00,0.40422952037977034,0.4067402482032776,0.40171874754097264,0.4067402482032776,14218,0.0,0.0
1971-10-27 00:00:00-04:00,0.406740206034261,0.406740206034261,0.40171870589256287,0.40171870589256287,12455,0.0,0.0
1971-10-28 00:00:00-04:00,0.4017188377557242,0.4067403395457172,0.4017188377557242,0.40422961115837097,13043,0.0,0.0
1971-10-29 00:00:00-04:00,0.40422961115837097,0.4067403395457172,0.4017188377557242,0.40422961115837097,8460,0.0,0.0
1971-11-01 00:00:00-05:00,0.40422947847105484,0.40422947847105484,0.40171870589256287,0.40171870589256287,19388,0.0,0.0
1971-11-02 00:00:00-05:00,0.40171870589256287,0.40422947847105484,0.40171870589256287,0.40171870589256287,14335,0.0,0.0
1971-11-03 00:00:00-05:00,0.4017188377557242,0.40925106793306343,0.4017188377557242,0.40422961115837097,8695,0.0,0.0
1971-11-04 00:00:00-05:00,0.40422947847105484,0.40925093359746717,0.40171870589256287,0.40171870589256287,17860,0.0,0.0
1971-11-05 00:00:00-05:00,0.40171874754097264,0.4067402482032776,0.40171874754097264,0.4067402482032776,9870,0.0,0.0
1971-11-08 00:00:00-05:00,0.4067403395457172,0.40925106793306343,0.40422961115837097,0.40422961115837097,8695,0.0,0.0
1971-11-09 00:00:00-05:00,0.40422952037977034,0.4067402482032776,0.40422952037977034,0.4067402482032776,11398,0.0,0.0
1971-11-10 00:00:00-05:00,0.4067402482032776,0.4067402482032776,0.40422952037977034,0.4067402482032776,7755,0.0,0.0
1971-11-11 00:00:00-05:00,0.406740206034261,0.406740206034261,0.40171870589256287,0.40171870589256287,12573,0.0,0.0
1971-11-12 00:00:00-05:00,0.40422961115837097,0.40925106793306343,0.40422961115837097,0.40422961115837097,12455,0.0,0.0
1971-11-15 00:00:00-05:00,0.40422947847105484,0.40925093359746717,0.40171870589256287,0.40171870589256287,9635,0.0,0.0
1971-11-16 00:00:00-05:00,0.4017188377557242,0.4067403395457172,0.4017188377557242,0.40422961115837097,12220,0.0,0.0
1971-11-17 00:00:00-05:00,0.40422961115837097,0.40925106793306343,0.4017188377557242,0.40422961115837097,50995,0.0,0.0
1971-11-18 00:00:00-05:00,0.40422947847105484,0.406740206034261,0.40171870589256287,0.40171870589256287,13983,0.0,0.0
1971-11-19 00:00:00-05:00,0.4017188377557242,0.40422961115837097,0.399208109368378,0.40422961115837097,8578,0.0,0.0
1971-11-22 00:00:00-05:00,0.40422961115837097,0.40422961115837097,0.4017188377557242,0.40422961115837097,5758,0.0,0.0
1971-11-23 00:00:00-05:00,0.40422947847105484,0.40422947847105484,0.39920797832935667,0.40171870589256287,13043,0.0,0.0
1971-11-24 00:00:00-05:00,0.4017189769187004,0.4042297511911264,0.3992082476615906,0.3992082476615906,8108,0.0,0.0
1971-11-26 00:00:00-05:00,0.3992082476615906,0.4017189769187004,0.3992082476615906,0.3992082476615906,7755,0.0,0.0
1971-11-29 00:00:00-05:00,0.40171870589256287,0.40422947847105484,0.40171870589256287,0.40171870589256287,16098,0.0,0.0
1971-11-30 00:00:00-05:00,0.40171870589256287,0.40422947847105484,0.40171870589256287,0.40171870589256287,11633,0.0,0.0
1971-12-01 00:00:00-05:00,0.40171874754097264,0.4067402482032776,0.40171874754097264,0.4067402482032776,9635,0.0,0.0
1971-12-02 00:00:00-05:00,0.4067403395457172,0.4067403395457172,0.40422961115837097,0.40422961115837097,9870,0.0,0.0
1971-12-03 00:00:00-05:00,0.40422963268400824,0.4142725467681885,0.40422963268400824,0.4142725467681885,25968,0.0,0.0
1971-12-06 00:00:00-05:00,0.4142725467681885,0.4192940488255816,0.40925108972609836,0.4142725467681885,8930,0.0,0.0
1971-12-07 00:00:00-05:00,0.41427253354423593,0.41427253354423593,0.4092510766624352,0.4117618501186371,19035,0.0,0.0
1971-12-08 00:00:00-05:00,0.41176204733714356,0.4142727319652657,0.40925127267837524,0.40925127267837524,8930,0.0,0.0
1971-12-09 00:00:00-05:00,0.40925121907490497,0.4167834520339966,0.40925121907490497,0.4167834520339966,7285,0.0,0.0
1971-12-10 00:00:00-05:00,0.41678332030453646,0.41678332030453646,0.41176186326244635,0.4142725467681885,15040,0.0,0.0
1971-12-13 00:00:00-05:00,0.4142725467681885,0.41678332030453646,0.41176186326244635,0.4142725467681885,10928,0.0,0.0
1971-12-14 00:00:00-05:00,0.41427267770408793,0.4192941813485881,0.41427267770408793,0.4167834520339966,13278,0.0,0.0
1971-12-15 00:00:00-05:00,0.41882676115395695,0.41882676115395695,0.41371910153205216,0.416272908449173,15040,0.297872,0.0
1971-12-16 00:00:00-05:00,0.41627263934284336,0.41627263934284336,0.4111650288105011,0.4111650288105011,9988,0.0,0.0
1971-12-17 00:00:00-05:00,0.4111650288105011,0.41371883407667226,0.40861117775669636,0.4111650288105011,8930,0.0,0.0
1971-12-20 00:00:00-05:00,0.4111649255862277,0.41627253483628823,0.40861107517357526,0.41371873021125793,14218,0.0,0.0
1971-12-21 00:00:00-05:00,0.41371873021125793,0.41371873021125793,0.40861107517357526,0.41371873021125793,16333,0.0,0.0
1971-12-22 00:00:00-05:00,0.41371883407667226,0.41371883407667226,0.4111650288105011,0.4111650288105011,7755,0.0,0.0
1971-12-23 00:00:00-05:00,0.4111650288105011,0.41371883407667226,0.4111650288105011,0.4111650288105011,7403,0.0,0.0
1971-12-27 00:00:00-05:00,0.4111650288105011,0.41371883407667226,0.40861117775669636,0.4111650288105011,7990,0.0,0.0
1971-12-28 00:00:00-05:00,0.4111650288105011,0.41371883407667226,0.40861117775669636,0.4111650288105011,14923,0.0,0.0
1971-12-29 00:00:00-05:00,0.41116523223855067,0.42393431067466736,0.41116523223855067,0.42393431067466736,34075,0.0,0.0
1971-12-30 00:00:00-05:00,0.42393383789203903,0.42904144525527954,0.4188262305287985,0.42904144525527954,17978,0.0,0.0
1971-12-31 00:00:00-05:00,0.42904144525527954,0.42904144525527954,0.42393383789203903,0.42904144525527954,12573,0.0,0.0
1972-01-03 00:00:00-05:00,0.42904156469674254,0.4367030236620925,0.42648776030416524,0.43159541487693787,15158,0.0,0.0
1972-01-04 00:00:00-05:00,0.431595401371995,0.43670300999732875,0.431595401371995,0.43414920568466187,13630,0.0,0.0
1972-01-05 00:00:00-05:00,0.43414920568466187,0.43925686009761217,0.43414920568466187,0.43414920568466187,9400,0.0,0.0
1972-01-06 00:00:00-05:00,0.43414931077085794,0.4367031157016754,0.4315955058400405,0.4367031157016754,19035,0.0,0.0
1972-01-07 00:00:00-05:00,0.43670311539737866,0.4443645759721201,0.43670311539737866,0.4392569661140442,14453,0.0,0.0
1972-01-10 00:00:00-05:00,0.44181077259381296,0.446918428257444,0.44181077259381296,0.4443645775318146,18683,0.0,0.0
1972-01-11 00:00:00-05:00,0.44436469592829136,0.4520261585712433,0.44436469592829136,0.4520261585712433,54520,0.0,0.0
1972-01-12 00:00:00-05:00,0.4520261585712433,0.45458000997732056,0.44947235295280596,0.4520261585712433,31490,0.0,0.0
1972-01-13 00:00:00-05:00,0.4520262933527191,0.4520262933527191,0.4469186805928986,0.44947248697280884,16098,0.0,0.0
1972-01-14 00:00:00-05:00,0.44947235295280596,0.4520261585712433,0.44947235295280596,0.4520261585712433,14688,0.0,0.0
1972-01-17 00:00:00-05:00,0.4520261585712433,0.4520261585712433,0.44691854733436864,0.4520261585712433,17390,0.0,0.0
1972-01-18 00:00:00-05:00,0.4520261585712433,0.4520261585712433,0.44691854733436864,0.4520261585712433,19388,0.0,0.0
1972-01-19 00:00:00-05:00,0.4520261585712433,0.4520261585712433,0.44947235295280596,0.4520261585712433,16215,0.0,0.0
1972-01-20 00:00:00-05:00,0.4520261585712433,0.4520261585712433,0.44947235295280596,0.4520261585712433,11750,0.0,0.0
1972-01-21 00:00:00-05:00,0.4520261585712433,0.4520261585712433,0.44947235295280596,0.4520261585712433,16450,0.0,0.0
1972-01-24 00:00:00-05:00,0.4520262933527191,0.4520262933527191,0.4469186805928986,0.44947248697280884,16803,0.0,0.0
1972-01-25 00:00:00-05:00,0.4469184266887856,0.4469184266887856,0.4392569661140442,0.4392569661140442,14805,0.0,0.0
1972-01-26 00:00:00-05:00,0.4392569676558113,0.44436457753181463,0.4392569676558113,0.4443645775318146,5288,0.0,0.0
1972-01-27 00:00:00-05:00,0.4443645762817554,0.4443645762817554,0.4367031157016754,0.4367031157016754,23970,0.0,0.0
1972-01-28 00:00:00-05:00,0.4367031157016754,0.43925696642012046,0.4315955058400405,0.4367031157016754,8460,0.0,0.0
1972-01-31 00:00:00-05:00,0.4367030236620925,0.4392568738422878,0.43159541487693787,0.43159541487693787,21738,0.0,0.0
1972-02-01 00:00:00-05:00,0.4315955058400405,0.4367031157016754,0.4315955058400405,0.4367031157016754,10223,0.0,0.0
1972-02-02 00:00:00-05:00,0.43414909840612526,0.43414909840612526,0.42904144525527954,0.42904144525527954,20210,0.0,0.0
1972-02-03 00:00:00-05:00,0.42904183464111817,0.43159568642814494,0.4188266106435982,0.4213803708553314,19388,0.0,0.0
1972-02-04 00:00:00-05:00,0.42138020726038117,0.42648786306381226,0.42138020726038117,0.42648786306381226,17508,0.0,0.0
1972-02-07 00:00:00-05:00,0.42648764157365926,0.42904144525527954,0.42393383789203903,0.42904144525527954,12220,0.0,0.0
1972-02-08 00:00:00-05:00,0.42904156469674254,0.43159541487693787,0.42648776030416524,0.43159541487693787,17390,0.0,0.0
1972-02-09 00:00:00-05:00,0.431595401371995,0.43414920568466187,0.42648774695904473,0.43414920568466187,13630,0.0,0.0
1972-02-10 00:00:00-05:00,0.43414909840612526,0.43414909840612526,0.42648764157365926,0.42904144525527954,13278,0.0,0.0
1972-02-11 00:00:00-05:00,0.42904144525527954,0.42904144525527954,0.42393383789203903,0.42904144525527954,11750,0.0,0.0
1972-02-14 00:00:00-05:00,0.42904144525527954,0.43414909840612526,0.42393383789203903,0.42904144525527954,20680,0.0,0.0
1972-02-15 00:00:00-05:00,0.4290419237340515,0.4290419237340515,0.42393431067466736,0.42393431067466736,8813,0.0,0.0
1972-02-16 00:00:00-05:00,0.42393431067466736,0.4290419237340515,0.42393431067466736,0.42393431067466736,8813,0.0,0.0
1972-02-17 00:00:00-05:00,0.42393431067466736,0.4264881172043594,0.42138045835731897,0.42393431067466736,10693,0.0,0.0
1972-02-18 00:00:00-05:00,0.4239340580559112,0.42648786306381226,0.4239340580559112,0.42648786306381226,7638,0.0,0.0
1972-02-22 00:00:00-05:00,0.42648786306381226,0.4290416680717133,0.4239340580559112,0.42648786306381226,11985,0.0,0.0
1972-02-23 00:00:00-05:00,0.42648764157365926,0.42904144525527954,0.42393383789203903,0.42904144525527954,10223,0.0,0.0
1972-02-24 00:00:00-05:00,0.42904144525527954,0.42904144525527954,0.42648764157365926,0.42904144525527954,8460,0.0,0.0
1972-02-25 00:00:00-05:00,0.42904144525527954,0.43159529472450503,0.42648764157365926,0.42904144525527954,11045,0.0,0.0
1972-02-28 00:00:00-05:00,0.42904144525527954,0.43159529472450503,0.42648764157365926,0.42904144525527954,13630,0.0,0.0
1972-02-29 00:00:00-05:00,0.42904144525527954,0.43159529472450503,0.42648764157365926,0.42904144525527954,11045,0.0,0.0
1972-03-01 00:00:00-05:00,0.42904144525527954,0.42904144525527954,0.42648764157365926,0.42904144525527954,8578,0.0,0.0
1972-03-02 00:00:00-05:00,0.42904144525527954,0.43414909840612526,0.42648764157365926,0.42904144525527954,11985,0.0,0.0
1972-03-03 00:00:00-05:00,0.42904156469674254,0.4367030236620925,0.42904156469674254,0.43159541487693787,9753,0.0,0.0
1972-03-06 00:00:00-05:00,0.43414920568466187,0.43670300999732875,0.43414920568466187,0.43414920568466187,12808,0.0,0.0
1972-03-07 00:00:00-05:00,0.4367031169301819,0.44436457753181463,0.4367031169301819,0.4443645775318146,13043,0.0,0.0
1972-03-08 00:00:00-05:00,0.4443645759721201,0.4443645759721201,0.43670311539737866,0.4392569661140442,6933,0.0,0.0
1972-03-09 00:00:00-05:00,0.4392569661140442,0.44181077104308214,0.43670311539737866,0.4392569661140442,7520,0.0,0.0
1972-03-10 00:00:00-05:00,0.43925686009761217,0.43925686009761217,0.43414920568466187,0.43414920568466187,8225,0.0,0.0
1972-03-13 00:00:00-05:00,0.43414931077085794,0.43925696642012046,0.43414931077085794,0.4367031157016754,7873,0.0,0.0
1972-03-14 00:00:00-05:00,0.43670333710160336,0.4418109953403473,0.43414953087605684,0.4418109953403473,6345,0.0,0.0
1972-03-15 00:00:00-05:00,0.4418109953403473,0.4418109953403473,0.4392571891148008,0.4418109953403473,7285,0.0,0.0
1972-03-16 00:00:00-05:00,0.43925696642012046,0.43925696642012046,0.4315955058400405,0.4367031157016754,8225,0.0,0.0
1972-03-17 00:00:00-05:00,0.43670333710160336,0.44436480156589386,0.43414953087605684,0.4418109953403473,14570,0.0,0.0
1972-03-20 00:00:00-05:00,0.4438876358611658,0.4438876358611658,0.43610013102811485,0.4386959969997406,20093,0.297872,0.0
1972-03-21 00:00:00-05:00,0.4386957272192728,0.4386957272192728,0.43350404500961304,0.43350404500961304,19035,0.0,0.0
1972-03-22 00:00:00-05:00,0.43350398004189733,0.4360997974872589,0.4309081625965357,0.4360997974872589,9283,0.0,0.0
1972-03-23 00:00:00-05:00,0.43610001947232185,0.43610001947232185,0.4283125166313393,0.4309083819389343,10223,0.0,0.0
1972-03-24 00:00:00-05:00,0.43090827379770424,0.43090827379770424,0.4205249547958374,0.4205249547958374,19270,0.0,0.0
1972-03-27 00:00:00-05:00,0.4205248934358111,0.4205248934358111,0.41533321142196655,0.41533321142196655,44180,0.0,0.0
1972-03-28 00:00:00-05:00,0.4153332780199407,0.4231207790189785,0.4153332780199407,0.41792914271354675,34780,0.0,0.0
1972-03-29 00:00:00-05:00,0.41792907569933024,0.41792907569933024,0.4127373936854856,0.41533321142196655,27025,0.0,0.0
1972-03-30 00:00:00-05:00,0.4153332780199407,0.41792914271354675,0.4153332780199407,0.41792914271354675,21033,0.0,0.0
1972-04-03 00:00:00-05:00,0.41792913668059306,0.4231207729110817,0.4153332720244592,0.4205249547958374,9400,0.0,0.0
1972-04-04 00:00:00-05:00,0.4205250833283699,0.4283125400543213,0.4205250833283699,0.4283125400543213,11633,0.0,0.0
1972-04-05 00:00:00-05:00,0.42831231253061425,0.43090817660122,0.41792904241170753,0.4231206774711609,13983,0.0,0.0
1972-04-06 00:00:00-05:00,0.42312071117229205,0.42312071117229205,0.41533321142196655,0.41533321142196655,40185,0.0,0.0
1972-04-07 00:00:00-05:00,0.41792904241170753,0.4231206774711609,0.41792904241170753,0.4231206774711609,9635,0.0,0.0
1972-04-10 00:00:00-05:00,0.4205249608662626,0.4205249608662626,0.41792914271354675,0.41792914271354675,11985,0.0,0.0
1972-04-11 00:00:00-05:00,0.41792913668059306,0.4205249547958374,0.41792913668059306,0.4205249547958374,11163,0.0,0.0
1972-04-12 00:00:00-05:00,0.42052485994143424,0.4231206774711609,0.4153331783411018,0.4231206774711609,34193,0.0,0.0
1972-04-13 00:00:00-05:00,0.4231207729110817,0.4231207729110817,0.41792913668059306,0.4205249547958374,11633,0.0,0.0
1972-04-14 00:00:00-05:00,0.4205249608662626,0.4205249608662626,0.41792914271354675,0.41792914271354675,6815,0.0,0.0
1972-04-17 00:00:00-05:00,0.41792907569933024,0.4205248934358111,0.41533321142196655,0.41533321142196655,16568,0.0,0.0
1972-04-18 00:00:00-05:00,0.4153332780199407,0.4205249608662626,0.4153332780199407,0.41792914271354675,13983,0.0,0.0
1972-04-19 00:00:00-05:00,0.41792907569933024,0.4205248934358111,0.41533321142196655,0.41533321142196655,16803,0.0,0.0
1972-04-20 00:00:00-05:00,0.4153332720244592,0.4205249547958374,0.4153332720244592,0.4205249547958374,12220,0.0,0.0
1972-04-21 00:00:00-05:00,0.4205249608662626,0.4205249608662626,0.4153332780199407,0.41792914271354675,7873,0.0,0.0
1972-04-24 00:00:00-05:00,0.41792914271354675,0.4205249608662626,0.41792914271354675,0.41792914271354675,10458,0.0,0.0
1972-04-25 00:00:00-05:00,0.41792914271354675,0.4205249608662626,0.4153332780199407,0.41792914271354675,7520,0.0,0.0
1972-04-26 00:00:00-05:00,0.41792913668059306,0.4205249547958374,0.4153332720244592,0.4205249547958374,6228,0.0,0.0
1972-04-27 00:00:00-05:00,0.4205249547958374,0.4205249547958374,0.41792913668059306,0.4205249547958374,9048,0.0,0.0
1972-04-28 00:00:00-05:00,0.4205249547958374,0.4205249547958374,0.41792913668059306,0.4205249547958374,7050,0.0,0.0
1972-05-01 00:00:00-04:00,0.4205249608662626,0.4205249608662626,0.4153332780199407,0.41792914271354675,9518,0.0,0.0
1972-05-02 00:00:00-04:00,0.41792914271354675,0.4231207790189785,0.41792914271354675,0.41792914271354675,12925,0.0,0.0
1972-05-03 00:00:00-04:00,0.41792914271354675,0.4205249608662626,0.41792914271354675,0.41792914271354675,11868,0.0,0.0
1972-05-04 00:00:00-04:00,0.41792913668059306,0.4205249547958374,0.41792913668059306,0.4205249547958374,12573,0.0,0.0
1972-05-05 00:00:00-04:00,0.4205249547958374,0.4205249547958374,0.41792913668059306,0.4205249547958374,5523,0.0,0.0
1972-05-08 00:00:00-04:00,0.4205249547958374,0.4205249547958374,0.4153332720244592,0.4205249547958374,33488,0.0,0.0
1972-05-09 00:00:00-04:00,0.4205249608662626,0.4205249608662626,0.4153332780199407,0.41792914271354675,8225,0.0,0.0
1972-05-10 00:00:00-04:00,0.41792914271354675,0.4205249608662626,0.41792914271354675,0.41792914271354675,7520,0.0,0.0
1972-05-11 00:00:00-04:00,0.41792913668059306,0.4205249547958374,0.4153332720244592,0.4205249547958374,5758,0.0,0.0
1972-05-12 00:00:00-04:00,0.4205249608662626,0.4205249608662626,0.41792914271354675,0.41792914271354675,9753,0.0,0.0
1972-05-15 00:00:00-04:00,0.41792913668059306,0.4205249547958374,0.41792913668059306,0.4205249547958374,26908,0.0,0.0
1972-05-16 00:00:00-04:00,0.4205249547958374,0.4205249547958374,0.41792913668059306,0.4205249547958374,5288,0.0,0.0
1972-05-17 00:00:00-04:00,0.4205249608662626,0.4231207790189785,0.41792914271354675,0.41792914271354675,7755,0.0,0.0
1972-05-18 00:00:00-04:00,0.41792914271354675,0.4205249608662626,0.41792914271354675,0.41792914271354675,6580,0.0,0.0
1972-05-19 00:00:00-04:00,0.41792914271354675,0.4205249608662626,0.41792914271354675,0.41792914271354675,13395,0.0,0.0
1972-05-22 00:00:00-04:00,0.41792914271354675,0.4205249608662626,0.41792914271354675,0.41792914271354675,8343,0.0,0.0
1972-05-23 00:00:00-04:00,0.41792913668059306,0.4205249547958374,0.41792913668059306,0.4205249547958374,7285,0.0,0.0
1972-05-24 00:00:00-04:00,0.4205249608662626,0.4205249608662626,0.41792914271354675,0.41792914271354675,11985,0.0,0.0
1972-05-25 00:00:00-04:00,0.41792913668059306,0.4205249547958374,0.41792913668059306,0.4205249547958374,8343,0.0,0.0
1972-05-26 00:00:00-04:00,0.4205249547958374,0.4205249547958374,0.41792913668059306,0.4205249547958374,9165,0.0,0.0
1972-05-30 00:00:00-04:00,0.4205249547958374,0.4205249547958374,0.41792913668059306,0.4205249547958374,6698,0.0,0.0
1972-05-31 00:00:00-04:00,0.4205249608662626,0.4231207790189785,0.4153332780199407,0.41792914271354675,6463,0.0,0.0
1972-06-01 00:00:00-04:00,0.41792914271354675,0.4231207790189785,0.41792914271354675,0.41792914271354675,14100,0.0,0.0
1972-06-02 00:00:00-04:00,0.41792913668059306,0.4205249547958374,0.41792913668059306,0.4205249547958374,5523,0.0,0.0
1972-06-05 00:00:00-04:00,0.4205249547958374,0.4231207729110817,0.41792913668059306,0.4205249547958374,6228,0.0,0.0
1972-06-06 00:00:00-04:00,0.4205249547958374,0.4231207729110817,0.41792913668059306,0.4205249547958374,13395,0.0,0.0
1972-06-07 00:00:00-04:00,0.4205249608662626,0.4205249608662626,0.41792914271354675,0.41792914271354675,7873,0.0,0.0
1972-06-08 00:00:00-04:00,0.41792914271354675,0.4205249608662626,0.41792914271354675,0.41792914271354675,5523,0.0,0.0
1972-06-09 00:00:00-04:00,0.41792914271354675,0.4205249608662626,0.41792914271354675,0.41792914271354675,3408,0.0,0.0
1972-06-12 00:00:00-04:00,0.41792904241170753,0.4231206774711609,0.41792904241170753,0.4231206774711609,8930,0.0,0.0
1972-06-13 00:00:00-04:00,0.4231207729110817,0.4231207729110817,0.41792913668059306,0.4205249547958374,3995,0.0,0.0
1972-06-14 00:00:00-04:00,0.4205249547958374,0.4231207729110817,0.4205249547958374,0.4205249547958374,5170,0.0,0.0
1972-06-15 00:00:00-04:00,0.4205249547958374,0.42571663756721556,0.4205249547958374,0.4205249547958374,5640,0.0,0.0
1972-06-16 00:00:00-04:00,0.4226379692554474,0.4226379692554474,0.4199964970434192,0.4226379692554474,12690,0.297872,0.0
1972-06-19 00:00:00-04:00,0.4226383321230653,0.4226383321230653,0.41999685764312744,0.41999685764312744,10810,0.0,0.0
1972-06-20 00:00:00-04:00,0.4199964970434192,0.42527948882690564,0.4199964970434192,0.4226379692554474,6698,0.0,0.0
1972-06-21 00:00:00-04:00,0.4226383321230653,0.4226383321230653,0.41999685764312744,0.41999685764312744,10223,0.0,0.0
1972-06-22 00:00:00-04:00,0.41999685764312744,0.4226383321230653,0.41999685764312744,0.41999685764312744,12808,0.0,0.0
1972-06-23 00:00:00-04:00,0.41999685764312744,0.4226383321230653,0.41999685764312744,0.41999685764312744,6228,0.0,0.0
1972-06-26 00:00:00-04:00,0.4199966747631329,0.42263814809288874,0.41471368074417114,0.41471368074417114,7873,0.0,0.0
1972-06-27 00:00:00-04:00,0.41471368074417114,0.41735520143337707,0.41471368074417114,0.41471368074417114,10105,0.0,0.0
1972-06-28 00:00:00-04:00,0.4147135111659932,0.41999650302471636,0.4147135111659932,0.4173550307750702,5170,0.0,0.0
1972-06-29 00:00:00-04:00,0.4173550248313909,0.4226379692554474,0.4173550248313909,0.4226379692554474,6580,0.0,0.0
1972-06-30 00:00:00-04:00,0.4226379752743626,0.4226379752743626,0.41735503077507013,0.4173550307750702,6580,0.0,0.0
1972-07-03 00:00:00-04:00,0.4173553831631896,0.4226383321230653,0.4173553831631896,0.41999685764312744,6815,0.0,0.0
1972-07-05 00:00:00-04:00,0.41999650302471636,0.4226379752743626,0.41735503077507013,0.4173550307750702,12808,0.0,0.0
1972-07-06 00:00:00-04:00,0.4173550248313909,0.4226379692554474,0.4173550248313909,0.4226379692554474,6580,0.0,0.0
1972-07-07 00:00:00-04:00,0.4226383321230653,0.4226383321230653,0.4173553831631896,0.41999685764312744,7520,0.0,0.0
1972-07-10 00:00:00-04:00,0.41999650302471636,0.4226379752743626,0.41735503077507013,0.4173550307750702,14570,0.0,0.0
1972-07-11 00:00:00-04:00,0.4173553831631896,0.4226383321230653,0.4173553831631896,0.41999685764312744,5523,0.0,0.0
1972-07-12 00:00:00-04:00,0.41999650302471636,0.41999650302471636,0.4147135111659932,0.4173550307750702,9988,0.0,0.0
1972-07-13 00:00:00-04:00,0.41735503077507013,0.41735503077507013,0.4147135111659932,0.4173550307750702,7285,0.0,0.0
1972-07-14 00:00:00-04:00,0.41735520143337707,0.41735520143337707,0.41471368074417114,0.41471368074417114,4935,0.0,0.0
1972-07-17 00:00:00-04:00,0.41735503077507013,0.41999650302471636,0.41735503077507013,0.4173550307750702,7873,0.0,0.0
1972-07-18 00:00:00-04:00,0.41735503077507013,0.41999650302471636,0.41735503077507013,0.4173550307750702,7050,0.0,0.0
1972-07-19 00:00:00-04:00,0.4173553831631896,0.41999685764312744,0.4173553831631896,0.41999685764312744,12103,0.0,0.0
1972-07-20 00:00:00-04:00,0.41999685764312744,0.41999685764312744,0.41471386132378096,0.41999685764312744,8930,0.0,0.0
1972-07-21 00:00:00-04:00,0.41999685764312744,0.41999685764312744,0.4173553831631896,0.41999685764312744,9165,0.0,0.0
1972-07-24 00:00:00-04:00,0.4199966747631329,0.4199966747631329,0.41471368074417114,0.41471368074417114,9988,0.0,0.0
1972-07-25 00:00:00-04:00,0.4147135111659932,0.41999650302471636,0.4147135111659932,0.4173550307750702,7873,0.0,0.0
1972-07-26 00:00:00-04:00,0.41735503077507013,0.41999650302471636,0.41735503077507013,0.4173550307750702,7638,0.0,0.0
1972-07-27 00:00:00-04:00,0.41735503077507013,0.41999650302471636,0.41735503077507013,0.4173550307750702,6698,0.0,0.0
1972-07-28 00:00:00-04:00,0.41735503077507013,0.41999650302471636,0.41735503077507013,0.4173550307750702,6228,0.0,0.0
1972-07-31 00:00:00-04:00,0.4173553831631896,0.4226383321230653,0.4173553831631896,0.41999685764312744,7285,0.0,0.0
1972-08-01 00:00:00-04:00,0.4199964970434192,0.4226379692554474,0.4173550248313909,0.4226379692554474,5523,0.0,0.0
1972-08-02 00:00:00-04:00,0.4226383321230653,0.4226383321230653,0.41999685764312744,0.41999685764312744,8343,0.0,0.0
1972-08-03 00:00:00-04:00,0.41999650302471636,0.41999650302471636,0.41735503077507013,0.4173550307750702,9635,0.0,0.0
1972-08-04 00:00:00-04:00,0.41735503077507013,0.4226379752743626,0.41735503077507013,0.4173550307750702,7050,0.0,0.0
1972-08-07 00:00:00-04:00,0.41735503077507013,0.41999650302471636,0.41735503077507013,0.4173550307750702,6580,0.0,0.0
1972-08-08 00:00:00-04:00,0.41999685764312744,0.4226383321230653,0.41999685764312744,0.41999685764312744,7755,0.0,0.0
1972-08-09 00:00:00-04:00,0.41999650302471636,0.4226379752743626,0.41735503077507013,0.4173550307750702,8930,0.0,0.0
1972-08-10 00:00:00-04:00,0.41735503077507013,0.41999650302471636,0.4147135111659932,0.4173550307750702,7050,0.0,0.0
1972-08-11 00:00:00-04:00,0.4173553831631896,0.41999685764312744,0.4173553831631896,0.41999685764312744,3408,0.0,0.0
1972-08-14 00:00:00-04:00,0.4199964970434192,0.4226379692554474,0.4173550248313909,0.4226379692554474,7755,0.0,0.0
1972-08-15 00:00:00-04:00,0.4226379752743626,0.4226379752743626,0.41735503077507013,0.4173550307750702,4583,0.0,0.0
1972-08-16 00:00:00-04:00,0.4173553831631896,0.41999685764312744,0.4173553831631896,0.41999685764312744,3173,0.0,0.0
1972-08-17 00:00:00-04:00,0.4199965944979148,0.4252795875072479,0.4199965944979148,0.4252795875072479,9988,0.0,0.0
1972-08-18 00:00:00-04:00,0.42527948882690564,0.42527948882690564,0.4226379692554474,0.4226379692554474,10693,0.0,0.0
1972-08-21 00:00:00-04:00,0.4226379692554474,0.42527948882690564,0.4199964970434192,0.4226379692554474,4818,0.0,0.0
1972-08-22 00:00:00-04:00,0.4226379692554474,0.42527948882690564,0.4226379692554474,0.4226379692554474,6580,0.0,0.0
1972-08-23 00:00:00-04:00,0.4226379692554474,0.42527948882690564,0.4199964970434192,0.4226379692554474,6815,0.0,0.0
1972-08-24 00:00:00-04:00,0.4226383321230653,0.42527985396247386,0.41999685764312744,0.41999685764312744,10458,0.0,0.0
1972-08-25 00:00:00-04:00,0.4199964970434192,0.42792096103893384,0.4199964970434192,0.4226379692554474,8108,0.0,0.0
1972-08-28 00:00:00-04:00,0.4226379692554474,0.42527948882690564,0.4226379692554474,0.4226379692554474,5758,0.0,0.0
1972-08-29 00:00:00-04:00,0.4226379692554474,0.42527948882690564,0.4199964970434192,0.4226379692554474,4348,0.0,0.0
1972-08-30 00:00:00-04:00,0.42263806732286086,0.4252795875072479,0.42263806732286086,0.4252795875072479,5875,0.0,0.0
1972-08-31 00:00:00-04:00,0.42527948882690564,0.42527948882690564,0.4199964970434192,0.4226379692554474,11280,0.0,0.0
1972-09-01 00:00:00-04:00,0.4226379692554474,0.42792096103893384,0.4199964970434192,0.4226379692554474,16803,0.0,0.0
1972-09-05 00:00:00-04:00,0.4226379692554474,0.42527948882690564,0.4199964970434192,0.4226379692554474,4583,0.0,0.0
1972-09-06 00:00:00-04:00,0.4226383321230653,0.4226383321230653,0.41999685764312744,0.41999685764312744,9283,0.0,0.0
1972-09-07 00:00:00-04:00,0.41999650302471636,0.4226379752743626,0.41735503077507013,0.4173550307750702,8225,0.0,0.0
1972-09-08 00:00:00-04:00,0.4173550248313909,0.4226379692554474,0.4173550248313909,0.4226379692554474,4700,0.0,0.0
1972-09-11 00:00:00-04:00,0.4226379692554474,0.4226379692554474,0.4199964970434192,0.4226379692554474,6463,0.0,0.0
1972-09-12 00:00:00-04:00,0.4226379692554474,0.4226379692554474,0.4199964970434192,0.4226379692554474,2938,0.0,0.0
1972-09-13 00:00:00-04:00,0.4226379752743626,0.4226379752743626,0.41735503077507013,0.4173550307750702,10223,0.0,0.0
1972-09-14 00:00:00-04:00,0.4199964970434192,0.4226379692554474,0.4199964970434192,0.4226379692554474,5758,0.0,0.0
1972-09-15 00:00:00-04:00,0.4226379752743626,0.4226379752743626,0.41735503077507013,0.4173550307750702,5758,0.0,0.0
1972-09-18 00:00:00-04:00,0.41735503077507013,0.41999650302471636,0.41735503077507013,0.4173550307750702,4113,0.0,0.0
1972-09-19 00:00:00-04:00,0.4173553831631896,0.4226383321230653,0.4173553831631896,0.41999685764312744,5875,0.0,0.0
1972-09-20 00:00:00-04:00,0.4199964970434192,0.4226379692554474,0.4173550248313909,0.4226379692554474,5993,0.0,0.0
1972-09-21 00:00:00-04:00,0.424788960389555,0.424788960389555,0.4167233456921901,0.41941186785697937,8578,0.297872,0.0
1972-09-22 00:00:00-04:00,0.4194120274301839,0.42210055061787244,0.4140349328517914,0.4140349328517914,8108,0.0,0.0
1972-09-25 00:00:00-04:00,0.41403471119374735,0.4167232811450958,0.41403471119374735,0.4167232811450958,19740,0.0,0.0
1972-09-26 00:00:00-04:00,0.4140349328517914,0.4140349328517914,0.4140349328517914,0.4140349328517914,46178,0.0,0.0
1972-09-27 00:00:00-04:00,0.41403471119374735,0.4221003246418134,0.41403471119374735,0.4167232811450958,46648,0.0,0.0
1972-09-28 00:00:00-04:00,0.4167234388397103,0.4221004843711853,0.4167234388397103,0.4221004843711853,35485,0.0,0.0
1972-09-29 00:00:00-04:00,0.4221004843711853,0.4221004843711853,0.4167234388397103,0.4221004843711853,10928,0.0,0.0
1972-10-02 00:00:00-04:00,0.4221003246418134,0.4221003246418134,0.4167232811450958,0.4167232811450958,11280,0.0,0.0
1972-10-03 00:00:00-04:00,0.4167233456921901,0.42210039002176863,0.4167233456921901,0.41941186785697937,15393,0.0,0.0
1972-10-04 00:00:00-04:00,0.41941186785697937,0.42210039002176863,0.41941186785697937,0.41941186785697937,29728,0.0,0.0
1972-10-05 00:00:00-04:00,0.4194118005988454,0.4247888922691345,0.4194118005988454,0.4247888922691345,14218,0.0,0.0
1972-10-06 00:00:00-04:00,0.4247888922691345,0.4247888922691345,0.4194118005988454,0.4247888922691345,17038,0.0,0.0
1972-10-09 00:00:00-04:00,0.4247888922691345,0.4247888922691345,0.4194118005988454,0.4247888922691345,9283,0.0,0.0
1972-10-10 00:00:00-04:00,0.42210039002176863,0.42210039002176863,0.41941186785697937,0.41941186785697937,5288,0.0,0.0
1972-10-11 00:00:00-04:00,0.4194119616054478,0.4221004843711853,0.4194119616054478,0.4221004843711853,8578,0.0,0.0
1972-10-12 00:00:00-04:00,0.4221003223324953,0.4247888922691345,0.4194118005988454,0.4247888922691345,6933,0.0,0.0
1972-10-13 00:00:00-04:00,0.424788960389555,0.424788960389555,0.41941186785697937,0.41941186785697937,4935,0.0,0.0
1972-10-16 00:00:00-04:00,0.41941186785697937,0.42210039002176863,0.41941186785697937,0.41941186785697937,5405,0.0,0.0
1972-10-17 00:00:00-04:00,0.4194119616054478,0.4221004843711853,0.4194119616054478,0.4221004843711853,9165,0.0,0.0
1972-10-18 00:00:00-04:00,0.4221003223324953,0.4247888922691345,0.4194118005988454,0.4247888922691345,7520,0.0,0.0
1972-10-19 00:00:00-04:00,0.4247888922691345,0.4247888922691345,0.4221003223324953,0.4247888922691345,7285,0.0,0.0
1972-10-20 00:00:00-04:00,0.424788960389555,0.424788960389555,0.41941186785697937,0.41941186785697937,6698,0.0,0.0
1972-10-23 00:00:00-04:00,0.4194118005988454,0.4247888922691345,0.4194118005988454,0.4247888922691345,3878,0.0,0.0
1972-10-24 00:00:00-04:00,0.4247888922691345,0.4247888922691345,0.4194118005988454,0.4247888922691345,8460,0.0,0.0
1972-10-25 00:00:00-04:00,0.4247888922691345,0.4247888922691345,0.4221003223324953,0.4247888922691345,9988,0.0,0.0
1972-10-26 00:00:00-04:00,0.4247890553399307,0.4247890553399307,0.4221004843711853,0.4221004843711853,25145,0.0,0.0
1972-10-27 00:00:00-04:00,0.4221004843711853,0.4247890553399307,0.4221004843711853,0.4221004843711853,7520,0.0,0.0
1972-10-30 00:00:00-05:00,0.4221004843711853,0.4274775781056683,0.4221004843711853,0.4221004843711853,8578,0.0,0.0
1972-10-31 00:00:00-05:00,0.4247888922691345,0.42747741400278433,0.4247888922691345,0.4247888922691345,15158,0.0,0.0
1972-11-01 00:00:00-05:00,0.42747758834384214,0.4355432050372357,0.42747758834384214,0.43285468220710754,22090,0.0,0.0
1972-11-02 00:00:00-05:00,0.43285468645781633,0.43823173217087624,0.43285468645781633,0.4355432093143463,17978,0.0,0.0
1972-11-03 00:00:00-05:00,0.43554311121916517,0.443608677972188,0.43554311121916517,0.4409202039241791,20915,0.0,0.0
1972-11-06 00:00:00-05:00,0.4409202270401389,0.44360870122909546,0.4382316564451799,0.44360870122909546,18918,0.0,0.0
1972-11-08 00:00:00-05:00,0.443608677972188,0.44629724842619434,0.4382316334701728,0.4409202039241791,15275,0.0,0.0
1972-11-09 00:00:00-05:00,0.4409202039241791,0.44629724842619434,0.4409202039241791,0.4409202039241791,13278,0.0,0.0
1972-11-10 00:00:00-05:00,0.4409203018494054,0.4462973475456238,0.4409203018494054,0.4462973475456238,22678,0.0,0.0
1972-11-13 00:00:00-05:00,0.44629727182405443,0.44629727182405443,0.4409202270401389,0.44360870122909546,11515,0.0,0.0
1972-11-14 00:00:00-05:00,0.44360870122909546,0.44629727182405443,0.4409202270401389,0.44360870122909546,16098,0.0,0.0
1972-11-15 00:00:00-05:00,0.443608677972188,0.44629724842619434,0.4409202039241791,0.4409202039241791,16333,0.0,0.0
1972-11-16 00:00:00-05:00,0.4409203018494054,0.4462973475456238,0.4409203018494054,0.4462973475456238,17390,0.0,0.0
1972-11-17 00:00:00-05:00,0.44629727182405443,0.4489857942160122,0.44360870122909546,0.44360870122909546,15745,0.0,0.0
1972-11-20 00:00:00-05:00,0.44360869705023886,0.45167431235313416,0.44360869705023886,0.45167431235313416,15275,0.0,0.0
1972-11-21 00:00:00-05:00,0.4516743240383095,0.4624285101890564,0.4516743240383095,0.4624285101890564,44063,0.0,0.0
1972-11-22 00:00:00-05:00,0.46511712670326233,0.47049422086624654,0.46511712670326233,0.46511712670326233,34663,0.0,0.0
1972-11-24 00:00:00-05:00,0.4651169104409716,0.47318252383372783,0.4651169104409716,0.47049400210380554,36660,0.0,0.0
1972-11-27 00:00:00-05:00,0.47049400210380554,0.47318252383372783,0.4651169104409716,0.47049400210380554,30785,0.0,0.0
1972-11-28 00:00:00-05:00,0.47049400210380554,0.4758710455636501,0.47049400210380554,0.47049400210380554,49115,0.0,0.0
1972-11-29 00:00:00-05:00,0.47049404517560595,0.4731825671516514,0.4678054749965668,0.4678054749965668,20210,0.0,0.0
1972-11-30 00:00:00-05:00,0.4678055550614279,0.4704941257006156,0.4624285101890564,0.4624285101890564,19035,0.0,0.0
1972-12-01 00:00:00-05:00,0.46242843104447584,0.4678054749965668,0.46242843104447584,0.4678054749965668,15628,0.0,0.0
1972-12-04 00:00:00-05:00,0.4678054749965668,0.47049404517560595,0.4651169530205213,0.4678054749965668,18683,0.0,0.0
1972-12-05 00:00:00-05:00,0.46780564968324856,0.47049422086624654,0.46511712670326233,0.46511712670326233,13160,0.0,0.0
1972-12-06 00:00:00-05:00,0.4651169530205213,0.47049404517560595,0.4651169530205213,0.4678054749965668,54873,0.0,0.0
1972-12-07 00:00:00-05:00,0.4678054321708939,0.47049400210380554,0.4678054321708939,0.47049400210380554,16450,0.0,0.0
1972-12-08 00:00:00-05:00,0.47049404517560595,0.47049404517560595,0.4678054749965668,0.4678054749965668,12808,0.0,0.0
1972-12-11 00:00:00-05:00,0.46780564968324856,0.47049422086624654,0.46242860372327615,0.46511712670326233,15745,0.0,0.0
1972-12-12 00:00:00-05:00,0.4651170326252421,0.4678055550614279,0.4624285101890564,0.4624285101890564,10223,0.0,0.0
1972-12-13 00:00:00-05:00,0.4624285101890564,0.4651170326252421,0.4597399395498687,0.4624285101890564,16098,0.0,0.0
1972-12-14 00:00:00-05:00,0.46242846404576,0.46242846404576,0.4543628493390259,0.45973989367485046,9165,0.0,0.0
1972-12-15 00:00:00-05:00,0.45973989367485046,0.45973989367485046,0.4516742789681164,0.45973989367485046,14335,0.0,0.0
1972-12-18 00:00:00-05:00,0.4597399786393568,0.4597399786393568,0.4516743624420169,0.45705145597457886,13043,0.0,0.0
1972-12-19 00:00:00-05:00,0.45436288292276644,0.45436288292276644,0.45167431235313416,0.45167431235313416,11045,0.0,0.0
1972-12-20 00:00:00-05:00,0.4516745357816939,0.4597401550743862,0.4516745357816939,0.4543631076812744,17273,0.0,0.0
1972-12-21 00:00:00-05:00,0.4538161134825989,0.4538161134825989,0.4401469826698303,0.4401469826698303,19623,0.297872,0.0
1972-12-22 00:00:00-05:00,0.4401469826698303,0.44288079902936706,0.43741311729520865,0.4401469826698303,12338,0.0,0.0
1972-12-26 00:00:00-05:00,0.4401469040290437,0.4428807199001312,0.4374130391428801,0.4428807199001312,12925,0.0,0.0
1972-12-27 00:00:00-05:00,0.4428806713612878,0.4456144869327545,0.4401468557898211,0.4456144869327545,10693,0.0,0.0
1972-12-29 00:00:00-05:00,0.44561459711934936,0.4510822296142578,0.44014696462444086,0.4510822296142578,18330,0.0,0.0
1973-01-02 00:00:00-05:00,0.4510820431077333,0.456549722357032,0.44834827700567786,0.45381590723991394,15275,0.0,0.0
1973-01-03 00:00:00-05:00,0.45381639267294355,0.4592840287557369,0.45381639267294355,0.4565502107143402,15040,0.0,0.0
1973-01-04 00:00:00-05:00,0.45654988477126673,0.46201756596565247,0.45654988477126673,0.46201756596565247,16098,0.0,0.0
1973-01-05 00:00:00-05:00,0.46201756596565247,0.4647513820553053,0.45654988477126673,0.46201756596565247,12103,0.0,0.0
1973-01-08 00:00:00-05:00,0.46201766462153177,0.46475148129494387,0.4592837989330292,0.4592837989330292,9753,0.0,0.0
1973-01-09 00:00:00-05:00,0.4592840287557369,0.4647517138536452,0.4565502107143402,0.4565502107143402,12338,0.0,0.0
1973-01-10 00:00:00-05:00,0.4592837008609196,0.4647513820553053,0.4592837008609196,0.46201756596565247,7990,0.0,0.0
1973-01-11 00:00:00-05:00,0.46201766462153177,0.46201766462153177,0.4592837989330292,0.4592837989330292,12925,0.0,0.0
1973-01-12 00:00:00-05:00,0.4592837008609196,0.46201756596565247,0.4592837008609196,0.46201756596565247,9870,0.0,0.0
1973-01-15 00:00:00-05:00,0.46201756596565247,0.4647513820553053,0.45654988477126673,0.46201756596565247,31843,0.0,0.0
1973-01-16 00:00:00-05:00,0.46201756596565247,0.4647513820553053,0.4592837008609196,0.46201756596565247,12220,0.0,0.0
1973-01-17 00:00:00-05:00,0.46201766462153177,0.46201766462153177,0.4592837989330292,0.4592837989330292,16685,0.0,0.0
1973-01-18 00:00:00-05:00,0.4592837989330292,0.46201766462153177,0.45381616558620497,0.4592837989330292,13983,0.0,0.0
1973-01-19 00:00:00-05:00,0.4592837989330292,0.46201766462153177,0.45381616558620497,0.4592837989330292,10458,0.0,0.0
1973-01-22 00:00:00-05:00,0.45928372737170337,0.45928372737170337,0.4510822296142578,0.4510822296142578,12338,0.0,0.0
1973-01-23 00:00:00-05:00,0.45108195995886785,0.45108195995886785,0.44288051611930274,0.44834819436073303,22325,0.0,0.0
1973-01-24 00:00:00-05:00,0.448348351519292,0.45381598266222545,0.4456144869327545,0.4456144869327545,18800,0.0,0.0
1973-01-26 00:00:00-05:00,0.4456145357712187,0.4456145357712187,0.4401469040290437,0.4428807199001312,13630,0.0,0.0
1973-01-29 00:00:00-05:00,0.4428807199001312,0.4456145357712187,0.4428807199001312,0.4428807199001312,11868,0.0,0.0
1973-01-30 00:00:00-05:00,0.4428807199001312,0.4428807199001312,0.4401469040290437,0.4428807199001312,12455,0.0,0.0
1973-01-31 00:00:00-05:00,0.44288051611930274,0.44834819436073303,0.44288051611930274,0.44834819436073303,9988,0.0,0.0
1973-02-01 00:00:00-05:00,0.4483484807635254,0.4483484807635254,0.4401469826698303,0.4401469826698303,9400,0.0,0.0
1973-02-02 00:00:00-05:00,0.4401468557898211,0.4456144869327545,0.4401468557898211,0.4456144869327545,9870,0.0,0.0
1973-02-05 00:00:00-05:00,0.4456144869327545,0.4456144869327545,0.4401468557898211,0.4456144869327545,12690,0.0,0.0
1973-02-06 00:00:00-05:00,0.4456145357712187,0.4456145357712187,0.4428807199001312,0.4428807199001312,6933,0.0,0.0
1973-02-07 00:00:00-05:00,0.4428807199001312,0.4483484006573823,0.4428807199001312,0.4428807199001312,11163,0.0,0.0
1973-02-08 00:00:00-05:00,0.44288079902936706,0.44288079902936706,0.4401469826698303,0.4401469826698303,7755,0.0,0.0
1973-02-09 00:00:00-05:00,0.4401469826698303,0.44288079902936706,0.4401469826698303,0.4401469826698303,8930,0.0,0.0
1973-02-12 00:00:00-05:00,0.4401468557898211,0.4456144869327545,0.4401468557898211,0.4456144869327545,10575,0.0,0.0
1973-02-13 00:00:00-05:00,0.4456146153889038,0.4456146153889038,0.4401469826698303,0.4401469826698303,14218,0.0,0.0
1973-02-14 00:00:00-05:00,0.4401468557898211,0.4456144869327545,0.4401468557898211,0.4456144869327545,8460,0.0,0.0
1973-02-15 00:00:00-05:00,0.4456146153889038,0.4456146153889038,0.4401469826698303,0.4401469826698303,8695,0.0,0.0
1973-02-16 00:00:00-05:00,0.4401469040290437,0.4428807199001312,0.4374130391428801,0.4428807199001312,10928,0.0,0.0
1973-02-20 00:00:00-05:00,0.4428806713612878,0.4456144869327545,0.4428806713612878,0.4456144869327545,11045,0.0,0.0
1973-02-21 00:00:00-05:00,0.4456144869327545,0.4456144869327545,0.4428806713612878,0.4456144869327545,7520,0.0,0.0
1973-02-22 00:00:00-05:00,0.4456145357712187,0.4456145357712187,0.4428807199001312,0.4428807199001312,6815,0.0,0.0
1973-02-23 00:00:00-05:00,0.4428807199001312,0.4483484006573823,0.4428807199001312,0.4428807199001312,8225,0.0,0.0
1973-02-26 00:00:00-05:00,0.4428806713612878,0.448348351519292,0.4428806713612878,0.4456144869327545,5875,0.0,0.0
1973-02-27 00:00:00-05:00,0.4456144869327545,0.448348351519292,0.4428806713612878,0.4456144869327545,5758,0.0,0.0
1973-02-28 00:00:00-05:00,0.4456143307324911,0.44834819436073303,0.44288051611930274,0.44834819436073303,4465,0.0,0.0
1973-03-01 00:00:00-05:00,0.4483484006573823,0.4483484006573823,0.4428807199001312,0.4428807199001312,9400,0.0,0.0
1973-03-02 00:00:00-05:00,0.44288051611930274,0.44834819436073303,0.44288051611930274,0.44834819436073303,7638,0.0,0.0
1973-03-05 00:00:00-05:00,0.4483484006573823,0.4483484006573823,0.4428807199001312,0.4428807199001312,6580,0.0,0.0
1973-03-06 00:00:00-05:00,0.4428807199001312,0.4483484006573823,0.4428807199001312,0.4428807199001312,11633,0.0,0.0
1973-03-07 00:00:00-05:00,0.4456148895336385,0.4592840287557369,0.4456148895336385,0.4565502107143402,12338,0.0,0.0
1973-03-08 00:00:00-05:00,0.45654988477126673,0.46201756596565247,0.4538160686816139,0.46201756596565247,16450,0.0,0.0
1973-03-09 00:00:00-05:00,0.46201789581224856,0.46201789581224856,0.4565502107143402,0.4565502107143402,11280,0.0,0.0
1973-03-12 00:00:00-05:00,0.45654998225961707,0.4592837989330292,0.45381616558620497,0.4592837989330292,8225,0.0,0.0
1973-03-13 00:00:00-05:00,0.45654991112424914,0.45654991112424914,0.4510822296142578,0.4510822296142578,8343,0.0,0.0
1973-03-14 00:00:00-05:00,0.45108195995886785,0.4538158235871098,0.44834819436073303,0.44834819436073303,6463,0.0,0.0
1973-03-15 00:00:00-05:00,0.44834819436073303,0.45108195995886785,0.44288051611930274,0.44834819436073303,14218,0.0,0.0
1973-03-16 00:00:00-05:00,0.4510820431077333,0.456549722357032,0.4510820431077333,0.45381590723991394,9988,0.0,0.0
1973-03-19 00:00:00-05:00,0.4510822296142578,0.4510822296142578,0.44561459711934936,0.4510822296142578,8695,0.0,0.0
1973-03-20 00:00:00-05:00,0.4510822296142578,0.4538160948767949,0.44561459711934936,0.4510822296142578,14335,0.0,0.0
1973-03-21 00:00:00-05:00,0.4510820431077333,0.45381590723991394,0.4510820431077333,0.45381590723991394,9870,0.0,0.0
1973-03-22 00:00:00-05:00,0.45381590723991394,0.45381590723991394,0.4510820431077333,0.45381590723991394,15040,0.0,0.0
1973-03-23 00:00:00-05:00,0.4535486520673509,0.4535486520673509,0.4452011287212372,0.4452011287212372,7755,0.308936,0.0
1973-03-26 00:00:00-05:00,0.44520152625302667,0.45076656341552734,0.44520152625302667,0.45076656341552734,11750,0.0,0.0
1973-03-27 00:00:00-05:00,0.45076656341552734,0.4535490570528634,0.4479840697781913,0.45076656341552734,12220,0.0,0.0
1973-03-28 00:00:00-05:00,0.45076665318422804,0.45076665318422804,0.4452016149134682,0.44798415899276733,12338,0.0,0.0
1973-03-29 00:00:00-05:00,0.4479840697781913,0.45076656341552734,0.4479840697781913,0.45076656341552734,6110,0.0,0.0
1973-03-30 00:00:00-05:00,0.45076616091457433,0.45076616091457433,0.4452011287212372,0.4452011287212372,4818,0.0,0.0
1973-04-02 00:00:00-05:00,0.4452011287212372,0.45076616091457433,0.4452011287212372,0.4452011287212372,8225,0.0,0.0
1973-04-03 00:00:00-05:00,0.44798415899276733,0.45076665318422804,0.44798415899276733,0.44798415899276733,5405,0.0,0.0
1973-04-04 00:00:00-05:00,0.44798415899276733,0.45076665318422804,0.44798415899276733,0.44798415899276733,9870,0.0,0.0
1973-04-05 00:00:00-05:00,0.4479840697781913,0.45076656341552734,0.4479840697781913,0.45076656341552734,11280,0.0,0.0
1973-04-06 00:00:00-05:00,0.45076665318422804,0.45076665318422804,0.44798415899276733,0.44798415899276733,6228,0.0,0.0
1973-04-09 00:00:00-05:00,0.44798415899276733,0.45076665318422804,0.4452016149134682,0.44798415899276733,12103,0.0,0.0
1973-04-10 00:00:00-05:00,0.44798366976179776,0.45076616091457433,0.4452011287212372,0.4452011287212372,13513,0.0,0.0
1973-04-11 00:00:00-05:00,0.44520152625302667,0.45076656341552734,0.44520152625302667,0.45076656341552734,9753,0.0,0.0
1973-04-12 00:00:00-05:00,0.45076629703135423,0.453548789024353,0.4479838050383555,0.453548789024353,10340,0.0,0.0
1973-04-13 00:00:00-05:00,0.4535490570528634,0.4535490570528634,0.45076656341552734,0.45076656341552734,7638,0.0,0.0
1973-04-16 00:00:00-05:00,0.45354906709286597,0.4591140544907276,0.45354906709286597,0.45633161067962646,7520,0.0,0.0
1973-04-17 00:00:00-05:00,0.45633161067962646,0.4591140544907276,0.45354906709286597,0.45633161067962646,13865,0.0,0.0
1973-04-18 00:00:00-05:00,0.45633161067962646,0.45633161067962646,0.45354906709286597,0.45633161067962646,11045,0.0,0.0
1973-04-19 00:00:00-05:00,0.4563313309051509,0.4563313309051509,0.453548789024353,0.453548789024353,9048,0.0,0.0
1973-04-23 00:00:00-05:00,0.4535490570528634,0.4535490570528634,0.45076656341552734,0.45076656341552734,9870,0.0,0.0
1973-04-24 00:00:00-05:00,0.45076629703135423,0.453548789024353,0.4479838050383555,0.453548789024353,16450,0.0,0.0
1973-04-25 00:00:00-05:00,0.453549116505209,0.45911410450935364,0.45076662250313676,0.45911410450935364,13278,0.0,0.0
1973-04-26 00:00:00-05:00,0.45911410450935364,0.45911410450935364,0.453549116505209,0.45911410450935364,4583,0.0,0.0
1973-04-27 00:00:00-05:00,0.4591140544907276,0.4591140544907276,0.45633161067962646,0.45633161067962646,6698,0.0,0.0
1973-04-30 00:00:00-04:00,0.45633161067962646,0.46189659807748806,0.45354906709286597,0.45633161067962646,12808,0.0,0.0
1973-05-01 00:00:00-04:00,0.4563316603951164,0.46189664839926103,0.4563316603951164,0.45911410450935364,24323,0.0,0.0
1973-05-02 00:00:00-04:00,0.45911410450935364,0.46467914240133334,0.45911410450935364,0.45911410450935364,9048,0.0,0.0
1973-05-03 00:00:00-04:00,0.45911399550516824,0.4702440686465931,0.45633155205154685,0.46189653873443604,22325,0.0,0.0
1973-05-04 00:00:00-04:00,0.46189653873443604,0.4646790320758807,0.45911399550516824,0.46189653873443604,6345,0.0,0.0
1973-05-07 00:00:00-04:00,0.46189664839926103,0.46189664839926103,0.4563316603951164,0.45911410450935364,7285,0.0,0.0
1973-05-08 00:00:00-04:00,0.45911410450935364,0.46189664839926103,0.4563316603951164,0.45911410450935364,7168,0.0,0.0
1973-05-09 00:00:00-04:00,0.45911399550516824,0.4646790320758807,0.45911399550516824,0.46189653873443604,7285,0.0,0.0
1973-05-10 00:00:00-04:00,0.46189659807748806,0.4646790917764189,0.45633161067962646,0.45633161067962646,6463,0.0,0.0
1973-05-11 00:00:00-04:00,0.45633161067962646,0.4591140544907276,0.45633161067962646,0.45633161067962646,6463,0.0,0.0
1973-05-14 00:00:00-04:00,0.4563316603951164,0.45911410450935364,0.4563316603951164,0.45911410450935364,9870,0.0,0.0
1973-05-15 00:00:00-04:00,0.45911410450935364,0.46189664839926103,0.4563316603951164,0.45911410450935364,10458,0.0,0.0
1973-05-16 00:00:00-04:00,0.4591140544907276,0.4591140544907276,0.45633161067962646,0.45633161067962646,8695,0.0,0.0
1973-05-17 00:00:00-04:00,0.4563316603951164,0.45911410450935364,0.4563316603951164,0.45911410450935364,5523,0.0,0.0
1973-05-18 00:00:00-04:00,0.45911404432753555,0.45911404432753555,0.45076656341552734,0.45076656341552734,13748,0.0,0.0
1973-05-21 00:00:00-04:00,0.45076665318422804,0.4535491473756887,0.44798415899276733,0.44798415899276733,12455,0.0,0.0
1973-05-22 00:00:00-04:00,0.44798366976179776,0.4535486520673509,0.4452011287212372,0.4452011287212372,11985,0.0,0.0
1973-05-23 00:00:00-04:00,0.44520152625302667,0.45076656341552734,0.44520152625302667,0.45076656341552734,11398,0.0,0.0
1973-05-24 00:00:00-04:00,0.45076656341552734,0.4563316005780281,0.45076656341552734,0.45076656341552734,6698,0.0,0.0
1973-05-25 00:00:00-04:00,0.45076629703135423,0.453548789024353,0.45076629703135423,0.453548789024353,5993,0.0,0.0
1973-05-29 00:00:00-04:00,0.453548789024353,0.453548789024353,0.45076629703135423,0.453548789024353,7168,0.0,0.0
1973-05-30 00:00:00-04:00,0.453548789024353,0.4563313309051509,0.45076629703135423,0.453548789024353,6110,0.0,0.0
1973-05-31 00:00:00-04:00,0.453548789024353,0.4591137730103506,0.45076629703135423,0.453548789024353,5523,0.0,0.0
1973-06-01 00:00:00-04:00,0.453548789024353,0.4563313309051509,0.45076629703135423,0.453548789024353,11280,0.0,0.0
1973-06-04 00:00:00-04:00,0.4535490570528634,0.4563316005780281,0.45076656341552734,0.45076656341552734,6110,0.0,0.0
1973-06-05 00:00:00-04:00,0.45076629703135423,0.453548789024353,0.45076629703135423,0.453548789024353,16920,0.0,0.0
1973-06-06 00:00:00-04:00,0.453548789024353,0.4563313309051509,0.453548789024353,0.453548789024353,5053,0.0,0.0
1973-06-07 00:00:00-04:00,0.453548789024353,0.4563313309051509,0.45076629703135423,0.453548789024353,16450,0.0,0.0
1973-06-08 00:00:00-04:00,0.453548789024353,0.4563313309051509,0.45076629703135423,0.453548789024353,8225,0.0,0.0
1973-06-11 00:00:00-04:00,0.453549008822279,0.4646790320758807,0.453549008822279,0.46189653873443604,5758,0.0,0.0
1973-06-12 00:00:00-04:00,0.46189664839926103,0.46467914240133334,0.45911410450935364,0.45911410450935364,6933,0.0,0.0
1973-06-13 00:00:00-04:00,0.45911410450935364,0.46467914240133334,0.45911410450935364,0.45911410450935364,9400,0.0,0.0
1973-06-14 00:00:00-04:00,0.46167458099413156,0.46167458099413156,0.4560098946094513,0.4560098946094513,8695,0.308936,0.0
1973-06-15 00:00:00-04:00,0.4560098946094513,0.4588422378017914,0.453177500635521,0.4560098946094513,8695,0.0,0.0
1973-06-18 00:00:00-04:00,0.4560095458720115,0.4616742279245747,0.45317715406417847,0.45317715406417847,10810,0.0,0.0
1973-06-19 00:00:00-04:00,0.45317715406417847,0.4560095458720115,0.45317715406417847,0.45317715406417847,9048,0.0,0.0
1973-06-20 00:00:00-04:00,0.45317715406417847,0.4560095458720115,0.45317715406417847,0.45317715406417847,10458,0.0,0.0
1973-06-21 00:00:00-04:00,0.45317715406417847,0.4588418868982931,0.45317715406417847,0.45317715406417847,10223,0.0,0.0
1973-06-22 00:00:00-04:00,0.45317738181740697,0.456009775048715,0.4475126969179446,0.4503450393676758,8343,0.0,0.0
1973-06-25 00:00:00-04:00,0.45034481303789686,0.45317715406417847,0.45034481303789686,0.45317715406417847,6815,0.0,0.0
1973-06-26 00:00:00-04:00,0.45317738181740697,0.45317738181740697,0.4503450393676758,0.4503450393676758,5523,0.0,0.0
1973-06-27 00:00:00-04:00,0.45034481303789686,0.45317715406417847,0.45034481303789686,0.45317715406417847,12573,0.0,0.0
1973-06-28 00:00:00-04:00,0.45317738181740697,0.45317738181740697,0.4475126969179446,0.4503450393676758,7638,0.0,0.0
1973-06-29 00:00:00-04:00,0.45034481303789686,0.4560095458720115,0.44751247201161526,0.45317715406417847,6698,0.0,0.0
1973-07-02 00:00:00-04:00,0.45317731065792305,0.4560097034444789,0.4446802338613934,0.4475126266479492,10223,0.0,0.0
1973-07-03 00:00:00-04:00,0.4475127265564078,0.450345069193723,0.4446803331375122,0.4446803331375122,6463,0.0,0.0
1973-07-05 00:00:00-04:00,0.4446803331375122,0.4475127265564078,0.4446803331375122,0.4446803331375122,5288,0.0,0.0
1973-07-06 00:00:00-04:00,0.4446802338613934,0.4475126266479492,0.4446802338613934,0.4475126266479492,7403,0.0,0.0
1973-07-09 00:00:00-04:00,0.4475127265564078,0.450345069193723,0.4446803331375122,0.4446803331375122,6815,0.0,0.0
1973-07-10 00:00:00-04:00,0.4446803036866366,0.4503450393676758,0.4446803036866366,0.4503450393676758,5170,0.0,0.0
1973-07-11 00:00:00-04:00,0.4503450393676758,0.4503450393676758,0.4475126969179446,0.4503450393676758,8813,0.0,0.0
1973-07-12 00:00:00-04:00,0.45034496865293616,0.45034496865293616,0.4446802338613934,0.4475126266479492,6580,0.0,0.0
1973-07-13 00:00:00-04:00,0.4475125650222871,0.4475125650222871,0.4418478310108185,0.4418478310108185,6933,0.0,0.0
1973-07-16 00:00:00-04:00,0.44184799050019696,0.4446803331375122,0.44184799050019696,0.4446803331375122,7755,0.0,0.0
1973-07-17 00:00:00-04:00,0.44468017262577186,0.4475125650222871,0.4418478310108185,0.4418478310108185,7873,0.0,0.0
1973-07-18 00:00:00-04:00,0.44184826935541094,0.44468061378024937,0.4390159249305725,0.4390159249305725,11045,0.0,0.0
1973-07-19 00:00:00-04:00,0.4390159249305725,0.4390159249305725,0.43051884087444486,0.4390159249305725,20680,0.0,0.0
1973-07-20 00:00:00-04:00,0.43901553608176475,0.43901553608176475,0.4333508014678955,0.4333508014678955,9753,0.0,0.0
1973-07-23 00:00:00-04:00,0.4361830055713654,0.43901539737418516,0.4361830055713654,0.43618300557136536,11045,0.0,0.0
1973-07-24 00:00:00-04:00,0.43618314338404646,0.43901553608176475,0.4333508014678955,0.4333508014678955,15863,0.0,0.0
1973-07-25 00:00:00-04:00,0.4333508014678955,0.43901553608176475,0.4333508014678955,0.4333508014678955,9988,0.0,0.0
1973-07-26 00:00:00-04:00,0.4333506702017313,0.4361830112599384,0.43051832914352417,0.43051832914352417,11045,0.0,0.0
1973-07-27 00:00:00-04:00,0.43051845955174456,0.4333508014678955,0.43051845955174456,0.4333508014678955,9048,0.0,0.0
1973-07-30 00:00:00-04:00,0.4333506702017313,0.4333506702017313,0.43051832914352417,0.43051832914352417,8578,0.0,0.0
1973-07-31 00:00:00-04:00,0.43051845955174456,0.43901553608176475,0.43051845955174456,0.4333508014678955,9753,0.0,0.0
1973-08-01 00:00:00-04:00,0.4333506702017313,0.4333506702017313,0.43051832914352417,0.43051832914352417,10223,0.0,0.0
1973-08-02 00:00:00-04:00,0.4305185977644023,0.4305185977644023,0.4220214931157084,0.4248538613319397,29963,0.0,0.0
1973-08-03 00:00:00-04:00,0.4248539065367782,0.4248539065367782,0.4220215380191803,0.4220215380191803,14100,0.0,0.0
1973-08-06 00:00:00-04:00,0.4220214931157084,0.42768620415737924,0.4220214931157084,0.4248538613319397,11280,0.0,0.0
1973-08-07 00:00:00-04:00,0.4248539065367782,0.4248539065367782,0.41918919489237694,0.4220215380191803,5640,0.0,0.0
1973-08-08 00:00:00-04:00,0.42202140794866083,0.42202140794866083,0.41918906569480896,0.41918906569480896,7285,0.0,0.0
1973-08-09 00:00:00-04:00,0.41918906569480896,0.42485377559329934,0.41918906569480896,0.41918906569480896,6815,0.0,0.0
1973-08-10 00:00:00-04:00,0.41918906569480896,0.42202140794866083,0.41918906569480896,0.41918906569480896,4935,0.0,0.0
1973-08-13 00:00:00-04:00,0.41918906569480896,0.42202140794866083,0.41918906569480896,0.41918906569480896,6345,0.0,0.0
1973-08-14 00:00:00-04:00,0.4191889302979069,0.42202127163692005,0.41635656356811523,0.41635656356811523,11985,0.0,0.0
1973-08-15 00:00:00-04:00,0.41635669805017045,0.42202140794866083,0.41635669805017045,0.41918906569480896,7638,0.0,0.0
1973-08-16 00:00:00-04:00,0.41918906569480896,0.42202140794866083,0.41635669805017045,0.41918906569480896,7873,0.0,0.0
1973-08-17 00:00:00-04:00,0.4191889302979069,0.4191889302979069,0.41635656356811523,0.41635656356811523,3525,0.0,0.0
1973-08-20 00:00:00-04:00,0.41635656356811523,0.42485363836671175,0.41635656356811523,0.41635656356811523,7520,0.0,0.0
1973-08-21 00:00:00-04:00,0.4163564747919519,0.4163564747919519,0.4106917679309845,0.4106917679309845,5405,0.0,0.0
1973-08-22 00:00:00-04:00,0.41069185549931037,0.41635656356811523,0.41069185549931037,0.41635656356811523,4935,0.0,0.0
1973-08-23 00:00:00-04:00,0.41635656356811523,0.41635656356811523,0.41352419683832353,0.41635656356811523,9048,0.0,0.0
1973-08-24 00:00:00-04:00,0.41635682637477905,0.4220215380191803,0.41635682637477905,0.4220215380191803,5053,0.0,0.0
1973-08-27 00:00:00-04:00,0.42202146801957857,0.4248538360673789,0.4135243892669678,0.4135243892669678,7050,0.0,0.0
1973-08-28 00:00:00-04:00,0.4135243304055319,0.42202140794866083,0.4135243304055319,0.41918906569480896,8813,0.0,0.0
1973-08-29 00:00:00-04:00,0.4191889302979069,0.42202127163692005,0.41352419683832353,0.41635656356811523,7403,0.0,0.0
1973-08-30 00:00:00-04:00,0.41635656356811523,0.41635656356811523,0.41352419683832353,0.41635656356811523,7168,0.0,0.0
1973-08-31 00:00:00-04:00,0.41635669805017045,0.41918906569480896,0.4135243304055319,0.41918906569480896,8578,0.0,0.0
1973-09-04 00:00:00-04:00,0.4191891502902689,0.4248538613319397,0.4163567820740376,0.4248538613319397,4700,0.0,0.0
1973-09-05 00:00:00-04:00,0.4248535962455581,0.43051832914352417,0.42202122979657497,0.43051832914352417,6580,0.0,0.0
1973-09-06 00:00:00-04:00,0.43051884087444486,0.4390159249305725,0.4276864456679942,0.4390159249305725,7403,0.0,0.0
1973-09-07 00:00:00-04:00,0.43901548939586515,0.44468017262577186,0.43901548939586515,0.4418478310108185,5170,0.0,0.0
1973-09-10 00:00:00-04:00,0.4418477383954537,0.4418477383954537,0.4361830055713654,0.43618300557136536,7990,0.0,0.0
1973-09-11 00:00:00-04:00,0.43618314338404646,0.44468021991406664,0.4333508014678955,0.4333508014678955,4700,0.0,0.0
1973-09-12 00:00:00-04:00,0.43335066455009685,0.43901539737418516,0.4305183235288283,0.43618300557136536,5640,0.0,0.0
1973-09-13 00:00:00-04:00,0.4361830055713654,0.4418477383954537,0.43335066455009685,0.43618300557136536,3760,0.0,0.0
1973-09-14 00:00:00-04:00,0.43618314338404646,0.43618314338404646,0.4333508014678955,0.4333508014678955,2938,0.0,0.0
1973-09-17 00:00:00-04:00,0.4333506702017313,0.43901540309969744,0.43051832914352417,0.43051832914352417,3878,0.0,0.0
1973-09-18 00:00:00-04:00,0.43051845955174456,0.43618314338404646,0.43051845955174456,0.4333508014678955,4700,0.0,0.0
1973-09-19 00:00:00-04:00,0.43884800390270584,0.43884800390270584,0.43307366967201233,0.43307366967201233,8460,0.308936,0.0
1973-09-20 00:00:00-04:00,0.43307380632294395,0.43596094846725464,0.43018663829658804,0.43596094846725464,6580,0.0,0.0
1973-09-21 00:00:00-04:00,0.43884815521271797,0.4417352974414825,0.43884815521271797,0.44173529744148254,9283,0.0,0.0
1973-09-24 00:00:00-04:00,0.4417352974414825,0.4475096336631036,0.43884815521271797,0.44173529744148254,13865,0.0,0.0
1973-09-25 00:00:00-04:00,0.4417352974414825,0.4475096336631036,0.4417352974414825,0.44173529744148254,9988,0.0,0.0
1973-09-26 00:00:00-04:00,0.4417352974414825,0.44462243967024706,0.43884815521271797,0.44173529744148254,9165,0.0,0.0
1973-09-27 00:00:00-04:00,0.4417352974414825,0.4417352974414825,0.43018665088028635,0.44173529744148254,9518,0.0,0.0
1973-09-28 00:00:00-04:00,0.44173514513601553,0.44173514513601553,0.4301865025566656,0.43307366967201233,10693,0.0,0.0
1973-10-01 00:00:00-04:00,0.4388482846205127,0.447509765625,0.4388482846205127,0.447509765625,12220,0.0,0.0
1973-10-02 00:00:00-04:00,0.44750938117038525,0.44750938117038525,0.44173504820674514,0.4446221888065338,7638,0.0,0.0
1973-10-03 00:00:00-04:00,0.44462243967024706,0.4475096336631036,0.4417352974414825,0.44173529744148254,11633,0.0,0.0
1973-10-04 00:00:00-04:00,0.4417352974414825,0.4475096336631036,0.43884815521271797,0.44173529744148254,11750,0.0,0.0
1973-10-05 00:00:00-04:00,0.44173521997332466,0.4446223616957643,0.4359608847643625,0.438848078250885,6698,0.0,0.0
1973-10-08 00:00:00-04:00,0.438848078250885,0.44173521997332466,0.43307374304192287,0.438848078250885,6463,0.0,0.0
1973-10-09 00:00:00-04:00,0.4388481423756558,0.4388481423756558,0.43307380632294395,0.43596094846725464,6815,0.0,0.0
1973-10-10 00:00:00-04:00,0.435960810905322,0.435960810905322,0.43307366967201233,0.43307366967201233,7520,0.0,0.0
1973-10-11 00:00:00-04:00,0.4330738572659711,0.4388481939979254,0.4301866888999939,0.4301866888999939,6698,0.0,0.0
1973-10-12 00:00:00-04:00,0.43018663829658804,0.43596094846725464,0.43018663829658804,0.43596094846725464,8930,0.0,0.0
1973-10-15 00:00:00-04:00,0.4359609997499,0.4359609997499,0.4301866888999939,0.4301866888999939,9165,0.0,0.0
1973-10-16 00:00:00-04:00,0.4301865025566656,0.43307366967201233,0.42729936132335583,0.43307366967201233,9635,0.0,0.0
1973-10-17 00:00:00-04:00,0.43307380632294395,0.44173528451996646,0.43307380632294395,0.43596094846725464,21503,0.0,0.0
1973-10-18 00:00:00-04:00,0.435960810905322,0.43884800390270584,0.43307366967201233,0.43307366967201233,8578,0.0,0.0
1973-10-19 00:00:00-04:00,0.43307366967201233,0.435960810905322,0.43307366967201233,0.43307366967201233,6463,0.0,0.0
1973-10-22 00:00:00-04:00,0.4330738572659711,0.4330738572659711,0.4301866888999939,0.4301866888999939,11515,0.0,0.0
1973-10-23 00:00:00-04:00,0.4301864916602869,0.4330736587025033,0.4272993505001068,0.4272993505001068,7873,0.0,0.0
1973-10-24 00:00:00-04:00,0.4272993505001068,0.4301864916602869,0.4272993505001068,0.4272993505001068,17860,0.0,0.0
1973-10-25 00:00:00-04:00,0.4272993505001068,0.4301864916602869,0.42441218345789034,0.4272993505001068,10693,0.0,0.0
1973-10-26 00:00:00-04:00,0.42729936132335583,0.43307366967201233,0.42729936132335583,0.43307366967201233,7755,0.0,0.0
1973-10-29 00:00:00-05:00,0.4330738572659711,0.4388481939979254,0.4301866888999939,0.4301866888999939,9635,0.0,0.0
1973-10-30 00:00:00-05:00,0.4301864916602869,0.4330736587025033,0.4272993505001068,0.4272993505001068,6815,0.0,0.0
1973-10-31 00:00:00-05:00,0.4272992379868538,0.4272992379868538,0.4244120717048645,0.4244120717048645,4348,0.0,0.0
1973-11-01 00:00:00-05:00,0.42441202882924467,0.42441202882924467,0.4186377227306366,0.4186377227306366,9870,0.0,0.0
1973-11-02 00:00:00-05:00,0.41863805928159614,0.42152520171091445,0.4157508909702301,0.4157508909702301,6110,0.0,0.0
1973-11-05 00:00:00-05:00,0.4157508909702301,0.42152520171091445,0.4157508909702301,0.4157508909702301,7285,0.0,0.0
1973-11-06 00:00:00-05:00,0.4157508909702301,0.42152520171091445,0.4157508909702301,0.4157508909702301,5758,0.0,0.0
1973-11-07 00:00:00-05:00,0.4157505567403191,0.42152486283892715,0.4157505567403191,0.4186377227306366,4700,0.0,0.0
1973-11-08 00:00:00-05:00,0.4186377227306366,0.42152486283892715,0.4157505567403191,0.4186377227306366,9518,0.0,0.0
1973-11-09 00:00:00-05:00,0.4186377227306366,0.4186377227306366,0.4157505567403191,0.4186377227306366,9988,0.0,0.0
1973-11-12 00:00:00-05:00,0.4186379063452383,0.4186379063452383,0.4070892632007599,0.4070892632007599,10105,0.0,0.0
1973-11-13 00:00:00-05:00,0.40708913269814817,0.4099762990292239,0.38687902014467807,0.3897661864757538,10693,0.0,0.0
1973-11-14 00:00:00-05:00,0.38976631337012774,0.39842778930120065,0.3868791460990906,0.3868791460990906,9165,0.0,0.0
1973-11-15 00:00:00-05:00,0.3868792190471091,0.39554069661134705,0.3868792190471091,0.39265355467796326,41713,0.0,0.0
1973-11-16 00:00:00-05:00,0.39265342427773997,0.40997637365326356,0.39265342427773997,0.3955405652523041,54520,0.0,0.0
1973-11-19 00:00:00-05:00,0.3955406763797953,0.40420215350100647,0.3955406763797953,0.3984278440475464,16333,0.0,0.0
1973-11-20 00:00:00-05:00,0.39842780643597425,0.4070892827395423,0.3955406390407717,0.40131497383117676,31373,0.0,0.0
1973-11-21 00:00:00-05:00,0.4013150637517029,0.4099765419960022,0.4013150637517029,0.4099765419960022,30668,0.0,0.0
1973-11-23 00:00:00-05:00,0.4099764304573891,0.41286357183197997,0.40420209594413076,0.4070892632007599,19505,0.0,0.0
1973-11-26 00:00:00-05:00,0.4070892827395423,0.4070892827395423,0.40131497383117676,0.40131497383117676,23383,0.0,0.0
1973-11-27 00:00:00-05:00,0.40131501171529743,0.40420215350100647,0.3984278440475464,0.3984278440475464,11398,0.0,0.0
1973-11-28 00:00:00-05:00,0.3984278440475464,0.40708932116875757,0.3955406763797953,0.3984278440475464,29845,0.0,0.0
1973-11-29 00:00:00-05:00,0.3984277321089029,0.40131489896550177,0.3955405652523041,0.3955405652523041,19740,0.0,0.0
1973-11-30 00:00:00-05:00,0.3955405652523041,0.3984277321089029,0.39265342427773997,0.3955405652523041,12573,0.0,0.0
1973-12-03 00:00:00-05:00,0.39554049325587526,0.398427659586951,0.3897661864757538,0.3897661864757538,30080,0.0,0.0
1973-12-04 00:00:00-05:00,0.39265342427773997,0.40131489896550177,0.39265342427773997,0.3955405652523041,19035,0.0,0.0
1973-12-05 00:00:00-05:00,0.39554069661134705,0.39842786442677414,0.3897663868625362,0.39265355467796326,12103,0.0,0.0
1973-12-06 00:00:00-05:00,0.39265342427773997,0.3955405652523041,0.3897662574211412,0.3955405652523041,11280,0.0,0.0
1973-12-07 00:00:00-05:00,0.39554049325587526,0.39554049325587526,0.3897661864757538,0.3897661864757538,9048,0.0,0.0
1973-12-10 00:00:00-05:00,0.3897661864757538,0.39554049325587526,0.3897661864757538,0.3897661864757538,14100,0.0,0.0
1973-12-11 00:00:00-05:00,0.3897663868625362,0.39842786442677414,0.3897663868625362,0.39265355467796326,11985,0.0,0.0
1973-12-12 00:00:00-05:00,0.39265342427773997,0.3984277321089029,0.3897662574211412,0.3955405652523041,11750,0.0,0.0
1973-12-13 00:00:00-05:00,0.4011567668576534,0.4011567668576534,0.3923077183911763,0.3952573835849762,18213,0.308936,0.0
1973-12-14 00:00:00-05:00,0.3952572736934051,0.39820696450965465,0.3893579185034373,0.3923076093196869,15510,0.0,0.0
1973-12-17 00:00:00-05:00,0.3923077056969712,0.3923077056969712,0.37755927443504333,0.37755927443504333,15745,0.0,0.0
1973-12-18 00:00:00-05:00,0.3775593860894589,0.38935812929969776,0.37460972011880844,0.38050907850265503,19505,0.0,0.0
1973-12-19 00:00:00-05:00,0.3805089659759365,0.38935801415607807,0.37755927443504333,0.37755927443504333,17508,0.0,0.0
1973-12-20 00:00:00-05:00,0.37755927443504333,0.3834586575168296,0.37755927443504333,0.37755927443504333,15980,0.0,0.0
1973-12-21 00:00:00-05:00,0.37755931996316683,0.3834587037563324,0.37755931996316683,0.3834587037563324,18213,0.0,0.0
1973-12-24 00:00:00-05:00,0.3834586575168296,0.3834586575168296,0.374609609336688,0.37755927443504333,14335,0.0,0.0
1973-12-26 00:00:00-05:00,0.37755931996316683,0.38640836921037414,0.37755931996316683,0.3834587037563324,14453,0.0,0.0
1973-12-27 00:00:00-05:00,0.3834587709158512,0.38640843688650167,0.3775593860894589,0.38050907850265503,22913,0.0,0.0
1973-12-28 00:00:00-05:00,0.38050907850265503,0.38640843688650167,0.38050907850265503,0.38050907850265503,17390,0.0,0.0
1973-12-31 00:00:00-05:00,0.3805092363990613,0.38640859723091125,0.37755954276185805,0.38640859723091125,20680,0.0,0.0
1974-01-02 00:00:00-05:00,0.3864083863798924,0.3982071280479431,0.3864083863798924,0.3982071280479431,8108,0.0,0.0
1974-01-03 00:00:00-05:00,0.3982071106078817,0.40705615986072724,0.3982071106078817,0.404106467962265,8108,0.0,0.0
1974-01-04 00:00:00-05:00,0.4041066089049548,0.41000599475944344,0.4011569424202608,0.4070563018321991,15040,0.0,0.0
1974-01-07 00:00:00-04:00,0.40705625323654426,0.4129556119441986,0.40705625323654426,0.4129556119441986,11280,0.0,0.0
1974-01-08 00:00:00-04:00,0.4129556612441374,0.4129556612441374,0.4070563018321991,0.4070563018321991,12573,0.0,0.0
1974-01-09 00:00:00-04:00,0.40705617546966094,0.4100058674812317,0.40705617546966094,0.4100058674812317,8813,0.0,0.0
1974-01-10 00:00:00-04:00,0.4100058517591894,0.4100058517591894,0.40115680250634395,0.404106467962265,15393,0.0,0.0
1974-01-11 00:00:00-04:00,0.404106467962265,0.40705615986072724,0.40115680250634395,0.404106467962265,6345,0.0,0.0
1974-01-14 00:00:00-04:00,0.4041066089049548,0.41000599475944344,0.4041066089049548,0.4070563018321991,7403,0.0,0.0
1974-01-15 00:00:00-04:00,0.40705617546966094,0.4100058674812317,0.40410648345809014,0.4100058674812317,7755,0.0,0.0
1974-01-16 00:00:00-04:00,0.41000599475944344,0.4129556612441374,0.4041066089049548,0.4070563018321991,5993,0.0,0.0
1974-01-17 00:00:00-04:00,0.40705625323654426,0.4129556119441986,0.40705625323654426,0.4129556119441986,16333,0.0,0.0
1974-01-18 00:00:00-04:00,0.41295553305026034,0.41295553305026034,0.40705617546966094,0.4100058674812317,8460,0.0,0.0
1974-01-21 00:00:00-04:00,0.4100058723587575,0.4188549220561981,0.40705618031209656,0.4188549220561981,15275,0.0,0.0
1974-01-22 00:00:00-04:00,0.4188550193365794,0.4247543783575035,0.41590532660484314,0.41590532660484314,17743,0.0,0.0
1974-01-23 00:00:00-04:00,0.4159052196089442,0.4218045771121979,0.4159052196089442,0.4218045771121979,7755,0.0,0.0
1974-01-24 00:00:00-04:00,0.4188550193365794,0.4188550193365794,0.41590532660484314,0.41590532660484314,7990,0.0,0.0
1974-01-25 00:00:00-04:00,0.41590532660484314,0.4247543783575035,0.41590532660484314,0.41590532660484314,14100,0.0,0.0
1974-01-28 00:00:00-04:00,0.4159052300095371,0.4188549220561981,0.41295553796287615,0.4188549220561981,8930,0.0,0.0
1974-01-29 00:00:00-04:00,0.41885499709440005,0.41885499709440005,0.4129556119441986,0.4129556119441986,7050,0.0,0.0
1974-01-30 00:00:00-04:00,0.41590532660484314,0.4188550193365794,0.41590532660484314,0.41590532660484314,7050,0.0,0.0
1974-01-31 00:00:00-04:00,0.4159052300095371,0.4188549220561981,0.4159052300095371,0.4188549220561981,7520,0.0,0.0
1974-02-01 00:00:00-04:00,0.4188550193365794,0.4188550193365794,0.41590532660484314,0.41590532660484314,5523,0.0,0.0
1974-02-04 00:00:00-04:00,0.41590535417138175,0.41590535417138175,0.4041066089049548,0.4070563018321991,8225,0.0,0.0
1974-02-05 00:00:00-04:00,0.4070563018321991,0.4070563018321991,0.4011569424202608,0.4070563018321991,5875,0.0,0.0
1974-02-06 00:00:00-04:00,0.40705615986072724,0.4100058517591894,0.404106467962265,0.404106467962265,7638,0.0,0.0
1974-02-07 00:00:00-04:00,0.404106467962265,0.40705615986072724,0.404106467962265,0.404106467962265,3290,0.0,0.0
1974-02-08 00:00:00-04:00,0.40705625323654426,0.4129556119441986,0.40705625323654426,0.4129556119441986,8108,0.0,0.0
1974-02-11 00:00:00-04:00,0.4129556119441986,0.4129556119441986,0.40705625323654426,0.4129556119441986,5053,0.0,0.0
1974-02-12 00:00:00-04:00,0.41295563387310685,0.41590532660484314,0.41295563387310685,0.41590532660484314,5523,0.0,0.0
1974-02-13 00:00:00-04:00,0.41590522506183114,0.41590522506183114,0.4100058674812317,0.4100058674812317,6228,0.0,0.0
1974-02-14 00:00:00-04:00,0.41000599475944344,0.4129556612441374,0.4070563018321991,0.4070563018321991,4818,0.0,0.0
1974-02-15 00:00:00-04:00,0.4070563018321991,0.41000599475944344,0.4041066089049548,0.4070563018321991,18683,0.0,0.0
1974-02-19 00:00:00-04:00,0.4070561099324058,0.4100058014690674,0.4011567533016205,0.4011567533016205,11045,0.0,0.0
1974-02-20 00:00:00-04:00,0.4011567533016205,0.40410641839574424,0.3982070617649589,0.4011567533016205,20798,0.0,0.0
1974-02-21 00:00:00-04:00,0.4011567533016205,0.4011567533016205,0.3982070617649589,0.4011567533016205,12338,0.0,0.0
1974-02-22 00:00:00-04:00,0.40115680250634395,0.404106467962265,0.40115680250634395,0.404106467962265,11515,0.0,0.0
1974-02-25 00:00:00-04:00,0.40410641839574424,0.40410641839574424,0.4011567533016205,0.4011567533016205,9870,0.0,0.0
1974-02-26 00:00:00-04:00,0.40410648345809014,0.4100058674812317,0.40410648345809014,0.4100058674812317,8108,0.0,0.0
1974-02-27 00:00:00-04:00,0.4100058674812317,0.4100058674812317,0.40705617546966094,0.4100058674812317,7285,0.0,0.0
1974-02-28 00:00:00-04:00,0.41000599475944344,0.4129556612441374,0.4070563018321991,0.4070563018321991,5640,0.0,0.0
1974-03-01 00:00:00-04:00,0.4070563018321991,0.41000599475944344,0.4070563018321991,0.4070563018321991,6698,0.0,0.0
1974-03-04 00:00:00-04:00,0.4070563018321991,0.41000599475944344,0.4070563018321991,0.4070563018321991,6933,0.0,0.0
1974-03-05 00:00:00-04:00,0.4070563018321991,0.41000599475944344,0.4041066089049548,0.4070563018321991,12220,0.0,0.0
1974-03-06 00:00:00-04:00,0.4070563018321991,0.41000599475944344,0.4041066089049548,0.4070563018321991,9870,0.0,0.0
1974-03-07 00:00:00-04:00,0.4070563018321991,0.4129556612441374,0.4070563018321991,0.4070563018321991,8225,0.0,0.0
1974-03-08 00:00:00-04:00,0.4070563018321991,0.41000599475944344,0.4070563018321991,0.4070563018321991,8813,0.0,0.0
1974-03-11 00:00:00-04:00,0.40705617546966094,0.4100058674812317,0.40410648345809014,0.4100058674812317,8930,0.0,0.0
1974-03-12 00:00:00-04:00,0.41000599475944344,0.41000599475944344,0.4070563018321991,0.4070563018321991,8460,0.0,0.0
1974-03-13 00:00:00-04:00,0.4070563018321991,0.4129556612441374,0.4070563018321991,0.4070563018321991,5640,0.0,0.0
1974-03-14 00:00:00-04:00,0.40705617546966094,0.41295553305026034,0.40705617546966094,0.4100058674812317,11045,0.0,0.0
1974-03-15 00:00:00-04:00,0.4127292759927812,0.4127292759927812,0.40670403838157654,0.40670403838157654,12103,0.308936,0.0
1974-03-18 00:00:00-04:00,0.40670403838157654,0.40971667069056433,0.40369140607258874,0.40670403838157654,10575,0.0,0.0
1974-03-19 00:00:00-04:00,0.4067037790051837,0.4067037790051837,0.4006785452365875,0.4006785452365875,10928,0.0,0.0
1974-03-20 00:00:00-04:00,0.4006788007703719,0.40670403838157654,0.4006788007703719,0.40670403838157654,8460,0.0,0.0
1974-03-21 00:00:00-04:00,0.40670403838157654,0.40971667069056433,0.40369140607258874,0.40670403838157654,14923,0.0,0.0
1974-03-22 00:00:00-04:00,0.4067037790051837,0.4067037790051837,0.4006785452365875,0.4006785452365875,6110,0.0,0.0
1974-03-25 00:00:00-04:00,0.4006785452365875,0.4067037790051837,0.4006785452365875,0.4006785452365875,4583,0.0,0.0
1974-03-26 00:00:00-04:00,0.4006788007703719,0.40670403838157654,0.4006788007703719,0.40670403838157654,4583,0.0,0.0
1974-03-27 00:00:00-04:00,0.4067037790051837,0.4067037790051837,0.4006785452365875,0.4006785452365875,12455,0.0,0.0
1974-03-28 00:00:00-04:00,0.4006788007703719,0.40670403838157654,0.4006788007703719,0.40670403838157654,6933,0.0,0.0
1974-03-29 00:00:00-04:00,0.4036913514137268,0.4036913514137268,0.4006787465194096,0.4036913514137268,4113,0.0,0.0
1974-04-01 00:00:00-04:00,0.40369140607258874,0.40670403838157654,0.4006788007703719,0.40670403838157654,10223,0.0,0.0
1974-04-02 00:00:00-04:00,0.40670403838157654,0.40670403838157654,0.40369140607258874,0.40670403838157654,5758,0.0,0.0
1974-04-03 00:00:00-04:00,0.40971654653549194,0.40971654653549194,0.40971654653549194,0.40971654653549194,38658,0.0,0.0
1974-04-04 00:00:00-04:00,0.40971654653549194,0.40971654653549194,0.40971654653549194,0.40971654653549194,13630,0.0,0.0
1974-04-05 00:00:00-04:00,0.40971654653549194,0.40971654653549194,0.40971654653549194,0.40971654653549194,12690,0.0,0.0
1974-04-08 00:00:00-04:00,0.40971667069056433,0.40971667069056433,0.40670403838157654,0.40670403838157654,36895,0.0,0.0
1974-04-09 00:00:00-04:00,0.40670403838157654,0.40971667069056433,0.40670403838157654,0.40670403838157654,21855,0.0,0.0
1974-04-10 00:00:00-04:00,0.40670403838157654,0.40971667069056433,0.40670403838157654,0.40670403838157654,10928,0.0,0.0
1974-04-11 00:00:00-04:00,0.40670403838157654,0.40971667069056433,0.40670403838157654,0.40670403838157654,10575,0.0,0.0
1974-04-15 00:00:00-04:00,0.40670403838157654,0.40971667069056433,0.40670403838157654,0.40670403838157654,11515,0.0,0.0
1974-04-16 00:00:00-04:00,0.40670403838157654,0.40971667069056433,0.40670403838157654,0.40670403838157654,18800,0.0,0.0
1974-04-17 00:00:00-04:00,0.40670398331481133,0.40971661521589586,0.4036913514137268,0.4036913514137268,51348,0.0,0.0
1974-04-18 00:00:00-04:00,0.4036911486175087,0.4036911486175087,0.3976659148489126,0.4006785452365875,24205,0.0,0.0
1974-04-19 00:00:00-04:00,0.4006788678561125,0.4036914736627305,0.38862836360931396,0.38862836360931396,16803,0.0,0.0
1974-04-22 00:00:00-04:00,0.38862836360931396,0.3946536022293255,0.38862836360931396,0.38862836360931396,12338,0.0,0.0
1974-04-23 00:00:00-04:00,0.38862810498055583,0.3916407357890687,0.33741357028313984,0.36151450872421265,50173,0.0,0.0
1974-04-24 00:00:00-04:00,0.3585020379583813,0.3585020379583813,0.3494642225184486,0.35548943281173706,52758,0.0,0.0
1974-04-25 00:00:00-04:00,0.355489528822321,0.35850213478260956,0.3404264450073242,0.3404264450073242,46413,0.0,0.0
1974-04-26 00:00:00-04:00,0.3404264662224968,0.3524769448281835,0.3404264662224968,0.3434390723705292,38423,0.0,0.0
1974-04-29 00:00:00-04:00,0.33741373313651263,0.33741373313651263,0.32536323109302123,0.33440110087394714,67563,0.0,0.0
1974-04-30 00:00:00-04:00,0.3344011988585659,0.3344011988585659,0.3253633264294064,0.33138859272003174,34075,0.0,0.0
1974-05-01 00:00:00-04:00,0.33138847825223017,0.33138847825223017,0.32536321404284424,0.32837584614753723,38893,0.0,0.0
1974-05-02 00:00:00-04:00,0.32536337684036126,0.32536337684036126,0.3193381366229794,0.32235077023506165,31960,0.0,0.0
1974-05-03 00:00:00-04:00,0.3223505777646077,0.3223505777646077,0.3103000775182252,0.31331270933151245,56165,0.0,0.0
1974-05-06 00:00:00-04:00,0.3133126686164506,0.3193379044532776,0.3133126686164506,0.3193379044532776,32430,0.0,0.0
1974-05-07 00:00:00-04:00,0.3193379044532776,0.3223505358750726,0.31632527303148256,0.3193379044532776,24910,0.0,0.0
1974-05-08 00:00:00-04:00,0.3193379044532776,0.3223505358750726,0.31632527303148256,0.3193379044532776,27143,0.0,0.0
1974-05-09 00:00:00-04:00,0.3193381366229794,0.32536337684036126,0.3193381366229794,0.32235077023506165,13748,0.0,0.0
1974-05-10 00:00:00-04:00,0.3223505777646077,0.3223505777646077,0.3103000775182252,0.31331270933151245,47353,0.0,0.0
1974-05-13 00:00:00-04:00,0.3133126837331333,0.3163252882935172,0.3103000521659851,0.3103000521659851,25028,0.0,0.0
1974-05-14 00:00:00-04:00,0.310300016360768,0.3133126475802916,0.27414854975352937,0.277161180973053,64390,0.0,0.0
1974-05-15 00:00:00-04:00,0.2771613165295889,0.2861991876017214,0.2771613165295889,0.28318655490875244,66270,0.0,0.0
1974-05-16 00:00:00-04:00,0.28318643177209835,0.3103000331988131,0.28318643177209835,0.3042747974395752,42770,0.0,0.0
1974-05-17 00:00:00-04:00,0.30427499726204793,0.31030023697816145,0.30126236390060096,0.3072876036167145,29493,0.0,0.0
1974-05-20 00:00:00-04:00,0.3072876036167145,0.31030023697816145,0.30126236390060096,0.3072876036167145,20563,0.0,0.0
1974-05-21 00:00:00-04:00,0.3072874205988369,0.3103000521659851,0.304274816038453,0.3103000521659851,19505,0.0,0.0
1974-05-22 00:00:00-04:00,0.3103000331988131,0.3223505317240517,0.3042747974395752,0.3042747974395752,20445,0.0,0.0
1974-05-23 00:00:00-04:00,0.3042747974395752,0.31331266458181345,0.29824953467357457,0.3042747974395752,34898,0.0,0.0
1974-05-24 00:00:00-04:00,0.3042747974395752,0.31331266458181345,0.3042747974395752,0.3042747974395752,14453,0.0,0.0
1974-05-28 00:00:00-04:00,0.30427487915522766,0.31030011653259526,0.29222437739372253,0.29222437739372253,28553,0.0,0.0
1974-05-29 00:00:00-04:00,0.29222437739372253,0.29824961477109013,0.28921174520165377,0.29222437739372253,15158,0.0,0.0
1974-05-30 00:00:00-04:00,0.29222440211234907,0.30126227244627923,0.2892117696654483,0.2952370345592499,28083,0.0,0.0
1974-05-31 00:00:00-04:00,0.2952370095857913,0.29824961477109013,0.28921174520165377,0.29222437739372253,14570,0.0,0.0
1974-06-03 00:00:00-04:00,0.2952369926492898,0.30427486170026175,0.2952369926492898,0.301262229681015,17743,0.0,0.0
1974-06-04 00:00:00-04:00,0.30126227244627923,0.30427490489318004,0.2952370345592499,0.2952370345592499,30315,0.0,0.0
1974-06-05 00:00:00-04:00,0.29523714476475393,0.30126238490087237,0.2922245111933036,0.298249751329422,15275,0.0,0.0
1974-06-06 00:00:00-04:00,0.29824959766176823,0.30728746671274015,0.29824959766176823,0.301262229681015,19270,0.0,0.0
1974-06-07 00:00:00-04:00,0.30126216605657485,0.3103000331988131,0.29824953467357457,0.3042747974395752,11633,0.0,0.0
1974-06-10 00:00:00-04:00,0.3042747974395752,0.3103000331988131,0.29824953467357457,0.3042747974395752,15158,0.0,0.0
1974-06-11 00:00:00-04:00,0.304274816038453,0.3103000521659851,0.304274816038453,0.3103000521659851,9283,0.0,0.0
1974-06-12 00:00:00-04:00,0.3072874018158128,0.3072874018158128,0.3042747974395752,0.3042747974395752,13395,0.0,0.0
1974-06-13 00:00:00-04:00,0.30427499726204793,0.31030023697816145,0.30126236390060096,0.3072876036167145,10575,0.0,0.0
1974-06-14 00:00:00-04:00,0.3038888746121757,0.3038888746121757,0.2883843183517456,0.2883843183517456,27613,0.308936,0.0
1974-06-17 00:00:00-04:00,0.28838436563623293,0.29148528295639564,0.28528347611427307,0.28528347611427307,24910,0.0,0.0
1974-06-18 00:00:00-04:00,0.2852836122816934,0.28838450328372545,0.2821826934814453,0.2821826934814453,24440,0.0,0.0
1974-06-19 00:00:00-04:00,0.28218257784882816,0.28218257784882816,0.27287985305836526,0.27598077058792114,18683,0.0,0.0
1974-06-20 00:00:00-04:00,0.27598071641197813,0.27598071641197813,0.2449716305982215,0.2511734366416931,43358,0.0,0.0
1974-06-21 00:00:00-04:00,0.2511734366416931,0.257375270483364,0.2449716305982215,0.2511734366416931,38070,0.0,0.0
1974-06-24 00:00:00-04:00,0.2511734366416931,0.257375270483364,0.2480725475190569,0.2511734366416931,22443,0.0,0.0
1974-06-25 00:00:00-04:00,0.25117349085479396,0.2666780510072647,0.25117349085479396,0.2635771334171295,16333,0.0,0.0
1974-06-26 00:00:00-04:00,0.26357708839644606,0.26977889471920236,0.26357708839644606,0.26667800545692444,16920,0.0,0.0
1974-06-27 00:00:00-04:00,0.26357724625236634,0.26357724625236634,0.25427451729774475,0.25427451729774475,23735,0.0,0.0
1974-06-28 00:00:00-04:00,0.25427435356252853,0.257375270483364,0.2511734366416931,0.2511734366416931,16333,0.0,0.0
1974-07-01 00:00:00-04:00,0.25117359838013187,0.25737543621535763,0.25117359838013187,0.25427451729774475,18448,0.0,0.0
1974-07-02 00:00:00-04:00,0.25427451729774475,0.26047632733475345,0.25427451729774475,0.25427451729774475,18565,0.0,0.0
1974-07-03 00:00:00-04:00,0.2542743237684361,0.26047612908522344,0.25117340721094444,0.25737524032592773,19035,0.0,0.0
1974-07-05 00:00:00-04:00,0.25737524032592773,0.26047612908522344,0.2542743237684361,0.25737524032592773,20210,0.0,0.0
1974-07-08 00:00:00-04:00,0.25737524032592773,0.26047612908522344,0.2542743237684361,0.25737524032592773,18565,0.0,0.0
1974-07-09 00:00:00-04:00,0.25737524032592773,0.26667796220020673,0.25737524032592773,0.25737524032592773,14805,0.0,0.0
1974-07-10 00:00:00-04:00,0.25737543621535763,0.26047632733475345,0.25427451729774475,0.25427451729774475,19505,0.0,0.0
1974-07-11 00:00:00-04:00,0.2542743237684361,0.25737524032592773,0.25117340721094444,0.25737524032592773,16098,0.0,0.0
1974-07-12 00:00:00-04:00,0.25737543621535763,0.2666781651699793,0.24807270726073605,0.25427451729774475,137593,0.0,0.0
1974-07-15 00:00:00-04:00,0.25427451729774475,0.25737543621535763,0.25117359838013187,0.25427451729774475,30080,0.0,0.0
1974-07-16 00:00:00-04:00,0.25427451729774475,0.25427451729774475,0.25117359838013187,0.25427451729774475,20798,0.0,0.0
1974-07-17 00:00:00-04:00,0.2511734366416931,0.2511734366416931,0.2449716305982215,0.2511734366416931,54403,0.0,0.0
1974-07-18 00:00:00-04:00,0.25117346902549337,0.25117346902549337,0.24497166218242264,0.2480725795030594,36895,0.0,0.0
1974-07-19 00:00:00-04:00,0.24807251972858954,0.24807251972858954,0.24187068658168265,0.2449716031551361,25498,0.0,0.0
1974-07-22 00:00:00-04:00,0.24497183418590343,0.24497183418590343,0.2387700229883194,0.2387700229883194,45355,0.0,0.0
1974-07-23 00:00:00-04:00,0.23876993002987318,0.24497173881295506,0.23876993002987318,0.24187082052230835,35603,0.0,0.0
1974-07-24 00:00:00-04:00,0.24187068658168265,0.24497160315513608,0.24187068658168265,0.2449716031551361,23970,0.0,0.0
1974-07-25 00:00:00-04:00,0.24497160315513608,0.24497160315513608,0.24187068658168265,0.2449716031551361,22795,0.0,0.0
1974-07-26 00:00:00-04:00,0.24497160315513608,0.24497160315513608,0.2387697978064253,0.2449716031551361,12103,0.0,0.0
1974-07-29 00:00:00-04:00,0.24497173881295506,0.24497173881295506,0.24187082052230835,0.24187082052230835,16215,0.0,0.0
1974-07-30 00:00:00-04:00,0.24187082052230835,0.24497173881295506,0.24187082052230835,0.24187082052230835,11163,0.0,0.0
1974-07-31 00:00:00-04:00,0.24187082052230835,0.24497173881295506,0.24187082052230835,0.24187082052230835,14100,0.0,0.0
1974-08-01 00:00:00-04:00,0.24187082052230835,0.24497173881295506,0.24187082052230835,0.24187082052230835,16920,0.0,0.0
1974-08-02 00:00:00-04:00,0.24187082052230835,0.24497173881295506,0.24187082052230835,0.24187082052230835,23735,0.0,0.0
1974-08-05 00:00:00-04:00,0.2418707448617859,0.2480725795030594,0.2418707448617859,0.2480725795030594,19035,0.0,0.0
1974-08-06 00:00:00-04:00,0.2480725475190569,0.2511734366416931,0.2449716305982215,0.2511734366416931,139943,0.0,0.0
1974-08-07 00:00:00-04:00,0.2511734366416931,0.2511734366416931,0.2480725475190569,0.2511734366416931,28905,0.0,0.0
1974-08-08 00:00:00-04:00,0.25117359838013187,0.25737543621535763,0.25117359838013187,0.25427451729774475,146640,0.0,0.0
1974-08-09 00:00:00-04:00,0.25427451729774475,0.25737543621535763,0.25117359838013187,0.25427451729774475,29728,0.0,0.0
1974-08-12 00:00:00-04:00,0.25427435356252853,0.25427435356252853,0.2480725475190569,0.2511734366416931,47000,0.0,0.0
1974-08-13 00:00:00-04:00,0.25117359838013187,0.25737543621535763,0.25117359838013187,0.25427451729774475,16098,0.0,0.0
1974-08-14 00:00:00-04:00,0.2542743863461301,0.2542743863461301,0.24497166218242264,0.2480725795030594,71205,0.0,0.0
1974-08-15 00:00:00-04:00,0.2480725795030594,0.2480725795030594,0.24497166218242264,0.2480725795030594,17390,0.0,0.0
1974-08-16 00:00:00-04:00,0.2480725795030594,0.2480725795030594,0.24497166218242264,0.2480725795030594,7873,0.0,0.0
1974-08-19 00:00:00-04:00,0.24807251972858954,0.24807251972858954,0.24497160315513608,0.2449716031551361,12220,0.0,0.0
1974-08-20 00:00:00-04:00,0.24497160315513608,0.24807251972858954,0.24187068658168265,0.2449716031551361,20798,0.0,0.0
1974-08-21 00:00:00-04:00,0.24497173881295506,0.24497173881295506,0.24187082052230835,0.24187082052230835,16803,0.0,0.0
1974-08-22 00:00:00-04:00,0.24187082052230835,0.24497173881295506,0.23566901173922647,0.24187082052230835,68268,0.0,0.0
1974-08-23 00:00:00-04:00,0.24187088692852185,0.24187088692852185,0.2356690764427185,0.2356690764427185,21033,0.0,0.0
1974-08-26 00:00:00-04:00,0.23566888123297183,0.24497160315513608,0.23566888123297183,0.2449716031551361,35368,0.0,0.0
1974-08-27 00:00:00-04:00,0.24497183418590343,0.24497183418590343,0.2387700229883194,0.2387700229883194,17743,0.0,0.0
1974-08-28 00:00:00-04:00,0.2387700229883194,0.24187091468800026,0.2387700229883194,0.2387700229883194,15040,0.0,0.0
1974-08-29 00:00:00-04:00,0.2387700229883194,0.24187091468800026,0.23566910349041623,0.2387700229883194,13160,0.0,0.0
1974-08-30 00:00:00-04:00,0.23876993002987318,0.24187082052230835,0.23566901173922647,0.24187082052230835,9400,0.0,0.0
1974-09-03 00:00:00-04:00,0.24187091468800026,0.24497183418590343,0.2387700229883194,0.2387700229883194,15158,0.0,0.0
1974-09-04 00:00:00-04:00,0.23876999558472972,0.24187088692852185,0.2356690764427185,0.2356690764427185,13160,0.0,0.0
1974-09-05 00:00:00-04:00,0.23566910349041623,0.24187091468800026,0.23566910349041623,0.2387700229883194,12338,0.0,0.0
1974-09-06 00:00:00-04:00,0.2387700229883194,0.24187091468800026,0.2387700229883194,0.2387700229883194,16333,0.0,0.0
1974-09-09 00:00:00-04:00,0.23876999558472972,0.24187088692852185,0.2356690764427185,0.2356690764427185,12220,0.0,0.0
1974-09-10 00:00:00-04:00,0.2356690764427185,0.23876999558472972,0.23256817119981682,0.2356690764427185,17743,0.0,0.0
1974-09-11 00:00:00-04:00,0.23566897630084963,0.23566897630084963,0.22946716845035553,0.22946716845035553,13395,0.0,0.0
1974-09-12 00:00:00-04:00,0.22946707891451282,0.2325679816298175,0.22636616230010986,0.22636616230010986,13513,0.0,0.0
1974-09-13 00:00:00-04:00,0.2263661934016679,0.22946711044212098,0.22326529026031494,0.22326529026031494,18683,0.0,0.0
1974-09-16 00:00:00-04:00,0.22326529026031494,0.2263661934016679,0.2170634978767092,0.22326529026031494,27730,0.0,0.0
1974-09-17 00:00:00-04:00,0.22326525958480517,0.22636616230010986,0.22326525958480517,0.22636616230010986,14335,0.0,0.0
1974-09-18 00:00:00-04:00,0.22636616230010986,0.22946707891451282,0.22326525958480517,0.22636616230010986,21855,0.0,0.0
1974-09-19 00:00:00-04:00,0.22636634681490392,0.2356690764427185,0.22636634681490392,0.2356690764427185,26908,0.0,0.0
1974-09-20 00:00:00-04:00,0.23535952935897733,0.23535952935897733,0.2256872456684569,0.23213542997837067,32900,0.308936,0.0
1974-09-23 00:00:00-04:00,0.23213525842059204,0.2353593554184546,0.2289111614227295,0.2289111614227295,31725,0.0,0.0
1974-09-24 00:00:00-04:00,0.2289111614227295,0.23213525842059204,0.2289111614227295,0.2289111614227295,9635,0.0,0.0
1974-09-25 00:00:00-04:00,0.22891133059776403,0.23535952935897733,0.22891133059776403,0.23213542997837067,17038,0.0,0.0
1974-09-26 00:00:00-04:00,0.23213542997837067,0.23213542997837067,0.22891133059776403,0.23213542997837067,13278,0.0,0.0
1974-09-27 00:00:00-04:00,0.23213540428895593,0.23213540428895593,0.22568722069263458,0.22568722069263458,12925,0.0,0.0
1974-09-30 00:00:00-04:00,0.22568707887615583,0.2289111614227295,0.22568707887615583,0.2289111614227295,17508,0.0,0.0
1974-10-01 00:00:00-04:00,0.22891133059776403,0.23213542997837067,0.2256872456684569,0.23213542997837067,20445,0.0,0.0
1974-10-02 00:00:00-04:00,0.23213540428895593,0.23213540428895593,0.22568722069263458,0.22568722069263458,22678,0.0,0.0
1974-10-03 00:00:00-04:00,0.22568722069263458,0.23213540428895593,0.22568722069263458,0.22568722069263458,19858,0.0,0.0
1974-10-04 00:00:00-04:00,0.22568722069263458,0.23213540428895593,0.22568722069263458,0.22568722069263458,18095,0.0,0.0
1974-10-07 00:00:00-04:00,0.22891117629383656,0.23858348236706992,0.22891117629383656,0.23535937070846558,21973,0.0,0.0
1974-10-08 00:00:00-04:00,0.23535937070846558,0.24180757957438442,0.23213527350115107,0.23535937070846558,38658,0.0,0.0
1974-10-09 00:00:00-04:00,0.2353594813858848,0.24180769328406496,0.2353594813858848,0.23858359456062317,37365,0.0,0.0
1974-10-10 00:00:00-04:00,0.25147988674969196,0.267600417137146,0.25147988674969196,0.267600417137146,31725,0.0,0.0
1974-10-11 00:00:00-04:00,0.2676004244402748,0.2740486194296864,0.2611522005482811,0.26437631249427795,43358,0.0,0.0
1974-10-14 00:00:00-04:00,0.2643764917435074,0.2772729193687867,0.26115237761153715,0.2740488052368164,16685,0.0,0.0
1974-10-15 00:00:00-04:00,0.27404863293926884,0.2837209403514862,0.27404863293926884,0.2837209403514862,18448,0.0,0.0
1974-10-16 00:00:00-04:00,0.2837211187301254,0.2837211187301254,0.2740488052368164,0.2740488052368164,20915,0.0,0.0
1974-10-17 00:00:00-04:00,0.2740485896675745,0.2804967839567019,0.26760039537844704,0.27727270126342773,32900,0.0,0.0
1974-10-18 00:00:00-04:00,0.2772729193687867,0.2772729193687867,0.27082469110484614,0.2740488052368164,9988,0.0,0.0
1974-10-21 00:00:00-04:00,0.2708245000925717,0.2708245000925717,0.267600417137146,0.267600417137146,19505,0.0,0.0
1974-10-22 00:00:00-04:00,0.26760046801394083,0.2708245515823364,0.26760046801394083,0.2708245515823364,13983,0.0,0.0
1974-10-23 00:00:00-04:00,0.2708245000925717,0.2708245000925717,0.2643763052791389,0.267600417137146,23030,0.0,0.0
1974-10-24 00:00:00-04:00,0.2676004244402748,0.2676004244402748,0.2611522005482811,0.26437631249427795,16920,0.0,0.0
1974-10-25 00:00:00-04:00,0.26437647073883674,0.26760058461465164,0.26115235686302185,0.26115235686302185,13395,0.0,0.0
1974-10-28 00:00:00-05:00,0.2611522765978014,0.2611522765978014,0.2547040797306261,0.25792819261550903,22560,0.0,0.0
1974-10-29 00:00:00-05:00,0.25792819261550903,0.25792819261550903,0.2547040797306261,0.25792819261550903,21385,0.0,0.0
1974-10-30 00:00:00-05:00,0.2579282009618536,0.26115228504847465,0.2514799749834284,0.254704087972641,17625,0.0,0.0
1974-10-31 00:00:00-05:00,0.25470412456014735,0.25470412456014735,0.23535950165125602,0.2418077141046524,24675,0.0,0.0
1974-11-01 00:00:00-05:00,0.2418077425714902,0.2418077425714902,0.23213542997837067,0.23213542997837067,20093,0.0,0.0
1974-11-04 00:00:00-05:00,0.23535937070846558,0.23858348236706992,0.23535937070846558,0.23535937070846558,23618,0.0,0.0
1974-11-05 00:00:00-05:00,0.23535957863515772,0.24503189325332642,0.23535957863515772,0.24503189325332642,9635,0.0,0.0
1974-11-06 00:00:00-05:00,0.24503189325332642,0.24825600776025103,0.24503189325332642,0.24503189325332642,17038,0.0,0.0
1974-11-07 00:00:00-05:00,0.24503166290279008,0.24825577437877655,0.24503166290279008,0.24825577437877655,8225,0.0,0.0
1974-11-08 00:00:00-05:00,0.24825577437877655,0.24825577437877655,0.24180756587809255,0.24825577437877655,15863,0.0,0.0
1974-11-11 00:00:00-05:00,0.2482559265580488,0.2482559265580488,0.23858361510360312,0.2418077141046524,9048,0.0,0.0
1974-11-12 00:00:00-05:00,0.24180769328406496,0.24180769328406496,0.23858359456062317,0.23858359456062317,16920,0.0,0.0
1974-11-13 00:00:00-05:00,0.23858359456062317,0.24180769328406496,0.2353594813858848,0.23858359456062317,11163,0.0,0.0
1974-11-14 00:00:00-05:00,0.23858359456062317,0.24180769328406496,0.2353594813858848,0.23858359456062317,15393,0.0,0.0
1974-11-15 00:00:00-05:00,0.23858348236706992,0.24180757957438442,0.23535937070846558,0.23535937070846558,9048,0.0,0.0
1974-11-18 00:00:00-05:00,0.23535937070846558,0.23858348236706992,0.23535937070846558,0.23535937070846558,15745,0.0,0.0
1974-11-19 00:00:00-05:00,0.2353594813858848,0.24180769328406496,0.2353594813858848,0.23858359456062317,16920,0.0,0.0
1974-11-20 00:00:00-05:00,0.23858361510360312,0.24503181310570168,0.23858361510360312,0.2418077141046524,13748,0.0,0.0
1974-11-21 00:00:00-05:00,0.24180779319770437,0.24825600776025103,0.23858369314208233,0.24503189325332642,15510,0.0,0.0
1974-11-22 00:00:00-05:00,0.24503189325332642,0.24825600776025103,0.24180779319770437,0.24503189325332642,13278,0.0,0.0
1974-11-25 00:00:00-05:00,0.24503189325332642,0.24825600776025103,0.24180779319770437,0.24503189325332642,17038,0.0,0.0
1974-11-26 00:00:00-05:00,0.24503181310570168,0.2482559265580488,0.2418077141046524,0.2418077141046524,18918,0.0,0.0
1974-11-27 00:00:00-05:00,0.24180756587809255,0.24825577437877655,0.24180756587809255,0.24825577437877655,13160,0.0,0.0
1974-11-29 00:00:00-05:00,0.24825575203493064,0.25470394550396674,0.24825575203493064,0.251479834318161,13395,0.0,0.0
1974-12-02 00:00:00-05:00,0.25115854729995524,0.25115854729995524,0.24111220240592957,0.24111220240592957,25968,0.308936,0.0
1974-12-03 00:00:00-05:00,0.24111220240592957,0.24446097903389236,0.23776342577796675,0.24111220240592957,23500,0.0,0.0
1974-12-04 00:00:00-05:00,0.24111201495793988,0.24111201495793988,0.23441448191902228,0.23776324093341827,16215,0.0,0.0
1974-12-05 00:00:00-05:00,0.23776324093341827,0.24111201495793988,0.23776324093341827,0.23776324093341827,13395,0.0,0.0
1974-12-06 00:00:00-05:00,0.23776342577796675,0.24111220240592957,0.23441466416014117,0.24111220240592957,11633,0.0,0.0
1974-12-09 00:00:00-05:00,0.24111214390728483,0.24111214390728483,0.23441460728645325,0.23441460728645325,19975,0.0,0.0
1974-12-10 00:00:00-05:00,0.23441448191902228,0.23776324093341827,0.23441448191902228,0.23776324093341827,17508,0.0,0.0
1974-12-11 00:00:00-05:00,0.23776324093341827,0.23776324093341827,0.23106570789450068,0.23776324093341827,13748,0.0,0.0
1974-12-12 00:00:00-05:00,0.23441453987570463,0.23441453987570463,0.2310657650232315,0.2310657650232315,21973,0.0,0.0
1974-12-13 00:00:00-05:00,0.2310657722226278,0.2310657722226278,0.22771699726581573,0.22771699726581573,21150,0.0,0.0
1974-12-16 00:00:00-05:00,0.22771699726581573,0.2310657722226278,0.2243682072988739,0.22771699726581573,25968,0.0,0.0
1974-12-17 00:00:00-05:00,0.2243681989546273,0.2243681989546273,0.21432185944768442,0.21767064929008484,27848,0.0,0.0
1974-12-18 00:00:00-05:00,0.21767064929008487,0.2210194241223561,0.21432185944768442,0.21767064929008484,22678,0.0,0.0
1974-12-19 00:00:00-05:00,0.21767071712212624,0.22101949299796597,0.21432192623615265,0.21432192623615265,26673,0.0,0.0
1974-12-20 00:00:00-05:00,0.21432192623615265,0.21767071712212624,0.21432192623615265,0.21432192623615265,32665,0.0,0.0
1974-12-23 00:00:00-05:00,0.21432188907037852,0.21767067937563503,0.20762433848012804,0.2109731137752533,49938,0.0,0.0
1974-12-24 00:00:00-05:00,0.21097318200054732,0.21097318200054732,0.20427561423428114,0.2076244056224823,18800,0.0,0.0
1974-12-26 00:00:00-05:00,0.207624338767999,0.2109731140677673,0.2042755484580994,0.20427554845809937,32548,0.0,0.0
1974-12-27 00:00:00-05:00,0.20427546522907622,0.2076242541745612,0.20092669129371643,0.20092669129371643,29258,0.0,0.0
1974-12-30 00:00:00-05:00,0.20092677315833105,0.207624338767999,0.20092677315833105,0.20427554845809937,66153,0.0,0.0
1974-12-31 00:00:00-05:00,0.20427558359849957,0.21767071712212624,0.20427558359849957,0.21432192623615265,56400,0.0,0.0
1975-01-02 00:00:00-05:00,0.22436827612137922,0.25115849900361226,0.22436827612137922,0.24780972301959991,32665,0.0,0.0
1975-01-03 00:00:00-05:00,0.251158481690895,0.26790239047704356,0.251158481690895,0.2612048089504242,27260,0.0,0.0
1975-01-06 00:00:00-05:00,0.26455346206923513,0.2812973471335758,0.26455346206923513,0.2779485881328583,36778,0.0,0.0
1975-01-07 00:00:00-05:00,0.27794865568038035,0.2846462053297156,0.27794865568038035,0.2812974154949188,14100,0.0,0.0
1975-01-08 00:00:00-05:00,0.2812973471335758,0.28799492517551284,0.2745997991118897,0.2779485881328583,13630,0.0,0.0
1975-01-09 00:00:00-05:00,0.27459984216402306,0.27459984216402306,0.2679022930922862,0.27125105261802673,12103,0.0,0.0
1975-01-10 00:00:00-05:00,0.2712511782895527,0.27794876048455625,0.2679024172123206,0.27459996938705444,16215,0.0,0.0
1975-01-13 00:00:00-05:00,0.2745997991118897,0.2812973471335758,0.2745997991118897,0.2779485881328583,18095,0.0,0.0
1975-01-14 00:00:00-05:00,0.27794865568038035,0.2812974154949188,0.27794865568038035,0.2812974154949188,12573,0.0,0.0
1975-01-15 00:00:00-05:00,0.2812973642255669,0.2846461534500122,0.2779486050213745,0.2846461534500122,27025,0.0,0.0
1975-01-16 00:00:00-05:00,0.2846461911441654,0.28799498081207275,0.2846461911441654,0.28799498081207275,13630,0.0,0.0
1975-01-17 00:00:00-05:00,0.2879949426744575,0.2879949426744575,0.2846461534500122,0.2846461534500122,10223,0.0,0.0
1975-01-20 00:00:00-05:00,0.2846461534500122,0.2879949426744575,0.2846461534500122,0.2846461534500122,15510,0.0,0.0
1975-01-21 00:00:00-05:00,0.2846461534500122,0.29134370187864994,0.2846461534500122,0.2846461534500122,24675,0.0,0.0
1975-01-22 00:00:00-05:00,0.2846461699502871,0.29134371876716614,0.2846461699502871,0.29134371876716614,10575,0.0,0.0
1975-01-23 00:00:00-05:00,0.29134387413411655,0.298041456542916,0.29134387413411655,0.29469266533851624,15980,0.0,0.0
1975-01-24 00:00:00-05:00,0.30139011144638067,0.3047389014698802,0.30139011144638067,0.3013901114463806,16098,0.0,0.0
1975-01-27 00:00:00-05:00,0.30139005311642847,0.3449241949154408,0.30139005311642847,0.33822664618492126,32665,0.0,0.0
1975-01-28 00:00:00-05:00,0.3382267793440345,0.34827312140516287,0.3382267793440345,0.34492433071136475,43710,0.0,0.0
1975-01-29 00:00:00-05:00,0.34492435387261433,0.3482731447912797,0.33822680205555167,0.341575562953949,37953,0.0,0.0
1975-01-30 00:00:00-05:00,0.3415757011756967,0.3415757011756967,0.33152935437462205,0.334878146648407,19388,0.0,0.0
1975-01-31 00:00:00-05:00,0.33487799288528225,0.33487799288528225,0.3147853085089227,0.3181340992450714,20680,0.0,0.0
1975-02-03 00:00:00-05:00,0.32148266966426303,0.3482729196548462,0.32148266966426303,0.3482729196548462,30550,0.0,0.0
1975-02-04 00:00:00-05:00,0.34827312140516287,0.35831946346629123,0.34492433071136475,0.34492433071136475,25263,0.0,0.0
1975-02-05 00:00:00-05:00,0.34492435387261433,0.3482731447912797,0.33822680205555167,0.341575562953949,14453,0.0,0.0
1975-02-06 00:00:00-05:00,0.3415754728142353,0.3449242628491751,0.3281803727149963,0.32818037271499634,19388,0.0,0.0
1975-02-07 00:00:00-05:00,0.32818049838468555,0.338226842316277,0.3248317070673979,0.33152925968170166,12690,0.0,0.0
1975-02-10 00:00:00-05:00,0.33152925968170166,0.338226842316277,0.32818049838468555,0.33152925968170166,12808,0.0,0.0
1975-02-11 00:00:00-05:00,0.3315290946329249,0.3315290946329249,0.3248315453529358,0.3248315453529358,11045,0.0,0.0
1975-02-12 00:00:00-05:00,0.3248315453529358,0.32818033500305865,0.3181339960729467,0.3248315453529358,10223,0.0,0.0
1975-02-13 00:00:00-05:00,0.3248316506971025,0.3281804414332512,0.3181340992450714,0.3181340992450714,10928,0.0,0.0
1975-02-14 00:00:00-05:00,0.31813394175204335,0.3214827008101139,0.3114363635953992,0.3147851526737213,11750,0.0,0.0
1975-02-18 00:00:00-05:00,0.3080876914933798,0.3080876914933798,0.2980413514431411,0.3013901114463806,18918,0.0,0.0
1975-02-19 00:00:00-05:00,0.30139007346790136,0.30139007346790136,0.2980413138866425,0.29804131388664246,13395,0.0,0.0
1975-02-20 00:00:00-05:00,0.298041456542916,0.298041456542916,0.29469266533851624,0.29469266533851624,17038,0.0,0.0
1975-02-21 00:00:00-05:00,0.29469266533851624,0.298041456542916,0.29469266533851624,0.29469266533851624,24910,0.0,0.0
1975-02-24 00:00:00-04:00,0.2946925614196415,0.3080876914933798,0.2946925614196415,0.3013901114463806,19858,0.0,0.0
1975-02-25 00:00:00-04:00,0.3013903546983894,0.3047391474246979,0.298041591992365,0.3047391474246979,11868,0.0,0.0
1975-02-26 00:00:00-04:00,0.3047391474246979,0.3047391474246979,0.298041591992365,0.3047391474246979,5993,0.0,0.0
1975-02-27 00:00:00-04:00,0.3047391474246979,0.30808794015100643,0.3013903546983894,0.3047391474246979,6228,0.0,0.0
1975-02-28 00:00:00-04:00,0.3047391474246979,0.3047391474246979,0.3013903546983894,0.3047391474246979,9635,0.0,0.0
1975-03-03 00:00:00-04:00,0.3047388574217595,0.30808764696121216,0.30139006788230677,0.30808764696121216,10458,0.0,0.0
1975-03-04 00:00:00-04:00,0.3080877435564558,0.3114365041255951,0.3047389529670514,0.3114365041255951,7990,0.0,0.0
1975-03-05 00:00:00-04:00,0.3114363635953992,0.3147851526737213,0.3080876045373287,0.3147851526737213,11868,0.0,0.0
1975-03-06 00:00:00-04:00,0.31478499440790203,0.3214825391769409,0.31143620701326435,0.3214825391769409,7050,0.0,0.0
1975-03-07 00:00:00-04:00,0.32148285996095377,0.32148285996095377,0.3181340992450714,0.3181340992450714,5288,0.0,0.0
1975-03-10 00:00:00-04:00,0.3181337818025397,0.32818011396621627,0.3181337818025397,0.3214825391769409,10340,0.0,0.0
1975-03-11 00:00:00-04:00,0.32148285996095377,0.3248316506971025,0.3181340992450714,0.3181340992450714,9048,0.0,0.0
1975-03-12 00:00:00-04:00,0.3181340992450714,0.3248316506971025,0.3147853085089227,0.3181340992450714,12808,0.0,0.0
1975-03-13 00:00:00-04:00,0.31143645149661936,0.31143645149661936,0.2980413514431411,0.3013901114463806,17155,0.0,0.0
1975-03-14 00:00:00-04:00,0.30139011144638067,0.3047389014698802,0.2980413514431411,0.3013901114463806,6933,0.0,0.0
1975-03-17 00:00:00-04:00,0.30139011144638067,0.3047389014698802,0.2980413514431411,0.3013901114463806,13160,0.0,0.0
1975-03-18 00:00:00-04:00,0.30139007346790136,0.3047388630694164,0.2980413138866425,0.29804131388664246,20093,0.0,0.0
1975-03-19 00:00:00-04:00,0.298041591992365,0.30808794015100643,0.298041591992365,0.3047391474246979,24675,0.0,0.0
1975-03-20 00:00:00-04:00,0.3047391474246979,0.30808794015100643,0.3013903546983894,0.3047391474246979,14570,0.0,0.0
1975-03-21 00:00:00-04:00,0.30786596515847914,0.30786596515847914,0.29748845827595827,0.3009476065635681,29610,0.308936,0.0
1975-03-24 00:00:00-04:00,0.30094770993670644,0.3044068904223629,0.28711105001379345,0.2905701994895935,20210,0.0,0.0
1975-03-25 00:00:00-04:00,0.2905701994895935,0.2940293799752499,0.283651869528137,0.2905701994895935,14923,0.0,0.0
1975-03-26 00:00:00-04:00,0.2905701994895935,0.2974885604609064,0.28711105001379345,0.2905701994895935,12220,0.0,0.0
1975-03-27 00:00:00-04:00,0.2905700865016092,0.29402926564216614,0.2905700865016092,0.29402926564216614,11280,0.0,0.0
1975-03-31 00:00:00-04:00,0.29402934322446456,0.2974885232777574,0.2871110141277313,0.2871110141277313,12220,0.0,0.0
1975-04-01 00:00:00-04:00,0.28711105001379345,0.2905701994895935,0.28711105001379345,0.2905701994895935,18800,0.0,0.0
1975-04-02 00:00:00-04:00,0.2905701994895935,0.2905701994895935,0.2905701994895935,0.2905701994895935,63803,0.0,0.0
1975-04-03 00:00:00-04:00,0.2905701994895935,0.2940293799752499,0.2905701994895935,0.2905701994895935,30315,0.0,0.0
1975-04-04 00:00:00-04:00,0.2905701994895935,0.2940293799752499,0.2905701994895935,0.2905701994895935,11868,0.0,0.0
1975-04-07 00:00:00-04:00,0.29402926564216614,0.29748844478272307,0.29402926564216614,0.29402926564216614,26555,0.0,0.0
1975-04-08 00:00:00-04:00,0.29402926564216614,0.3009475929134357,0.29402926564216614,0.29402926564216614,47470,0.0,0.0
1975-04-09 00:00:00-04:00,0.2940292128795651,0.29748839139938354,0.2940292128795651,0.29748839139938354,21973,0.0,0.0
1975-04-10 00:00:00-04:00,0.29748839139938354,0.3009475389093632,0.2940292128795651,0.29748839139938354,23265,0.0,0.0
1975-04-11 00:00:00-04:00,0.29748839139938354,0.29748839139938354,0.2940292128795651,0.29748839139938354,15158,0.0,0.0
1975-04-14 00:00:00-04:00,0.29748839139938354,0.3009475389093632,0.2940292128795651,0.29748839139938354,14688,0.0,0.0
1975-04-15 00:00:00-04:00,0.29748845827595827,0.3009476065635681,0.29748845827595827,0.3009476065635681,18095,0.0,0.0
1975-04-16 00:00:00-04:00,0.3009476065635681,0.3009476065635681,0.29402927897850273,0.3009476065635681,41125,0.0,0.0
1975-04-17 00:00:00-04:00,0.300947789341012,0.30786615213771723,0.2974886389525239,0.3044069707393646,42418,0.0,0.0
1975-04-18 00:00:00-04:00,0.3044069707393646,0.30786615213771723,0.3044069707393646,0.3044069707393646,15158,0.0,0.0
1975-04-21 00:00:00-04:00,0.3044069707393646,0.3113253025262053,0.3044069707393646,0.3044069707393646,31490,0.0,0.0
1975-04-22 00:00:00-04:00,0.30440679785355773,0.3113251257111804,0.30440679785355773,0.3078659772872925,23735,0.0,0.0
1975-04-23 00:00:00-04:00,0.3078660727572219,0.31132522225379944,0.3044068922507878,0.31132522225379944,24205,0.0,0.0
1975-04-24 00:00:00-04:00,0.3113253025262053,0.3113253025262053,0.3044069707393646,0.3044069707393646,15628,0.0,0.0
1975-04-25 00:00:00-04:00,0.3044067858610236,0.3044067858610236,0.3009476065635681,0.3009476065635681,19388,0.0,0.0
1975-04-28 00:00:00-04:00,0.3009475389093632,0.30440671742918163,0.29748839139938354,0.29748839139938354,22208,0.0,0.0
1975-04-29 00:00:00-04:00,0.29748839139938354,0.3009475389093632,0.29748839139938354,0.29748839139938354,10928,0.0,0.0
1975-04-30 00:00:00-04:00,0.29748839139938354,0.29748839139938354,0.2940292128795651,0.29748839139938354,20915,0.0,0.0
1975-05-01 00:00:00-04:00,0.29748839139938354,0.29748839139938354,0.2905700343597467,0.29748839139938354,23970,0.0,0.0
1975-05-02 00:00:00-04:00,0.29748839139938354,0.3009475389093632,0.2940292128795651,0.29748839139938354,9870,0.0,0.0
1975-05-05 00:00:00-04:00,0.29748845827595827,0.3044067858610236,0.29748845827595827,0.3009476065635681,15158,0.0,0.0
1975-05-06 00:00:00-04:00,0.3009475389093632,0.3009475389093632,0.29748839139938354,0.29748839139938354,10928,0.0,0.0
1975-05-07 00:00:00-04:00,0.29748845827595827,0.3009476065635681,0.29748845827595827,0.3009476065635681,11280,0.0,0.0
1975-05-08 00:00:00-04:00,0.300947789341012,0.3044069707393646,0.300947789341012,0.3044069707393646,14805,0.0,0.0
1975-05-09 00:00:00-04:00,0.3044068922507878,0.31132522225379944,0.3009477117443538,0.31132522225379944,15628,0.0,0.0
1975-05-12 00:00:00-04:00,0.3113251257111804,0.3113251257111804,0.3078659772872925,0.3078659772872925,18330,0.0,0.0
1975-05-13 00:00:00-04:00,0.3078660727572219,0.31478440276023345,0.3078660727572219,0.31132522225379944,20328,0.0,0.0
1975-05-14 00:00:00-04:00,0.31132522705587107,0.31824358817545223,0.31132522705587107,0.3147844076156616,17508,0.0,0.0
1975-05-15 00:00:00-04:00,0.3147844076156616,0.31824358817545223,0.31132522705587107,0.3147844076156616,13983,0.0,0.0
1975-05-16 00:00:00-04:00,0.31478440276023345,0.31478440276023345,0.31132522225379944,0.31132522225379944,12338,0.0,0.0
1975-05-19 00:00:00-04:00,0.31132522705587107,0.3147844076156616,0.31132522705587107,0.3147844076156616,11868,0.0,0.0
1975-05-20 00:00:00-04:00,0.3147844076156616,0.3251619182851764,0.31132522705587107,0.3147844076156616,25968,0.0,0.0
1975-05-21 00:00:00-04:00,0.3147844418439197,0.3182436227798462,0.3147844418439197,0.3182436227798462,10575,0.0,0.0
1975-05-22 00:00:00-04:00,0.3147844076156616,0.3147844076156616,0.31132522705587107,0.3147844076156616,14923,0.0,0.0
1975-05-23 00:00:00-04:00,0.31478440276023345,0.31478440276023345,0.31132522225379944,0.31132522225379944,9635,0.0,0.0
1975-05-27 00:00:00-04:00,0.3113252609079932,0.3182436227798462,0.3113252609079932,0.3182436227798462,11868,0.0,0.0
1975-05-28 00:00:00-04:00,0.31824358817545223,0.31824358817545223,0.31132522705587107,0.3147844076156616,17390,0.0,0.0
1975-05-29 00:00:00-04:00,0.3147844076156616,0.31824358817545223,0.31132522705587107,0.3147844076156616,35015,0.0,0.0
1975-05-30 00:00:00-04:00,0.31478440276023345,0.3182435832666675,0.31132522225379944,0.31132522225379944,15275,0.0,0.0
1975-06-02 00:00:00-04:00,0.31478450567906957,0.3217028379440308,0.31478450567906957,0.32170283794403076,23148,0.0,0.0
1975-06-03 00:00:00-04:00,0.32170261897002045,0.3355393050915628,0.32170261897002045,0.3320801258087158,92003,0.0,0.0
1975-06-04 00:00:00-04:00,0.3320801258087158,0.3355393050915628,0.3320801258087158,0.3320801258087158,37013,0.0,0.0
1975-06-05 00:00:00-04:00,0.3320801377186223,0.3389984965324402,0.3320801377186223,0.3389984965324402,37600,0.0,0.0
1975-06-06 00:00:00-04:00,0.3389985385937994,0.34591686725616455,0.33553935875769153,0.34591686725616455,18565,0.0,0.0
1975-06-09 00:00:00-04:00,0.3459169317417062,0.3562944421747459,0.3459169317417062,0.3493761122226715,37013,0.0,0.0
1975-06-10 00:00:00-04:00,0.3493760118451185,0.3632126677739237,0.3493760118451185,0.3597535192966461,35603,0.0,0.0
1975-06-11 00:00:00-04:00,0.3597536896368904,0.36321283975204555,0.3528353273868561,0.3528353273868561,15628,0.0,0.0
1975-06-12 00:00:00-04:00,0.3528353273868561,0.3597536896368904,0.3528353273868561,0.3528353273868561,38658,0.0,0.0
1975-06-13 00:00:00-04:00,0.35249340534210205,0.35249340534210205,0.34537233515137306,0.35249340534210205,14335,0.308936,0.0
1975-06-16 00:00:00-04:00,0.352493389669994,0.3596144914627075,0.352493389669994,0.3596144914627075,17038,0.0,0.0
1975-06-17 00:00:00-04:00,0.3596144914627075,0.3631750104404719,0.35605394056635076,0.3596144914627075,15863,0.0,0.0
1975-06-18 00:00:00-04:00,0.3596144914627075,0.36673556133682866,0.35605394056635076,0.3596144914627075,17038,0.0,0.0
1975-06-19 00:00:00-04:00,0.36317496750326583,0.37029606845407065,0.36317496750326583,0.3667355179786682,33723,0.0,0.0
1975-06-20 00:00:00-04:00,0.37029624444940534,0.39165949361822155,0.37029624444940534,0.3809778690338135,79313,0.0,0.0
1975-06-23 00:00:00-04:00,0.38097758993131986,0.39165920669042287,0.37741704037209206,0.38809865713119507,37365,0.0,0.0
1975-06-24 00:00:00-04:00,0.38809865713119507,0.39165920669042287,0.38453810757196727,0.38809865713119507,38893,0.0,0.0
1975-06-25 00:00:00-04:00,0.3880988140816491,0.3880988140816491,0.38097774400195267,0.3845382630825043,14923,0.0,0.0
1975-06-26 00:00:00-04:00,0.3845382630825042,0.3845382630825042,0.38097774400195267,0.3845382630825043,16803,0.0,0.0
1975-06-27 00:00:00-04:00,0.38453819344131457,0.38453819344131457,0.3702960558612219,0.3738565742969513,44885,0.0,0.0
1975-06-30 00:00:00-04:00,0.37029606845407065,0.37029606845407065,0.36673551797866827,0.3667355179786682,20680,0.0,0.0
1975-07-01 00:00:00-04:00,0.36673564584447704,0.37029619756129906,0.35605402261261077,0.36317509412765503,50173,0.0,0.0
1975-07-02 00:00:00-04:00,0.36317503270550133,0.36317503270550133,0.34181178985483757,0.3489328920841217,29258,0.0,0.0
1975-07-03 00:00:00-04:00,0.3489328920841217,0.3524934112801694,0.34181178985483757,0.3489328920841217,34310,0.0,0.0
1975-07-07 00:00:00-04:00,0.3489328920841217,0.3560539623948115,0.3453723409694796,0.3489328920841217,33605,0.0,0.0
1975-07-08 00:00:00-04:00,0.3489328920841217,0.3489328920841217,0.34181178985483757,0.3489328920841217,27730,0.0,0.0
1975-07-09 00:00:00-04:00,0.3489328920841217,0.3524934112801694,0.3453723409694796,0.3489328920841217,18918,0.0,0.0
1975-07-10 00:00:00-04:00,0.3489327323401793,0.35961434887538946,0.3489327323401793,0.35605379939079285,42183,0.0,0.0
1975-07-11 00:00:00-04:00,0.35605394056635076,0.3596144914627075,0.352493389669994,0.3596144914627075,34193,0.0,0.0
1975-07-14 00:00:00-04:00,0.35961444894645206,0.36673551797866827,0.3560538984710497,0.3667355179786682,24205,0.0,0.0
1975-07-15 00:00:00-04:00,0.36673551797866827,0.37029606845407065,0.35961444894645206,0.3667355179786682,45003,0.0,0.0
1975-07-16 00:00:00-04:00,0.3667354220875858,0.3702959716320038,0.36317487254316777,0.3702959716320038,31725,0.0,0.0
1975-07-17 00:00:00-04:00,0.37029606845407065,0.37029606845407065,0.36317496750326583,0.3667355179786682,24910,0.0,0.0
1975-07-18 00:00:00-04:00,0.3667354220875858,0.3702959716320038,0.36317487254316777,0.3702959716320038,15510,0.0,0.0
1975-07-21 00:00:00-04:00,0.3702959716320038,0.37385648925784154,0.3667354220875858,0.3702959716320038,19388,0.0,0.0
1975-07-22 00:00:00-04:00,0.37029606845407065,0.37029606845407065,0.36317496750326583,0.3667355179786682,23735,0.0,0.0
1975-07-23 00:00:00-04:00,0.36673564584447704,0.37029619756129906,0.36317509412765503,0.36317509412765503,19858,0.0,0.0
1975-07-24 00:00:00-04:00,0.36317509412765503,0.37029619756129906,0.36317509412765503,0.36317509412765503,21033,0.0,0.0
1975-07-25 00:00:00-04:00,0.36317509412765503,0.36673564584447704,0.3596145743294327,0.36317509412765503,15040,0.0,0.0
1975-07-28 00:00:00-04:00,0.36317509412765503,0.36673564584447704,0.36317509412765503,0.36317509412765503,10810,0.0,0.0
1975-07-29 00:00:00-04:00,0.36317509412765503,0.36673564584447704,0.36317509412765503,0.36317509412765503,9988,0.0,0.0
1975-07-30 00:00:00-04:00,0.36317496750326583,0.36673551797866827,0.36317496750326583,0.3667355179786682,11163,0.0,0.0
1975-07-31 00:00:00-04:00,0.36673564584447704,0.37029619756129906,0.36317509412765503,0.36317509412765503,10575,0.0,0.0
1975-08-01 00:00:00-04:00,0.36317496750326583,0.36673551797866827,0.36317496750326583,0.3667355179786682,5405,0.0,0.0
1975-08-04 00:00:00-04:00,0.36673556133682866,0.36673556133682866,0.3596144914627075,0.3596144914627075,8343,0.0,0.0
1975-08-05 00:00:00-04:00,0.3596145743294327,0.36317509412765503,0.3596145743294327,0.36317509412765503,14100,0.0,0.0
1975-08-06 00:00:00-04:00,0.3631750104404719,0.3631750104404719,0.35605394056635076,0.3596144914627075,10223,0.0,0.0
1975-08-07 00:00:00-04:00,0.3596145743294327,0.36317509412765503,0.3596145743294327,0.36317509412765503,11750,0.0,0.0
1975-08-08 00:00:00-04:00,0.3631750104404719,0.3631750104404719,0.35605394056635076,0.3596144914627075,12925,0.0,0.0
1975-08-11 00:00:00-04:00,0.35961434887538946,0.35961434887538946,0.35605379939079285,0.35605379939079285,9048,0.0,0.0
1975-08-12 00:00:00-04:00,0.35605394056635076,0.3631750104404719,0.35605394056635076,0.3596144914627075,12220,0.0,0.0
1975-08-13 00:00:00-04:00,0.35961434887538946,0.35961434887538946,0.35605379939079285,0.35605379939079285,4230,0.0,0.0
1975-08-14 00:00:00-04:00,0.35605379939079285,0.35961434887538946,0.35605379939079285,0.35605379939079285,9048,0.0,0.0
1975-08-15 00:00:00-04:00,0.35605394056635076,0.3596144914627075,0.35605394056635076,0.3596144914627075,8813,0.0,0.0
1975-08-18 00:00:00-04:00,0.3596144914627075,0.3631750104404719,0.35605394056635076,0.3596144914627075,9165,0.0,0.0
1975-08-19 00:00:00-04:00,0.35961434887538946,0.3631748664414064,0.35605379939079285,0.35605379939079285,7285,0.0,0.0
1975-08-20 00:00:00-04:00,0.35605395639676346,0.35961450745142487,0.34893288620603446,0.35249340534210205,16215,0.0,0.0
1975-08-21 00:00:00-04:00,0.35249340534210205,0.35605395639676346,0.34893288620603446,0.35249340534210205,19153,0.0,0.0
1975-08-22 00:00:00-04:00,0.352493145749355,0.352493145749355,0.3453720808029175,0.3453720808029175,8813,0.0,0.0
1975-08-25 00:00:00-04:00,0.3453723409694796,0.3489328920841217,0.3453723409694796,0.3489328920841217,11398,0.0,0.0
1975-08-26 00:00:00-04:00,0.34893288620603446,0.35605395639676346,0.34893288620603446,0.35249340534210205,7873,0.0,0.0
1975-08-27 00:00:00-04:00,0.3524934112801694,0.3560539623948115,0.3489328920841217,0.3489328920841217,9165,0.0,0.0
1975-08-28 00:00:00-04:00,0.3489327323401793,0.35605379939079285,0.3489327323401793,0.35605379939079285,6580,0.0,0.0
1975-08-29 00:00:00-04:00,0.35605394056635076,0.3596144914627075,0.352493389669994,0.3596144914627075,16215,0.0,0.0
1975-09-02 00:00:00-04:00,0.35961450745142487,0.35961450745142487,0.35249340534210205,0.35249340534210205,12808,0.0,0.0
1975-09-03 00:00:00-04:00,0.35605394056635076,0.3631750104404719,0.35605394056635076,0.3596144914627075,9400,0.0,0.0
1975-09-04 00:00:00-04:00,0.3596145743294327,0.36317509412765503,0.35605402261261077,0.36317509412765503,11280,0.0,0.0
1975-09-05 00:00:00-04:00,0.3631748664414064,0.3631748664414064,0.35605379939079285,0.35605379939079285,7285,0.0,0.0
1975-09-08 00:00:00-04:00,0.35605394056635076,0.3631750104404719,0.35605394056635076,0.3596144914627075,12573,0.0,0.0
1975-09-09 00:00:00-04:00,0.3596145743294327,0.36673564584447704,0.3596145743294327,0.36317509412765503,13865,0.0,0.0
1975-09-10 00:00:00-04:00,0.3631750104404719,0.36673556133682866,0.35605394056635076,0.3596144914627075,15393,0.0,0.0
1975-09-11 00:00:00-04:00,0.3596144914627075,0.3631750104404719,0.3596144914627075,0.3596144914627075,10340,0.0,0.0
1975-09-12 00:00:00-04:00,0.35961434887538946,0.3631748664414064,0.35605379939079285,0.35605379939079285,7168,0.0,0.0
1975-09-15 00:00:00-04:00,0.35605379939079285,0.35961434887538946,0.35605379939079285,0.35605379939079285,5758,0.0,0.0
1975-09-16 00:00:00-04:00,0.35605379939079285,0.35961434887538946,0.35605379939079285,0.35605379939079285,22090,0.0,0.0
1975-09-17 00:00:00-04:00,0.35605402261261077,0.36317509412765503,0.35605402261261077,0.36317509412765503,9283,0.0,0.0
1975-09-18 00:00:00-04:00,0.36317496750326583,0.36673551797866827,0.35961444894645206,0.3667355179786682,20445,0.0,0.0
1975-09-19 00:00:00-04:00,0.36635434419043583,0.36635434419043583,0.3590272665023804,0.35902726650238037,21268,0.308085,0.0
1975-09-22 00:00:00-04:00,0.35902734279199905,0.3663544220369835,0.35902734279199905,0.36269086599349976,16568,0.0,0.0
1975-09-23 00:00:00-04:00,0.3626907889254201,0.3626907889254201,0.3553637112373647,0.35902726650238037,14335,0.0,0.0
1975-09-24 00:00:00-04:00,0.3590272665023804,0.3626907889254201,0.3553637112373647,0.35902726650238037,10105,0.0,0.0
1975-09-25 00:00:00-04:00,0.3590272665023804,0.3626907889254201,0.3553637112373647,0.35902726650238037,8108,0.0,0.0
1975-09-26 00:00:00-04:00,0.35902728203946366,0.35902728203946366,0.35536372661590576,0.35536372661590576,6463,0.0,0.0
1975-09-29 00:00:00-04:00,0.3553637112373647,0.3590272665023804,0.3553637112373647,0.35902726650238037,5640,0.0,0.0
1975-09-30 00:00:00-04:00,0.35902728203946366,0.35902728203946366,0.35536372661590576,0.35536372661590576,7285,0.0,0.0
1975-10-01 00:00:00-04:00,0.3553636820893057,0.35902723705382494,0.3517001271247864,0.3517001271247864,13160,0.0,0.0
1975-10-02 00:00:00-04:00,0.3517001271247864,0.3553636820893057,0.3517001271247864,0.3517001271247864,17508,0.0,0.0
1975-10-03 00:00:00-04:00,0.35170017119234787,0.35902728203946366,0.35170017119234787,0.35536372661590576,8460,0.0,0.0
1975-10-06 00:00:00-04:00,0.3553637112373647,0.3626907889254201,0.3553637112373647,0.35902726650238037,9753,0.0,0.0
1975-10-07 00:00:00-04:00,0.3590272665023804,0.36635434419043583,0.3590272665023804,0.35902726650238037,8930,0.0,0.0
1975-10-08 00:00:00-04:00,0.3590275898146199,0.36635467410087585,0.3590275898146199,0.36635467410087585,4935,0.0,0.0
1975-10-09 00:00:00-04:00,0.36635467410087585,0.36635467410087585,0.3626911155367451,0.36635467410087585,7873,0.0,0.0
1975-10-10 00:00:00-04:00,0.36635467410087585,0.36635467410087585,0.3590275898146199,0.36635467410087585,22443,0.0,0.0
1975-10-13 00:00:00-04:00,0.3663544220369835,0.3663544220369835,0.36269086599349976,0.36269086599349976,7168,0.0,0.0
1975-10-14 00:00:00-04:00,0.36269098038024267,0.3700180947780609,0.36269098038024267,0.3700180947780609,18213,0.0,0.0
1975-10-15 00:00:00-04:00,0.370018316726381,0.37368184328079224,0.36635475732995676,0.37368184328079224,22443,0.0,0.0
1975-10-16 00:00:00-04:00,0.373681499867795,0.38467213511466974,0.373681499867795,0.3846721351146698,27025,0.0,0.0
1975-10-17 00:00:00-04:00,0.38467213511466974,0.38467213511466974,0.3810086119270334,0.3846721351146698,14453,0.0,0.0
1975-10-20 00:00:00-04:00,0.38100844621658325,0.38100844621658325,0.37734489178033886,0.38100844621658325,17978,0.0,0.0
1975-10-21 00:00:00-04:00,0.3810086119270334,0.388335691144289,0.3810086119270334,0.3846721351146698,15863,0.0,0.0
1975-10-22 00:00:00-04:00,0.384672030560317,0.39199914062803753,0.384672030560317,0.38833558559417725,13043,0.0,0.0
1975-10-23 00:00:00-04:00,0.3883356886835369,0.3919992446899414,0.3846721326771324,0.3919992446899414,15040,0.0,0.0
1975-10-24 00:00:00-04:00,0.3919992446899414,0.3919992446899414,0.3883356886835369,0.3919992446899414,13865,0.0,0.0
1975-10-27 00:00:00-05:00,0.3919992471739082,0.39566277036154457,0.38467213511466974,0.3846721351146698,16803,0.0,0.0
1975-10-28 00:00:00-05:00,0.384672030560317,0.39199914062803753,0.3810085083684307,0.38833558559417725,9400,0.0,0.0
1975-10-29 00:00:00-05:00,0.3883355855941773,0.39199914062803753,0.384672030560317,0.38833558559417725,13278,0.0,0.0
1975-10-30 00:00:00-05:00,0.388335691144289,0.388335691144289,0.38467213511466974,0.3846721351146698,10693,0.0,0.0
1975-10-31 00:00:00-05:00,0.384672030560317,0.3883355855941773,0.384672030560317,0.38833558559417725,10810,0.0,0.0
1975-11-03 00:00:00-05:00,0.388335691144289,0.388335691144289,0.38467213511466974,0.3846721351146698,15510,0.0,0.0
1975-11-04 00:00:00-05:00,0.38467213511466974,0.388335691144289,0.38467213511466974,0.3846721351146698,18095,0.0,0.0
1975-11-05 00:00:00-05:00,0.384672030560317,0.3883355855941773,0.384672030560317,0.38833558559417725,12455,0.0,0.0
1975-11-06 00:00:00-05:00,0.3883355855941773,0.3883355855941773,0.384672030560317,0.38833558559417725,9988,0.0,0.0
1975-11-07 00:00:00-05:00,0.3883356886835369,0.3919992446899414,0.3846721326771324,0.3919992446899414,11750,0.0,0.0
1975-11-10 00:00:00-05:00,0.3919992907835378,0.3956628143787384,0.3919992907835378,0.3956628143787384,8343,0.0,0.0
1975-11-11 00:00:00-05:00,0.3956628143787384,0.3956628143787384,0.38833573434635066,0.3956628143787384,13983,0.0,0.0
1975-11-12 00:00:00-05:00,0.3956627389220563,0.4029898503990801,0.3956627389220563,0.39932629466056824,13865,0.0,0.0
1975-11-13 00:00:00-05:00,0.3993263514185044,0.4213076232899061,0.3993263514185044,0.41398054361343384,47000,0.0,0.0
1975-11-14 00:00:00-05:00,0.4139805601323736,0.4139805601323736,0.41031700372695923,0.41031700372695923,15980,0.0,0.0
1975-11-17 00:00:00-05:00,0.4103171499318791,0.4176442325115204,0.4103171499318791,0.4176442325115204,11633,0.0,0.0
1975-11-18 00:00:00-05:00,0.4176440670306775,0.4176440670306775,0.41398054361343384,0.41398054361343384,21385,0.0,0.0
1975-11-19 00:00:00-05:00,0.4139805601323736,0.4176440836958017,0.41031700372695923,0.41031700372695923,13513,0.0,0.0
1975-11-20 00:00:00-05:00,0.4103169873542053,0.4176440670306775,0.4103169873542053,0.41398054361343384,14100,0.0,0.0
1975-11-21 00:00:00-05:00,0.4139805601323736,0.4176440836958017,0.41031700372695923,0.41031700372695923,11045,0.0,0.0
1975-11-24 00:00:00-05:00,0.4103171499318791,0.4176442325115204,0.4103171499318791,0.4176442325115204,11163,0.0,0.0
1975-11-25 00:00:00-05:00,0.4176440670306775,0.4176440670306775,0.4103169873542053,0.41398054361343384,10458,0.0,0.0
1975-11-26 00:00:00-05:00,0.4139805601323736,0.4139805601323736,0.41031700372695923,0.41031700372695923,8225,0.0,0.0
1975-11-28 00:00:00-05:00,0.4103169873542053,0.41398054361343384,0.4103169873542053,0.41398054361343384,8930,0.0,0.0
1975-12-01 00:00:00-05:00,0.41398054361343384,0.4176440670306775,0.4103169873542053,0.41398054361343384,12925,0.0,0.0
1975-12-02 00:00:00-05:00,0.4139805601323736,0.4139805601323736,0.41031700372695923,0.41031700372695923,7990,0.0,0.0
1975-12-03 00:00:00-05:00,0.4103170039264142,0.4139805603336094,0.40298992395401,0.40298992395401,11515,0.0,0.0
1975-12-04 00:00:00-05:00,0.4029898503990801,0.40665337329561174,0.3993262946605682,0.39932629466056824,12690,0.0,0.0
1975-12-05 00:00:00-05:00,0.3993262946605682,0.4029898503990801,0.3956627389220563,0.39932629466056824,15745,0.0,0.0
1975-12-08 00:00:00-05:00,0.39932655916606963,0.406653642654419,0.39932655916606963,0.40665364265441895,14570,0.0,0.0
1975-12-09 00:00:00-05:00,0.406653642654419,0.41031720081959466,0.4029901173312453,0.40665364265441895,22443,0.0,0.0
1975-12-10 00:00:00-05:00,0.398738791544546,0.398738791544546,0.3912154276630785,0.3949770927429199,13513,0.308085,0.0
1975-12-11 00:00:00-05:00,0.3949770927429199,0.398738791544546,0.3949770927429199,0.3949770927429199,26320,0.0,0.0
1975-12-12 00:00:00-05:00,0.3949770927429199,0.398738791544546,0.3949770927429199,0.3949770927429199,7873,0.0,0.0
1975-12-15 00:00:00-05:00,0.3949770927429199,0.3949770927429199,0.3912154276630785,0.3949770927429199,10810,0.0,0.0
1975-12-16 00:00:00-05:00,0.3949769884888062,0.39873868629753273,0.3836919287844024,0.39121532440185547,27025,0.0,0.0
1975-12-17 00:00:00-05:00,0.3912153244018554,0.3949769884888062,0.3912153244018554,0.39121532440185547,12690,0.0,0.0
1975-12-18 00:00:00-05:00,0.3912154276630785,0.3949770927429199,0.3912154276630785,0.3949770927429199,20445,0.0,0.0
1975-12-19 00:00:00-05:00,0.39497719001597786,0.39497719001597786,0.38369212455365337,0.3874538242816925,22090,0.0,0.0
1975-12-22 00:00:00-05:00,0.38745362659312893,0.3912153244018554,0.38745362659312893,0.39121532440185547,15628,0.0,0.0
1975-12-23 00:00:00-05:00,0.3912155240097317,0.3912155240097317,0.38369212455365337,0.3874538242816925,11868,0.0,0.0
1975-12-24 00:00:00-05:00,0.38745362659312893,0.3912153244018554,0.38745362659312893,0.39121532440185547,9283,0.0,0.0
1975-12-26 00:00:00-05:00,0.3912154276630785,0.3949770927429199,0.38745372886145246,0.3949770927429199,6228,0.0,0.0
1975-12-29 00:00:00-05:00,0.3949769884888062,0.3949769884888062,0.38745362659312893,0.39121532440185547,23735,0.0,0.0
1975-12-30 00:00:00-05:00,0.3912153244018554,0.3949769884888062,0.38745362659312893,0.39121532440185547,18095,0.0,0.0
1975-12-31 00:00:00-05:00,0.3912154374104234,0.3987388014793396,0.3912154374104234,0.3987388014793396,20563,0.0,0.0
1976-01-02 00:00:00-05:00,0.39873881447052195,0.4175472421164965,0.39873881447052195,0.41378557682037354,21268,0.0,0.0
1976-01-05 00:00:00-05:00,0.41378585885086894,0.43259429931640625,0.4100241572690376,0.43259429931640625,48998,0.0,0.0
1976-01-06 00:00:00-05:00,0.4325941586822919,0.4401175256783374,0.4325941586822919,0.436355859041214,58280,0.0,0.0
1976-01-07 00:00:00-05:00,0.43635600089823756,0.4401176687582593,0.428832597734575,0.43259429931640625,28553,0.0,0.0
1976-01-08 00:00:00-05:00,0.4325941586822919,0.4438791923154608,0.4325941586822919,0.436355859041214,30198,0.0,0.0
1976-01-09 00:00:00-05:00,0.43635557575705464,0.4438789041471201,0.43635557575705464,0.4401172399520874,15980,0.0,0.0
1976-01-12 00:00:00-05:00,0.4401177084564763,0.44764104485511785,0.4401177084564763,0.4476410448551178,26555,0.0,0.0
1976-01-13 00:00:00-05:00,0.4476408589525842,0.4476408589525842,0.436355859041214,0.436355859041214,22913,0.0,0.0
1976-01-14 00:00:00-05:00,0.43635594181271986,0.44387927651405334,0.43635594181271986,0.44387927651405334,20798,0.0,0.0
1976-01-15 00:00:00-05:00,0.4438793766557971,0.44764104485511785,0.4401177084564763,0.4476410448551178,23735,0.0,0.0
1976-01-16 00:00:00-05:00,0.44764094386472014,0.44764094386472014,0.44387927651405334,0.44387927651405334,24205,0.0,0.0
1976-01-19 00:00:00-05:00,0.4438789730788489,0.4514023363590241,0.4438789730788489,0.45140233635902405,22208,0.0,0.0
1976-01-20 00:00:00-05:00,0.4514023363590241,0.4514023363590241,0.4438789730788489,0.45140233635902405,22795,0.0,0.0
1976-01-21 00:00:00-05:00,0.4514026449371919,0.4514026449371919,0.43635594181271986,0.44387927651405334,34193,0.0,0.0
1976-01-22 00:00:00-05:00,0.4401175696556095,0.4401175696556095,0.425070834160024,0.4288325011730194,49115,0.0,0.0
1976-01-23 00:00:00-05:00,0.42883245832336986,0.436355859041214,0.42507079168624645,0.436355859041214,34898,0.0,0.0
1976-01-26 00:00:00-05:00,0.43635557575705464,0.4438789041471201,0.42883217992343564,0.4401172399520874,47470,0.0,0.0
1976-01-27 00:00:00-05:00,0.44011723995208735,0.4438789041471201,0.4325938778402451,0.4401172399520874,43475,0.0,0.0
1976-01-28 00:00:00-05:00,0.44011723995208735,0.4438789041471201,0.43635557575705464,0.4401172399520874,17743,0.0,0.0
1976-01-29 00:00:00-05:00,0.44011723995208735,0.4438789041471201,0.43635557575705464,0.4401172399520874,22678,0.0,0.0
1976-01-30 00:00:00-05:00,0.4401176091633866,0.44764094386472014,0.4401176091633866,0.44387927651405334,20093,0.0,0.0
1976-02-02 00:00:00-05:00,0.44387927651405334,0.44764094386472014,0.4401176091633866,0.44387927651405334,35368,0.0,0.0
1976-02-03 00:00:00-05:00,0.4438789730788489,0.4514023363590241,0.4438789730788489,0.45140233635902405,26203,0.0,0.0
1976-02-04 00:00:00-05:00,0.4514023363590241,0.4514023363590241,0.4476406378580455,0.45140233635902405,28788,0.0,0.0
1976-02-05 00:00:00-05:00,0.4514026449371919,0.4514026449371919,0.44387927651405334,0.44387927651405334,32548,0.0,0.0
1976-02-06 00:00:00-05:00,0.4438793766557971,0.45140274677625125,0.4401177084564763,0.4476410448551178,22678,0.0,0.0
1976-02-09 00:00:00-05:00,0.4476406378580455,0.4514023363590241,0.4438789730788489,0.45140233635902405,34898,0.0,0.0
1976-02-10 00:00:00-05:00,0.4514023363590241,0.4514023363590241,0.4438789730788489,0.45140233635902405,16215,0.0,0.0
1976-02-11 00:00:00-05:00,0.45140274677625125,0.45140274677625125,0.4438793766557971,0.4476410448551178,24440,0.0,0.0
1976-02-12 00:00:00-05:00,0.44764104485511785,0.45140274677625125,0.44764104485511785,0.4476410448551178,22443,0.0,0.0
1976-02-13 00:00:00-05:00,0.44764094386472014,0.4514026449371919,0.4401176091633866,0.44387927651405334,16333,0.0,0.0
1976-02-17 00:00:00-05:00,0.44387927651405334,0.44764094386472014,0.4401176091633866,0.44387927651405334,22795,0.0,0.0
1976-02-18 00:00:00-05:00,0.4438793766557971,0.44764104485511785,0.4438793766557971,0.4476410448551178,28200,0.0,0.0
1976-02-19 00:00:00-05:00,0.44764104485511785,0.44764104485511785,0.4401177084564763,0.4476410448551178,17508,0.0,0.0
1976-02-20 00:00:00-05:00,0.44764104485511785,0.45140274677625125,0.4438793766557971,0.4476410448551178,24910,0.0,0.0
1976-02-23 00:00:00-05:00,0.4476406378580455,0.4514023363590241,0.4476406378580455,0.45140233635902405,20328,0.0,0.0
1976-02-24 00:00:00-05:00,0.4514023363590241,0.4514023363590241,0.4438789730788489,0.45140233635902405,16568,0.0,0.0
1976-02-25 00:00:00-05:00,0.4514026449371919,0.4514026449371919,0.44387927651405334,0.44387927651405334,24440,0.0,0.0
1976-02-26 00:00:00-05:00,0.4438791923154608,0.4438791923154608,0.4325941586822919,0.436355859041214,34193,0.0,0.0
1976-02-27 00:00:00-05:00,0.43635557575705464,0.4438789041471201,0.43635557575705464,0.4401172399520874,22560,0.0,0.0
1976-03-01 00:00:00-05:00,0.44011723995208735,0.4476405683421529,0.4325938778402451,0.4401172399520874,30198,0.0,0.0
1976-03-02 00:00:00-05:00,0.4401176091633866,0.44387927651405334,0.4401176091633866,0.44387927651405334,18565,0.0,0.0
1976-03-03 00:00:00-05:00,0.4438789041471201,0.4438789041471201,0.43635557575705464,0.4401172399520874,17743,0.0,0.0
1976-03-04 00:00:00-05:00,0.44011723995208735,0.44011723995208735,0.43635557575705464,0.4401172399520874,19505,0.0,0.0
1976-03-05 00:00:00-05:00,0.44011723995208735,0.44011723995208735,0.4325938778402451,0.4401172399520874,30668,0.0,0.0
1976-03-08 00:00:00-05:00,0.4401175256783374,0.4476408589525842,0.4325941586822919,0.436355859041214,23735,0.0,0.0
1976-03-09 00:00:00-05:00,0.436355859041214,0.4438791923154608,0.436355859041214,0.436355859041214,19388,0.0,0.0
1976-03-10 00:00:00-05:00,0.436355859041214,0.4438791923154608,0.4325941586822919,0.436355859041214,21620,0.0,0.0
1976-03-11 00:00:00-05:00,0.436355859041214,0.4401175256783374,0.4325941586822919,0.436355859041214,24675,0.0,0.0
1976-03-12 00:00:00-05:00,0.436355859041214,0.4401175256783374,0.42883245832336986,0.436355859041214,23500,0.0,0.0
1976-03-15 00:00:00-05:00,0.436355859041214,0.436355859041214,0.42883245832336986,0.436355859041214,25145,0.0,0.0
1976-03-16 00:00:00-05:00,0.43635600089823756,0.43635600089823756,0.428832597734575,0.43259429931640625,20328,0.0,0.0
1976-03-17 00:00:00-05:00,0.4325941586822919,0.436355859041214,0.4325941586822919,0.436355859041214,22090,0.0,0.0
1976-03-18 00:00:00-05:00,0.436355859041214,0.4401175256783374,0.42883245832336986,0.436355859041214,15158,0.0,0.0
1976-03-19 00:00:00-05:00,0.43595471978187567,0.43595471978187567,0.42823868255724457,0.4359547197818756,34545,0.308085,0.0
1976-03-22 00:00:00-05:00,0.4359546665777622,0.4359546665777622,0.4282386302947998,0.4282386302947998,21855,0.0,0.0
1976-03-23 00:00:00-05:00,0.4282386302947998,0.43209664843628104,0.42052262859707773,0.4282386302947998,28318,0.0,0.0
1976-03-24 00:00:00-05:00,0.4282384801963277,0.4359545137748044,0.4205224812030792,0.4205224812030792,65800,0.0,0.0
1976-03-25 00:00:00-05:00,0.4205224941375523,0.42438051104545593,0.4205224941375523,0.42438051104545593,43240,0.0,0.0
1976-03-26 00:00:00-05:00,0.42438042398901554,0.42823840552027226,0.41666439175605774,0.41666439175605774,49938,0.0,0.0
1976-03-29 00:00:00-05:00,0.4166644772296487,0.42438051104545593,0.4166644772296487,0.42438051104545593,44533,0.0,0.0
1976-03-30 00:00:00-05:00,0.42438064673855896,0.4282386302947998,0.42052262859707773,0.4282386302947998,41595,0.0,0.0
1976-03-31 00:00:00-05:00,0.4282385237463052,0.43209654092788696,0.42438054114995516,0.43209654092788696,20093,0.0,0.0
1976-04-01 00:00:00-05:00,0.4320967011695601,0.43981270380894666,0.42823868255724457,0.4359547197818756,26555,0.0,0.0
1976-04-02 00:00:00-05:00,0.43595471978187567,0.43981270380894666,0.4320967011695601,0.4359547197818756,17625,0.0,0.0
1976-04-05 00:00:00-05:00,0.43595471978187567,0.43981270380894666,0.4320967011695601,0.4359547197818756,22090,0.0,0.0
1976-04-06 00:00:00-05:00,0.43595473565439496,0.43981271982192993,0.43595473565439496,0.43981271982192993,22325,0.0,0.0
1976-04-07 00:00:00-05:00,0.4398125407058187,0.4398125407058187,0.43209654092788696,0.43209654092788696,25145,0.0,0.0
1976-04-08 00:00:00-05:00,0.4320967011695601,0.43981270380894666,0.4320967011695601,0.4359547197818756,16920,0.0,0.0
1976-04-09 00:00:00-05:00,0.4359545581094687,0.4359545581094687,0.43209654092788696,0.43209654092788696,18565,0.0,0.0
1976-04-12 00:00:00-05:00,0.43209654092788696,0.4359545581094687,0.4282385237463052,0.43209654092788696,29140,0.0,0.0
1976-04-13 00:00:00-05:00,0.43209654092788696,0.4359545581094687,0.43209654092788696,0.43209654092788696,19388,0.0,0.0
1976-04-14 00:00:00-05:00,0.43209664843628104,0.4359546665777622,0.4282386302947998,0.4282386302947998,19388,0.0,0.0
1976-04-15 00:00:00-05:00,0.4282385237463052,0.4359545581094687,0.42438054114995516,0.43209654092788696,18330,0.0,0.0
1976-04-19 00:00:00-05:00,0.43209664843628104,0.43209664843628104,0.42438064673855896,0.4282386302947998,29140,0.0,0.0
1976-04-20 00:00:00-05:00,0.4282386302947998,0.43209664843628104,0.42438064673855896,0.4282386302947998,32900,0.0,0.0
1976-04-21 00:00:00-05:00,0.4282384933681303,0.4320965102760339,0.42438051104545593,0.42438051104545593,38893,0.0,0.0
1976-04-22 00:00:00-05:00,0.4243804979923176,0.4282384801963277,0.4166644644138409,0.4205224812030792,49115,0.0,0.0
1976-04-23 00:00:00-05:00,0.42052262859707773,0.4282386302947998,0.42052262859707773,0.4282386302947998,31725,0.0,0.0
1976-04-26 00:00:00-04:00,0.4282386302947998,0.4359546665777622,0.42438064673855896,0.4282386302947998,25615,0.0,0.0
1976-04-27 00:00:00-04:00,0.4282384933681303,0.4282384933681303,0.41280649490697435,0.42438051104545593,32665,0.0,0.0
1976-04-28 00:00:00-04:00,0.42438064673855896,0.4282386302947998,0.42052262859707773,0.4282386302947998,21033,0.0,0.0
1976-04-29 00:00:00-04:00,0.4282384933681303,0.4320965102760339,0.42438051104545593,0.42438051104545593,27848,0.0,0.0
1976-04-30 00:00:00-04:00,0.42438064673855896,0.4282386302947998,0.42052262859707773,0.4282386302947998,14453,0.0,0.0
1976-05-03 00:00:00-04:00,0.4282385237463052,0.43209654092788696,0.42438054114995516,0.43209654092788696,28788,0.0,0.0
1976-05-04 00:00:00-04:00,0.43209654092788696,0.43209654092788696,0.4282385237463052,0.43209654092788696,20210,0.0,0.0
1976-05-05 00:00:00-04:00,0.43209654092788696,0.43209654092788696,0.4282385237463052,0.43209654092788696,24910,0.0,0.0
1976-05-06 00:00:00-04:00,0.43209654092788696,0.43209654092788696,0.4282385237463052,0.43209654092788696,18095,0.0,0.0
1976-05-07 00:00:00-04:00,0.43209654092788696,0.43209654092788696,0.4282385237463052,0.43209654092788696,20328,0.0,0.0
1976-05-10 00:00:00-04:00,0.4320965102760339,0.4359545271839375,0.42438051104545593,0.42438051104545593,23030,0.0,0.0
1976-05-11 00:00:00-04:00,0.42438064673855896,0.43209664843628104,0.42438064673855896,0.4282386302947998,26438,0.0,0.0
1976-05-12 00:00:00-04:00,0.4282385237463052,0.43209654092788696,0.42438054114995516,0.43209654092788696,16333,0.0,0.0
1976-05-13 00:00:00-04:00,0.43209654092788696,0.4359545581094687,0.4282385237463052,0.43209654092788696,20093,0.0,0.0
1976-05-14 00:00:00-04:00,0.43209654092788696,0.4359545581094687,0.4282385237463052,0.43209654092788696,16920,0.0,0.0
1976-05-17 00:00:00-04:00,0.43209654092788696,0.43209654092788696,0.4282385237463052,0.43209654092788696,18565,0.0,0.0
1976-05-18 00:00:00-04:00,0.43209654092788696,0.43209654092788696,0.4282385237463052,0.43209654092788696,29375,0.0,0.0
1976-05-19 00:00:00-04:00,0.43209654092788696,0.43209654092788696,0.4282385237463052,0.43209654092788696,22443,0.0,0.0
1976-05-20 00:00:00-04:00,0.43209664843628104,0.43209664843628104,0.42438064673855896,0.4282386302947998,23970,0.0,0.0
1976-05-21 00:00:00-04:00,0.4282385237463052,0.43209654092788696,0.4282385237463052,0.43209654092788696,17978,0.0,0.0
1976-05-24 00:00:00-04:00,0.43209664843628104,0.43209664843628104,0.42438064673855896,0.4282386302947998,26320,0.0,0.0
1976-05-25 00:00:00-04:00,0.4282386302947998,0.43209664843628104,0.4282386302947998,0.4282386302947998,19975,0.0,0.0
1976-05-26 00:00:00-04:00,0.4282385237463052,0.4359545581094687,0.42438054114995516,0.43209654092788696,16098,0.0,0.0
1976-05-27 00:00:00-04:00,0.4320965102760339,0.4320965102760339,0.42438051104545593,0.42438051104545593,30315,0.0,0.0
1976-05-28 00:00:00-04:00,0.42438064673855896,0.43209664843628104,0.42438064673855896,0.4282386302947998,30903,0.0,0.0
1976-06-01 00:00:00-04:00,0.4282385237463052,0.4359545581094687,0.4282385237463052,0.43209654092788696,23148,0.0,0.0
1976-06-02 00:00:00-04:00,0.43209664843628104,0.43209664843628104,0.42438064673855896,0.4282386302947998,35720,0.0,0.0
1976-06-03 00:00:00-04:00,0.4282385237463052,0.43209654092788696,0.4282385237463052,0.43209654092788696,17978,0.0,0.0
1976-06-04 00:00:00-04:00,0.43209664843628104,0.43209664843628104,0.42438064673855896,0.4282386302947998,18213,0.0,0.0
1976-06-07 00:00:00-04:00,0.4282386302947998,0.4359546665777622,0.4282386302947998,0.4282386302947998,24558,0.0,0.0
1976-06-08 00:00:00-04:00,0.4282385237463052,0.43209654092788696,0.4282385237463052,0.43209654092788696,19388,0.0,0.0
1976-06-09 00:00:00-04:00,0.43209664843628104,0.43209664843628104,0.4282386302947998,0.4282386302947998,13395,0.0,0.0
1976-06-10 00:00:00-04:00,0.4282385237463052,0.43209654092788696,0.4282385237463052,0.43209654092788696,19388,0.0,0.0
1976-06-11 00:00:00-04:00,0.43209654092788696,0.43209654092788696,0.4282385237463052,0.43209654092788696,20093,0.0,0.0
1976-06-14 00:00:00-04:00,0.43209664843628104,0.4359546665777622,0.4282386302947998,0.4282386302947998,25733,0.0,0.0
1976-06-15 00:00:00-04:00,0.4282385237463052,0.4359545581094687,0.4282385237463052,0.43209654092788696,37953,0.0,0.0
1976-06-16 00:00:00-04:00,0.4435659355883015,0.4435659355883015,0.43168470263481146,0.4316847026348114,33370,0.308085,0.0
1976-06-17 00:00:00-04:00,0.43168470263481146,0.4396055127693888,0.43168470263481146,0.4316847026348114,33370,0.0,0.0
1976-06-18 00:00:00-04:00,0.43168470263481146,0.43564512545372414,0.4277242798158987,0.4316847026348114,30433,0.0,0.0
1976-06-21 00:00:00-04:00,0.4316849353855369,0.43564536033978424,0.4237641209803095,0.4277245104312897,32195,0.0,0.0
1976-06-22 00:00:00-04:00,0.4277245104312897,0.4316849353855369,0.4277245104312897,0.4277245104312897,48528,0.0,0.0
1976-06-23 00:00:00-04:00,0.4277245104312897,0.4316849353855369,0.4237641209803095,0.4277245104312897,26673,0.0,0.0
1976-06-24 00:00:00-04:00,0.4277243184711586,0.43168474164799153,0.4237639307975769,0.4237639307975769,34428,0.0,0.0
1976-06-25 00:00:00-04:00,0.4237639307975769,0.4237639307975769,0.419803507620744,0.4237639307975769,28788,0.0,0.0
1976-06-28 00:00:00-04:00,0.4237638631151159,0.4237638631151159,0.41980344057083135,0.4198034405708313,32078,0.0,0.0
1976-06-29 00:00:00-04:00,0.41980344057083135,0.4237638631151159,0.4158430180265468,0.4198034405708313,39833,0.0,0.0
1976-06-30 00:00:00-04:00,0.41980349258839306,0.42376391562341087,0.4158430695533752,0.41584306955337524,47118,0.0,0.0
1976-07-01 00:00:00-04:00,0.4158430695533752,0.42376391562341087,0.4118826820216073,0.41584306955337524,23970,0.0,0.0
1976-07-02 00:00:00-04:00,0.41584308444391105,0.4237639307975769,0.41188269677032935,0.4237639307975769,27848,0.0,0.0
1976-07-06 00:00:00-04:00,0.4237641209803095,0.4277245104312897,0.4198036960260622,0.4277245104312897,27730,0.0,0.0
1976-07-07 00:00:00-04:00,0.4237638631151159,0.4237638631151159,0.4158430180265468,0.4198034405708313,19035,0.0,0.0
1976-07-08 00:00:00-04:00,0.419803507620744,0.4237639307975769,0.419803507620744,0.4237639307975769,24088,0.0,0.0
1976-07-09 00:00:00-04:00,0.4237641209803095,0.4277245104312897,0.4158432710718149,0.4277245104312897,38305,0.0,0.0
1976-07-12 00:00:00-04:00,0.4277242798158987,0.43168470263481146,0.42376389250023405,0.4316847026348114,41008,0.0,0.0
1976-07-13 00:00:00-04:00,0.4316849353855369,0.4316849353855369,0.4277245104312897,0.4277245104312897,21385,0.0,0.0
1976-07-14 00:00:00-04:00,0.4277243875378895,0.43960562348365784,0.4277243875378895,0.43960562348365784,40538,0.0,0.0
1976-07-15 00:00:00-04:00,0.43960562348365784,0.4435660472999996,0.43960562348365784,0.43960562348365784,195755,0.0,0.0
1976-07-16 00:00:00-04:00,0.43960562348365784,0.4435660472999996,0.435645235170573,0.43960562348365784,88948,0.0,0.0
1976-07-19 00:00:00-04:00,0.4396053644025867,0.44356578588485723,0.4396053644025867,0.4435657858848572,34780,0.0,0.0
1976-07-20 00:00:00-04:00,0.44356578588485723,0.4475262073671277,0.4396053644025867,0.4435657858848572,86715,0.0,0.0
1976-07-21 00:00:00-04:00,0.4435657654052196,0.4475261867046356,0.4396053441058036,0.4475261867046356,55108,0.0,0.0
1976-07-22 00:00:00-04:00,0.4475262073671277,0.4475262073671277,0.44356578588485723,0.4435657858848572,60865,0.0,0.0
1976-07-23 00:00:00-04:00,0.4435657654052196,0.45148657250081725,0.4435657654052196,0.4475261867046356,22208,0.0,0.0
1976-07-26 00:00:00-04:00,0.4475262073671277,0.4514865933461622,0.44356578588485723,0.4435657858848572,26790,0.0,0.0
1976-07-27 00:00:00-04:00,0.4435657654052196,0.4475261867046356,0.4435657654052196,0.4475261867046356,25380,0.0,0.0
1976-07-28 00:00:00-04:00,0.4475262073671277,0.4475262073671277,0.44356578588485723,0.4435657858848572,15040,0.0,0.0
1976-07-29 00:00:00-04:00,0.44356578588485723,0.4514865933461622,0.4396053644025867,0.4435657858848572,29140,0.0,0.0
1976-07-30 00:00:00-04:00,0.4435657654052196,0.45148657250081725,0.4435657654052196,0.4475261867046356,18330,0.0,0.0
1976-08-02 00:00:00-04:00,0.44752655608724734,0.4514869451522827,0.44752655608724734,0.4514869451522827,22443,0.0,0.0
1976-08-03 00:00:00-04:00,0.4514869451522827,0.4514869451522827,0.44356613151894825,0.4514869451522827,29728,0.0,0.0
1976-08-04 00:00:00-04:00,0.4514869451522827,0.4514869451522827,0.44752655608724734,0.4514869451522827,16450,0.0,0.0
1976-08-05 00:00:00-04:00,0.45148657250081725,0.45148657250081725,0.4475261867046356,0.4475261867046356,34898,0.0,0.0
1976-08-06 00:00:00-04:00,0.4475263570476131,0.45544716715812683,0.4475263570476131,0.45544716715812683,34310,0.0,0.0
1976-08-09 00:00:00-04:00,0.45544716715812683,0.4594075899650076,0.451486744351246,0.45544716715812683,24323,0.0,0.0
1976-08-10 00:00:00-04:00,0.45544729308759413,0.4633681053881826,0.451486869185671,0.4594077169895172,52523,0.0,0.0
1976-08-11 00:00:00-04:00,0.4594077169895172,0.4633681053881826,0.45544729308759413,0.4594077169895172,40068,0.0,0.0
1976-08-12 00:00:00-04:00,0.4594077169895172,0.4633681053881826,0.45544729308759413,0.4594077169895172,33253,0.0,0.0
1976-08-13 00:00:00-04:00,0.4594077169895172,0.4633681053881826,0.45544729308759413,0.4594077169895172,33723,0.0,0.0
1976-08-16 00:00:00-04:00,0.45940755201884864,0.46336793899536133,0.45544712953909094,0.46336793899536133,26438,0.0,0.0
1976-08-17 00:00:00-04:00,0.4633681053881826,0.4633681053881826,0.45544729308759413,0.4594077169895172,34428,0.0,0.0
1976-08-18 00:00:00-04:00,0.45940755201884864,0.46732832597187407,0.45940755201884864,0.46336793899536133,32665,0.0,0.0
1976-08-19 00:00:00-04:00,0.4633679772686405,0.4633679772686405,0.45544716715812683,0.45544716715812683,38188,0.0,0.0
1976-08-20 00:00:00-04:00,0.45544729308759413,0.4633681053881826,0.451486869185671,0.4594077169895172,22208,0.0,0.0
1976-08-23 00:00:00-04:00,0.4594077169895172,0.4594077169895172,0.45544729308759413,0.4594077169895172,25498,0.0,0.0
1976-08-24 00:00:00-04:00,0.4594077169895172,0.4633681053881826,0.45544729308759413,0.4594077169895172,20680,0.0,0.0
1976-08-25 00:00:00-04:00,0.4594075899650076,0.4633679772686405,0.45544716715812683,0.45544716715812683,24440,0.0,0.0
1976-08-26 00:00:00-04:00,0.4594077169895172,0.4633681053881826,0.4594077169895172,0.4594077169895172,13513,0.0,0.0
1976-08-27 00:00:00-04:00,0.45940755201884864,0.46336793899536133,0.45148670705933325,0.46336793899536133,23970,0.0,0.0
1976-08-30 00:00:00-04:00,0.46336793899536133,0.46336793899536133,0.45544712953909094,0.46336793899536133,18095,0.0,0.0
1976-08-31 00:00:00-04:00,0.4633681053881826,0.4633681053881826,0.4594077169895172,0.4594077169895172,31725,0.0,0.0
1976-09-01 00:00:00-04:00,0.45940771211348985,0.46732848882675176,0.45940771211348985,0.4673284888267517,25498,0.0,0.0
1976-09-02 00:00:00-04:00,0.46732832597187407,0.46732832597187407,0.45940755201884864,0.46336793899536133,17155,0.0,0.0
1976-09-03 00:00:00-04:00,0.4633681004701208,0.46732848882675176,0.45940771211348985,0.4673284888267517,32078,0.0,0.0
1976-09-07 00:00:00-04:00,0.4673286489445881,0.47128903865814215,0.4633682592310341,0.4712890386581421,51348,0.0,0.0
1976-09-08 00:00:00-04:00,0.4712886598167798,0.4752490818500519,0.46732827328674864,0.4752490818500519,110920,0.0,0.0
1976-09-09 00:00:00-04:00,0.4752490818500519,0.479209503883324,0.4712886598167798,0.4752490818500519,35720,0.0,0.0
1976-09-10 00:00:00-04:00,0.4752490818500519,0.479209503883324,0.4712886598167798,0.4752490818500519,41830,0.0,0.0
1976-09-13 00:00:00-04:00,0.4752488243637057,0.4792092442512512,0.47128840447616016,0.4792092442512512,35015,0.0,0.0
1976-09-14 00:00:00-04:00,0.479209503883324,0.479209503883324,0.4712886598167798,0.4752490818500519,46648,0.0,0.0
1976-09-15 00:00:00-04:00,0.4752488243637057,0.4792092442512512,0.47128840447616016,0.4792092442512512,39950,0.0,0.0
1976-09-16 00:00:00-04:00,0.4792092442512512,0.483169628635575,0.4752488243637057,0.4792092442512512,31843,0.0,0.0
1976-09-17 00:00:00-04:00,0.47920946745828685,0.4831698536872864,0.4752490457260491,0.4831698536872864,50878,0.0,0.0
1976-09-20 00:00:00-04:00,0.4831698536872864,0.4831698536872864,0.47920946745828685,0.4831698536872864,47940,0.0,0.0
1976-09-21 00:00:00-04:00,0.4831700177884328,0.4950512515171832,0.47920963021434954,0.4910908639431,105750,0.0,0.0
1976-09-22 00:00:00-04:00,0.4947243522839218,0.4947243522839218,0.47850390078727434,0.4825589954853058,85305,0.308085,0.0
1976-09-23 00:00:00-04:00,0.48255899548530573,0.4947243522839218,0.47850390078727434,0.4825589954853058,58045,0.0,0.0
1976-09-24 00:00:00-04:00,0.4825590074861802,0.4825590074861802,0.4744488178884231,0.47850391268730164,84718,0.0,0.0
1976-09-27 00:00:00-04:00,0.47850391268730164,0.4825590074861802,0.4744488178884231,0.47850391268730164,25615,0.0,0.0
1976-09-28 00:00:00-04:00,0.47850377450553894,0.48255886813339227,0.4703935872498322,0.47444868087768555,54168,0.0,0.0
1976-09-29 00:00:00-04:00,0.4744486808776856,0.47850377450553894,0.4703935872498322,0.47444868087768555,36778,0.0,0.0
1976-09-30 00:00:00-04:00,0.4744486808776856,0.4744486808776856,0.4703935872498322,0.47444868087768555,26908,0.0,0.0
1976-10-01 00:00:00-04:00,0.4744488178884231,0.47850391268730164,0.4744488178884231,0.47850391268730164,33018,0.0,0.0
1976-10-04 00:00:00-04:00,0.47850391268730164,0.47850391268730164,0.4703937230895445,0.47850391268730164,30668,0.0,0.0
1976-10-05 00:00:00-04:00,0.47850391268730164,0.47850391268730164,0.4744488178884231,0.47850391268730164,34663,0.0,0.0
1976-10-06 00:00:00-04:00,0.47850377450553894,0.48255886813339227,0.4744486808776856,0.47444868087768555,56283,0.0,0.0
1976-10-07 00:00:00-04:00,0.4744488060892429,0.48255899548530573,0.4744488060892429,0.4825589954853058,30550,0.0,0.0
1976-10-08 00:00:00-04:00,0.48255886813339227,0.48255886813339227,0.4744486808776856,0.47444868087768555,37600,0.0,0.0
1976-10-11 00:00:00-04:00,0.4744487218601325,0.4785038158382611,0.47039362788200384,0.4703936278820038,31490,0.0,0.0
1976-10-12 00:00:00-04:00,0.4703935872498322,0.47850377450553894,0.4703935872498322,0.47444868087768555,57223,0.0,0.0
1976-10-13 00:00:00-04:00,0.4744488178884231,0.47850391268730164,0.4703937230895445,0.47850391268730164,31373,0.0,0.0
1976-10-14 00:00:00-04:00,0.47850377450553894,0.47850377450553894,0.4744486808776856,0.47444868087768555,20563,0.0,0.0
1976-10-15 00:00:00-04:00,0.4744486808776856,0.47850377450553894,0.4744486808776856,0.47444868087768555,28200,0.0,0.0
1976-10-18 00:00:00-04:00,0.4744488178884231,0.47850391268730164,0.4703937230895445,0.47850391268730164,40185,0.0,0.0
1976-10-19 00:00:00-04:00,0.4744487218601325,0.4744487218601325,0.47039362788200384,0.4703936278820038,43593,0.0,0.0
1976-10-20 00:00:00-04:00,0.4703935872498322,0.47850377450553894,0.4703935872498322,0.47444868087768555,48058,0.0,0.0
1976-10-21 00:00:00-04:00,0.4744487218601325,0.4744487218601325,0.47039362788200384,0.4703936278820038,32195,0.0,0.0
1976-10-22 00:00:00-04:00,0.47039362788200384,0.4744487218601325,0.47039362788200384,0.4703936278820038,32430,0.0,0.0
1976-10-25 00:00:00-04:00,0.47039362788200384,0.4785038158382611,0.47039362788200384,0.4703936278820038,30080,0.0,0.0
1976-10-26 00:00:00-04:00,0.47039362788200384,0.4744487218601325,0.47039362788200384,0.4703936278820038,38423,0.0,0.0
1976-10-27 00:00:00-04:00,0.47039362788200384,0.4785038158382611,0.47039362788200384,0.4703936278820038,81780,0.0,0.0
1976-10-28 00:00:00-04:00,0.4703935872498322,0.4744486808776856,0.4703935872498322,0.47444868087768555,30903,0.0,0.0
1976-10-29 00:00:00-04:00,0.4744488178884231,0.47850391268730164,0.4663385919384042,0.47850391268730164,35720,0.0,0.0
1976-11-01 00:00:00-05:00,0.47850391268730164,0.4825590074861802,0.4744488178884231,0.47850391268730164,35368,0.0,0.0
1976-11-03 00:00:00-05:00,0.47850377450553894,0.47850377450553894,0.4703935872498322,0.47444868087768555,28200,0.0,0.0
1976-11-04 00:00:00-05:00,0.4744486808776856,0.47850377450553894,0.4703935872498322,0.47444868087768555,38423,0.0,0.0
1976-11-05 00:00:00-05:00,0.4744488178884231,0.47850391268730164,0.4744488178884231,0.47850391268730164,23030,0.0,0.0
1976-11-08 00:00:00-05:00,0.4785038158382611,0.4785038158382611,0.46633849755162077,0.4703936278820038,95410,0.0,0.0
1976-11-09 00:00:00-05:00,0.47039362788200384,0.4744487218601325,0.46633849755162077,0.4703936278820038,55460,0.0,0.0
1976-11-10 00:00:00-05:00,0.4703935255203398,0.4744486186160454,0.4663383960723877,0.4663383960723877,29140,0.0,0.0
1976-11-11 00:00:00-05:00,0.46633849755162077,0.47039362788200384,0.46633849755162077,0.4703936278820038,29140,0.0,0.0
1976-11-12 00:00:00-05:00,0.47039362788200384,0.47039362788200384,0.46633849755162077,0.4703936278820038,46060,0.0,0.0
1976-11-15 00:00:00-05:00,0.4703935255203398,0.4744486186160454,0.4663383960723877,0.4663383960723877,30785,0.0,0.0
1976-11-16 00:00:00-05:00,0.4703935872498322,0.4744486808776856,0.4703935872498322,0.47444868087768555,31138,0.0,0.0
1976-11-17 00:00:00-05:00,0.4744487218601325,0.4744487218601325,0.47039362788200384,0.4703936278820038,32665,0.0,0.0
1976-11-18 00:00:00-05:00,0.4703935872498322,0.4744486808776856,0.4703935872498322,0.47444868087768555,48058,0.0,0.0
1976-11-19 00:00:00-05:00,0.4744486808776856,0.47850377450553894,0.4703935872498322,0.47444868087768555,32430,0.0,0.0
1976-11-22 00:00:00-05:00,0.4744486808776856,0.4744486808776856,0.44200775009360255,0.47444868087768555,38775,0.0,0.0
1976-11-23 00:00:00-05:00,0.4744486808776856,0.47850377450553894,0.4703935872498322,0.47444868087768555,32548,0.0,0.0
1976-11-24 00:00:00-05:00,0.4744488178884231,0.47850391268730164,0.4744488178884231,0.47850391268730164,16568,0.0,0.0
1976-11-26 00:00:00-05:00,0.47850390078727434,0.48255899548530573,0.4744488060892429,0.4825589954853058,41948,0.0,0.0
1976-11-29 00:00:00-05:00,0.48255899548530573,0.48661412653559805,0.48255899548530573,0.4825589954853058,42653,0.0,0.0
1976-11-30 00:00:00-05:00,0.48255899548530573,0.48661412653559805,0.48255899548530573,0.4825589954853058,43005,0.0,0.0
1976-12-01 00:00:00-05:00,0.4825588294192458,0.4866139590740204,0.4825588294192458,0.4866139590740204,25263,0.0,0.0
1976-12-02 00:00:00-05:00,0.48661412653559805,0.48661412653559805,0.48255899548530573,0.4825589954853058,31843,0.0,0.0
1976-12-03 00:00:00-05:00,0.4825588294192458,0.4866139590740204,0.4785037361167196,0.4866139590740204,38893,0.0,0.0
1976-12-06 00:00:00-05:00,0.48661349882019767,0.4906686246395111,0.4825583730008843,0.4906686246395111,51818,0.0,0.0
1976-12-07 00:00:00-05:00,0.4906686246395111,0.4947237141066106,0.4825583730008843,0.4906686246395111,40538,0.0,0.0
1976-12-08 00:00:00-05:00,0.4906688840474622,0.49472397565841675,0.4866137560842744,0.49472397565841675,33958,0.0,0.0
1976-12-09 00:00:00-05:00,0.4947241673406413,0.5028344264093588,0.4906690741585298,0.498779296875,46060,0.0,0.0
1976-12-10 00:00:00-05:00,0.4941945150016425,0.4941945150016425,0.485888771760595,0.4900416433811188,55460,0.308085,0.0
1976-12-13 00:00:00-05:00,0.4900416207901139,0.49834740087705437,0.4858887493610382,0.4858887493610382,49350,0.0,0.0
1976-12-14 00:00:00-05:00,0.4900417246962133,0.49834750654427196,0.4900417246962133,0.4941945970058441,42535,0.0,0.0
1976-12-15 00:00:00-05:00,0.4941945970058441,0.4941945970058441,0.4900417246962133,0.4941945970058441,43945,0.0,0.0
1976-12-16 00:00:00-05:00,0.49419449221918954,0.49419449221918954,0.4858887493610382,0.4858887493610382,33488,0.0,0.0
1976-12-17 00:00:00-05:00,0.4858887493610382,0.49419449221918954,0.4858887493610382,0.4858887493610382,54638,0.0,0.0
1976-12-20 00:00:00-05:00,0.4858888523865825,0.4941945970058441,0.4858888523865825,0.4941945970058441,27260,0.0,0.0
1976-12-21 00:00:00-05:00,0.4941945970058441,0.4941945970058441,0.4858888523865825,0.4941945970058441,40068,0.0,0.0
1976-12-22 00:00:00-05:00,0.4941945970058441,0.4941945970058441,0.4858888523865825,0.4941945970058441,44768,0.0,0.0
1976-12-23 00:00:00-05:00,0.4941945150016425,0.4941945150016425,0.485888771760595,0.4900416433811188,51230,0.0,0.0
1976-12-27 00:00:00-05:00,0.4900417246962133,0.4941945970058441,0.4900417246962133,0.4941945970058441,41478,0.0,0.0
1976-12-28 00:00:00-05:00,0.4941945150016425,0.49834742385095715,0.4900416433811188,0.4900416433811188,36190,0.0,0.0
1976-12-29 00:00:00-05:00,0.494194522508879,0.4983474314212799,0.494194522508879,0.4983474314212799,52053,0.0,0.0
1976-12-30 00:00:00-05:00,0.49834750654427196,0.49834750654427196,0.4941945970058441,0.4941945970058441,47470,0.0,0.0
1976-12-31 00:00:00-05:00,0.4941944199335524,0.5025002360343933,0.4900415491119156,0.5025002360343933,44768,0.0,0.0
1977-01-03 00:00:00-05:00,0.5025001999266021,0.5108059782018372,0.5025001999266021,0.5066530704498291,56165,0.0,0.0
1977-01-04 00:00:00-05:00,0.5066530704498291,0.5066530704498291,0.5025001999266021,0.5066530704498291,45120,0.0,0.0
1977-01-05 00:00:00-05:00,0.5066530704498291,0.5108059782018372,0.5025001999266021,0.5066530704498291,38540,0.0,0.0
1977-01-06 00:00:00-05:00,0.5066532193587703,0.5149590373039246,0.5066532193587703,0.5149590373039246,59103,0.0,0.0
1977-01-07 00:00:00-05:00,0.5149590373039246,0.5149590373039246,0.5108061283313474,0.5149590373039246,53580,0.0,0.0
1977-01-10 00:00:00-05:00,0.5149588859538451,0.5149588859538451,0.5066530704498291,0.5066530704498291,47823,0.0,0.0
1977-01-11 00:00:00-05:00,0.5066530704498291,0.5149588859538451,0.5066530704498291,0.5066530704498291,49233,0.0,0.0
1977-01-12 00:00:00-05:00,0.5066529977094911,0.5108059048652649,0.5066529977094911,0.5108059048652649,39950,0.0,0.0
1977-01-13 00:00:00-05:00,0.5108059048652649,0.5108059048652649,0.5066529977094911,0.5108059048652649,27143,0.0,0.0
1977-01-14 00:00:00-05:00,0.5108059048652649,0.5149588120210387,0.5066529977094911,0.5108059048652649,25380,0.0,0.0
1977-01-17 00:00:00-05:00,0.5108059048652649,0.5149588120210387,0.5108059048652649,0.5108059048652649,34663,0.0,0.0
1977-01-18 00:00:00-05:00,0.5108061283313474,0.5149590373039246,0.5066532193587703,0.5149590373039246,43358,0.0,0.0
1977-01-19 00:00:00-05:00,0.5149590373039246,0.5149590373039246,0.5108061283313474,0.5149590373039246,45120,0.0,0.0
1977-01-20 00:00:00-05:00,0.51495894114639,0.5191118121147156,0.5108060329492794,0.5191118121147156,27495,0.0,0.0
1977-01-21 00:00:00-05:00,0.5191118121147156,0.5191118121147156,0.51495894114639,0.5191118121147156,39598,0.0,0.0
1977-01-24 00:00:00-05:00,0.5191117487290228,0.5315704345703125,0.5191117487290228,0.5315704345703125,65683,0.0,0.0
1977-01-25 00:00:00-05:00,0.5315704345703125,0.5315704345703125,0.5274175641090696,0.5315704345703125,93530,0.0,0.0
1977-01-26 00:00:00-05:00,0.5315704345703125,0.5357233422603359,0.5274175641090696,0.5315704345703125,44063,0.0,0.0
1977-01-27 00:00:00-05:00,0.5315706575767056,0.5357235670089722,0.5274177853732351,0.5357235670089722,40890,0.0,0.0
1977-01-28 00:00:00-05:00,0.5357235670089722,0.5357235670089722,0.5274177853732351,0.5357235670089722,29140,0.0,0.0
1977-01-31 00:00:00-05:00,0.5357235670089722,0.5398764764412387,0.5315706575767056,0.5357235670089722,36425,0.0,0.0
1977-02-01 00:00:00-05:00,0.5357233422603359,0.5398762499503592,0.5315704345703125,0.5315704345703125,30668,0.0,0.0
1977-02-02 00:00:00-05:00,0.5315704345703125,0.5357233422603359,0.5274175641090696,0.5315704345703125,34898,0.0,0.0
1977-02-03 00:00:00-05:00,0.5315704345703125,0.5357233422603359,0.5274175641090696,0.5315704345703125,23970,0.0,0.0
1977-02-04 00:00:00-05:00,0.5315703489633946,0.5398761630058289,0.5315703489633946,0.5398761630058289,28083,0.0,0.0
1977-02-07 00:00:00-05:00,0.5398761167538156,0.5398761167538156,0.5232645273208618,0.5232645273208618,128663,0.0,0.0
1977-02-08 00:00:00-05:00,0.5232648695869732,0.5315706511218533,0.5232648695869732,0.527417778968811,35368,0.0,0.0
1977-02-09 00:00:00-05:00,0.5274176285089368,0.5274176285089368,0.51495894114639,0.5191118121147156,49350,0.0,0.0
1977-02-10 00:00:00-05:00,0.5191119090477098,0.5357235077092263,0.5149590373039246,0.5149590373039246,38188,0.0,0.0
1977-02-11 00:00:00-05:00,0.51495894114639,0.5191118121147156,0.51495894114639,0.5191118121147156,31608,0.0,0.0
1977-02-14 00:00:00-05:00,0.5191116819480367,0.5232645891038105,0.5108059048652649,0.5108059048652649,30668,0.0,0.0
1977-02-15 00:00:00-05:00,0.5108059048652649,0.5149588120210387,0.5108059048652649,0.5108059048652649,27378,0.0,0.0
1977-02-16 00:00:00-05:00,0.5108060329492794,0.5191118121147156,0.5108060329492794,0.5191118121147156,31138,0.0,0.0
1977-02-17 00:00:00-05:00,0.5191118121147156,0.5191118121147156,0.51495894114639,0.5191118121147156,29375,0.0,0.0
1977-02-18 00:00:00-05:00,0.5191119090477098,0.5232648180202869,0.5149590373039246,0.5149590373039246,39950,0.0,0.0
1977-02-22 00:00:00-05:00,0.5149590373039246,0.5191119090477098,0.5149590373039246,0.5149590373039246,23618,0.0,0.0
1977-02-23 00:00:00-05:00,0.51495894114639,0.5232647203118261,0.51495894114639,0.5191118121147156,15628,0.0,0.0
1977-02-24 00:00:00-05:00,0.5191118121147156,0.5191118121147156,0.5108060329492794,0.5191118121147156,23265,0.0,0.0
1977-02-25 00:00:00-05:00,0.5191119090477098,0.5191119090477098,0.5149590373039246,0.5149590373039246,21033,0.0,0.0
1977-02-28 00:00:00-05:00,0.51495894114639,0.5191118121147156,0.5108060329492794,0.5191118121147156,66740,0.0,0.0
1977-03-01 00:00:00-05:00,0.5191116206554305,0.5232645273208618,0.5149587512187705,0.5232645273208618,24793,0.0,0.0
1977-03-02 00:00:00-05:00,0.5232645273208618,0.527417433986293,0.5191116206554305,0.5232645273208618,23735,0.0,0.0
1977-03-03 00:00:00-05:00,0.5232645273208618,0.5315703034229531,0.5232645273208618,0.5232645273208618,27025,0.0,0.0
1977-03-04 00:00:00-05:00,0.5232648695869732,0.527417778968811,0.5232648695869732,0.527417778968811,31960,0.0,0.0
1977-03-07 00:00:00-05:00,0.527417778968811,0.5315706511218533,0.5232648695869732,0.527417778968811,19505,0.0,0.0
1977-03-08 00:00:00-05:00,0.5274175641090696,0.5357233422603359,0.5274175641090696,0.5315704345703125,27378,0.0,0.0
1977-03-09 00:00:00-05:00,0.5315704345703125,0.5315704345703125,0.5274175641090696,0.5315704345703125,39010,0.0,0.0
1977-03-10 00:00:00-05:00,0.5311287413337432,0.5311287413337432,0.5183816475803115,0.5226306915283203,49350,0.308085,0.0
1977-03-11 00:00:00-05:00,0.5226306915283203,0.5268797354763292,0.5183816475803115,0.5226306915283203,25850,0.0,0.0
1977-03-14 00:00:00-05:00,0.5226306915283203,0.5311287413337432,0.5226306915283203,0.5226306915283203,18683,0.0,0.0
1977-03-15 00:00:00-05:00,0.5226305380290891,0.5311285853385925,0.5226305380290891,0.5311285853385925,25498,0.0,0.0
1977-03-16 00:00:00-05:00,0.5311285853385925,0.5311285853385925,0.5268795807291327,0.5311285853385925,19035,0.0,0.0
1977-03-17 00:00:00-05:00,0.5311287336362581,0.5353777775226869,0.5226306839539948,0.5268797278404236,16450,0.0,0.0
1977-03-18 00:00:00-05:00,0.5268795807291327,0.5311285853385925,0.5268795807291327,0.5311285853385925,12455,0.0,0.0
1977-03-21 00:00:00-05:00,0.5311285853385925,0.5311285853385925,0.5268795807291327,0.5311285853385925,19858,0.0,0.0
1977-03-22 00:00:00-05:00,0.5268797354763292,0.5268797354763292,0.5226306915283203,0.5226306915283203,20680,0.0,0.0
1977-03-23 00:00:00-05:00,0.5226305790403974,0.5268796220738673,0.5183815360069275,0.5183815360069275,23383,0.0,0.0
1977-03-24 00:00:00-05:00,0.5183816475803115,0.5268797354763292,0.5183816475803115,0.5226306915283203,22795,0.0,0.0
1977-03-25 00:00:00-05:00,0.5226306915283203,0.5268797354763292,0.5226306915283203,0.5226306915283203,24088,0.0,0.0
1977-03-28 00:00:00-05:00,0.5226306915283203,0.5226306915283203,0.5183816475803115,0.5226306915283203,30198,0.0,0.0
1977-03-29 00:00:00-05:00,0.5226306839539948,0.5268797278404236,0.518381640067566,0.5268797278404236,21503,0.0,0.0
1977-03-30 00:00:00-05:00,0.5268797278404236,0.5268797278404236,0.5226306839539948,0.5268797278404236,31020,0.0,0.0
1977-03-31 00:00:00-05:00,0.5268797354763292,0.5311287413337432,0.5226306915283203,0.5226306915283203,27730,0.0,0.0
1977-04-01 00:00:00-05:00,0.5226306839539948,0.5311287336362581,0.518381640067566,0.5268797278404236,17038,0.0,0.0
1977-04-04 00:00:00-05:00,0.5268795807291327,0.5311285853385925,0.5268795807291327,0.5311285853385925,31138,0.0,0.0
1977-04-05 00:00:00-05:00,0.5311287336362581,0.5353777775226869,0.5268797278404236,0.5268797278404236,25968,0.0,0.0
1977-04-06 00:00:00-05:00,0.5268795807291327,0.5353776280386361,0.5268795807291327,0.5311285853385925,12338,0.0,0.0
1977-04-07 00:00:00-05:00,0.5311287336362581,0.5311287336362581,0.5268797278404236,0.5268797278404236,21503,0.0,0.0
1977-04-11 00:00:00-05:00,0.526879691759669,0.5353777408599854,0.526879691759669,0.5353777408599854,21503,0.0,0.0
1977-04-12 00:00:00-05:00,0.5353776280386361,0.5353776280386361,0.5311285853385925,0.5311285853385925,22443,0.0,0.0
1977-04-13 00:00:00-05:00,0.5311291007577807,0.539627194404602,0.5311291007577807,0.539627194404602,35250,0.0,0.0
1977-04-14 00:00:00-05:00,0.539627194404602,0.539627194404602,0.5353781475811914,0.539627194404602,29140,0.0,0.0
1977-04-15 00:00:00-05:00,0.539627194404602,0.543876203137392,0.5311291007577807,0.539627194404602,26085,0.0,0.0
1977-04-18 00:00:00-05:00,0.539627194404602,0.539627194404602,0.5311291007577807,0.539627194404602,26438,0.0,0.0
1977-04-19 00:00:00-05:00,0.5396267844554393,0.5396267844554393,0.526879691759669,0.5353777408599854,24323,0.0,0.0
1977-04-20 00:00:00-05:00,0.5353777408599854,0.5396267844554393,0.5311286972645313,0.5353777408599854,41125,0.0,0.0
1977-04-21 00:00:00-05:00,0.5353776280386361,0.5353776280386361,0.5268795807291327,0.5311285853385925,19270,0.0,0.0
1977-04-22 00:00:00-05:00,0.5311285853385925,0.5311285853385925,0.5268795807291327,0.5311285853385925,20445,0.0,0.0
1977-04-25 00:00:00-04:00,0.5311287336362581,0.5311287336362581,0.5268797278404236,0.5268797278404236,26320,0.0,0.0
1977-04-26 00:00:00-04:00,0.5311286972645313,0.5353777408599854,0.5311286972645313,0.5353777408599854,23970,0.0,0.0
1977-04-27 00:00:00-04:00,0.5353777408599854,0.5438757899603016,0.5353777408599854,0.5353777408599854,22208,0.0,0.0
1977-04-28 00:00:00-04:00,0.5353781475811914,0.539627194404602,0.5353781475811914,0.539627194404602,11280,0.0,0.0
1977-04-29 00:00:00-04:00,0.539627194404602,0.543876203137392,0.5353781475811914,0.539627194404602,15628,0.0,0.0
1977-05-02 00:00:00-04:00,0.539627194404602,0.543876203137392,0.5353781475811914,0.539627194404602,27260,0.0,0.0
1977-05-03 00:00:00-04:00,0.539627194404602,0.543876203137392,0.5353781475811914,0.539627194404602,29140,0.0,0.0
1977-05-04 00:00:00-04:00,0.5396268669345363,0.5438758730888367,0.5396268669345363,0.5438758730888367,17743,0.0,0.0
1977-05-05 00:00:00-04:00,0.543876203137392,0.5481252499608027,0.539627194404602,0.539627194404602,22325,0.0,0.0
1977-05-06 00:00:00-04:00,0.539627194404602,0.543876203137392,0.539627194404602,0.539627194404602,21738,0.0,0.0
1977-05-09 00:00:00-04:00,0.539627194404602,0.543876203137392,0.539627194404602,0.539627194404602,32313,0.0,0.0
1977-05-10 00:00:00-04:00,0.5396266830831021,0.5481247305870056,0.5396266830831021,0.5481247305870056,34075,0.0,0.0
1977-05-11 00:00:00-04:00,0.5481246650056047,0.5523737072944641,0.5438756227167453,0.5523737072944641,27260,0.0,0.0
1977-05-12 00:00:00-04:00,0.5523739615786323,0.5523739615786323,0.5438758730888367,0.5438758730888367,25145,0.0,0.0
1977-05-13 00:00:00-04:00,0.5438758730888367,0.5481249173337345,0.5438758730888367,0.5438758730888367,19975,0.0,0.0
1977-05-16 00:00:00-04:00,0.5438756227167453,0.5523737072944641,0.5438756227167453,0.5523737072944641,22913,0.0,0.0
1977-05-17 00:00:00-04:00,0.5523737733842496,0.5523737733842496,0.5438756877897616,0.5481247305870056,35250,0.0,0.0
1977-05-18 00:00:00-04:00,0.5481246650056047,0.5566227114927436,0.5481246650056047,0.5523737072944641,49468,0.0,0.0
1977-05-19 00:00:00-04:00,0.5523737733842496,0.5523737733842496,0.5481247305870056,0.5481247305870056,30903,0.0,0.0
1977-05-20 00:00:00-04:00,0.5481247305870056,0.5523737733842496,0.5481247305870056,0.5481247305870056,18330,0.0,0.0
1977-05-23 00:00:00-04:00,0.5481246650056047,0.5523737072944641,0.5481246650056047,0.5523737072944641,26790,0.0,0.0
1977-05-24 00:00:00-04:00,0.5523737072944641,0.5566227114927436,0.5481246650056047,0.5523737072944641,27260,0.0,0.0
1977-05-25 00:00:00-04:00,0.552373975761746,0.5566229820251465,0.5481249314077469,0.5566229820251465,22560,0.0,0.0
1977-05-26 00:00:00-04:00,0.5566229820251465,0.5608720263791455,0.552373975761746,0.5566229820251465,22325,0.0,0.0
1977-05-27 00:00:00-04:00,0.5566227114927436,0.5608717537816029,0.5481246650056047,0.5523737072944641,17508,0.0,0.0
1977-05-31 00:00:00-04:00,0.552373975761746,0.5608720263791455,0.552373975761746,0.5566229820251465,23618,0.0,0.0
1977-06-01 00:00:00-04:00,0.5566229820251465,0.5608720263791455,0.552373975761746,0.5566229820251465,19153,0.0,0.0
1977-06-02 00:00:00-04:00,0.5566225599725236,0.5608716011047363,0.5523735569308805,0.5608716011047363,15393,0.0,0.0
1977-06-03 00:00:00-04:00,0.5608716011047363,0.5608716011047363,0.5566225599725236,0.5608716011047363,29375,0.0,0.0
1977-06-06 00:00:00-04:00,0.5608720104162851,0.5693700607918235,0.5608720104162851,0.565121054649353,25850,0.0,0.0
1977-06-07 00:00:00-04:00,0.5651210765684117,0.5736191272735596,0.5608720321705384,0.5736191272735596,32313,0.0,0.0
1977-06-08 00:00:00-04:00,0.5736191272735596,0.5821171779787074,0.5693700828756862,0.5736191272735596,68738,0.0,0.0
1977-06-09 00:00:00-04:00,0.5736191192472438,0.5778681635856628,0.5736191192472438,0.5778681635856628,27143,0.0,0.0
1977-06-10 00:00:00-04:00,0.568733811378479,0.568733811378479,0.5600508628244386,0.568733811378479,57458,0.308085,0.0
1977-06-13 00:00:00-04:00,0.5687332486674183,0.5730747381086011,0.5600503087043762,0.5600503087043762,27965,0.0,0.0
1977-06-14 00:00:00-04:00,0.5600508628244386,0.568733811378479,0.5600508628244386,0.568733811378479,35720,0.0,0.0
1977-06-15 00:00:00-04:00,0.568733811378479,0.568733811378479,0.5643923565611398,0.568733811378479,19623,0.0,0.0
1977-06-16 00:00:00-04:00,0.568733327613643,0.5817577588257973,0.568733327613643,0.5730748176574707,31960,0.0,0.0
1977-06-17 00:00:00-04:00,0.5730748176574707,0.5817577588257973,0.5730748176574707,0.5730748176574707,33958,0.0,0.0
1977-06-20 00:00:00-04:00,0.5730752248772977,0.5817581722156141,0.5730752248772977,0.577416718006134,31960,0.0,0.0
1977-06-21 00:00:00-04:00,0.5774166778985929,0.5860996246337891,0.5774166778985929,0.5860996246337891,33018,0.0,0.0
1977-06-22 00:00:00-04:00,0.5817577588257973,0.5817577588257973,0.5730748176574707,0.5730748176574707,26555,0.0,0.0
1977-06-23 00:00:00-04:00,0.5730752248772977,0.577416718006134,0.5730752248772977,0.577416718006134,36190,0.0,0.0
1977-06-24 00:00:00-04:00,0.5774166778985929,0.5860996246337891,0.5774166778985929,0.5860996246337891,40655,0.0,0.0
1977-06-27 00:00:00-04:00,0.5860992914392336,0.5947822332382202,0.5860992914392336,0.5947822332382202,42418,0.0,0.0
1977-06-28 00:00:00-04:00,0.5947822332382202,0.5947822332382202,0.5860992914392336,0.5947822332382202,35955,0.0,0.0
1977-06-29 00:00:00-04:00,0.594782621629367,0.594782621629367,0.5860996741604435,0.5904411673545837,41243,0.0,0.0
1977-06-30 00:00:00-04:00,0.5904407817983928,0.5947822332382202,0.5860992914392336,0.5947822332382202,36308,0.0,0.0
1977-07-01 00:00:00-04:00,0.5947822332382202,0.6034652139565385,0.5947822332382202,0.5947822332382202,17038,0.0,0.0
1977-07-05 00:00:00-04:00,0.5947822332382202,0.6034652139565385,0.5947822332382202,0.5947822332382202,22560,0.0,0.0
1977-07-06 00:00:00-04:00,0.5947825126957405,0.6034654974937439,0.5643921826607782,0.6034654974937439,24675,0.0,0.0
1977-07-07 00:00:00-04:00,0.6034654974937439,0.6078069509733958,0.5991240050947422,0.6034654974937439,37953,0.0,0.0
1977-07-08 00:00:00-04:00,0.6078068528188586,0.6164898362146498,0.6078068528188586,0.6121483445167542,27378,0.0,0.0
1977-07-11 00:00:00-04:00,0.6121485332509791,0.6164900262874197,0.6034655860974536,0.6078070402145386,40068,0.0,0.0
1977-07-12 00:00:00-04:00,0.6078067855928428,0.6164897680282593,0.6034653332944739,0.6164897680282593,82133,0.0,0.0
1977-07-13 00:00:00-04:00,0.6164897680282593,0.6208312203266281,0.6121482768105511,0.6164897680282593,39010,0.0,0.0
1977-07-15 00:00:00-04:00,0.6164897680282593,0.6208312203266281,0.5904408985606887,0.6164897680282593,54638,0.0,0.0
1977-07-18 00:00:00-04:00,0.6164897680282593,0.6208312203266281,0.6034653332944739,0.6164897680282593,68855,0.0,0.0
1977-07-19 00:00:00-04:00,0.6164898362146498,0.6208312889932017,0.6078068528188586,0.6121483445167542,63450,0.0,0.0
1977-07-20 00:00:00-04:00,0.6121482768105511,0.6208312203266281,0.6121482768105511,0.6164897680282593,27848,0.0,0.0
1977-07-21 00:00:00-04:00,0.616489739442701,0.6208311915397644,0.616489739442701,0.6208311915397644,31255,0.0,0.0
1977-07-22 00:00:00-04:00,0.6208312203266281,0.6251727115443363,0.6121482768105511,0.6164897680282593,47000,0.0,0.0
1977-07-25 00:00:00-04:00,0.6164897680282593,0.6251727115443363,0.6121482768105511,0.6164897680282593,25733,0.0,0.0
1977-07-26 00:00:00-04:00,0.6164897680282593,0.6208312203266281,0.6121482768105511,0.6164897680282593,20798,0.0,0.0
1977-07-27 00:00:00-04:00,0.6164898362146498,0.6251727806910974,0.6078068528188586,0.6121483445167542,23500,0.0,0.0
1977-07-28 00:00:00-04:00,0.6121485332509791,0.6121485332509791,0.6034655860974536,0.6078070402145386,25850,0.0,0.0
1977-07-29 00:00:00-04:00,0.6078072627331772,0.6078072627331772,0.5947828177749533,0.5991243124008179,32195,0.0,0.0
1977-08-01 00:00:00-04:00,0.5991243124008179,0.5991243124008179,0.5947828177749533,0.5991243124008179,27965,0.0,0.0
1977-08-02 00:00:00-04:00,0.5991240050947422,0.6078069509733958,0.5991240050947422,0.6034654974937439,21620,0.0,0.0
1977-08-03 00:00:00-04:00,0.6121487573590417,0.6121487573590417,0.5991243124008179,0.5991243124008179,20915,0.0,0.0
1977-08-04 00:00:00-04:00,0.5991240050947422,0.6078069509733958,0.5991240050947422,0.6034654974937439,27613,0.0,0.0
1977-08-05 00:00:00-04:00,0.6034654974937439,0.6078069509733958,0.5991240050947422,0.6034654974937439,14570,0.0,0.0
1977-08-08 00:00:00-04:00,0.6034654974937439,0.6078069509733958,0.5991240050947422,0.6034654974937439,27613,0.0,0.0
1977-08-09 00:00:00-04:00,0.6034658070266824,0.6078072627331772,0.5947828177749533,0.5991243124008179,15510,0.0,0.0
1977-08-10 00:00:00-04:00,0.5991243124008179,0.6034658070266824,0.5947828177749533,0.5991243124008179,15980,0.0,0.0
1977-08-11 00:00:00-04:00,0.5991243124008179,0.6034658070266824,0.5991243124008179,0.5991243124008179,13748,0.0,0.0
1977-08-12 00:00:00-04:00,0.5991237235973793,0.6034652139565385,0.5904407817983928,0.5947822332382202,17978,0.0,0.0
1977-08-15 00:00:00-04:00,0.5947822332382202,0.6034652139565385,0.5904407817983928,0.5947822332382202,26790,0.0,0.0
1977-08-16 00:00:00-04:00,0.594782621629367,0.594782621629367,0.5904411673545837,0.5904411673545837,24793,0.0,0.0
1977-08-17 00:00:00-04:00,0.5904407817983928,0.5947822332382202,0.5860992914392336,0.5947822332382202,53933,0.0,0.0
1977-08-18 00:00:00-04:00,0.594782621629367,0.5991241148235072,0.5904411673545837,0.5904411673545837,21738,0.0,0.0
1977-08-19 00:00:00-04:00,0.5904411673545837,0.594782621629367,0.5860996741604435,0.5904411673545837,18448,0.0,0.0
1977-08-22 00:00:00-04:00,0.5904411174610641,0.5904411174610641,0.5860996246337891,0.5860996246337891,14335,0.0,0.0
1977-08-23 00:00:00-04:00,0.5860993341701004,0.5904408248457855,0.5817578434944153,0.5817578434944153,18918,0.0,0.0
1977-08-24 00:00:00-04:00,0.5817581318065141,0.5904411174610641,0.5774166778985929,0.5860996246337891,30315,0.0,0.0
1977-08-25 00:00:00-04:00,0.5860996246337891,0.5860996246337891,0.5774166778985929,0.5860996246337891,31255,0.0,0.0
1977-08-26 00:00:00-04:00,0.5860996246337891,0.5904411174610641,0.5817581318065141,0.5860996246337891,18918,0.0,0.0
1977-08-29 00:00:00-04:00,0.5860996246337891,0.5904411174610641,0.5817581318065141,0.5860996246337891,33488,0.0,0.0
1977-08-30 00:00:00-04:00,0.5860996246337891,0.5904411174610641,0.5817581318065141,0.5860996246337891,15040,0.0,0.0
1977-08-31 00:00:00-04:00,0.5860996246337891,0.5860996246337891,0.5817581318065141,0.5860996246337891,42300,0.0,0.0
1977-09-01 00:00:00-04:00,0.5860996741604435,0.5991241148235072,0.5860996741604435,0.5904411673545837,19153,0.0,0.0
1977-09-02 00:00:00-04:00,0.5947822332382202,0.6034652139565385,0.5947822332382202,0.5947822332382202,19035,0.0,0.0
1977-09-06 00:00:00-04:00,0.5947822332382202,0.5991237235973793,0.5904407817983928,0.5947822332382202,22090,0.0,0.0
1977-09-07 00:00:00-04:00,0.5947828177749533,0.5991243124008179,0.5947828177749533,0.5991243124008179,20798,0.0,0.0
1977-09-08 00:00:00-04:00,0.5991237235973793,0.5991237235973793,0.5904407817983928,0.5947822332382202,18800,0.0,0.0
1977-09-09 00:00:00-04:00,0.594782621629367,0.594782621629367,0.5904411673545837,0.5904411673545837,54168,0.0,0.0
1977-09-12 00:00:00-04:00,0.5988515569608092,0.5988515569608092,0.5899796929417374,0.5944156050682068,17625,0.308085,0.0
1977-09-13 00:00:00-04:00,0.5944156050682068,0.5944156050682068,0.5899796929417374,0.5944156050682068,23970,0.0,0.0
1977-09-14 00:00:00-04:00,0.5944156096197564,0.5988515615463257,0.5899796974593203,0.5988515615463257,32313,0.0,0.0
1977-09-15 00:00:00-04:00,0.5988515615463257,0.603287513472895,0.5944156096197564,0.5988515615463257,20210,0.0,0.0
1977-09-16 00:00:00-04:00,0.5988515569608092,0.5988515569608092,0.5899796929417374,0.5944156050682068,19505,0.0,0.0
1977-09-19 00:00:00-04:00,0.5944156050682068,0.5988515569608092,0.5899796929417374,0.5944156050682068,15275,0.0,0.0
1977-09-20 00:00:00-04:00,0.5944156804886831,0.5988516329441267,0.5855438153439338,0.5899797677993774,14453,0.0,0.0
1977-09-21 00:00:00-04:00,0.5899797677993774,0.5899797677993774,0.5855438153439338,0.5899797677993774,23148,0.0,0.0
1977-09-22 00:00:00-04:00,0.589979643633834,0.589979643633834,0.5811077405901038,0.585543692111969,12338,0.0,0.0
1977-09-23 00:00:00-04:00,0.5855437471775246,0.5899796991165543,0.5811077952384949,0.5811077952384949,27965,0.0,0.0
1977-09-26 00:00:00-04:00,0.5811077405901038,0.585543692111969,0.5766718288343684,0.585543692111969,23265,0.0,0.0
1977-09-27 00:00:00-04:00,0.5855433995824934,0.5899793488882188,0.5766715407371521,0.5766715407371521,13630,0.0,0.0
1977-09-28 00:00:00-04:00,0.5766718830655985,0.5855437471775246,0.5766718830655985,0.5811077952384949,14453,0.0,0.0
1977-09-29 00:00:00-04:00,0.5855438153439338,0.5899797677993774,0.5855438153439338,0.5899797677993774,17038,0.0,0.0
1977-09-30 00:00:00-04:00,0.5899796929417374,0.5944156050682068,0.585543741049135,0.5944156050682068,23383,0.0,0.0
1977-10-03 00:00:00-04:00,0.5944156096197564,0.603287513472895,0.5944156096197564,0.5988515615463257,27613,0.0,0.0
1977-10-04 00:00:00-04:00,0.5988515615463257,0.603287513472895,0.5944156096197564,0.5988515615463257,15040,0.0,0.0
1977-10-05 00:00:00-04:00,0.5988515615463257,0.5988515615463257,0.5944156096197564,0.5988515615463257,16568,0.0,0.0
1977-10-06 00:00:00-04:00,0.5988516329441267,0.5988516329441267,0.5899797677993774,0.5899797677993774,18800,0.0,0.0
1977-10-07 00:00:00-04:00,0.5899796974593203,0.603287513472895,0.5899796974593203,0.5988515615463257,20798,0.0,0.0
1977-10-10 00:00:00-04:00,0.5988515569608092,0.5988515569608092,0.5944156050682068,0.5944156050682068,15393,0.0,0.0
1977-10-11 00:00:00-04:00,0.5944156050682068,0.5988515569608092,0.5944156050682068,0.5944156050682068,19270,0.0,0.0
1977-10-12 00:00:00-04:00,0.5944156096197564,0.5988515615463257,0.5899796974593203,0.5988515615463257,15510,0.0,0.0
1977-10-13 00:00:00-04:00,0.5988515069114346,0.5988515069114346,0.5811077405901038,0.585543692111969,48880,0.0,0.0
1977-10-14 00:00:00-04:00,0.5855437471775246,0.5855437471775246,0.5766718830655985,0.5811077952384949,12455,0.0,0.0
1977-10-17 00:00:00-04:00,0.5811077952384949,0.5855437471775246,0.5722359311265687,0.5811077952384949,23383,0.0,0.0
1977-10-18 00:00:00-04:00,0.5811075035219213,0.5855434532340996,0.572235643863678,0.572235643863678,20093,0.0,0.0
1977-10-19 00:00:00-04:00,0.572235697115186,0.5766716472401681,0.5677997469902039,0.5677997469902039,18565,0.0,0.0
1977-10-20 00:00:00-04:00,0.5677996941514997,0.572235643863678,0.5544918847810779,0.572235643863678,54168,0.0,0.0
1977-10-21 00:00:00-04:00,0.5677997469902039,0.5677997469902039,0.5633638366313388,0.5677997469902039,16098,0.0,0.0
1977-10-24 00:00:00-04:00,0.5677997542356682,0.5677997542356682,0.5589278936386108,0.5589278936386108,26673,0.0,0.0
1977-10-25 00:00:00-04:00,0.5589278936386108,0.5589278936386108,0.5544919434570234,0.5589278936386108,42183,0.0,0.0
1977-10-26 00:00:00-04:00,0.5589280181561938,0.5633639693260193,0.5544920669863683,0.5633639693260193,24323,0.0,0.0
1977-10-27 00:00:00-04:00,0.5633638366313388,0.5766716472401681,0.5633638366313388,0.5677997469902039,36778,0.0,0.0
1977-10-28 00:00:00-04:00,0.572235643863678,0.5766715935758563,0.572235643863678,0.572235643863678,28200,0.0,0.0
1977-10-31 00:00:00-05:00,0.572235697115186,0.581107557599033,0.5677997469902039,0.5677997469902039,30903,0.0,0.0
1977-11-01 00:00:00-05:00,0.5677997469902039,0.572235697115186,0.5633638366313388,0.5677997469902039,57928,0.0,0.0
1977-11-02 00:00:00-05:00,0.5677996941514997,0.572235643863678,0.5677996941514997,0.572235643863678,39480,0.0,0.0
1977-11-03 00:00:00-05:00,0.572235697115186,0.572235697115186,0.5633638366313388,0.5677997469902039,37013,0.0,0.0
1977-11-04 00:00:00-05:00,0.5677996941514997,0.572235643863678,0.5677996941514997,0.572235643863678,37953,0.0,0.0
1977-11-07 00:00:00-05:00,0.5722359311265687,0.5855437471775246,0.5722359311265687,0.5811077952384949,44533,0.0,0.0
1977-11-08 00:00:00-05:00,0.5811077405901038,0.585543692111969,0.5811077405901038,0.585543692111969,35838,0.0,0.0
1977-11-09 00:00:00-05:00,0.585543741049135,0.5944156050682068,0.585543741049135,0.5944156050682068,96350,0.0,0.0
1977-11-10 00:00:00-05:00,0.5944156050682068,0.5944156050682068,0.5899796929417374,0.5944156050682068,22795,0.0,0.0
1977-11-11 00:00:00-05:00,0.5944156050682068,0.6032875088534115,0.5899796929417374,0.5944156050682068,228185,0.0,0.0
1977-11-14 00:00:00-05:00,0.5944156804886831,0.5988516329441267,0.5855438153439338,0.5899797677993774,21855,0.0,0.0
1977-11-15 00:00:00-05:00,0.5899796974593203,0.5988515615463257,0.5899796974593203,0.5988515615463257,31255,0.0,0.0
1977-11-16 00:00:00-05:00,0.5988515569608092,0.5988515569608092,0.5899796929417374,0.5944156050682068,53815,0.0,0.0
1977-11-17 00:00:00-05:00,0.5944155553895695,0.5944155553895695,0.5722358773125034,0.585543692111969,25263,0.0,0.0
1977-11-18 00:00:00-05:00,0.5855438153439338,0.5944156804886831,0.5855438153439338,0.5899797677993774,16450,0.0,0.0
1977-11-21 00:00:00-05:00,0.5899796929417374,0.5944156050682068,0.5899796929417374,0.5944156050682068,14570,0.0,0.0
1977-11-22 00:00:00-05:00,0.5944156050682068,0.5944156050682068,0.585543741049135,0.5944156050682068,76493,0.0,0.0
1977-11-23 00:00:00-05:00,0.5944156804886831,0.5944156804886831,0.5855438153439338,0.5899797677993774,18095,0.0,0.0
1977-11-25 00:00:00-05:00,0.5899797677993774,0.5944156804886831,0.5899797677993774,0.5899797677993774,12808,0.0,0.0
1977-11-28 00:00:00-05:00,0.5899796929417374,0.6032875088534115,0.5811077891565326,0.5944156050682068,32900,0.0,0.0
1977-11-29 00:00:00-05:00,0.5944156096197564,0.5988515615463257,0.5899796974593203,0.5988515615463257,34075,0.0,0.0
1977-11-30 00:00:00-05:00,0.5988515615463257,0.603287513472895,0.5944156096197564,0.5988515615463257,29845,0.0,0.0
1977-12-01 00:00:00-05:00,0.5988516843971557,0.6032876372337341,0.5944157315605774,0.6032876372337341,36543,0.0,0.0
1977-12-02 00:00:00-05:00,0.6032876372337341,0.6077235503041711,0.5988516843971557,0.6032876372337341,26085,0.0,0.0
1977-12-05 00:00:00-05:00,0.6032876372337341,0.6077235503041711,0.6032876372337341,0.6032876372337341,32783,0.0,0.0
1977-12-06 00:00:00-05:00,0.6032873844766892,0.6077232956886292,0.6032873844766892,0.6077232956886292,37013,0.0,0.0
1977-12-07 00:00:00-05:00,0.6077233603215534,0.6121593117713928,0.6077233603215534,0.6121593117713928,35015,0.0,0.0
1977-12-08 00:00:00-05:00,0.6121593117713928,0.6121593117713928,0.6077233603215534,0.6121593117713928,51583,0.0,0.0
1977-12-09 00:00:00-05:00,0.6077232956886292,0.6077232956886292,0.6032873844766892,0.6077232956886292,27378,0.0,0.0
1977-12-12 00:00:00-05:00,0.6124415796315501,0.6124415796315501,0.5942951440811157,0.5942951440811157,26320,0.323404,0.0
1977-12-13 00:00:00-05:00,0.5942949762169859,0.5988315939903259,0.5942949762169859,0.5988315939903259,50643,0.0,0.0
1977-12-14 00:00:00-05:00,0.5988315939903259,0.5988315939903259,0.5942949762169859,0.5988315939903259,32900,0.0,0.0
1977-12-15 00:00:00-05:00,0.5988311673297487,0.6033677818708011,0.5897579789161682,0.5897579789161682,28788,0.0,0.0
1977-12-16 00:00:00-05:00,0.5897579789161682,0.5988311673297487,0.5897579789161682,0.5897579789161682,26790,0.0,0.0
1977-12-19 00:00:00-05:00,0.5897579789161682,0.5988311673297487,0.5897579789161682,0.5897579789161682,24440,0.0,0.0
1977-12-20 00:00:00-05:00,0.5897583991121991,0.5988315939903259,0.5897583991121991,0.5988315939903259,23853,0.0,0.0
1977-12-21 00:00:00-05:00,0.5988317631358655,0.5988317631358655,0.5897585656949306,0.5942951440811157,36660,0.0,0.0
1977-12-22 00:00:00-05:00,0.5942949762169859,0.5988315939903259,0.5852217813388592,0.5988315939903259,43593,0.0,0.0
1977-12-23 00:00:00-05:00,0.598831723170777,0.60336834192276,0.598831723170777,0.60336834192276,31960,0.0,0.0
1977-12-27 00:00:00-05:00,0.6033682117636658,0.6079047888684527,0.5988315939903259,0.5988315939903259,21620,0.0,0.0
1977-12-28 00:00:00-05:00,0.598831723170777,0.60336834192276,0.598831723170777,0.60336834192276,22443,0.0,0.0
1977-12-29 00:00:00-05:00,0.60336834192276,0.612441538758164,0.598831723170777,0.60336834192276,28553,0.0,0.0
1977-12-30 00:00:00-05:00,0.6033682117636658,0.6033682117636658,0.5988315939903259,0.5988315939903259,21855,0.0,0.0
1978-01-03 00:00:00-05:00,0.5988315939903259,0.6079047888684527,0.5988315939903259,0.5988315939903259,25380,0.0,0.0
1978-01-04 00:00:00-05:00,0.5988317631358655,0.6033683821906153,0.5942951440811157,0.5942951440811157,29375,0.0,0.0
1978-01-05 00:00:00-05:00,0.5942949762169859,0.6033682117636658,0.5942949762169859,0.5988315939903259,46295,0.0,0.0
1978-01-06 00:00:00-05:00,0.5988317631358655,0.5988317631358655,0.5942951440811157,0.5942951440811157,26085,0.0,0.0
1978-01-09 00:00:00-05:00,0.5942945527886964,0.5942945527886964,0.5897579789161682,0.5897579789161682,32665,0.0,0.0
1978-01-10 00:00:00-05:00,0.5897583250243238,0.5942949015592071,0.580685090617461,0.5852217078208923,49820,0.0,0.0
1978-01-11 00:00:00-05:00,0.5852217078208923,0.5897583250243238,0.580685090617461,0.5852217078208923,22443,0.0,0.0
1978-01-12 00:00:00-05:00,0.5852217078208923,0.5852217078208923,0.580685090617461,0.5852217078208923,43945,0.0,0.0
1978-01-13 00:00:00-05:00,0.5852217078208923,0.5897583250243238,0.5852217078208923,0.5852217078208923,21033,0.0,0.0
1978-01-16 00:00:00-05:00,0.5852217078208923,0.5897583250243238,0.5852217078208923,0.5852217078208923,23853,0.0,0.0
1978-01-17 00:00:00-05:00,0.5852217078208923,0.5897583250243238,0.5852217078208923,0.5852217078208923,33840,0.0,0.0
1978-01-18 00:00:00-05:00,0.5852213643751158,0.5897579789161682,0.5852213643751158,0.5897579789161682,20210,0.0,0.0
1978-01-19 00:00:00-05:00,0.5897583250243238,0.5942949015592071,0.580685090617461,0.5852217078208923,29493,0.0,0.0
1978-01-20 00:00:00-05:00,0.5852217078208923,0.5897583250243238,0.580685090617461,0.5852217078208923,19035,0.0,0.0
1978-01-23 00:00:00-05:00,0.5852213643751158,0.5897579789161682,0.5852213643751158,0.5897579789161682,33958,0.0,0.0
1978-01-24 00:00:00-05:00,0.5897579789161682,0.5942945527886964,0.5852213643751158,0.5897579789161682,37718,0.0,0.0
1978-01-25 00:00:00-05:00,0.5897583250243238,0.5942949015592071,0.5852217078208923,0.5852217078208923,13865,0.0,0.0
1978-01-26 00:00:00-05:00,0.5852213643751158,0.5897579789161682,0.5852213643751158,0.5897579789161682,21855,0.0,0.0
1978-01-27 00:00:00-05:00,0.5897583250243238,0.5897583250243238,0.5852217078208923,0.5852217078208923,19858,0.0,0.0
1978-01-30 00:00:00-05:00,0.5897579789161682,0.5942945527886964,0.5897579789161682,0.5897579789161682,24910,0.0,0.0
1978-01-31 00:00:00-05:00,0.5897583991121991,0.5988315939903259,0.5897583991121991,0.5988315939903259,23030,0.0,0.0
1978-02-01 00:00:00-05:00,0.5988315939903259,0.5988315939903259,0.5942949762169859,0.5988315939903259,20563,0.0,0.0
1978-02-02 00:00:00-05:00,0.5988315939903259,0.5988315939903259,0.5897583991121991,0.5988315939903259,21503,0.0,0.0
1978-02-03 00:00:00-05:00,0.5988315939903259,0.6033682117636658,0.5897583991121991,0.5988315939903259,23970,0.0,0.0
1978-02-06 00:00:00-05:00,0.5988315939903259,0.6033682117636658,0.5942949762169859,0.5988315939903259,11750,0.0,0.0
1978-02-07 00:00:00-05:00,0.5988315939903259,0.6033682117636658,0.5988315939903259,0.5988315939903259,14570,0.0,0.0
1978-02-08 00:00:00-05:00,0.5988315381945876,0.6079047322273254,0.5988315381945876,0.6079047322273254,21620,0.0,0.0
1978-02-09 00:00:00-05:00,0.6079047322273254,0.612441349577969,0.6033681555452313,0.6079047322273254,26908,0.0,0.0
1978-02-10 00:00:00-05:00,0.607904920006181,0.612441538758164,0.598831723170777,0.60336834192276,31255,0.0,0.0
1978-02-13 00:00:00-05:00,0.60336834192276,0.607904920006181,0.60336834192276,0.60336834192276,13278,0.0,0.0
1978-02-14 00:00:00-05:00,0.6033681555452313,0.6079047322273254,0.5988315381945876,0.6079047322273254,17390,0.0,0.0
1978-02-15 00:00:00-05:00,0.6079047322273254,0.6079047322273254,0.6033681555452313,0.6079047322273254,18683,0.0,0.0
1978-02-16 00:00:00-05:00,0.6033682117636658,0.6033682117636658,0.5897583991121991,0.5988315939903259,38658,0.0,0.0
1978-02-17 00:00:00-05:00,0.598831723170777,0.607904920006181,0.5942951044187941,0.60336834192276,15863,0.0,0.0
1978-02-21 00:00:00-05:00,0.6033683821906153,0.6033683821906153,0.5897585656949306,0.5942951440811157,172725,0.0,0.0
1978-02-22 00:00:00-05:00,0.5897583250243238,0.5897583250243238,0.5852217078208923,0.5852217078208923,50290,0.0,0.0
1978-02-23 00:00:00-05:00,0.5852214559299508,0.5897580711807328,0.5806848406791687,0.5806848406791687,43828,0.0,0.0
1978-02-24 00:00:00-05:00,0.5852213643751158,0.5942945527886964,0.5852213643751158,0.5897579789161682,24088,0.0,0.0
1978-02-27 00:00:00-05:00,0.5897579789161682,0.5988311673297487,0.5806847498340636,0.5897579789161682,51465,0.0,0.0
1978-02-28 00:00:00-05:00,0.5897579789161682,0.5942945527886964,0.5852213643751158,0.5897579789161682,32313,0.0,0.0
1978-03-01 00:00:00-05:00,0.5897585656949306,0.5942951440811157,0.5852219466401808,0.5942951440811157,22560,0.0,0.0
1978-03-02 00:00:00-05:00,0.5942951440811157,0.5942951440811157,0.5897585656949306,0.5942951440811157,14570,0.0,0.0
1978-03-03 00:00:00-05:00,0.5942945527886964,0.5942945527886964,0.5897579789161682,0.5897579789161682,25380,0.0,0.0
1978-03-06 00:00:00-05:00,0.5897585656949306,0.5942951440811157,0.5897585656949306,0.5942951440811157,31255,0.0,0.0
1978-03-07 00:00:00-05:00,0.5942951440811157,0.5988317631358655,0.5852219466401808,0.5942951440811157,21033,0.0,0.0
1978-03-08 00:00:00-05:00,0.5942949762169859,0.6033682117636658,0.5897583991121991,0.5988315939903259,32548,0.0,0.0
1978-03-09 00:00:00-05:00,0.598831723170777,0.60336834192276,0.598831723170777,0.60336834192276,20445,0.0,0.0
1978-03-10 00:00:00-05:00,0.5989110469818115,0.5989110469818115,0.5942683105235557,0.5989110469818115,25615,0.323404,0.0
1978-03-13 00:00:00-05:00,0.5989110469818115,0.6035537834400674,0.5942683105235557,0.5989110469818115,28553,0.0,0.0
1978-03-14 00:00:00-05:00,0.5989110469818115,0.6035537834400674,0.5989110469818115,0.5989110469818115,13278,0.0,0.0
1978-03-15 00:00:00-05:00,0.5989109173103195,0.6035536527633667,0.5989109173103195,0.6035536527633667,17508,0.0,0.0
1978-03-16 00:00:00-05:00,0.6035537834400674,0.6035537834400674,0.5942683105235557,0.5989110469818115,20445,0.0,0.0
1978-03-17 00:00:00-05:00,0.5989109984685045,0.5989109984685045,0.594268262386322,0.594268262386322,19035,0.0,0.0
1978-03-20 00:00:00-05:00,0.594268262386322,0.603553734550687,0.594268262386322,0.594268262386322,25498,0.0,0.0
1978-03-21 00:00:00-05:00,0.594268262386322,0.5989109984685045,0.594268262386322,0.594268262386322,32313,0.0,0.0
1978-03-22 00:00:00-05:00,0.5942683105235557,0.5989110469818115,0.5942683105235557,0.5989110469818115,40655,0.0,0.0
1978-03-23 00:00:00-05:00,0.5989109984685045,0.603553734550687,0.594268262386322,0.594268262386322,13865,0.0,0.0
1978-03-27 00:00:00-05:00,0.5942683105235557,0.5989110469818115,0.5942683105235557,0.5989110469818115,21268,0.0,0.0
1978-03-28 00:00:00-05:00,0.5989109173103195,0.6035536527633667,0.5989109173103195,0.6035536527633667,18565,0.0,0.0
1978-03-29 00:00:00-05:00,0.6035537834400674,0.6035537834400674,0.5989110469818115,0.5989110469818115,12338,0.0,0.0
1978-03-30 00:00:00-05:00,0.5989109173103195,0.6035536527633667,0.5989109173103195,0.6035536527633667,17978,0.0,0.0
1978-03-31 00:00:00-05:00,0.6035536527633667,0.6035536527633667,0.5989109173103195,0.6035536527633667,22913,0.0,0.0
1978-04-03 00:00:00-05:00,0.603553734550687,0.603553734550687,0.594268262386322,0.594268262386322,31138,0.0,0.0
1978-04-04 00:00:00-05:00,0.594268262386322,0.5989109984685045,0.594268262386322,0.594268262386322,13395,0.0,0.0
1978-04-05 00:00:00-05:00,0.5942683105235557,0.5989110469818115,0.5942683105235557,0.5989110469818115,12338,0.0,0.0
1978-04-06 00:00:00-05:00,0.5989110469818115,0.6035537834400674,0.5942683105235557,0.5989110469818115,16568,0.0,0.0
1978-04-07 00:00:00-05:00,0.5989109173103195,0.6035536527633667,0.5989109173103195,0.6035536527633667,18800,0.0,0.0
1978-04-10 00:00:00-05:00,0.603553734550687,0.603553734550687,0.594268262386322,0.594268262386322,36425,0.0,0.0
1978-04-11 00:00:00-05:00,0.5942683105235557,0.5989110469818115,0.5942683105235557,0.5989110469818115,14570,0.0,0.0
1978-04-12 00:00:00-05:00,0.5989109173103195,0.6035536527633667,0.5942681818572724,0.6035536527633667,27495,0.0,0.0
1978-04-13 00:00:00-05:00,0.6035536527633667,0.6035536527633667,0.5989109173103195,0.6035536527633667,32313,0.0,0.0
1978-04-14 00:00:00-05:00,0.6035542160300178,0.6081969141960144,0.5989114762441361,0.6081969141960144,27260,0.0,0.0
1978-04-17 00:00:00-05:00,0.6081963465965677,0.6081963465965677,0.5989109173103195,0.6035536527633667,41243,0.0,0.0
1978-04-18 00:00:00-05:00,0.6035536527633667,0.6035536527633667,0.5942681818572724,0.6035536527633667,27378,0.0,0.0
1978-04-19 00:00:00-05:00,0.6035537834400674,0.6035537834400674,0.5942683105235557,0.5989110469818115,25733,0.0,0.0
1978-04-20 00:00:00-05:00,0.5989109173103195,0.6035536527633667,0.5942681818572724,0.6035536527633667,68385,0.0,0.0
1978-04-21 00:00:00-05:00,0.6035537834400674,0.6081964782784681,0.5942683105235557,0.5989110469818115,27965,0.0,0.0
1978-04-24 00:00:00-05:00,0.5989109984685045,0.6128391650952001,0.5896255679239913,0.594268262386322,61805,0.0,0.0
1978-04-25 00:00:00-05:00,0.5942683637421177,0.5989111006161449,0.5849829316139221,0.5849829316139221,64038,0.0,0.0
1978-04-26 00:00:00-05:00,0.5849831238366209,0.58962586223623,0.5803403854370117,0.5803403854370117,92355,0.0,0.0
1978-04-27 00:00:00-05:00,0.5803403854370117,0.5849831238366209,0.5803403854370117,0.5803403854370117,46648,0.0,0.0
1978-04-28 00:00:00-05:00,0.5803401947398948,0.5849829316139221,0.5803401947398948,0.5849829316139221,46530,0.0,0.0
1978-05-01 00:00:00-04:00,0.5849829198243083,0.5896256566047668,0.5803401830438497,0.5896256566047668,47000,0.0,0.0
1978-05-02 00:00:00-04:00,0.5896256566047668,0.5896256566047668,0.5849829198243083,0.5896256566047668,32548,0.0,0.0
1978-05-03 00:00:00-04:00,0.5896256684879493,0.5989111006161449,0.5849829316139221,0.5849829316139221,30903,0.0,0.0
1978-05-04 00:00:00-04:00,0.5849831238366209,0.5942685590159668,0.5803403854370117,0.5803403854370117,34193,0.0,0.0
1978-05-05 00:00:00-04:00,0.5803401947398948,0.5896256684879493,0.5803401947398948,0.5849829316139221,31490,0.0,0.0
1978-05-08 00:00:00-04:00,0.5849831238366209,0.58962586223623,0.5803403854370117,0.5803403854370117,38540,0.0,0.0
1978-05-09 00:00:00-04:00,0.5803401947398948,0.5849829316139221,0.5756974994857266,0.5849829316139221,29845,0.0,0.0
1978-05-10 00:00:00-04:00,0.5849829316139221,0.5849829316139221,0.5803401947398948,0.5849829316139221,21620,0.0,0.0
1978-05-11 00:00:00-04:00,0.5849831238366209,0.5849831238366209,0.575697688657275,0.5803403854370117,33840,0.0,0.0
1978-05-12 00:00:00-04:00,0.5803402969130714,0.5803402969130714,0.5756976008415222,0.5756976008415222,33488,0.0,0.0
1978-05-15 00:00:00-04:00,0.5756976008415222,0.5803402969130714,0.5710548631501069,0.5756976008415222,49585,0.0,0.0
1978-05-16 00:00:00-04:00,0.5756974994857266,0.5849829316139221,0.5756974994857266,0.5849829316139221,37835,0.0,0.0
1978-05-17 00:00:00-04:00,0.5849829198243083,0.5896256566047668,0.5803401830438497,0.5896256566047668,25968,0.0,0.0
1978-05-18 00:00:00-04:00,0.58962586223623,0.58962586223623,0.5803403854370117,0.5803403854370117,31373,0.0,0.0
1978-05-19 00:00:00-04:00,0.5803403854370117,0.58962586223623,0.5803403854370117,0.5803403854370117,15510,0.0,0.0
1978-05-22 00:00:00-04:00,0.5803403854370117,0.5849831238366209,0.575697688657275,0.5803403854370117,24440,0.0,0.0
1978-05-23 00:00:00-04:00,0.5803403854370117,0.5849831238366209,0.575697688657275,0.5803403854370117,26320,0.0,0.0
1978-05-24 00:00:00-04:00,0.5803401947398948,0.5849829316139221,0.5756974994857266,0.5849829316139221,27143,0.0,0.0
1978-05-25 00:00:00-04:00,0.5849831238366209,0.5849831238366209,0.5803403854370117,0.5803403854370117,26320,0.0,0.0
1978-05-26 00:00:00-04:00,0.5803403854370117,0.5849831238366209,0.575697688657275,0.5803403854370117,12338,0.0,0.0
1978-05-30 00:00:00-04:00,0.5803401947398948,0.5896256684879493,0.5803401947398948,0.5849829316139221,17390,0.0,0.0
1978-05-31 00:00:00-04:00,0.5849828318418089,0.594268262386322,0.5803400957596264,0.594268262386322,50173,0.0,0.0
1978-06-01 00:00:00-04:00,0.594268262386322,0.5989109984685045,0.5896255679239913,0.594268262386322,29023,0.0,0.0
1978-06-02 00:00:00-04:00,0.5942683105235557,0.5989110469818115,0.589625615685155,0.5989110469818115,49703,0.0,0.0
1978-06-05 00:00:00-04:00,0.5989110469818115,0.5989110469818115,0.5942683105235557,0.5989110469818115,20798,0.0,0.0
1978-06-06 00:00:00-04:00,0.5989110469818115,0.6035537834400674,0.5942683105235557,0.5989110469818115,42535,0.0,0.0
1978-06-07 00:00:00-04:00,0.5989110469818115,0.6081964782784681,0.5989110469818115,0.5989110469818115,23853,0.0,0.0
1978-06-08 00:00:00-04:00,0.5989112287853765,0.61283940076828,0.5989112287853765,0.61283940076828,31725,0.0,0.0
1978-06-09 00:00:00-04:00,0.612839653981896,0.612839653981896,0.6035542160300178,0.6081969141960144,17155,0.0,0.0
1978-06-12 00:00:00-04:00,0.6081963465965677,0.6081963465965677,0.6035536527633667,0.6035536527633667,15275,0.0,0.0
1978-06-13 00:00:00-04:00,0.6035537834400674,0.6035537834400674,0.5989110469818115,0.5989110469818115,35368,0.0,0.0
1978-06-14 00:00:00-04:00,0.6038558567956968,0.6038558567956968,0.5895915415259751,0.594346284866333,35485,0.323404,0.0
1978-06-15 00:00:00-04:00,0.5943464318916648,0.5943464318916648,0.580082113093334,0.5848369002342224,41595,0.0,0.0
1978-06-16 00:00:00-04:00,0.5848368357360885,0.5895916223526001,0.5800820491195768,0.5895916223526001,22208,0.0,0.0
1978-06-19 00:00:00-04:00,0.5895916323000212,0.5943463763724237,0.5800820589065552,0.5800820589065552,23265,0.0,0.0
1978-06-20 00:00:00-04:00,0.5800820491195768,0.6038559395778051,0.5800820491195768,0.5895916223526001,26085,0.0,0.0
1978-06-21 00:00:00-04:00,0.5895916323000212,0.5895916323000212,0.5800820589065552,0.5800820589065552,20210,0.0,0.0
1978-06-22 00:00:00-04:00,0.5848369002342224,0.5895916873751109,0.5848369002342224,0.5848369002342224,15275,0.0,0.0
1978-06-23 00:00:00-04:00,0.5848368357360885,0.5943463663447819,0.5848368357360885,0.5895916223526001,23618,0.0,0.0
1978-06-26 00:00:00-04:00,0.5895916873751109,0.5895916873751109,0.580082113093334,0.5848369002342224,30668,0.0,0.0
1978-06-27 00:00:00-04:00,0.5848369002342224,0.5895916873751109,0.580082113093334,0.5848369002342224,13865,0.0,0.0
1978-06-28 00:00:00-04:00,0.5848367555612932,0.594346284866333,0.5848367555612932,0.594346284866333,21738,0.0,0.0
1978-06-29 00:00:00-04:00,0.5943463663447819,0.5991011529612935,0.5895916223526001,0.5895916223526001,19505,0.0,0.0
1978-06-30 00:00:00-04:00,0.5943461032635662,0.5991008877754211,0.5943461032635662,0.5991008877754211,13983,0.0,0.0
1978-07-03 00:00:00-04:00,0.5991010708310149,0.5991010708310149,0.594346284866333,0.594346284866333,19153,0.0,0.0
1978-07-05 00:00:00-04:00,0.5943461032635662,0.6038556722872761,0.5943461032635662,0.5991008877754211,18448,0.0,0.0
1978-07-06 00:00:00-04:00,0.5943463663447819,0.5943463663447819,0.5895916223526001,0.5895916223526001,23030,0.0,0.0
1978-07-07 00:00:00-04:00,0.5895916223526001,0.6038559395778051,0.5848368357360885,0.5895916223526001,29375,0.0,0.0
1978-07-10 00:00:00-04:00,0.5895915415259751,0.5991010708310149,0.5895915415259751,0.594346284866333,17038,0.0,0.0
1978-07-11 00:00:00-04:00,0.594346284866333,0.5991010708310149,0.5895915415259751,0.594346284866333,17155,0.0,0.0
1978-07-12 00:00:00-04:00,0.5943461032635662,0.5991008877754211,0.5895913613760222,0.5991008877754211,21503,0.0,0.0
1978-07-13 00:00:00-04:00,0.5991008877754211,0.6038556722872761,0.5895913613760222,0.5991008877754211,17273,0.0,0.0
1978-07-14 00:00:00-04:00,0.5991010708310149,0.5991010708310149,0.5895915415259751,0.594346284866333,21855,0.0,0.0
1978-07-17 00:00:00-04:00,0.5943461032635662,0.6038556722872761,0.5943461032635662,0.5991008877754211,24323,0.0,0.0
1978-07-18 00:00:00-04:00,0.5991015946323321,0.6038563847541809,0.5943468045104833,0.6038563847541809,24323,0.0,0.0
1978-07-19 00:00:00-04:00,0.6038563847541809,0.6133659223735173,0.5895920570129958,0.6038563847541809,17978,0.0,0.0
1978-07-20 00:00:00-04:00,0.6038563847541809,0.6038563847541809,0.5991015946323321,0.6038563847541809,24088,0.0,0.0
1978-07-21 00:00:00-04:00,0.6038556722872761,0.6038556722872761,0.5943461032635662,0.5991008877754211,21033,0.0,0.0
1978-07-24 00:00:00-04:00,0.5991011589365072,0.6086106896400452,0.594346372272573,0.6086106896400452,30550,0.0,0.0
1978-07-25 00:00:00-04:00,0.6086111322516685,0.6086111322516685,0.5991015946323321,0.6038563847541809,20563,0.0,0.0
1978-07-26 00:00:00-04:00,0.6038563847541809,0.6086111322516685,0.5991015946323321,0.6038563847541809,17625,0.0,0.0
1978-07-27 00:00:00-04:00,0.6038563847541809,0.6086111322516685,0.5991015946323321,0.6038563847541809,13160,0.0,0.0
1978-07-28 00:00:00-04:00,0.6038556722872761,0.6086104141748201,0.5943461032635662,0.5991008877754211,32900,0.0,0.0
1978-07-31 00:00:00-04:00,0.5991008877754211,0.6038556722872761,0.5943461032635662,0.5991008877754211,27143,0.0,0.0
1978-08-01 00:00:00-04:00,0.5991008877754211,0.6038556722872761,0.5943461032635662,0.5991008877754211,29258,0.0,0.0
1978-08-02 00:00:00-04:00,0.5991015946323321,0.6038563847541809,0.5991015946323321,0.6038563847541809,74613,0.0,0.0
1978-08-03 00:00:00-04:00,0.6038559456004413,0.6133654763039793,0.6038559456004413,0.6086106896400452,56165,0.0,0.0
1978-08-04 00:00:00-04:00,0.6086106896400452,0.6133654763039793,0.6086106896400452,0.6086106896400452,18565,0.0,0.0
1978-08-07 00:00:00-04:00,0.6086106799102504,0.6181202530860901,0.6086106799102504,0.6181202530860901,27495,0.0,0.0
1978-08-08 00:00:00-04:00,0.6181202530860901,0.6181202530860901,0.6086106799102504,0.6181202530860901,54520,0.0,0.0
1978-08-09 00:00:00-04:00,0.6181203781220956,0.6181203781220956,0.6133655905723572,0.6133655905723572,22443,0.0,0.0
1978-08-10 00:00:00-04:00,0.613365855849031,0.6228753924369812,0.613365855849031,0.6228753924369812,29610,0.0,0.0
1978-08-11 00:00:00-04:00,0.6228749970496804,0.6228749970496804,0.6181202530860901,0.6181202530860901,16450,0.0,0.0
1978-08-14 00:00:00-04:00,0.6181202530860901,0.6276297836376002,0.6038559359466601,0.6181202530860901,27143,0.0,0.0
1978-08-15 00:00:00-04:00,0.6181202530860901,0.6228749970496804,0.6133654664981703,0.6181202530860901,26320,0.0,0.0
1978-08-16 00:00:00-04:00,0.6181203781220956,0.6228751230474958,0.6133655905723572,0.6133655905723572,19505,0.0,0.0
1978-08-17 00:00:00-04:00,0.6228752071542922,0.6276299953460693,0.6228752071542922,0.6276299953460693,104810,0.0,0.0
1978-08-18 00:00:00-04:00,0.6276298114564879,0.6371393424294958,0.6276298114564879,0.6323845982551575,280590,0.0,0.0
1978-08-21 00:00:00-04:00,0.6323845982551575,0.6371393424294958,0.6228750246578182,0.6323845982551575,82485,0.0,0.0
1978-08-22 00:00:00-04:00,0.6323847835378464,0.6323847835378464,0.6228752071542922,0.6276299953460693,94118,0.0,0.0
1978-08-23 00:00:00-04:00,0.6276301820431347,0.6323849716492881,0.6181206454551844,0.6228753924369812,42418,0.0,0.0
1978-08-24 00:00:00-04:00,0.6228753924369812,0.6276301820431347,0.6228753924369812,0.6228753924369812,27143,0.0,0.0
1978-08-25 00:00:00-04:00,0.6228752071542922,0.6276299953460693,0.6228752071542922,0.6276299953460693,22678,0.0,0.0
1978-08-28 00:00:00-04:00,0.6276301820431347,0.6276301820431347,0.6181206454551844,0.6228753924369812,28435,0.0,0.0
1978-08-29 00:00:00-04:00,0.6228753924369812,0.6276301820431347,0.6181206454551844,0.6228753924369812,36190,0.0,0.0
1978-08-30 00:00:00-04:00,0.6228753924369812,0.6276301820431347,0.6228753924369812,0.6228753924369812,11750,0.0,0.0
1978-08-31 00:00:00-04:00,0.6228752071542922,0.6276299953460693,0.6228752071542922,0.6276299953460693,39128,0.0,0.0
1978-09-01 00:00:00-04:00,0.6276299953460693,0.6276299953460693,0.6228752071542922,0.6276299953460693,21855,0.0,0.0
1978-09-05 00:00:00-04:00,0.6276298484447446,0.6371393799781799,0.6276298484447446,0.6371393799781799,66505,0.0,0.0
1978-09-06 00:00:00-04:00,0.6371393141891103,0.6371393141891103,0.6181202530860901,0.6181202530860901,292340,0.0,0.0
1978-09-07 00:00:00-04:00,0.6181206454551844,0.6228753924369812,0.613365855849031,0.6228753924369812,25145,0.0,0.0
1978-09-08 00:00:00-04:00,0.6228753924369812,0.6228753924369812,0.613365855849031,0.6228753924369812,27730,0.0,0.0
1978-09-11 00:00:00-04:00,0.6228752071542922,0.6323847835378464,0.6181204615868591,0.6276299953460693,40655,0.0,0.0
1978-09-12 00:00:00-04:00,0.6276299953460693,0.6276299953460693,0.6228752071542922,0.6276299953460693,17860,0.0,0.0
1978-09-13 00:00:00-04:00,0.6276299953460693,0.6276299953460693,0.6228752071542922,0.6276299953460693,27025,0.0,0.0
1978-09-14 00:00:00-04:00,0.6276299953460693,0.6276299953460693,0.6181204615868591,0.6276299953460693,32078,0.0,0.0
1978-09-15 00:00:00-04:00,0.6276301820431347,0.6276301820431347,0.6228753924369812,0.6228753924369812,46765,0.0,0.0
1978-09-18 00:00:00-04:00,0.6276299953460693,0.6323847835378464,0.6276299953460693,0.6276299953460693,31843,0.0,0.0
1978-09-19 00:00:00-04:00,0.6276299953460693,0.6323847835378464,0.6228752071542922,0.6276299953460693,26438,0.0,0.0
1978-09-20 00:00:00-04:00,0.6278245194828314,0.6278245194828314,0.6180908178398372,0.6229576468467712,99053,0.323404,0.0
1978-09-21 00:00:00-04:00,0.6229579977679298,0.6229579977679298,0.6180911660194397,0.6180911660194397,19035,0.0,0.0
1978-09-22 00:00:00-04:00,0.6180908178398372,0.6229576468467712,0.6180908178398372,0.6229576468467712,20563,0.0,0.0
1978-09-25 00:00:00-04:00,0.6229576468467712,0.6229576468467712,0.6180908178398372,0.6229576468467712,24675,0.0,0.0
1978-09-26 00:00:00-04:00,0.6229576468467712,0.6229576468467712,0.6180908178398372,0.6229576468467712,26438,0.0,0.0
1978-09-27 00:00:00-04:00,0.6229579977679298,0.6229579977679298,0.6180911660194397,0.6180911660194397,20210,0.0,0.0
1978-09-28 00:00:00-04:00,0.6180908178398372,0.6229576468467712,0.6180908178398372,0.6229576468467712,15158,0.0,0.0
1978-09-29 00:00:00-04:00,0.6229573086674508,0.6229573086674508,0.6132236123085022,0.6132236123085022,18918,0.0,0.0
1978-10-02 00:00:00-04:00,0.6132236123085022,0.6180904823025276,0.6132236123085022,0.6132236123085022,11633,0.0,0.0
1978-10-03 00:00:00-04:00,0.6132236123085022,0.6180904823025276,0.6132236123085022,0.6132236123085022,13395,0.0,0.0
1978-10-04 00:00:00-04:00,0.6132242906417991,0.6180911660194397,0.6132242906417991,0.6180911660194397,19858,0.0,0.0
1978-10-05 00:00:00-04:00,0.6180911660194397,0.6229579977679298,0.6132242906417991,0.6180911660194397,13983,0.0,0.0
1978-10-06 00:00:00-04:00,0.6180911660194397,0.6180911660194397,0.6083574152641583,0.6180911660194397,139590,0.0,0.0
1978-10-09 00:00:00-04:00,0.6180911660194397,0.6180911660194397,0.6132242906417991,0.6180911660194397,19975,0.0,0.0
1978-10-10 00:00:00-04:00,0.6180904823025276,0.6424247450144503,0.6132236123085022,0.6132236123085022,22913,0.0,0.0
1978-10-11 00:00:00-04:00,0.6132236123085022,0.6180904823025276,0.6132236123085022,0.6132236123085022,20798,0.0,0.0
1978-10-12 00:00:00-04:00,0.6132242906417991,0.6180911660194397,0.6132242906417991,0.6180911660194397,24910,0.0,0.0
1978-10-13 00:00:00-04:00,0.6180904823025276,0.6180904823025276,0.6083567423144767,0.6132236123085022,17625,0.0,0.0
1978-10-16 00:00:00-04:00,0.6132238243440894,0.6132238243440894,0.6034901246195007,0.6083569526672363,28318,0.0,0.0
1978-10-17 00:00:00-04:00,0.6083569526672363,0.6132238243440894,0.6034901246195007,0.6083569526672363,45238,0.0,0.0
1978-10-18 00:00:00-04:00,0.6083570022611657,0.6375581474445589,0.6034901738166809,0.6034901738166809,39010,0.0,0.0
1978-10-19 00:00:00-04:00,0.6034902677976448,0.6034902677976448,0.5937565221346062,0.5986233949661255,26320,0.0,0.0
1978-10-20 00:00:00-04:00,0.5986233949661255,0.5986233949661255,0.5937565221346062,0.5986233949661255,47588,0.0,0.0
1978-10-23 00:00:00-04:00,0.5986233949661255,0.5986233949661255,0.5888896929322146,0.5986233949661255,37013,0.0,0.0
1978-10-24 00:00:00-04:00,0.5986233695310096,0.5986233695310096,0.5937564969062805,0.5937564969062805,28905,0.0,0.0
1978-10-25 00:00:00-04:00,0.5937565221346062,0.5986233949661255,0.5937565221346062,0.5986233949661255,21150,0.0,0.0
1978-10-26 00:00:00-04:00,0.5986233695310096,0.6180908164007999,0.5888896679106773,0.5937564969062805,18918,0.0,0.0
1978-10-27 00:00:00-04:00,0.5937565220280441,0.5937565220280441,0.5840228199958801,0.5840228199958801,33253,0.0,0.0
1978-10-30 00:00:00-05:00,0.5840228199958801,0.5888896928265259,0.5742891179637162,0.5840228199958801,179658,0.0,0.0
1978-10-31 00:00:00-05:00,0.5840228455434358,0.5840228455434358,0.5694223136710665,0.5742891430854797,95293,0.0,0.0
1978-11-01 00:00:00-05:00,0.5742891430854797,0.5840228455434358,0.5645554842566534,0.5742891430854797,49468,0.0,0.0
1978-11-02 00:00:00-05:00,0.5791559471652342,0.5840228199958801,0.5791559471652342,0.5840228199958801,39715,0.0,0.0
1978-11-03 00:00:00-05:00,0.5840229748712477,0.5888898489925257,0.5791561007499695,0.5791561007499695,22795,0.0,0.0
1978-11-06 00:00:00-05:00,0.5791561007499695,0.5888898489925257,0.5791561007499695,0.5791561007499695,30198,0.0,0.0
1978-11-07 00:00:00-05:00,0.5791561007499695,0.5840229748712477,0.5742892702578306,0.5791561007499695,23500,0.0,0.0
1978-11-08 00:00:00-05:00,0.5791558420575199,0.5791558420575199,0.56942218542099,0.56942218542099,27848,0.0,0.0
1978-11-09 00:00:00-05:00,0.5694223136710665,0.5791559724998929,0.5694223136710665,0.5742891430854797,25263,0.0,0.0
1978-11-10 00:00:00-05:00,0.5742890137392549,0.5742890137392549,0.56942218542099,0.56942218542099,23265,0.0,0.0
1978-11-13 00:00:00-05:00,0.56942218542099,0.5791558420575199,0.5353542126766558,0.56942218542099,19505,0.0,0.0
1978-11-14 00:00:00-05:00,0.5694222954336178,0.5742891246921562,0.5645554661750793,0.5645554661750793,29023,0.0,0.0
1978-11-15 00:00:00-05:00,0.5645554661750793,0.5694222954336178,0.5596885932874126,0.5645554661750793,39950,0.0,0.0
1978-11-16 00:00:00-05:00,0.5645553205381165,0.5694221485411711,0.5596884489059448,0.5596884489059448,20445,0.0,0.0
1978-11-17 00:00:00-05:00,0.5596886112131105,0.5791559724998929,0.5596886112131105,0.5742891430854797,38658,0.0,0.0
1978-11-20 00:00:00-05:00,0.5742892702578306,0.5791561007499695,0.5694224397656918,0.5791561007499695,23735,0.0,0.0
1978-11-21 00:00:00-05:00,0.5791561007499695,0.5791561007499695,0.5742892702578306,0.5791561007499695,30785,0.0,0.0
1978-11-22 00:00:00-05:00,0.5791559471652342,0.5840228199958801,0.5596885867300342,0.5840228199958801,30785,0.0,0.0
1978-11-24 00:00:00-05:00,0.5840228199958801,0.5888896928265259,0.5840228199958801,0.5840228199958801,7168,0.0,0.0
1978-11-27 00:00:00-05:00,0.5840225494563588,0.5888894200325012,0.5840225494563588,0.5888894200325012,58045,0.0,0.0
1978-11-28 00:00:00-05:00,0.5888896679106773,0.5937564969062805,0.5840227952859482,0.5937564969062805,77903,0.0,0.0
1978-11-29 00:00:00-05:00,0.5937562469795361,0.5986231175556785,0.5888894200325012,0.5888894200325012,32900,0.0,0.0
1978-11-30 00:00:00-05:00,0.5888894200325012,0.5937562469795361,0.5840225494563588,0.5888894200325012,12808,0.0,0.0
1978-12-01 00:00:00-05:00,0.5888894200325012,0.5937562469795361,0.5840225494563588,0.5888894200325012,33370,0.0,0.0
1978-12-04 00:00:00-05:00,0.5888896929322146,0.5986233949661255,0.5840228201006953,0.5986233949661255,25380,0.0,0.0
1978-12-05 00:00:00-05:00,0.598623301743075,0.6083570022611657,0.598623301743075,0.6034901738166809,13395,0.0,0.0
1978-12-06 00:00:00-05:00,0.6034902677976448,0.6083570970000363,0.5937565221346062,0.5986233949661255,15628,0.0,0.0
1978-12-07 00:00:00-05:00,0.5986233695310096,0.6034902421557387,0.5937564969062805,0.5937564969062805,13983,0.0,0.0
1978-12-08 00:00:00-05:00,0.5937564969062805,0.6132239437760708,0.5937564969062805,0.5937564969062805,15745,0.0,0.0
1978-12-11 00:00:00-05:00,0.5937564969062805,0.5937564969062805,0.5888896679106773,0.5937564969062805,17390,0.0,0.0
1978-12-12 00:00:00-05:00,0.5937562469795361,0.5937562469795361,0.5888894200325012,0.5888894200325012,23970,0.0,0.0
1978-12-13 00:00:00-05:00,0.5890893491044648,0.5890893491044648,0.5691202428994382,0.5791048407554626,105045,0.323404,0.0
1978-12-14 00:00:00-05:00,0.5791048935104531,0.584097148139736,0.5641280401155742,0.574112594127655,93060,0.0,0.0
1978-12-15 00:00:00-05:00,0.5741128985978264,0.5940819724587024,0.5641283392906189,0.5641283392906189,31960,0.0,0.0
1978-12-18 00:00:00-05:00,0.5641282749141903,0.5641282749141903,0.5541436719928532,0.5591359734535217,77433,0.0,0.0
1978-12-19 00:00:00-05:00,0.5591358483554981,0.5591358483554981,0.5541435480117798,0.5541435480117798,32783,0.0,0.0
1978-12-20 00:00:00-05:00,0.5541435480117798,0.5591358483554981,0.5541435480117798,0.5541435480117798,29845,0.0,0.0
1978-12-21 00:00:00-05:00,0.5541437374951484,0.5591360395459297,0.5441591781471252,0.5491514801979065,46765,0.0,0.0
1978-12-22 00:00:00-05:00,0.5491512924215853,0.5541435480117798,0.544158992077867,0.5541435480117798,26673,0.0,0.0
1978-12-26 00:00:00-05:00,0.5541435480117798,0.5591358483554981,0.544158992077867,0.5541435480117798,41713,0.0,0.0
1978-12-27 00:00:00-05:00,0.5491514716796869,0.5491514716796869,0.5391668677330017,0.5391668677330017,38658,0.0,0.0
1978-12-28 00:00:00-05:00,0.5391668677330017,0.5441591697063444,0.5341746105131976,0.5391668677330017,53228,0.0,0.0
1978-12-29 00:00:00-05:00,0.5391668677330017,0.5491514716796869,0.5391668677330017,0.5391668677330017,57693,0.0,0.0
1979-01-02 00:00:00-05:00,0.5391666917341487,0.5541435480117798,0.5391666917341487,0.5541435480117798,45825,0.0,0.0
1979-01-03 00:00:00-05:00,0.5541437352298724,0.5691205965674532,0.5541437352298724,0.5641283392906189,22560,0.0,0.0
1979-01-04 00:00:00-05:00,0.5691202355462497,0.5840970873832703,0.5691202355462497,0.5840970873832703,27965,0.0,0.0
1979-01-05 00:00:00-05:00,0.5840970873832703,0.5840970873832703,0.5791048332732706,0.5840970873832703,18330,0.0,0.0
1979-01-08 00:00:00-05:00,0.5840967796559282,0.5940812826156616,0.5791045281760616,0.5940812826156616,20915,0.0,0.0
1979-01-09 00:00:00-05:00,0.5940815956032699,0.5940815956032699,0.5791048332732706,0.5840970873832703,29493,0.0,0.0
1979-01-10 00:00:00-05:00,0.5840970949299638,0.5840970949299638,0.5741125418274504,0.5791048407554626,22678,0.0,0.0
1979-01-11 00:00:00-05:00,0.5791048332732706,0.5840970873832703,0.5741125344097602,0.5840970873832703,14335,0.0,0.0
1979-01-12 00:00:00-05:00,0.5840970949299638,0.5890893491044648,0.5691202428994382,0.5791048407554626,21855,0.0,0.0
1979-01-15 00:00:00-05:00,0.5791048407554626,0.5840970949299638,0.5741125418274504,0.5791048407554626,20563,0.0,0.0
1979-01-16 00:00:00-05:00,0.579104943106699,0.5940817082772016,0.579104943106699,0.5890894532203674,21150,0.0,0.0
1979-01-17 00:00:00-05:00,0.5890894532203674,0.5890894532203674,0.579104943106699,0.5890894532203674,15040,0.0,0.0
1979-01-18 00:00:00-05:00,0.5890894532203674,0.5940817082772016,0.579104943106699,0.5890894532203674,14100,0.0,0.0
1979-01-19 00:00:00-05:00,0.5890894532203674,0.5890894532203674,0.579104943106699,0.5890894532203674,12103,0.0,0.0
1979-01-22 00:00:00-05:00,0.5890893414932701,0.5990738944667803,0.5840970873832703,0.5840970873832703,18683,0.0,0.0
1979-01-23 00:00:00-05:00,0.5840970873832703,0.5890893414932701,0.5840970873832703,0.5840970873832703,36425,0.0,0.0
1979-01-24 00:00:00-05:00,0.5840970873832703,0.5890893414932701,0.5840970873832703,0.5840970873832703,15040,0.0,0.0
1979-01-25 00:00:00-05:00,0.5840971981635332,0.5940817082772016,0.5840971981635332,0.5890894532203674,27965,0.0,0.0
1979-01-26 00:00:00-05:00,0.5890890311357949,0.5990735788490154,0.5840967796559282,0.5940812826156616,16215,0.0,0.0
1979-01-29 00:00:00-05:00,0.5940812826156616,0.5990735788490154,0.5890890311357949,0.5940812826156616,21620,0.0,0.0
1979-01-30 00:00:00-05:00,0.594081588071123,0.5990738868713379,0.594081588071123,0.5990738868713379,25263,0.0,0.0
1979-01-31 00:00:00-05:00,0.5990740124662374,0.6040663123130798,0.594081712619395,0.6040663123130798,21385,0.0,0.0
1979-02-01 00:00:00-05:00,0.6040663123130798,0.6040663123130798,0.594081712619395,0.6040663123130798,23500,0.0,0.0
1979-02-02 00:00:00-05:00,0.6040661856715527,0.6040661856715527,0.594081588071123,0.5990738868713379,33253,0.0,0.0
1979-02-05 00:00:00-05:00,0.5990735788490154,0.604065875082369,0.5840967796559282,0.5940812826156616,21738,0.0,0.0
1979-02-06 00:00:00-05:00,0.5940812826156616,0.5940812826156616,0.5840967796559282,0.5940812826156616,19505,0.0,0.0
1979-02-07 00:00:00-05:00,0.5940817082772016,0.5940817082772016,0.5840971981635332,0.5890894532203674,17038,0.0,0.0
1979-02-08 00:00:00-05:00,0.5890894532203674,0.5890894532203674,0.5840971981635332,0.5890894532203674,26790,0.0,0.0
1979-02-09 00:00:00-05:00,0.5890893414932701,0.5940815956032699,0.5840970873832703,0.5840970873832703,25615,0.0,0.0
1979-02-12 00:00:00-05:00,0.5840971981635332,0.5940817082772016,0.579104943106699,0.5890894532203674,20210,0.0,0.0
1979-02-13 00:00:00-05:00,0.5890894532203674,0.5940817082772016,0.5890894532203674,0.5890894532203674,15863,0.0,0.0
1979-02-14 00:00:00-05:00,0.5890890311357949,0.5940812826156616,0.5890890311357949,0.5940812826156616,18095,0.0,0.0
1979-02-15 00:00:00-05:00,0.5940812826156616,0.5940812826156616,0.5890890311357949,0.5940812826156616,11750,0.0,0.0
1979-02-16 00:00:00-05:00,0.5940812826156616,0.5990735788490154,0.5940812826156616,0.5940812826156616,28553,0.0,0.0
1979-02-20 00:00:00-05:00,0.5940812826156616,0.5990735788490154,0.5940812826156616,0.5940812826156616,14218,0.0,0.0
1979-02-21 00:00:00-05:00,0.594081588071123,0.5990738868713379,0.594081588071123,0.5990738868713379,59925,0.0,0.0
1979-02-22 00:00:00-05:00,0.5990738868713379,0.6040661856715527,0.594081588071123,0.5990738868713379,17273,0.0,0.0
1979-02-23 00:00:00-05:00,0.5990735788490154,0.604065875082369,0.5940812826156616,0.5940812826156616,15158,0.0,0.0
1979-02-26 00:00:00-05:00,0.594081588071123,0.6040661856715527,0.594081588071123,0.5990738868713379,26085,0.0,0.0
1979-02-27 00:00:00-05:00,0.5990735788490154,0.604065875082369,0.5890890311357949,0.5940812826156616,46413,0.0,0.0
1979-02-28 00:00:00-05:00,0.594081588071123,0.5990738868713379,0.5890893340244182,0.5990738868713379,16450,0.0,0.0
1979-03-01 00:00:00-05:00,0.5990738868713379,0.6040661856715527,0.594081588071123,0.5990738868713379,32665,0.0,0.0
1979-03-02 00:00:00-05:00,0.5990738868713379,0.5990738868713379,0.594081588071123,0.5990738868713379,26673,0.0,0.0
1979-03-05 00:00:00-05:00,0.5990739455119801,0.6090584993362427,0.5940816462230917,0.6090584993362427,184240,0.0,0.0
1979-03-06 00:00:00-05:00,0.6090584993362427,0.6140507986251311,0.6040662448008687,0.6090584993362427,24558,0.0,0.0
1979-03-07 00:00:00-05:00,0.6090585674064029,0.6090585674064029,0.6040663123130798,0.6040663123130798,18213,0.0,0.0
1979-03-08 00:00:00-05:00,0.6040662448008687,0.6140507986251311,0.6040662448008687,0.6090584993362427,16803,0.0,0.0
1979-03-09 00:00:00-05:00,0.6090586244634598,0.6190432250925093,0.6040663689024587,0.6140509247779846,29375,0.0,0.0
1979-03-12 00:00:00-05:00,0.6140509247779846,0.6190432250925093,0.6090586244634598,0.6140509247779846,15863,0.0,0.0
1979-03-13 00:00:00-05:00,0.6140512262679898,0.6190435290336609,0.6090589235023187,0.6190435290336609,28670,0.0,0.0
1979-03-14 00:00:00-05:00,0.6200680692643535,0.6200680692643535,0.5995699763298035,0.5995699763298035,72968,0.340426,0.0
1979-03-15 00:00:00-05:00,0.5995697597542459,0.6098187565803528,0.5995697597542459,0.6098187565803528,32900,0.0,0.0
1979-03-16 00:00:00-05:00,0.6098189768580353,0.6098189768580353,0.5995699763298035,0.5995699763298035,19035,0.0,0.0
1979-03-19 00:00:00-05:00,0.5995699853233839,0.6046944856643677,0.5995699853233839,0.6046944856643677,24793,0.0,0.0
1979-03-20 00:00:00-05:00,0.6046944765939194,0.6098189768580353,0.5944454760656875,0.5995699763298035,29845,0.0,0.0
1979-03-21 00:00:00-05:00,0.5995699763298035,0.6098189768580353,0.5944454760656875,0.5995699763298035,45120,0.0,0.0
1979-03-22 00:00:00-05:00,0.5995699853233839,0.6046944856643677,0.5995699853233839,0.6046944856643677,18213,0.0,0.0
1979-03-23 00:00:00-05:00,0.6046944856643677,0.6098189860053513,0.5944454849824002,0.6046944856643677,16568,0.0,0.0
1979-03-26 00:00:00-05:00,0.6046944856643677,0.6098189860053513,0.5995699853233839,0.6046944856643677,24088,0.0,0.0
1979-03-27 00:00:00-05:00,0.6046944856643677,0.6046944856643677,0.5995699853233839,0.6046944856643677,48763,0.0,0.0
1979-03-28 00:00:00-05:00,0.6046942581672993,0.6098187565803528,0.5995697597542459,0.6098187565803528,29140,0.0,0.0
1979-03-29 00:00:00-05:00,0.6098189768580353,0.6098189768580353,0.5995699763298035,0.5995699763298035,40538,0.0,0.0
1979-03-30 00:00:00-05:00,0.5995699853233839,0.6098189860053513,0.5995699853233839,0.6046944856643677,19858,0.0,0.0
1979-04-02 00:00:00-05:00,0.6046944765939194,0.6046944765939194,0.5944454760656875,0.5995699763298035,54638,0.0,0.0
1979-04-03 00:00:00-05:00,0.5995699853233839,0.6098189860053513,0.5995699853233839,0.6046944856643677,23383,0.0,0.0
1979-04-04 00:00:00-05:00,0.6046944856643677,0.6098189860053513,0.5995699853233839,0.6046944856643677,35485,0.0,0.0
1979-04-05 00:00:00-05:00,0.6046944856643677,0.6046944856643677,0.5995699853233839,0.6046944856643677,37953,0.0,0.0
1979-04-06 00:00:00-05:00,0.6046944856643677,0.6098189860053513,0.5995699853233839,0.6046944856643677,25968,0.0,0.0
1979-04-09 00:00:00-05:00,0.6046948098457603,0.6149438619613647,0.6046948098457603,0.6149438619613647,49820,0.0,0.0
1979-04-10 00:00:00-05:00,0.6149433009324328,0.6149433009324328,0.6098187565803528,0.6098187565803528,21738,0.0,0.0
1979-04-11 00:00:00-05:00,0.6098187565803528,0.6200678452845128,0.6098187565803528,0.6098187565803528,21268,0.0,0.0
1979-04-12 00:00:00-05:00,0.6098187565803528,0.6149433009324328,0.6098187565803528,0.6098187565803528,16803,0.0,0.0
1979-04-16 00:00:00-05:00,0.6098193129340284,0.6303174631043058,0.6046948098457603,0.6149438619613647,18800,0.0,0.0
1979-04-17 00:00:00-05:00,0.6149435322853789,0.6149435322853789,0.6046944856643677,0.6046944856643677,16568,0.0,0.0
1979-04-18 00:00:00-05:00,0.6046948098457603,0.6149438619613647,0.6046948098457603,0.6149438619613647,17390,0.0,0.0
1979-04-19 00:00:00-05:00,0.6149433009324328,0.6149433009324328,0.6098187565803528,0.6098187565803528,18330,0.0,0.0
1979-04-20 00:00:00-05:00,0.6098187565803528,0.6149433009324328,0.6046942581672993,0.6098187565803528,18800,0.0,0.0
1979-04-23 00:00:00-05:00,0.6098189860053513,0.6149435322853789,0.6046944856643677,0.6046944856643677,33488,0.0,0.0
1979-04-24 00:00:00-05:00,0.6046942581672993,0.6200678452845128,0.6046942581672993,0.6098187565803528,31608,0.0,0.0
1979-04-25 00:00:00-05:00,0.6098189860053513,0.6149435322853789,0.5995699853233839,0.6046944856643677,43005,0.0,0.0
1979-04-26 00:00:00-05:00,0.6046947705286105,0.6046947705286105,0.5944457650184631,0.5944457650184631,22090,0.0,0.0
1979-04-27 00:00:00-05:00,0.5944454760656875,0.6046944765939194,0.5944454760656875,0.5995699763298035,31490,0.0,0.0
1979-04-30 00:00:00-04:00,0.5995699853233839,0.6046944856643677,0.5893209387023727,0.6046944856643677,23735,0.0,0.0
1979-05-01 00:00:00-04:00,0.6046944856643677,0.6046944856643677,0.5995699853233839,0.6046944856643677,16098,0.0,0.0
1979-05-02 00:00:00-04:00,0.6046944765939194,0.6046944765939194,0.5995699763298035,0.5995699763298035,13865,0.0,0.0
1979-05-03 00:00:00-04:00,0.5995699763298035,0.6046944765939194,0.5995699763298035,0.5995699763298035,34075,0.0,0.0
1979-05-04 00:00:00-04:00,0.5995701865351334,0.5995701865351334,0.5841965884748177,0.5893211364746094,216435,0.0,0.0
1979-05-07 00:00:00-04:00,0.5841964397476623,0.5841964397476623,0.5739473922963834,0.5790719389915466,32313,0.0,0.0
1979-05-08 00:00:00-04:00,0.579072157096216,0.5841966597824503,0.5739476084709167,0.5739476084709167,33488,0.0,0.0
1979-05-09 00:00:00-04:00,0.5739472836064319,0.5841963291168213,0.5739472836064319,0.5841963291168213,20680,0.0,0.0
1979-05-10 00:00:00-04:00,0.5841966597824503,0.6046947624055174,0.5739476084709167,0.5739476084709167,38540,0.0,0.0
1979-05-11 00:00:00-04:00,0.5739476084709167,0.6098192650917518,0.5688230598456175,0.5739476084709167,29845,0.0,0.0
1979-05-14 00:00:00-04:00,0.5739474596417268,0.5739474596417268,0.563698410987854,0.563698410987854,26908,0.0,0.0
1979-05-15 00:00:00-04:00,0.5636985571593832,0.5739476084709167,0.5636985571593832,0.5739476084709167,39363,0.0,0.0
1979-05-16 00:00:00-04:00,0.5739473922963834,0.5790719389915466,0.5739473922963834,0.5790719389915466,19035,0.0,0.0
1979-05-17 00:00:00-04:00,0.5790720864140854,0.5893211364746094,0.5739475384142937,0.5893211364746094,20915,0.0,0.0
1979-05-18 00:00:00-04:00,0.5893208748415355,0.5944454205662496,0.5841963291168213,0.5841963291168213,25968,0.0,0.0
1979-05-21 00:00:00-04:00,0.5841965884748177,0.5893211364746094,0.5790720864140854,0.5893211364746094,74613,0.0,0.0
1979-05-22 00:00:00-04:00,0.5893208748415355,0.5893208748415355,0.5841963291168213,0.5841963291168213,24323,0.0,0.0
1979-05-23 00:00:00-04:00,0.5841963291168213,0.5893208748415355,0.5841963291168213,0.5841963291168213,106573,0.0,0.0
1979-05-24 00:00:00-04:00,0.5841965884748177,0.5893211364746094,0.5790720864140854,0.5893211364746094,21268,0.0,0.0
1979-05-25 00:00:00-04:00,0.5893212163243239,0.6251928734270364,0.5841966676301847,0.5944457650184631,42418,0.0,0.0
1979-05-29 00:00:00-04:00,0.5944454849824002,0.6046944856643677,0.5893209387023727,0.6046944856643677,33605,0.0,0.0
1979-05-30 00:00:00-04:00,0.6046942581672993,0.6354414324017262,0.6046942581672993,0.6098187565803528,33370,0.0,0.0
1979-05-31 00:00:00-04:00,0.6098190394195737,0.6405662279148064,0.6098190394195737,0.6200681328773499,108453,0.0,0.0
1979-06-01 00:00:00-04:00,0.6200681328773499,0.6200681328773499,0.6149435861484618,0.6200681328773499,17743,0.0,0.0
1979-06-04 00:00:00-04:00,0.6200684109887012,0.6200684109887012,0.6149438619613647,0.6149438619613647,23265,0.0,0.0
1979-06-05 00:00:00-04:00,0.6149438619613647,0.6200684109887012,0.6149438619613647,0.6149438619613647,21973,0.0,0.0
1979-06-06 00:00:00-04:00,0.6149435861484618,0.6251926336671901,0.6149435861484618,0.6200681328773499,18095,0.0,0.0
1979-06-07 00:00:00-04:00,0.6200680231198658,0.6251925230026245,0.6200680231198658,0.6251925230026245,41125,0.0,0.0
1979-06-08 00:00:00-04:00,0.6251929140769693,0.6251929140769693,0.6149438619613647,0.6149438619613647,68620,0.0,0.0
1979-06-11 00:00:00-04:00,0.6149435861484618,0.6251926336671901,0.6149435861484618,0.6200681328773499,26790,0.0,0.0
1979-06-12 00:00:00-04:00,0.6251926355269045,0.6456907765643832,0.6251926355269045,0.6405662298202515,109275,0.0,0.0
1979-06-13 00:00:00-04:00,0.6405663701023577,0.64569091796875,0.6354418681750236,0.64569091796875,35955,0.0,0.0
1979-06-14 00:00:00-04:00,0.6625163201308656,0.6677744033720813,0.6257098317146301,0.6257098317146301,60630,0.340426,0.0
1979-06-15 00:00:00-04:00,0.6257096638563474,0.6309677456869845,0.6204516291618347,0.6204516291618347,11985,0.0,0.0
1979-06-18 00:00:00-04:00,0.6204517956095517,0.6257098317146301,0.6204517956095517,0.6257098317146301,16568,0.0,0.0
1979-06-19 00:00:00-04:00,0.6257096638563474,0.6257096638563474,0.6099355597728094,0.6204516291618347,16215,0.0,0.0
1979-06-20 00:00:00-04:00,0.6204524216942061,0.6257104631050565,0.6099363388725053,0.6151943802833557,18800,0.0,0.0
1979-06-21 00:00:00-04:00,0.6151940373968393,0.6204520758770525,0.609935998916626,0.609935998916626,20210,0.0,0.0
1979-06-22 00:00:00-04:00,0.6151935944673221,0.6204516291618347,0.6151935944673221,0.6204516291618347,31138,0.0,0.0
1979-06-25 00:00:00-04:00,0.6204524216942061,0.6520008587040477,0.6099363388725053,0.6151943802833557,25615,0.0,0.0
1979-06-26 00:00:00-04:00,0.6151935944673221,0.6204516291618347,0.6099355597728094,0.6204516291618347,18448,0.0,0.0
1979-06-27 00:00:00-04:00,0.6204516291618347,0.6204516291618347,0.6099355597728094,0.6204516291618347,23148,0.0,0.0
1979-06-28 00:00:00-04:00,0.6204516291618347,0.6257096638563474,0.6046774779421722,0.6204516291618347,16333,0.0,0.0
1979-06-29 00:00:00-04:00,0.6204524216942061,0.6204524216942061,0.6099363388725053,0.6151943802833557,20798,0.0,0.0
1979-07-02 00:00:00-04:00,0.6151937595044732,0.6257098317146301,0.6151937595044732,0.6257098317146301,32783,0.0,0.0
1979-07-03 00:00:00-04:00,0.6257104631050565,0.6257104631050565,0.6151943802833557,0.6151943802833557,8225,0.0,0.0
1979-07-05 00:00:00-04:00,0.6151943802833557,0.6257104631050565,0.6151943802833557,0.6151943802833557,15863,0.0,0.0
1979-07-06 00:00:00-04:00,0.6151935944673221,0.6520000258734089,0.6151935944673221,0.6204516291618347,15040,0.0,0.0
1979-07-09 00:00:00-04:00,0.6204517956095517,0.6257098317146301,0.6204517956095517,0.6257098317146301,81075,0.0,0.0
1979-07-10 00:00:00-04:00,0.6257096638563474,0.6257096638563474,0.6204516291618347,0.6204516291618347,19505,0.0,0.0
1979-07-11 00:00:00-04:00,0.6204517956095517,0.6257098317146301,0.604677640158179,0.6257098317146301,20210,0.0,0.0
1979-07-12 00:00:00-04:00,0.6257098317146301,0.6625163201308656,0.6204517956095517,0.6257098317146301,14923,0.0,0.0
1979-07-13 00:00:00-04:00,0.6257098317146301,0.6257098317146301,0.6204517956095517,0.6257098317146301,16920,0.0,0.0
1979-07-16 00:00:00-04:00,0.6257098317146301,0.6257098317146301,0.6204517956095517,0.6257098317146301,20680,0.0,0.0
1979-07-17 00:00:00-04:00,0.6257098317146301,0.6257098317146301,0.6204517956095517,0.6257098317146301,39010,0.0,0.0
1979-07-18 00:00:00-04:00,0.6257098317146301,0.6257098317146301,0.6204517956095517,0.6257098317146301,182830,0.0,0.0
1979-07-19 00:00:00-04:00,0.6257096638563474,0.6257096638563474,0.6204516291618347,0.6204516291618347,53933,0.0,0.0
1979-07-20 00:00:00-04:00,0.6204517956095517,0.6257098317146301,0.6204517956095517,0.6257098317146301,25380,0.0,0.0
1979-07-23 00:00:00-04:00,0.6257096638563474,0.6257096638563474,0.6204516291618347,0.6204516291618347,95293,0.0,0.0
1979-07-24 00:00:00-04:00,0.6204516291618347,0.6257096638563474,0.6204516291618347,0.6204516291618347,24675,0.0,0.0
1979-07-25 00:00:00-04:00,0.6204517956095517,0.6257098317146301,0.6204517956095517,0.6257098317146301,94588,0.0,0.0
1979-07-26 00:00:00-04:00,0.6257096638563474,0.6257096638563474,0.6204516291618347,0.6204516291618347,65918,0.0,0.0
1979-07-27 00:00:00-04:00,0.6204524216942061,0.6204524216942061,0.6151943802833557,0.6151943802833557,51113,0.0,0.0
1979-07-30 00:00:00-04:00,0.6151940373968393,0.6414843240702226,0.609935998916626,0.609935998916626,34075,0.0,0.0
1979-07-31 00:00:00-04:00,0.6099355597728094,0.6257096638563474,0.6099355597728094,0.6204516291618347,34898,0.0,0.0
1979-08-01 00:00:00-04:00,0.6204516291618347,0.6204516291618347,0.6151935944673221,0.6204516291618347,39715,0.0,0.0
1979-08-02 00:00:00-04:00,0.6204524216942061,0.6204524216942061,0.6099363388725053,0.6151943802833557,19270,0.0,0.0
1979-08-03 00:00:00-04:00,0.6151943802833557,0.6204524216942061,0.6099363388725053,0.6151943802833557,35485,0.0,0.0
1979-08-06 00:00:00-04:00,0.6151940373968393,0.6414843240702226,0.609935998916626,0.609935998916626,29375,0.0,0.0
1979-08-07 00:00:00-04:00,0.609935998916626,0.6151940373968393,0.609935998916626,0.609935998916626,29375,0.0,0.0
1979-08-08 00:00:00-04:00,0.6099363388725053,0.6467427701570124,0.6099363388725053,0.6151943802833557,33018,0.0,0.0
1979-08-09 00:00:00-04:00,0.6151935944673221,0.6257096638563474,0.6099355597728094,0.6204516291618347,108218,0.0,0.0
1979-08-10 00:00:00-04:00,0.6204516291618347,0.6257096638563474,0.6204516291618347,0.6204516291618347,39128,0.0,0.0
1979-08-13 00:00:00-04:00,0.6204517956095517,0.6309679149558458,0.6204517956095517,0.6257098317146301,70383,0.0,0.0
1979-08-14 00:00:00-04:00,0.6257100663935923,0.636226236820221,0.6257100663935923,0.636226236820221,127958,0.0,0.0
1979-08-15 00:00:00-04:00,0.6362259981970615,0.6677744033720813,0.6257098317146301,0.6257098317146301,27613,0.0,0.0
1979-08-16 00:00:00-04:00,0.6257098317146301,0.6362259981970615,0.6257098317146301,0.6257098317146301,28553,0.0,0.0
1979-08-17 00:00:00-04:00,0.6257097136001923,0.6625161950685143,0.6257097136001923,0.6309677958488464,21973,0.0,0.0
1979-08-20 00:00:00-04:00,0.6309677958488464,0.6309677958488464,0.6204516784876665,0.6309677958488464,22560,0.0,0.0
1979-08-21 00:00:00-04:00,0.6309679149558458,0.6309679149558458,0.6257098317146301,0.6257098317146301,19623,0.0,0.0
1979-08-22 00:00:00-04:00,0.6257097136001923,0.6362258780975005,0.6257097136001923,0.6309677958488464,72850,0.0,0.0
1979-08-23 00:00:00-04:00,0.6309679149558458,0.6309679149558458,0.6257098317146301,0.6257098317146301,20093,0.0,0.0
1979-08-24 00:00:00-04:00,0.6257098317146301,0.6362259981970615,0.6257098317146301,0.6257098317146301,44650,0.0,0.0
1979-08-27 00:00:00-04:00,0.6257098317146301,0.6309679149558458,0.6257098317146301,0.6257098317146301,44415,0.0,0.0
1979-08-28 00:00:00-04:00,0.6257098317146301,0.6309679149558458,0.6204517956095517,0.6257098317146301,60983,0.0,0.0
1979-08-29 00:00:00-04:00,0.6257098317146301,0.6309679149558458,0.6257098317146301,0.6257098317146301,16333,0.0,0.0
1979-08-30 00:00:00-04:00,0.6257097136001923,0.6625161950685143,0.6257097136001923,0.6309677958488464,61688,0.0,0.0
1979-08-31 00:00:00-04:00,0.6309677958488464,0.6309677958488464,0.6257097136001923,0.6309677958488464,15628,0.0,0.0
1979-09-04 00:00:00-04:00,0.6309679149558458,0.6309679149558458,0.6204517956095517,0.6257098317146301,29375,0.0,0.0
1979-09-05 00:00:00-04:00,0.6257097136001923,0.6309677958488464,0.6204516784876665,0.6309677958488464,37365,0.0,0.0
1979-09-06 00:00:00-04:00,0.6309679149558458,0.6309679149558458,0.6257098317146301,0.6257098317146301,63568,0.0,0.0
1979-09-07 00:00:00-04:00,0.6257097136001923,0.6309677958488464,0.6257097136001923,0.6309677958488464,18448,0.0,0.0
1979-09-10 00:00:00-04:00,0.6309677958488464,0.6309677958488464,0.6204516784876665,0.6309677958488464,69090,0.0,0.0
1979-09-11 00:00:00-04:00,0.6309677958488464,0.6309677958488464,0.6257097136001923,0.6309677958488464,34075,0.0,0.0
1979-09-12 00:00:00-04:00,0.6309677456869845,0.6309677456869845,0.6204516291618347,0.6204516291618347,25615,0.0,0.0
1979-09-13 00:00:00-04:00,0.6204516291618347,0.6467419440427716,0.6151935944673221,0.6204516291618347,68855,0.0,0.0
1979-09-14 00:00:00-04:00,0.6161285839186681,0.6161285839186681,0.5999146699905396,0.5999146699905396,90123,0.340426,0.0
1979-09-17 00:00:00-04:00,0.5999146699905396,0.6053193241166068,0.5999146699905396,0.5999146699905396,35015,0.0,0.0
1979-09-18 00:00:00-04:00,0.5999146699905396,0.6377471035227908,0.5999146699905396,0.5999146699905396,49585,0.0,0.0
1979-09-19 00:00:00-04:00,0.5999152577805063,0.6107245766234853,0.5999152577805063,0.6053199172019958,98700,0.0,0.0
1979-09-20 00:00:00-04:00,0.6053199172019958,0.6107245766234853,0.5999152577805063,0.6053199172019958,24910,0.0,0.0
1979-09-21 00:00:00-04:00,0.6053199172019958,0.6053199172019958,0.5999152577805063,0.6053199172019958,53463,0.0,0.0
1979-09-24 00:00:00-04:00,0.6053193241166068,0.6053193241166068,0.5945100643145454,0.5999146699905396,21738,0.0,0.0
1979-09-25 00:00:00-04:00,0.5999142617625832,0.5999142617625832,0.5837003588676453,0.5837003588676453,43240,0.0,0.0
1979-09-26 00:00:00-04:00,0.5891052469874363,0.6323423226676985,0.5891052469874363,0.5945098996162415,33253,0.0,0.0
1979-09-27 00:00:00-04:00,0.5945106468091376,0.6053199172019958,0.589105987387648,0.6053199172019958,24910,0.0,0.0
1979-09-28 00:00:00-04:00,0.5999146699905396,0.5999146699905396,0.5945100643145454,0.5999146699905396,25263,0.0,0.0
1979-10-01 00:00:00-04:00,0.5999145037949868,0.5999145037949868,0.5891052469874363,0.5945098996162415,25615,0.0,0.0
1979-10-02 00:00:00-04:00,0.5945098996162415,0.5999145037949868,0.5891052469874363,0.5945098996162415,24323,0.0,0.0
1979-10-03 00:00:00-04:00,0.5945100643145454,0.6323424978467967,0.5945100643145454,0.5999146699905396,26320,0.0,0.0
1979-10-04 00:00:00-04:00,0.5999152577805063,0.6053199172019958,0.5945106468091376,0.6053199172019958,32783,0.0,0.0
1979-10-05 00:00:00-04:00,0.6053199172019958,0.6107245766234853,0.5999152577805063,0.6053199172019958,31725,0.0,0.0
1979-10-08 00:00:00-04:00,0.6053199172019958,0.6377477283805706,0.5999152577805063,0.6053199172019958,26203,0.0,0.0
1979-10-09 00:00:00-04:00,0.6053193241166068,0.6053193241166068,0.5945100643145454,0.5999146699905396,23970,0.0,0.0
1979-10-10 00:00:00-04:00,0.5945097935601342,0.5945097935601342,0.5674865836869067,0.5728912353515625,95293,0.0,0.0
1979-10-11 00:00:00-04:00,0.5728915128670379,0.6107239959460312,0.5620822527516431,0.5891054272651672,49350,0.0,0.0
1979-10-12 00:00:00-04:00,0.5891054272651672,0.5945100815479019,0.5837007729824325,0.5891054272651672,41008,0.0,0.0
1979-10-15 00:00:00-04:00,0.5891050093159713,0.6107235626592353,0.5782957568693595,0.5837003588676453,46060,0.0,0.0
1979-10-16 00:00:00-04:00,0.5837003588676453,0.6107235626592353,0.5837003588676453,0.5837003588676453,34898,0.0,0.0
1979-10-17 00:00:00-04:00,0.5837003588676453,0.5891050093159713,0.5837003588676453,0.5837003588676453,32900,0.0,0.0
1979-10-18 00:00:00-04:00,0.583700594358631,0.5945098996162415,0.583700594358631,0.5945098996162415,39833,0.0,0.0
1979-10-19 00:00:00-04:00,0.594509915598085,0.594509915598085,0.5782960057258606,0.5782960057258606,58750,0.0,0.0
1979-10-22 00:00:00-04:00,0.5782958870162183,0.6053190484393944,0.5728912353515625,0.5728912353515625,43005,0.0,0.0
1979-10-23 00:00:00-04:00,0.5728909439847464,0.5728909439847464,0.5620816946029663,0.5620816946029663,35485,0.0,0.0
1979-10-24 00:00:00-04:00,0.5620816946029663,0.5945094911983333,0.5620816946029663,0.5620816946029663,58868,0.0,0.0
1979-10-25 00:00:00-04:00,0.5620816946029663,0.5728909439847464,0.5620816946029663,0.5620816946029663,31138,0.0,0.0
1979-10-26 00:00:00-04:00,0.5674868822097778,0.5782961912252577,0.5674868822097778,0.5674868822097778,27613,0.0,0.0
1979-10-29 00:00:00-05:00,0.5674862950688431,0.5728909439847464,0.5620816946029663,0.5620816946029663,29728,0.0,0.0
1979-10-30 00:00:00-05:00,0.5620816946029663,0.58910484228243,0.5566770456870629,0.5620816946029663,153455,0.0,0.0
1979-10-31 00:00:00-05:00,0.5620820534320201,0.5674866573481563,0.5566774010658264,0.5566774010658264,47235,0.0,0.0
1979-11-01 00:00:00-05:00,0.5566776216443746,0.5674868822097778,0.5566776216443746,0.5674868822097778,22443,0.0,0.0
1979-11-02 00:00:00-05:00,0.5674868822097778,0.5945101062984007,0.5620822761521146,0.5674868822097778,27260,0.0,0.0
1979-11-05 00:00:00-05:00,0.5674868822097778,0.5674868822097778,0.5620822761521146,0.5674868822097778,19858,0.0,0.0
1979-11-06 00:00:00-05:00,0.5674868822097778,0.5674868822097778,0.5566776216443746,0.5674868822097778,148520,0.0,0.0
1979-11-07 00:00:00-05:00,0.5620816946029663,0.5620816946029663,0.5566770456870629,0.5620816946029663,23030,0.0,0.0
1979-11-08 00:00:00-05:00,0.5620816946029663,0.5620816946029663,0.5566770456870629,0.5620816946029663,24793,0.0,0.0
1979-11-09 00:00:00-05:00,0.5620820534320201,0.5620820534320201,0.5512727486996326,0.5566774010658264,30550,0.0,0.0
1979-11-12 00:00:00-05:00,0.5566774010658264,0.58370056599668,0.5512727486996326,0.5566774010658264,31138,0.0,0.0
1979-11-13 00:00:00-05:00,0.5566776216443746,0.5674868822097778,0.5566776216443746,0.5674868822097778,22443,0.0,0.0
1979-11-14 00:00:00-05:00,0.5620816946029663,0.5620816946029663,0.5566770456870629,0.5620816946029663,42418,0.0,0.0
1979-11-15 00:00:00-05:00,0.5620822761521146,0.5945101062984007,0.5620822761521146,0.5674868822097778,40890,0.0,0.0
1979-11-16 00:00:00-05:00,0.5674862950688431,0.5674862950688431,0.5620816946029663,0.5620816946029663,32195,0.0,0.0
1979-11-19 00:00:00-05:00,0.5620816946029663,0.5674862950688431,0.5620816946029663,0.5620816946029663,30315,0.0,0.0
1979-11-20 00:00:00-05:00,0.5620820534320201,0.5620820534320201,0.5512727486996326,0.5566774010658264,40068,0.0,0.0
1979-11-21 00:00:00-05:00,0.5566774010658264,0.5566774010658264,0.5458681447834964,0.5566774010658264,34310,0.0,0.0
1979-11-23 00:00:00-05:00,0.5566776430348117,0.5620822977502264,0.551272988319397,0.551272988319397,16215,0.0,0.0
1979-11-26 00:00:00-05:00,0.5566776216443746,0.5891054517906609,0.5566776216443746,0.5674868822097778,93765,0.0,0.0
1979-11-27 00:00:00-05:00,0.5728913375510803,0.6053191564237921,0.5728913375510803,0.5945098996162415,61923,0.0,0.0
1979-11-28 00:00:00-05:00,0.5945106468091376,0.6161291875948541,0.5945106468091376,0.6053199172019958,48410,0.0,0.0
1979-11-29 00:00:00-05:00,0.6053193241166068,0.6107239782426741,0.5999146699905396,0.5999146699905396,51348,0.0,0.0
1979-11-30 00:00:00-05:00,0.5999152577805063,0.6053199172019958,0.5945106468091376,0.6053199172019958,24675,0.0,0.0
1979-12-03 00:00:00-05:00,0.5999146873805619,0.5999146873805619,0.5837007729824325,0.5891054272651672,20328,0.0,0.0
1979-12-04 00:00:00-05:00,0.5891052469874363,0.5945098996162415,0.583700594358631,0.5945098996162415,31020,0.0,0.0
1979-12-05 00:00:00-05:00,0.5945100643145454,0.6053193241166068,0.5891054101884782,0.5999146699905396,55695,0.0,0.0
1979-12-06 00:00:00-05:00,0.5999146699905396,0.6107239782426741,0.5999146699905396,0.5999146699905396,48528,0.0,0.0
1979-12-07 00:00:00-05:00,0.6053190819382241,0.6377468483705828,0.6053190819382241,0.6107237339019775,32313,0.0,0.0
1979-12-10 00:00:00-05:00,0.6107237339019775,0.6107237339019775,0.6053190819382241,0.6107237339019775,39715,0.0,0.0
1979-12-11 00:00:00-05:00,0.6107237339019775,0.6107237339019775,0.6053190819382241,0.6107237339019775,36543,0.0,0.0
1979-12-12 00:00:00-05:00,0.595150076535542,0.595150076535542,0.5784636225295477,0.5840257406234741,75788,0.340426,0.0
1979-12-13 00:00:00-05:00,0.5840257406234741,0.5840257406234741,0.5784636225295477,0.5840257406234741,53110,0.0,0.0
1979-12-14 00:00:00-05:00,0.5840251664167184,0.5840251664167184,0.5673387288166357,0.5729008913040161,62275,0.0,0.0
1979-12-17 00:00:00-05:00,0.5729008913040161,0.6062737665041815,0.5673387288166357,0.5729008913040161,122670,0.0,0.0
1979-12-18 00:00:00-05:00,0.5729008913040161,0.5729008913040161,0.5617766161913138,0.5729008913040161,42888,0.0,0.0
1979-12-19 00:00:00-05:00,0.5729015214255092,0.5729015214255092,0.5617772340774536,0.5617772340774536,52523,0.0,0.0
1979-12-20 00:00:00-05:00,0.5617772340774536,0.5673393528204248,0.5617772340774536,0.5617772340774536,48645,0.0,0.0
1979-12-21 00:00:00-05:00,0.5617768940488375,0.5617768940488375,0.5506525635719299,0.5506525635719299,63920,0.0,0.0
1979-12-24 00:00:00-05:00,0.5506528968672846,0.5840258087735649,0.5506528968672846,0.5617772340774536,43005,0.0,0.0
1979-12-26 00:00:00-05:00,0.5617767346594817,0.5673388484577491,0.5562145709991455,0.5562145709991455,52288,0.0,0.0
1979-12-27 00:00:00-05:00,0.5562147288103837,0.5562147288103837,0.5506525635719299,0.5506525635719299,74260,0.0,0.0
1979-12-28 00:00:00-05:00,0.5506525635719299,0.5562147288103837,0.5506525635719299,0.5506525635719299,143233,0.0,0.0
1979-12-31 00:00:00-05:00,0.5506525635719299,0.5562147288103837,0.5450904481955593,0.5506525635719299,120085,0.0,0.0
1980-01-02 00:00:00-05:00,0.5506525635719299,0.5562147288103837,0.5450904481955593,0.5506525635719299,82838,0.0,0.0
1980-01-03 00:00:00-05:00,0.5506528968672846,0.5673393528204248,0.5506528968672846,0.5617772340774536,55695,0.0,0.0
1980-01-04 00:00:00-05:00,0.5617770648327338,0.5673391819000244,0.556214897903345,0.5673391819000244,33488,0.0,0.0
1980-01-07 00:00:00-05:00,0.5673387288166357,0.5729008913040161,0.5617766161913138,0.5729008913040161,23970,0.0,0.0
1980-01-08 00:00:00-05:00,0.5729013488294132,0.5729013488294132,0.5673391819000244,0.5673391819000244,47705,0.0,0.0
1980-01-09 00:00:00-05:00,0.5673387288166357,0.5729008913040161,0.5673387288166357,0.5729008913040161,25615,0.0,0.0
1980-01-10 00:00:00-05:00,0.5729008913040161,0.5784630537913965,0.5673387288166357,0.5729008913040161,22795,0.0,0.0
1980-01-11 00:00:00-05:00,0.5729013488294132,0.5784635157588021,0.5673391819000244,0.5673391819000244,55930,0.0,0.0
1980-01-14 00:00:00-05:00,0.5673387288166357,0.6007116040168011,0.5673387288166357,0.5729008913040161,31020,0.0,0.0
1980-01-15 00:00:00-05:00,0.5729009738609045,0.5840252505766512,0.5729009738609045,0.5784631371498108,30198,0.0,0.0
1980-01-16 00:00:00-05:00,0.5784631371498108,0.5784631371498108,0.5729009738609045,0.5784631371498108,63803,0.0,0.0
1980-01-17 00:00:00-05:00,0.5784630537913965,0.5784630537913965,0.5729008913040161,0.5729008913040161,33253,0.0,0.0
1980-01-18 00:00:00-05:00,0.5729013488294132,0.5784635157588021,0.5673391819000244,0.5673391819000244,77198,0.0,0.0
1980-01-21 00:00:00-05:00,0.5673387288166357,0.5729008913040161,0.5673387288166357,0.5729008913040161,54638,0.0,0.0
1980-01-22 00:00:00-05:00,0.5729013488294132,0.5729013488294132,0.5617770648327338,0.5673391819000244,54285,0.0,0.0
1980-01-23 00:00:00-05:00,0.5673393528204248,0.5673393528204248,0.5617772340774536,0.5617772340774536,31843,0.0,0.0
1980-01-24 00:00:00-05:00,0.5617770648327338,0.5673391819000244,0.5617770648327338,0.5673391819000244,35603,0.0,0.0
1980-01-25 00:00:00-05:00,0.5673391819000244,0.5673391819000244,0.5617770648327338,0.5673391819000244,25733,0.0,0.0
1980-01-28 00:00:00-05:00,0.5673391819000244,0.5729013488294132,0.5617770648327338,0.5673391819000244,26673,0.0,0.0
1980-01-29 00:00:00-05:00,0.5673388484577491,0.5673388484577491,0.5562145709991455,0.5562145709991455,26085,0.0,0.0
1980-01-30 00:00:00-05:00,0.5562150654723691,0.5617772340774536,0.5562150654723691,0.5617772340774536,29258,0.0,0.0
1980-01-31 00:00:00-05:00,0.5617767346594817,0.5617767346594817,0.545090293540542,0.5562145709991455,84953,0.0,0.0
1980-02-01 00:00:00-05:00,0.5562150654723691,0.5673393528204248,0.5562150654723691,0.5617772340774536,32195,0.0,0.0
1980-02-04 00:00:00-05:00,0.5617772340774536,0.5673393528204248,0.5617772340774536,0.5617772340774536,33958,0.0,0.0
1980-02-05 00:00:00-05:00,0.5617772340774536,0.5729015214255092,0.5617772340774536,0.5617772340774536,26555,0.0,0.0
1980-02-06 00:00:00-05:00,0.5617770648327338,0.5673391819000244,0.5617770648327338,0.5673391819000244,21855,0.0,0.0
1980-02-07 00:00:00-05:00,0.5673388484577491,0.5673388484577491,0.5562145709991455,0.5562145709991455,38893,0.0,0.0
1980-02-08 00:00:00-05:00,0.5562145709991455,0.5617767346594817,0.5562145709991455,0.5562145709991455,39833,0.0,0.0
1980-02-11 00:00:00-05:00,0.5562145709991455,0.5617767346594817,0.5506524073388092,0.5562145709991455,84130,0.0,0.0
1980-02-12 00:00:00-05:00,0.5562145709991455,0.5562145709991455,0.5506524073388092,0.5562145709991455,23970,0.0,0.0
1980-02-13 00:00:00-05:00,0.5562150654723691,0.5617772340774536,0.5450907781243135,0.5617772340774536,110568,0.0,0.0
1980-02-14 00:00:00-05:00,0.5617767346594817,0.5673388484577491,0.5562145709991455,0.5562145709991455,239700,0.0,0.0
1980-02-15 00:00:00-05:00,0.5562146564993863,0.5562146564993863,0.54509037733078,0.54509037733078,34310,0.0,0.0
1980-02-19 00:00:00-05:00,0.54509037733078,0.5506524919840449,0.5395282128154386,0.54509037733078,61335,0.0,0.0
1980-02-20 00:00:00-05:00,0.54509037733078,0.5673389356679925,0.5395282128154386,0.54509037733078,28083,0.0,0.0
1980-02-21 00:00:00-05:00,0.5450903329739182,0.5506524471745646,0.5339660048484802,0.5339660048484802,36660,0.0,0.0
1980-02-22 00:00:00-05:00,0.5339660048484802,0.5450903329739182,0.5339660048484802,0.5339660048484802,29610,0.0,0.0
1980-02-25 00:00:00-05:00,0.5339660048484802,0.5395281689111993,0.5339660048484802,0.5339660048484802,29023,0.0,0.0
1980-02-26 00:00:00-05:00,0.5339658498277811,0.5562144497573819,0.5339658498277811,0.5395280122756958,31843,0.0,0.0
1980-02-27 00:00:00-05:00,0.5395280122756958,0.5450901747236105,0.5339658498277811,0.5395280122756958,22795,0.0,0.0
1980-02-28 00:00:00-05:00,0.5395280122756958,0.5450901747236105,0.5339658498277811,0.5395280122756958,29845,0.0,0.0
1980-02-29 00:00:00-05:00,0.5395282128154386,0.54509037733078,0.5339660483000971,0.54509037733078,30080,0.0,0.0
1980-03-03 00:00:00-05:00,0.5450901747236105,0.5506522873094671,0.5395280122756958,0.5395280122756958,27613,0.0,0.0
1980-03-04 00:00:00-05:00,0.5395283387919666,0.5450905046060394,0.5284040570259094,0.5284040570259094,28670,0.0,0.0
1980-03-05 00:00:00-05:00,0.5284040570259094,0.5339661729778938,0.5284040570259094,0.5284040570259094,31960,0.0,0.0
1980-03-06 00:00:00-05:00,0.52284175157547,0.52284175157547,0.5172795872468953,0.52284175157547,41595,0.0,0.0
1980-03-07 00:00:00-05:00,0.52284175157547,0.52284175157547,0.5117174727803956,0.52284175157547,46530,0.0,0.0
1980-03-10 00:00:00-05:00,0.5228417896728319,0.528403954406699,0.5172796249389648,0.5172796249389648,34075,0.0,0.0
1980-03-11 00:00:00-05:00,0.5172795625223959,0.5339660048484802,0.5172795625223959,0.5339660048484802,34193,0.0,0.0
1980-03-12 00:00:00-05:00,0.5339661729778938,0.5729012339522266,0.5228418912118367,0.5284040570259094,56870,0.0,0.0
1980-03-13 00:00:00-05:00,0.5284038906478339,0.5339660048484802,0.5284038906478339,0.5339660048484802,50878,0.0,0.0
1980-03-14 00:00:00-05:00,0.5351169190335828,0.5351169190335828,0.5178550779439705,0.5236090421676636,41948,0.340426,0.0
1980-03-17 00:00:00-05:00,0.5236090120726036,0.5293629759655807,0.5178550481796265,0.5178550481796265,33370,0.0,0.0
1980-03-18 00:00:00-05:00,0.5178550779439705,0.5236090421676636,0.5178550779439705,0.5236090421676636,39598,0.0,0.0
1980-03-19 00:00:00-05:00,0.5236090120726036,0.5236090120726036,0.5178550481796265,0.5178550481796265,20445,0.0,0.0
1980-03-20 00:00:00-05:00,0.5178550481796265,0.5236090120726036,0.5121011358681133,0.5178550481796265,50055,0.0,0.0
1980-03-21 00:00:00-05:00,0.5178550779439705,0.5293630063913567,0.5178550779439705,0.5236090421676636,26085,0.0,0.0
1980-03-24 00:00:00-05:00,0.5236090120726036,0.5293629759655807,0.5121011358681133,0.5178550481796265,57105,0.0,0.0
1980-03-25 00:00:00-05:00,0.5178552669571742,0.5408710806710753,0.5121013522148132,0.5121013522148132,27025,0.0,0.0
1980-03-26 00:00:00-05:00,0.5121013522148132,0.5236092332810209,0.5121013522148132,0.5121013522148132,30080,0.0,0.0
1980-03-27 00:00:00-05:00,0.5121012639542836,0.5178551777049588,0.5063472986221313,0.5063472986221313,40655,0.0,0.0
1980-03-28 00:00:00-05:00,0.5063473858909665,0.5178552669571742,0.5005934195671198,0.5121013522148132,39833,0.0,0.0
1980-03-31 00:00:00-05:00,0.5121011358681133,0.5236090120726036,0.5121011358681133,0.5178550481796265,30198,0.0,0.0
1980-04-01 00:00:00-05:00,0.517855048752374,0.5351168888689328,0.5121011364344971,0.5293629765510559,34663,0.0,0.0
1980-04-02 00:00:00-05:00,0.5293628804518326,0.5408707545799395,0.5236089175970517,0.5351167917251587,133950,0.0,0.0
1980-04-03 00:00:00-05:00,0.5351168888689328,0.5408708527682738,0.5236090126517149,0.5293629765510559,28905,0.0,0.0
1980-04-07 00:00:00-05:00,0.5293628804518326,0.5351167917251587,0.5178549547422708,0.5351167917251587,31725,0.0,0.0
1980-04-08 00:00:00-05:00,0.5351169994388613,0.5523788431221931,0.5293630859320672,0.5408709645271301,58985,0.0,0.0
1980-04-09 00:00:00-05:00,0.5466248027781119,0.5638866424560547,0.5466248027781119,0.5638866424560547,32665,0.0,0.0
1980-04-10 00:00:00-05:00,0.5696402834788793,0.5926560759544373,0.5696402834788793,0.5926560759544373,91063,0.0,0.0
1980-04-11 00:00:00-05:00,0.5926570056814707,0.5984109757222249,0.5811491171814815,0.5869030356407166,27965,0.0,0.0
1980-04-14 00:00:00-05:00,0.5869024478012229,0.5869024478012229,0.569640606549881,0.5753945708274841,172138,0.0,0.0
1980-04-15 00:00:00-05:00,0.5753944806102299,0.5984102825304812,0.5638866054408339,0.5696405172348022,63333,0.0,0.0
1980-04-16 00:00:00-05:00,0.569640606549881,0.5869024478012229,0.569640606549881,0.5753945708274841,124315,0.0,0.0
1980-04-17 00:00:00-05:00,0.5753951471407274,0.5869030356407166,0.5696411770999732,0.5869030356407166,28905,0.0,0.0
1980-04-18 00:00:00-05:00,0.586902658390177,0.586902658390177,0.5696408109450407,0.5811487436294556,29375,0.0,0.0
1980-04-21 00:00:00-05:00,0.5811485351050872,0.5869024478012229,0.5753945708274841,0.5753945708274841,28905,0.0,0.0
1980-04-22 00:00:00-05:00,0.5753947772872481,0.586902658390177,0.5753947772872481,0.5811487436294556,37130,0.0,0.0
1980-04-23 00:00:00-05:00,0.5811491171814815,0.5926570056814707,0.5811491171814815,0.5869030356407166,31020,0.0,0.0
1980-04-24 00:00:00-05:00,0.5869020303630671,0.5984099507331848,0.5753941615743801,0.5984099507331848,94000,0.0,0.0
1980-04-25 00:00:00-05:00,0.5984102431118471,0.6099181175231934,0.5926562801154459,0.6099181175231934,62040,0.0,0.0
1980-04-28 00:00:00-04:00,0.6099178195218719,0.6099178195218719,0.5984099507331848,0.5984099507331848,42300,0.0,0.0
1980-04-29 00:00:00-04:00,0.5984100369686863,0.6041639464014971,0.5926560759544373,0.5926560759544373,88243,0.0,0.0
1980-04-30 00:00:00-04:00,0.592656717468683,0.6041646003723145,0.592656717468683,0.6041646003723145,206918,0.0,0.0
1980-05-01 00:00:00-04:00,0.6041639464014971,0.6041639464014971,0.5869021149401882,0.5926560759544373,31725,0.0,0.0
1980-05-02 00:00:00-04:00,0.592656717468683,0.6041646003723145,0.592656717468683,0.6041646003723145,39363,0.0,0.0
1980-05-05 00:00:00-04:00,0.6041638593368129,0.6041638593368129,0.5926559905481259,0.5984099507331848,26438,0.0,0.0
1980-05-06 00:00:00-04:00,0.5984099507331848,0.6041638593368129,0.5869020303630671,0.5984099507331848,22443,0.0,0.0
1980-05-07 00:00:00-04:00,0.5984099507331848,0.5984099507331848,0.5869020303630671,0.5984099507331848,29963,0.0,0.0
1980-05-08 00:00:00-04:00,0.5984106847112457,0.6041646003723145,0.592656717468683,0.6041646003723145,36895,0.0,0.0
1980-05-09 00:00:00-04:00,0.6041646003723145,0.6041646003723145,0.592656717468683,0.6041646003723145,21268,0.0,0.0
1980-05-12 00:00:00-04:00,0.6041646003723145,0.6099185676148772,0.5984106847112457,0.6041646003723145,38540,0.0,0.0
1980-05-13 00:00:00-04:00,0.6041638593368129,0.6041638593368129,0.5926559905481259,0.5984099507331848,25615,0.0,0.0
1980-05-14 00:00:00-04:00,0.5984099507331848,0.6041638593368129,0.5926559905481259,0.5984099507331848,35720,0.0,0.0
1980-05-15 00:00:00-04:00,0.5984106847112457,0.6041646003723145,0.5984106847112457,0.6041646003723145,83073,0.0,0.0
1980-05-16 00:00:00-04:00,0.6041646003723145,0.6041646003723145,0.5984106847112457,0.6041646003723145,79430,0.0,0.0
1980-05-19 00:00:00-04:00,0.6041638593368129,0.6041638593368129,0.5984099507331848,0.5984099507331848,93530,0.0,0.0
1980-05-20 00:00:00-04:00,0.5984106847112457,0.6041646003723145,0.5984106847112457,0.6041646003723145,38658,0.0,0.0
1980-05-21 00:00:00-04:00,0.6041639464014971,0.6041639464014971,0.5869021149401882,0.5926560759544373,113858,0.0,0.0
1980-05-22 00:00:00-04:00,0.5869030356407166,0.5869030356407166,0.5696411770999732,0.5869030356407166,156158,0.0,0.0
1980-05-23 00:00:00-04:00,0.5869021149401882,0.5984100369686863,0.5811482055073773,0.5926560759544373,54873,0.0,0.0
1980-05-27 00:00:00-04:00,0.5926559905481259,0.6214256883105588,0.5869020303630671,0.5984099507331848,57693,0.0,0.0
1980-05-28 00:00:00-04:00,0.5984100369686863,0.5984100369686863,0.5926560759544373,0.5926560759544373,43945,0.0,0.0
1980-05-29 00:00:00-04:00,0.5926560759544373,0.5984100369686863,0.5869021149401882,0.5926560759544373,72498,0.0,0.0
1980-05-30 00:00:00-04:00,0.592656717468683,0.6041646003723145,0.5869027502261203,0.6041646003723145,43240,0.0,0.0
1980-06-02 00:00:00-04:00,0.5984100369686863,0.5984100369686863,0.5926560759544373,0.5926560759544373,43593,0.0,0.0
1980-06-03 00:00:00-04:00,0.592656717468683,0.6214264505185086,0.592656717468683,0.6041646003723145,40773,0.0,0.0
1980-06-04 00:00:00-04:00,0.6041646003723145,0.6099185676148772,0.5984106847112457,0.6041646003723145,31138,0.0,0.0
1980-06-05 00:00:00-04:00,0.604164067958072,0.6156719923019409,0.5984101573675862,0.6156719923019409,60630,0.0,0.0
1980-06-06 00:00:00-04:00,0.6156720805195944,0.6156720805195944,0.6099181175231934,0.6099181175231934,26790,0.0,0.0
1980-06-09 00:00:00-04:00,0.6099181175231934,0.6156720805195944,0.6099181175231934,0.6099181175231934,79548,0.0,0.0
1980-06-10 00:00:00-04:00,0.6099181175231934,0.6559496667500345,0.6099181175231934,0.6099181175231934,106103,0.0,0.0
1980-06-11 00:00:00-04:00,0.6099181119831605,0.6271799492341146,0.604164149039024,0.621425986289978,100228,0.0,0.0
1980-06-12 00:00:00-04:00,0.6166823587355383,0.6166823587355383,0.6048230447831385,0.6107527017593384,120790,0.340426,0.0
1980-06-13 00:00:00-04:00,0.6107528118002563,0.622612074732904,0.6107528118002563,0.6166824698448181,186238,0.0,0.0
1980-06-16 00:00:00-04:00,0.6226119911394776,0.6344713056363404,0.6226119911394776,0.6285416483879089,58398,0.0,0.0
1980-06-17 00:00:00-04:00,0.6285416483879089,0.6344713056363404,0.6226119911394776,0.6285416483879089,50290,0.0,0.0
1980-06-18 00:00:00-04:00,0.6285415671238873,0.6404008269309998,0.6285415671238873,0.6404008269309998,72850,0.0,0.0
1980-06-19 00:00:00-04:00,0.6404007809544283,0.6581896959662006,0.6285415219987328,0.6344711780548096,62158,0.0,0.0
1980-06-20 00:00:00-04:00,0.6344713056363404,0.6344713056363404,0.6285416483879089,0.6285416483879089,58633,0.0,0.0
1980-06-23 00:00:00-04:00,0.6285416483879089,0.6404009097283029,0.6285416483879089,0.6285416483879089,201865,0.0,0.0
1980-06-24 00:00:00-04:00,0.6285416483879089,0.6344713056363404,0.6226119911394776,0.6285416483879089,51465,0.0,0.0
1980-06-25 00:00:00-04:00,0.6285416483879089,0.6344713056363404,0.6285416483879089,0.6285416483879089,38188,0.0,0.0
1980-06-26 00:00:00-04:00,0.6285416483879089,0.6344713056363404,0.6285416483879089,0.6285416483879089,35485,0.0,0.0
1980-06-27 00:00:00-04:00,0.6285416483879089,0.6285416483879089,0.6226119911394776,0.6285416483879089,32548,0.0,0.0
1980-06-30 00:00:00-04:00,0.6285416483879089,0.6285416483879089,0.6226119911394776,0.6285416483879089,51583,0.0,0.0
1980-07-01 00:00:00-04:00,0.6285419577014355,0.6285419577014355,0.6226122975349426,0.6226122975349426,49233,0.0,0.0
1980-07-02 00:00:00-04:00,0.622612074732904,0.6285417327774658,0.6166824698448181,0.6166824698448181,102578,0.0,0.0
1980-07-03 00:00:00-04:00,0.6166826905249447,0.6285419577014355,0.6166826905249447,0.6226122975349426,43828,0.0,0.0
1980-07-07 00:00:00-04:00,0.6226122975349426,0.6285419577014355,0.6226122975349426,0.6226122975349426,25380,0.0,0.0
1980-07-08 00:00:00-04:00,0.6226122975349426,0.6285419577014355,0.6166826905249447,0.6226122975349426,65330,0.0,0.0
1980-07-09 00:00:00-04:00,0.6226122975349426,0.6285419577014355,0.6107530303584519,0.6226122975349426,42065,0.0,0.0
1980-07-10 00:00:00-04:00,0.6226122975349426,0.6226122975349426,0.6107530303584519,0.6226122975349426,66505,0.0,0.0
1980-07-11 00:00:00-04:00,0.6226122975349426,0.6226122975349426,0.6166826905249447,0.6226122975349426,27143,0.0,0.0
1980-07-14 00:00:00-04:00,0.622611962555272,0.622611962555272,0.6107527017593384,0.6107527017593384,45120,0.0,0.0
1980-07-15 00:00:00-04:00,0.6107528905057781,0.6166825493144736,0.6048232316970825,0.6048232316970825,76963,0.0,0.0
1980-07-16 00:00:00-04:00,0.6048232316970825,0.6107528905057781,0.6048232316970825,0.6048232316970825,129368,0.0,0.0
1980-07-17 00:00:00-04:00,0.6048232316970825,0.6166825493144736,0.6048232316970825,0.6048232316970825,259440,0.0,0.0
1980-07-18 00:00:00-04:00,0.6048230447831385,0.6166823587355383,0.6048230447831385,0.6107527017593384,33018,0.0,0.0
1980-07-21 00:00:00-04:00,0.6107527017593384,0.6166823587355383,0.6048230447831385,0.6107527017593384,37483,0.0,0.0
1980-07-22 00:00:00-04:00,0.6107527017593384,0.6166823587355383,0.6107527017593384,0.6107527017593384,39363,0.0,0.0
1980-07-23 00:00:00-04:00,0.6107527017593384,0.6166823587355383,0.6048230447831385,0.6107527017593384,47235,0.0,0.0
1980-07-24 00:00:00-04:00,0.6107527017593384,0.6166823587355383,0.6107527017593384,0.6107527017593384,30550,0.0,0.0
1980-07-25 00:00:00-04:00,0.6107528118002563,0.6166824698448181,0.6048231537556945,0.6166824698448181,25498,0.0,0.0
1980-07-28 00:00:00-04:00,0.6166823587355383,0.6166823587355383,0.6107527017593384,0.6107527017593384,32078,0.0,0.0
1980-07-29 00:00:00-04:00,0.6107528118002563,0.622612074732904,0.6107528118002563,0.6166824698448181,31960,0.0,0.0
1980-07-30 00:00:00-04:00,0.6166823587355383,0.6166823587355383,0.6048230447831385,0.6107527017593384,60278,0.0,0.0
1980-07-31 00:00:00-04:00,0.6107528905057781,0.6107528905057781,0.6048232316970825,0.6048232316970825,28788,0.0,0.0
1980-08-01 00:00:00-04:00,0.6048232482399338,0.6107529072108147,0.5988936424255371,0.5988936424255371,38305,0.0,0.0
1980-08-04 00:00:00-04:00,0.5988936424255371,0.6048232482399338,0.5929639834546563,0.5988936424255371,103400,0.0,0.0
1980-08-05 00:00:00-04:00,0.5988936424255371,0.5988936424255371,0.5751750596984978,0.5988936424255371,51583,0.0,0.0
1980-08-06 00:00:00-04:00,0.5988934720190956,0.5988934720190956,0.5692452387571497,0.5929638147354126,24323,0.0,0.0
1980-08-07 00:00:00-04:00,0.5929638147354126,0.5988934720190956,0.5870341574517296,0.5929638147354126,245575,0.0,0.0
1980-08-08 00:00:00-04:00,0.5929638147354126,0.5929638147354126,0.5811045533245157,0.5929638147354126,124668,0.0,0.0
1980-08-11 00:00:00-04:00,0.5929639834546563,0.6048232482399338,0.5870343244837753,0.5988936424255371,56635,0.0,0.0
1980-08-12 00:00:00-04:00,0.5929638147354126,0.5929638147354126,0.5870341574517296,0.5929638147354126,54873,0.0,0.0
1980-08-13 00:00:00-04:00,0.5929638147354126,0.5988934720190956,0.5870341574517296,0.5929638147354126,41713,0.0,0.0
1980-08-14 00:00:00-04:00,0.5929638147354126,0.5929638147354126,0.5870341574517296,0.5929638147354126,41948,0.0,0.0
1980-08-15 00:00:00-04:00,0.5929638147354126,0.6048230761463095,0.5870341574517296,0.5929638147354126,47235,0.0,0.0
1980-08-18 00:00:00-04:00,0.5929639672361742,0.6048232316970825,0.5929639672361742,0.6048232316970825,52053,0.0,0.0
1980-08-19 00:00:00-04:00,0.5988934720190956,0.5988934720190956,0.5929638147354126,0.5929638147354126,25498,0.0,0.0
1980-08-20 00:00:00-04:00,0.5929638147354126,0.6048230761463095,0.5929638147354126,0.5929638147354126,96350,0.0,0.0
1980-08-21 00:00:00-04:00,0.5929639834546563,0.5988936424255371,0.5870343244837753,0.5988936424255371,27025,0.0,0.0
1980-08-22 00:00:00-04:00,0.5988934720190956,0.5988934720190956,0.5929638147354126,0.5929638147354126,30315,0.0,0.0
1980-08-25 00:00:00-04:00,0.5929638147354126,0.6107527334299925,0.5929638147354126,0.5929638147354126,26438,0.0,0.0
1980-08-26 00:00:00-04:00,0.5929638147354126,0.5988934720190956,0.5870341574517296,0.5929638147354126,37483,0.0,0.0
1980-08-27 00:00:00-04:00,0.5929638147354126,0.5988934720190956,0.5929638147354126,0.5929638147354126,28318,0.0,0.0
1980-08-28 00:00:00-04:00,0.5929638147354126,0.5988934720190956,0.5870341574517296,0.5929638147354126,82015,0.0,0.0
1980-08-29 00:00:00-04:00,0.5929639834546563,0.6048232482399338,0.5929639834546563,0.5988936424255371,19623,0.0,0.0
1980-09-02 00:00:00-04:00,0.5988936260448697,0.6107528905057781,0.5988936260448697,0.6048232316970825,29963,0.0,0.0
1980-09-03 00:00:00-04:00,0.6048230447831385,0.6107527017593384,0.6048230447831385,0.6107527017593384,29963,0.0,0.0
1980-09-04 00:00:00-04:00,0.6107528118002563,0.622612074732904,0.6107528118002563,0.6166824698448181,27613,0.0,0.0
1980-09-05 00:00:00-04:00,0.6166824698448181,0.6166824698448181,0.6107528118002563,0.6166824698448181,27025,0.0,0.0
1980-09-08 00:00:00-04:00,0.6107528905057781,0.6107528905057781,0.6048232316970825,0.6048232316970825,23853,0.0,0.0
1980-09-09 00:00:00-04:00,0.6048230447831385,0.6107527017593384,0.6048230447831385,0.6107527017593384,68033,0.0,0.0
1980-09-10 00:00:00-04:00,0.6107528905057781,0.6107528905057781,0.6048232316970825,0.6048232316970825,40068,0.0,0.0
1980-09-11 00:00:00-04:00,0.6048230447831385,0.6107527017593384,0.6048230447831385,0.6107527017593384,26908,0.0,0.0
1980-09-12 00:00:00-04:00,0.6107527017593384,0.622611962555272,0.6107527017593384,0.6107527017593384,237820,0.0,0.0
1980-09-15 00:00:00-04:00,0.6107530303584519,0.6226122975349426,0.6107530303584519,0.6226122975349426,60043,0.0,0.0
1980-09-16 00:00:00-04:00,0.622611962555272,0.622611962555272,0.6107527017593384,0.6107527017593384,117500,0.0,0.0
1980-09-17 00:00:00-04:00,0.6107528118002563,0.622612074732904,0.6107528118002563,0.6166824698448181,87538,0.0,0.0
1980-09-18 00:00:00-04:00,0.6056698954944277,0.6056698954944277,0.587316257311813,0.5934341549873352,104928,0.340426,0.0
1980-09-19 00:00:00-04:00,0.5934342929500568,0.6117879353995608,0.5873163938522339,0.5873163938522339,35368,0.0,0.0
1980-09-22 00:00:00-04:00,0.587316257311813,0.5995520526628574,0.587316257311813,0.5934341549873352,108805,0.0,0.0
1980-09-23 00:00:00-04:00,0.5934341549873352,0.5934341549873352,0.587316257311813,0.5934341549873352,47000,0.0,0.0
1980-09-24 00:00:00-04:00,0.5934346212565913,0.5934346212565913,0.5811988711357117,0.5811988711357117,58163,0.0,0.0
1980-09-25 00:00:00-04:00,0.5811985495983757,0.5873163938522339,0.5750806505005528,0.5873163938522339,37130,0.0,0.0
1980-09-26 00:00:00-04:00,0.5811988711357117,0.5811988711357117,0.5750809686532744,0.5811988711357117,48645,0.0,0.0
1980-09-29 00:00:00-04:00,0.5811988711357117,0.5811988711357117,0.5689630661708371,0.5811988711357117,32195,0.0,0.0
1980-09-30 00:00:00-04:00,0.5811988711357117,0.5811988711357117,0.5689630661708371,0.5811988711357117,33605,0.0,0.0
1980-10-01 00:00:00-04:00,0.5811986525543148,0.5811986525543148,0.5689628521911686,0.5750807523727417,81428,0.0,0.0
1980-10-02 00:00:00-04:00,0.5750809686532744,0.5811988711357117,0.5689630661708371,0.5811988711357117,33723,0.0,0.0
1980-10-03 00:00:00-04:00,0.5811986525543148,0.5811986525543148,0.5750807523727417,0.5750807523727417,38658,0.0,0.0
1980-10-06 00:00:00-04:00,0.5750809686532744,0.587316718774154,0.5750809686532744,0.5811988711357117,41243,0.0,0.0
1980-10-07 00:00:00-04:00,0.5811984144802428,0.5934341549873352,0.5811984144802428,0.5934341549873352,52875,0.0,0.0
1980-10-08 00:00:00-04:00,0.5934342929500568,0.5934342929500568,0.5811985495983757,0.5873163938522339,20563,0.0,0.0
1980-10-09 00:00:00-04:00,0.587316718774154,0.587316718774154,0.5750809686532744,0.5811988711357117,38775,0.0,0.0
1980-10-10 00:00:00-04:00,0.5811988711357117,0.5811988711357117,0.5750809686532744,0.5811988711357117,46530,0.0,0.0
1980-10-13 00:00:00-04:00,0.5811986525543148,0.5811986525543148,0.5567271066719969,0.5750807523727417,22678,0.0,0.0
1980-10-14 00:00:00-04:00,0.5750807523727417,0.5811986525543148,0.5750807523727417,0.5750807523727417,38658,0.0,0.0
1980-10-15 00:00:00-04:00,0.5750809686532744,0.5811988711357117,0.5750809686532744,0.5811988711357117,58868,0.0,0.0
1980-10-16 00:00:00-04:00,0.5811986525543148,0.5811986525543148,0.5750807523727417,0.5750807523727417,149930,0.0,0.0
1980-10-17 00:00:00-04:00,0.5750809686532744,0.5811988711357117,0.5750809686532744,0.5811988711357117,36778,0.0,0.0
1980-10-20 00:00:00-04:00,0.5811986525543148,0.5811986525543148,0.5689628521911686,0.5750807523727417,43945,0.0,0.0
1980-10-21 00:00:00-04:00,0.5750807523727417,0.5811986525543148,0.5689628521911686,0.5750807523727417,44768,0.0,0.0
1980-10-22 00:00:00-04:00,0.5750808326687846,0.5811987337045738,0.5689629316329956,0.5689629316329956,35955,0.0,0.0
1980-10-23 00:00:00-04:00,0.5689628521911686,0.5750807523727417,0.5689628521911686,0.5750807523727417,71558,0.0,0.0
1980-10-24 00:00:00-04:00,0.5750807523727417,0.5811986525543148,0.5689628521911686,0.5750807523727417,28670,0.0,0.0
1980-10-27 00:00:00-05:00,0.5750807523727417,0.5811986525543148,0.5689628521911686,0.5750807523727417,38658,0.0,0.0
1980-10-28 00:00:00-05:00,0.5750807523727417,0.5750807523727417,0.5689628521911686,0.5750807523727417,40773,0.0,0.0
1980-10-29 00:00:00-05:00,0.5750808326687846,0.5750808326687846,0.5689629316329956,0.5689629316329956,36660,0.0,0.0
1980-10-30 00:00:00-05:00,0.5689629316329956,0.5689629316329956,0.5628450854411885,0.5689629316329956,42183,0.0,0.0
1980-10-31 00:00:00-05:00,0.5689629316329956,0.5750808326687846,0.5628450854411885,0.5689629316329956,37835,0.0,0.0
1980-11-03 00:00:00-05:00,0.5689628971091901,0.5750807977737543,0.5628450512886047,0.5628450512886047,42653,0.0,0.0
1980-11-05 00:00:00-05:00,0.5628450854411885,0.5750808326687846,0.5628450854411885,0.5689629316329956,55460,0.0,0.0
1980-11-06 00:00:00-05:00,0.5689629316329956,0.5689629316329956,0.5628450854411885,0.5689629316329956,113505,0.0,0.0
1980-11-07 00:00:00-05:00,0.5628450512886047,0.5628450512886047,0.5567271506240405,0.5628450512886047,58280,0.0,0.0
1980-11-10 00:00:00-05:00,0.5628453731302924,0.5628453731302924,0.5567274689674377,0.5567274689674377,37130,0.0,0.0
1980-11-11 00:00:00-05:00,0.5567271506240405,0.5689628971091901,0.5383735034743268,0.5628450512886047,41478,0.0,0.0
1980-11-12 00:00:00-05:00,0.5628450854411885,0.5689629316329956,0.5567271844053995,0.5689629316329956,50878,0.0,0.0
1980-11-13 00:00:00-05:00,0.5689629316329956,0.5750808326687846,0.5628450854411885,0.5689629316329956,50760,0.0,0.0
1980-11-14 00:00:00-05:00,0.5689629316329956,0.5750808326687846,0.5628450854411885,0.5689629316329956,47705,0.0,0.0
1980-11-17 00:00:00-05:00,0.5689632224491369,0.5689632224491369,0.5567274689674377,0.5567274689674377,74260,0.0,0.0
1980-11-18 00:00:00-05:00,0.5567271506240405,0.5628450512886047,0.5567271506240405,0.5628450512886047,60865,0.0,0.0
1980-11-19 00:00:00-05:00,0.5628453731302924,0.5689632224491369,0.538373811322884,0.5567274689674377,145818,0.0,0.0
1980-11-20 00:00:00-05:00,0.5567274689674377,0.5628453731302924,0.5506095648045831,0.5567274689674377,50878,0.0,0.0
1980-11-21 00:00:00-05:00,0.5567274689674377,0.5628453731302924,0.5506095648045831,0.5567274689674377,43240,0.0,0.0
1980-11-24 00:00:00-05:00,0.5567274930505519,0.5567274930505519,0.5506095886230469,0.5506095886230469,56988,0.0,0.0
1980-11-25 00:00:00-05:00,0.5506095648045831,0.5628453731302924,0.5506095648045831,0.5567274689674377,43240,0.0,0.0
1980-11-26 00:00:00-05:00,0.5567274689674377,0.5567274689674377,0.5506095648045831,0.5567274689674377,89418,0.0,0.0
1980-11-28 00:00:00-05:00,0.5567274930505519,0.5628453974780571,0.5506095886230469,0.5506095886230469,31020,0.0,0.0
1980-12-01 00:00:00-05:00,0.5506095886230469,0.5567274930505519,0.5444917390395543,0.5506095886230469,52170,0.0,0.0
1980-12-02 00:00:00-05:00,0.5506095886230469,0.5506095886230469,0.5444917390395543,0.5506095886230469,35015,0.0,0.0
1980-12-03 00:00:00-05:00,0.5506094369678105,0.5506094369678105,0.5444915890693665,0.5444915890693665,36543,0.0,0.0
1980-12-04 00:00:00-05:00,0.5444917390395543,0.5506095886230469,0.5444917390395543,0.5506095886230469,235235,0.0,0.0
1980-12-05 00:00:00-05:00,0.5506095886230469,0.5506095886230469,0.5444917390395543,0.5506095886230469,84013,0.0,0.0
1980-12-08 00:00:00-05:00,0.5506095886230469,0.5506095886230469,0.5444917390395543,0.5506095886230469,63568,0.0,0.0
1980-12-09 00:00:00-05:00,0.5506095886230469,0.5506095886230469,0.5444917390395543,0.5506095886230469,133833,0.0,0.0
1980-12-10 00:00:00-05:00,0.5506095886230469,0.5506095886230469,0.5383738346120491,0.5506095886230469,76728,0.0,0.0
1980-12-11 00:00:00-05:00,0.5506092160377304,0.5506092160377304,0.5383734703063965,0.5383734703063965,151105,0.0,0.0
1980-12-12 00:00:00-05:00,0.5459924148113636,0.5459924148113636,0.5078999114897514,0.5396436452865601,148638,0.340426,0.0
1980-12-15 00:00:00-05:00,0.5396435052159282,0.5396435052159282,0.5078997796585659,0.5332947373390198,205860,0.0,0.0
1980-12-16 00:00:00-05:00,0.5269458058734753,0.5269458058734753,0.5142482754329822,0.5205970406532288,93530,0.0,0.0
1980-12-17 00:00:00-05:00,0.5205970406532288,0.5269458058734753,0.5142482754329822,0.5205970406532288,153455,0.0,0.0
1980-12-18 00:00:00-05:00,0.5205971277838866,0.5586896116536492,0.5205971277838866,0.5459921360015869,193405,0.0,0.0
1980-12-19 00:00:00-05:00,0.5586898326873779,0.5713873133629279,0.5586898326873779,0.5586898326873779,170728,0.0,0.0
1980-12-22 00:00:00-05:00,0.5586896573850012,0.5840846676814014,0.5586896573850012,0.5777359008789062,183183,0.0,0.0
1980-12-23 00:00:00-05:00,0.5777359197171307,0.5840846867266399,0.5650384426116943,0.5650384426116943,144055,0.0,0.0
1980-12-24 00:00:00-05:00,0.5650384426116943,0.5713871527076214,0.5650384426116943,0.5650384426116943,292928,0.0,0.0
1980-12-26 00:00:00-05:00,0.5650382256683458,0.577735697898657,0.5650382256683458,0.5713869333267212,80488,0.0,0.0
1980-12-29 00:00:00-05:00,0.5713873133629279,0.5713873133629279,0.5586898326873779,0.5586898326873779,140178,0.0,0.0
1980-12-30 00:00:00-05:00,0.5586898326873779,0.5713873133629279,0.5586898326873779,0.5586898326873779,80840,0.0,0.0
1980-12-31 00:00:00-05:00,0.5586895713554313,0.5650383371803145,0.5523408055305481,0.5523408055305481,102578,0.0,0.0
1981-01-02 00:00:00-05:00,0.5523406965244745,0.5713869333267212,0.5523406965244745,0.5713869333267212,27848,0.0,0.0
1981-01-05 00:00:00-05:00,0.571386943200801,0.5904331803321838,0.571386943200801,0.5904331803321838,117500,0.0,0.0
1981-01-06 00:00:00-05:00,0.6031308964180052,0.6094796061515808,0.6031308964180052,0.6094796061515808,85540,0.0,0.0
1981-01-07 00:00:00-05:00,0.5904330984819144,0.5904330984819144,0.5777356277923983,0.5840843915939331,73085,0.0,0.0
1981-01-08 00:00:00-05:00,0.5840843915939331,0.5904330984819144,0.5777356277923983,0.5840843915939331,37835,0.0,0.0
1981-01-09 00:00:00-05:00,0.5840844624705926,0.5840844624705926,0.5713869333267212,0.5713869333267212,56988,0.0,0.0
1981-01-12 00:00:00-05:00,0.5777356277923983,0.5840843915939331,0.5777356277923983,0.5840843915939331,44298,0.0,0.0
1981-01-13 00:00:00-05:00,0.577735697898657,0.577735697898657,0.5650382256683458,0.5713869333267212,30315,0.0,0.0
1981-01-14 00:00:00-05:00,0.5713873133629279,0.5713873133629279,0.5586898326873779,0.5586898326873779,141823,0.0,0.0
1981-01-15 00:00:00-05:00,0.5586894610964102,0.5713869333267212,0.5586894610964102,0.5713869333267212,48175,0.0,0.0
1981-01-16 00:00:00-05:00,0.5713871340764112,0.5777359008789062,0.5650384241874964,0.5777359008789062,117735,0.0,0.0
1981-01-19 00:00:00-05:00,0.577735697898657,0.577735697898657,0.5713869333267212,0.5713869333267212,33488,0.0,0.0
1981-01-20 00:00:00-05:00,0.5713871340764112,0.5777359008789062,0.5650384241874964,0.5777359008789062,33135,0.0,0.0
1981-01-21 00:00:00-05:00,0.5713871527076214,0.5713871527076214,0.5586896756021851,0.5650384426116943,24205,0.0,0.0
1981-01-22 00:00:00-05:00,0.5650384241874964,0.5777359008789062,0.5650384241874964,0.5777359008789062,26438,0.0,0.0
1981-01-23 00:00:00-05:00,0.5713871527076214,0.5713871527076214,0.5650384426116943,0.5650384426116943,35720,0.0,0.0
1981-01-26 00:00:00-05:00,0.5650384426116943,0.5777359197171307,0.5650384426116943,0.5650384426116943,23383,0.0,0.0
1981-01-27 00:00:00-05:00,0.5650382256683458,0.5713869333267212,0.5650382256683458,0.5713869333267212,29845,0.0,0.0
1981-01-28 00:00:00-05:00,0.5713869333267212,0.577735697898657,0.5650382256683458,0.5713869333267212,33018,0.0,0.0
1981-01-29 00:00:00-05:00,0.5713869333267212,0.5840844624705926,0.5713869333267212,0.5713869333267212,39715,0.0,0.0
1981-01-30 00:00:00-05:00,0.5713868639908636,0.5840843915939331,0.5713868639908636,0.5840843915939331,26673,0.0,0.0
1981-02-02 00:00:00-05:00,0.5840844624705926,0.5840844624705926,0.5650382256683458,0.5713869333267212,35250,0.0,0.0
1981-02-03 00:00:00-05:00,0.5713871340764112,0.5840846676814014,0.5713871340764112,0.5777359008789062,34663,0.0,0.0
1981-02-04 00:00:00-05:00,0.577735697898657,0.577735697898657,0.5713869333267212,0.5713869333267212,36073,0.0,0.0
1981-02-05 00:00:00-05:00,0.5713869333267212,0.577735697898657,0.5713869333267212,0.5713869333267212,34075,0.0,0.0
1981-02-06 00:00:00-05:00,0.5713869333267212,0.577735697898657,0.5713869333267212,0.5713869333267212,37835,0.0,0.0
1981-02-09 00:00:00-05:00,0.5713868639908636,0.5840843915939331,0.5713868639908636,0.5840843915939331,55695,0.0,0.0
1981-02-10 00:00:00-05:00,0.5840846676814014,0.5840846676814014,0.5713871340764112,0.5777359008789062,69913,0.0,0.0
1981-02-11 00:00:00-05:00,0.5777359008789062,0.5840846676814014,0.5777359008789062,0.5777359008789062,27965,0.0,0.0
1981-02-12 00:00:00-05:00,0.5777359008789062,0.5840846676814014,0.5713871340764112,0.5777359008789062,26908,0.0,0.0
1981-02-13 00:00:00-05:00,0.577735697898657,0.5840844624705926,0.5713869333267212,0.5713869333267212,20328,0.0,0.0
1981-02-17 00:00:00-05:00,0.5713871527076214,0.5777359197171307,0.5650384426116943,0.5650384426116943,38305,0.0,0.0
1981-02-18 00:00:00-05:00,0.5650384426116943,0.5713871527076214,0.5650384426116943,0.5650384426116943,36660,0.0,0.0
1981-02-19 00:00:00-05:00,0.5650382256683458,0.5713869333267212,0.5586894610964102,0.5713869333267212,33488,0.0,0.0
1981-02-20 00:00:00-05:00,0.5713871527076214,0.5713871527076214,0.5650384426116943,0.5650384426116943,38070,0.0,0.0
1981-02-23 00:00:00-05:00,0.5650382256683458,0.577735697898657,0.5650382256683458,0.5713869333267212,39010,0.0,0.0
1981-02-24 00:00:00-05:00,0.5713871340764112,0.5840846676814014,0.5713871340764112,0.5777359008789062,39598,0.0,0.0
1981-02-25 00:00:00-05:00,0.5777357078824491,0.5904331803321838,0.5777357078824491,0.5904331803321838,29845,0.0,0.0
1981-02-26 00:00:00-05:00,0.5904331803321838,0.5904331803321838,0.571386943200801,0.5904331803321838,19270,0.0,0.0
1981-02-27 00:00:00-05:00,0.5904333775703162,0.5904333775703162,0.5777359008789062,0.5777359008789062,30080,0.0,0.0
1981-03-02 00:00:00-05:00,0.5777357078824491,0.5904331803321838,0.5777357078824491,0.5904331803321838,32665,0.0,0.0
1981-03-03 00:00:00-05:00,0.5904331803321838,0.5904331803321838,0.5777357078824491,0.5904331803321838,23853,0.0,0.0
1981-03-04 00:00:00-05:00,0.5904330984819144,0.5904330984819144,0.5650381571028823,0.5840843915939331,36073,0.0,0.0
1981-03-05 00:00:00-05:00,0.5840846676814014,0.5904333775703162,0.5777359008789062,0.5777359008789062,21150,0.0,0.0
1981-03-06 00:00:00-05:00,0.5777356277923983,0.5904330984819144,0.5777356277923983,0.5840843915939331,20210,0.0,0.0
1981-03-09 00:00:00-05:00,0.5840843915939331,0.5904330984819144,0.5777356277923983,0.5840843915939331,38305,0.0,0.0
1981-03-10 00:00:00-05:00,0.5840843915939331,0.5904330984819144,0.5840843915939331,0.5840843915939331,25145,0.0,0.0
1981-03-11 00:00:00-05:00,0.5840845544453203,0.6031307942467435,0.5840845544453203,0.5967820286750793,40420,0.0,0.0
1981-03-12 00:00:00-05:00,0.5967820286750793,0.6031307942467435,0.5904332631034152,0.5967820286750793,100463,0.0,0.0
1981-03-13 00:00:00-05:00,0.5980967879295349,0.5980967879295349,0.5849518197660727,0.5980967879295349,52405,0.340426,0.0
1981-03-16 00:00:00-05:00,0.5980967879295349,0.5980967879295349,0.5849518197660727,0.5980967879295349,49585,0.0,0.0
1981-03-17 00:00:00-05:00,0.5980963346829472,0.5980963346829472,0.5915238261222839,0.5915238261222839,43358,0.0,0.0
1981-03-18 00:00:00-05:00,0.5915238261222839,0.5980963346829472,0.5915238261222839,0.5915238261222839,47353,0.0,0.0
1981-03-19 00:00:00-05:00,0.5980967879295349,0.6112417560929972,0.5980967879295349,0.5980967879295349,84248,0.0,0.0
1981-03-20 00:00:00-05:00,0.5980967879295349,0.6046693014709461,0.5980967879295349,0.5980967879295349,30785,0.0,0.0
1981-03-23 00:00:00-05:00,0.5980967879295349,0.6046693014709461,0.5980967879295349,0.5980967879295349,71793,0.0,0.0
1981-03-24 00:00:00-05:00,0.5980967879295349,0.6046693014709461,0.5783793062246615,0.5980967879295349,32665,0.0,0.0
1981-03-25 00:00:00-05:00,0.5980964059281786,0.604668915271759,0.5980964059281786,0.604668915271759,26320,0.0,0.0
1981-03-26 00:00:00-05:00,0.6046693014709461,0.6178142696344084,0.5980967879295349,0.5980967879295349,44298,0.0,0.0
1981-03-27 00:00:00-05:00,0.5980963346829472,0.6046688432436105,0.5849513764809362,0.5915238261222839,40890,0.0,0.0
1981-03-30 00:00:00-05:00,0.5915238965845981,0.611241365696017,0.5915238965845981,0.604668915271759,66505,0.0,0.0
1981-03-31 00:00:00-05:00,0.6046691002370608,0.6178140640258789,0.6046691002370608,0.6178140640258789,74730,0.0,0.0
1981-04-01 00:00:00-05:00,0.6178138750395974,0.6178138750395974,0.5980964059281786,0.604668915271759,27260,0.0,0.0
1981-04-02 00:00:00-05:00,0.6046693014709461,0.6046693014709461,0.5980967879295349,0.5980967879295349,30080,0.0,0.0
1981-04-03 00:00:00-05:00,0.5980964059281786,0.611241365696017,0.5980964059281786,0.604668915271759,33605,0.0,0.0
1981-04-06 00:00:00-05:00,0.604668915271759,0.611241365696017,0.5980964059281786,0.604668915271759,46765,0.0,0.0
1981-04-07 00:00:00-05:00,0.6046693014709461,0.6112417560929972,0.5980967879295349,0.5980967879295349,29258,0.0,0.0
1981-04-08 00:00:00-05:00,0.5980967879295349,0.5980967879295349,0.5915242743881237,0.5980967879295349,33018,0.0,0.0
1981-04-09 00:00:00-05:00,0.5980963346829472,0.5980963346829472,0.5915238261222839,0.5915238261222839,32548,0.0,0.0
1981-04-10 00:00:00-05:00,0.5915238261222839,0.5980963346829472,0.5849513764809362,0.5915238261222839,32783,0.0,0.0
1981-04-13 00:00:00-05:00,0.5915243931401495,0.5915243931401495,0.5849519371986389,0.5849519371986389,32665,0.0,0.0
1981-04-14 00:00:00-05:00,0.5849513764809362,0.5915238261222839,0.5783788679202729,0.5915238261222839,28083,0.0,0.0
1981-04-15 00:00:00-05:00,0.5915238261222839,0.5980963346829472,0.5849513764809362,0.5915238261222839,78373,0.0,0.0
1981-04-16 00:00:00-05:00,0.5915242743881237,0.6046693014709461,0.5915242743881237,0.5980967879295349,124080,0.0,0.0
1981-04-20 00:00:00-05:00,0.5980963346829472,0.6046688432436105,0.5915238261222839,0.5915238261222839,44180,0.0,0.0
1981-04-21 00:00:00-05:00,0.5915238261222839,0.5980963346829472,0.5915238261222839,0.5915238261222839,39480,0.0,0.0
1981-04-22 00:00:00-05:00,0.5915238965845981,0.604668915271759,0.5915238965845981,0.604668915271759,143703,0.0,0.0
1981-04-23 00:00:00-05:00,0.6046693014709461,0.6112417560929972,0.5980967879295349,0.5980967879295349,37835,0.0,0.0
1981-04-24 00:00:00-05:00,0.5980967879295349,0.6046693014709461,0.5980967879295349,0.5980967879295349,27260,0.0,0.0
1981-04-27 00:00:00-04:00,0.5980964059281786,0.611241365696017,0.5980964059281786,0.604668915271759,41243,0.0,0.0
1981-04-28 00:00:00-04:00,0.604668915271759,0.611241365696017,0.5980964059281786,0.604668915271759,141235,0.0,0.0
1981-04-29 00:00:00-04:00,0.604668915271759,0.611241365696017,0.5980964059281786,0.604668915271759,51230,0.0,0.0
1981-04-30 00:00:00-04:00,0.604668915271759,0.604668915271759,0.5915238965845981,0.604668915271759,29493,0.0,0.0
1981-05-01 00:00:00-04:00,0.604668915271759,0.604668915271759,0.5915238965845981,0.604668915271759,72615,0.0,0.0
1981-05-04 00:00:00-04:00,0.604668915271759,0.604668915271759,0.5915238965845981,0.604668915271759,63920,0.0,0.0
1981-05-05 00:00:00-04:00,0.6046688432436105,0.6046688432436105,0.5915238261222839,0.5915238261222839,41243,0.0,0.0
1981-05-06 00:00:00-04:00,0.5915242743881237,0.5980967879295349,0.5915242743881237,0.5980967879295349,36073,0.0,0.0
1981-05-07 00:00:00-04:00,0.5980963346829472,0.5980963346829472,0.5915238261222839,0.5915238261222839,57693,0.0,0.0
1981-05-08 00:00:00-04:00,0.5915238261222839,0.5980963346829472,0.5915238261222839,0.5915238261222839,53815,0.0,0.0
1981-05-11 00:00:00-04:00,0.5915243931401495,0.5915243931401495,0.5849519371986389,0.5849519371986389,27260,0.0,0.0
1981-05-12 00:00:00-04:00,0.5849519371986389,0.5915243931401495,0.5849519371986389,0.5849519371986389,29258,0.0,0.0
1981-05-13 00:00:00-04:00,0.5849518197660727,0.5980967879295349,0.5849518197660727,0.5980967879295349,49703,0.0,0.0
1981-05-14 00:00:00-04:00,0.5980967879295349,0.5980967879295349,0.5915242743881237,0.5980967879295349,55930,0.0,0.0
1981-05-15 00:00:00-04:00,0.5980964059281786,0.604668915271759,0.5915238965845981,0.604668915271759,91533,0.0,0.0
1981-05-18 00:00:00-04:00,0.604668915271759,0.611241365696017,0.5980964059281786,0.604668915271759,46060,0.0,0.0
1981-05-19 00:00:00-04:00,0.6046688432436105,0.6112412928849583,0.5915238261222839,0.5915238261222839,33958,0.0,0.0
1981-05-20 00:00:00-04:00,0.5915242743881237,0.6046693014709461,0.5915242743881237,0.5980967879295349,38893,0.0,0.0
1981-05-21 00:00:00-04:00,0.5980963346829472,0.5980963346829472,0.5915238261222839,0.5915238261222839,25263,0.0,0.0
1981-05-22 00:00:00-04:00,0.5915238261222839,0.5980963346829472,0.5915238261222839,0.5915238261222839,25850,0.0,0.0
1981-05-26 00:00:00-04:00,0.5980967879295349,0.6046693014709461,0.5980967879295349,0.5980967879295349,68738,0.0,0.0
1981-05-27 00:00:00-04:00,0.5980963346829472,0.6046688432436105,0.5915238261222839,0.5915238261222839,21620,0.0,0.0
1981-05-28 00:00:00-04:00,0.5915242743881237,0.6046693014709461,0.5915242743881237,0.5980967879295349,23970,0.0,0.0
1981-05-29 00:00:00-04:00,0.5980967879295349,0.6046693014709461,0.5980967879295349,0.5980967879295349,26555,0.0,0.0
1981-06-01 00:00:00-04:00,0.5980963814082672,0.611241340637207,0.5980963814082672,0.611241340637207,48058,0.0,0.0
1981-06-02 00:00:00-04:00,0.611241340637207,0.617813849711337,0.611241340637207,0.611241340637207,37248,0.0,0.0
1981-06-03 00:00:00-04:00,0.611241365696017,0.6178138750395974,0.604668915271759,0.604668915271759,19035,0.0,0.0
1981-06-04 00:00:00-04:00,0.604668915271759,0.611241365696017,0.604668915271759,0.604668915271759,56048,0.0,0.0
1981-06-05 00:00:00-04:00,0.6046691002370608,0.6178140640258789,0.6046691002370608,0.6178140640258789,158273,0.0,0.0
1981-06-08 00:00:00-04:00,0.617813849711337,0.617813849711337,0.611241340637207,0.611241340637207,48880,0.0,0.0
1981-06-09 00:00:00-04:00,0.6112415526717996,0.6178140640258789,0.6112415526717996,0.6178140640258789,54403,0.0,0.0
1981-06-10 00:00:00-04:00,0.6178140640258789,0.6243865753799582,0.6178140640258789,0.6178140640258789,67680,0.0,0.0
1981-06-11 00:00:00-04:00,0.6178140193119936,0.64410400390625,0.6178140193119936,0.64410400390625,85658,0.0,0.0
1981-06-12 00:00:00-04:00,0.645463323787466,0.645463323787466,0.6182858943939209,0.6182858943939209,63098,0.340426,0.0
1981-06-15 00:00:00-04:00,0.63866835371194,0.6522570252418518,0.63866835371194,0.6522570252418518,146640,0.0,0.0
1981-06-16 00:00:00-04:00,0.6522570252418518,0.659051391460888,0.6522570252418518,0.6522570252418518,98700,0.0,0.0
1981-06-17 00:00:00-04:00,0.6522570778333038,0.6658458113670349,0.6522570778333038,0.6658458113670349,254623,0.0,0.0
1981-06-18 00:00:00-04:00,0.6658458516177921,0.6658458516177921,0.6454628109931946,0.6454628109931946,67210,0.0,0.0
1981-06-19 00:00:00-04:00,0.6454630257877738,0.6454630257877738,0.6386686563491821,0.6386686563491821,30080,0.0,0.0
1981-06-22 00:00:00-04:00,0.6386684517344888,0.6386684517344888,0.6318740844726562,0.6318740844726562,50760,0.0,0.0
1981-06-23 00:00:00-04:00,0.6318740844726562,0.6318740844726562,0.6250797781189935,0.6318740844726562,39715,0.0,0.0
1981-06-24 00:00:00-04:00,0.6318743583363502,0.6318743583363502,0.6182856788313201,0.6250800490379333,121025,0.0,0.0
1981-06-25 00:00:00-04:00,0.6250799413809551,0.6250799413809551,0.6114912033081055,0.6114912033081055,65095,0.0,0.0
1981-06-26 00:00:00-04:00,0.6114915218184802,0.6182858943939209,0.6114915218184802,0.6182858943939209,35838,0.0,0.0
1981-06-29 00:00:00-04:00,0.6182858943939209,0.6318745786365846,0.6182858943939209,0.6182858943939209,62745,0.0,0.0
1981-06-30 00:00:00-04:00,0.6182858943939209,0.6250802669693615,0.6182858943939209,0.6182858943939209,46178,0.0,0.0
1981-07-01 00:00:00-04:00,0.6182858943939209,0.6250802669693615,0.6114915218184802,0.6182858943939209,184710,0.0,0.0
1981-07-02 00:00:00-04:00,0.6182855723445303,0.6250799413809551,0.6114912033081055,0.6114912033081055,52288,0.0,0.0
1981-07-06 00:00:00-04:00,0.6114912033081055,0.6182855723445303,0.6114912033081055,0.6114912033081055,38070,0.0,0.0
1981-07-07 00:00:00-04:00,0.6114912033081055,0.6250799413809551,0.6114912033081055,0.6114912033081055,31490,0.0,0.0
1981-07-08 00:00:00-04:00,0.6114915218184802,0.6182858943939209,0.6114915218184802,0.6182858943939209,96115,0.0,0.0
1981-07-09 00:00:00-04:00,0.6182858943939209,0.6182858943939209,0.6114915218184802,0.6182858943939209,38188,0.0,0.0
1981-07-10 00:00:00-04:00,0.6182855723445303,0.6182855723445303,0.6046968951798664,0.6114912033081055,20915,0.0,0.0
1981-07-13 00:00:00-04:00,0.6114915218184802,0.6182858943939209,0.6114915218184802,0.6182858943939209,33135,0.0,0.0
1981-07-14 00:00:00-04:00,0.6182855723445303,0.6250799413809551,0.6114912033081055,0.6114912033081055,41008,0.0,0.0
1981-07-15 00:00:00-04:00,0.6114912033081055,0.6182855723445303,0.6046968951798664,0.6114912033081055,43240,0.0,0.0
1981-07-16 00:00:00-04:00,0.6114912982425079,0.618285668333763,0.6046969890594482,0.6046969890594482,130543,0.0,0.0
1981-07-17 00:00:00-04:00,0.6046969890594482,0.6114912982425079,0.6046969890594482,0.6046969890594482,27143,0.0,0.0
1981-07-20 00:00:00-04:00,0.6046968951798664,0.6114912033081055,0.6046968951798664,0.6114912033081055,32195,0.0,0.0
1981-07-21 00:00:00-04:00,0.6114912982425079,0.6114912982425079,0.6046969890594482,0.6046969890594482,72498,0.0,0.0
1981-07-22 00:00:00-04:00,0.6046969890594482,0.6114912982425079,0.6046969890594482,0.6046969890594482,107395,0.0,0.0
1981-07-23 00:00:00-04:00,0.6046969890594482,0.6114912982425079,0.6046969890594482,0.6046969890594482,30903,0.0,0.0
1981-07-24 00:00:00-04:00,0.6046968951798664,0.6114912033081055,0.6046968951798664,0.6114912033081055,103048,0.0,0.0
1981-07-27 00:00:00-04:00,0.6114915218184802,0.6182858943939209,0.6046972101512571,0.6182858943939209,79313,0.0,0.0
1981-07-28 00:00:00-04:00,0.6182858943939209,0.6182858943939209,0.6114915218184802,0.6182858943939209,48528,0.0,0.0
1981-07-29 00:00:00-04:00,0.6182856788313201,0.6250800490379333,0.611491308624707,0.6250800490379333,112213,0.0,0.0
1981-07-30 00:00:00-04:00,0.6250800490379333,0.6250800490379333,0.611491308624707,0.6250800490379333,122200,0.0,0.0
1981-07-31 00:00:00-04:00,0.6250800490379333,0.6250800490379333,0.611491308624707,0.6250800490379333,41830,0.0,0.0
1981-08-03 00:00:00-04:00,0.6250802669693615,0.6250802669693615,0.6114915218184802,0.6182858943939209,76375,0.0,0.0
1981-08-04 00:00:00-04:00,0.6182858943939209,0.6250802669693615,0.6114915218184802,0.6182858943939209,62863,0.0,0.0
1981-08-05 00:00:00-04:00,0.6182855723445303,0.6182855723445303,0.6114912033081055,0.6114912033081055,46178,0.0,0.0
1981-08-06 00:00:00-04:00,0.6114915218184802,0.6182858943939209,0.6114915218184802,0.6182858943939209,20915,0.0,0.0
1981-08-07 00:00:00-04:00,0.6182856788313201,0.6250800490379333,0.6182856788313201,0.6250800490379333,60748,0.0,0.0
1981-08-10 00:00:00-04:00,0.6250800490379333,0.6250800490379333,0.6182856788313201,0.6250800490379333,56635,0.0,0.0
1981-08-11 00:00:00-04:00,0.625079978380188,0.6386686563491821,0.6182856089415963,0.6386686563491821,54520,0.0,0.0
1981-08-12 00:00:00-04:00,0.6386686563491821,0.6454630257877738,0.6318742869105903,0.6386686563491821,67563,0.0,0.0
1981-08-13 00:00:00-04:00,0.6386686563491821,0.6454630257877738,0.6318742869105903,0.6386686563491821,119850,0.0,0.0
1981-08-14 00:00:00-04:00,0.6386684517344888,0.6386684517344888,0.6318740844726562,0.6318740844726562,29023,0.0,0.0
1981-08-17 00:00:00-04:00,0.6318743583363502,0.6386687285429633,0.6250800490379333,0.6250800490379333,47235,0.0,0.0
1981-08-18 00:00:00-04:00,0.625079978380188,0.6386686563491821,0.6046969309726024,0.6386686563491821,44533,0.0,0.0
1981-08-19 00:00:00-04:00,0.6386684438156056,0.6454628109931946,0.6386684438156056,0.6454628109931946,45708,0.0,0.0
1981-08-20 00:00:00-04:00,0.6454627199309761,0.6522570252418518,0.6454627199309761,0.6522570252418518,57458,0.0,0.0
1981-08-21 00:00:00-04:00,0.6522573343181761,0.6522573343181761,0.6386686563491821,0.6386686563491821,34193,0.0,0.0
1981-08-24 00:00:00-04:00,0.6386686563491821,0.6454630257877738,0.6318742869105903,0.6386686563491821,37483,0.0,0.0
1981-08-25 00:00:00-04:00,0.6386684517344888,0.6386684517344888,0.6250797781189935,0.6318740844726562,130543,0.0,0.0
1981-08-26 00:00:00-04:00,0.6318743583363502,0.6318743583363502,0.6250800490379333,0.6250800490379333,101990,0.0,0.0
1981-08-27 00:00:00-04:00,0.6250797781189935,0.6318740844726562,0.6250797781189935,0.6318740844726562,27613,0.0,0.0
1981-08-28 00:00:00-04:00,0.6318740844726562,0.6318740844726562,0.6250797781189935,0.6318740844726562,48645,0.0,0.0
1981-08-31 00:00:00-04:00,0.6318742869105903,0.6454630257877738,0.6318742869105903,0.6386686563491821,104223,0.0,0.0
1981-09-01 00:00:00-04:00,0.6386686563491821,0.6386686563491821,0.6318742869105903,0.6386686563491821,35955,0.0,0.0
1981-09-02 00:00:00-04:00,0.6386684517344888,0.6386684517344888,0.6182854108571609,0.6318740844726562,27965,0.0,0.0
1981-09-03 00:00:00-04:00,0.6318740844726562,0.6386684517344888,0.6046967372416656,0.6318740844726562,34428,0.0,0.0
1981-09-04 00:00:00-04:00,0.6318743583363502,0.6386687285429633,0.6182856788313201,0.6250800490379333,189175,0.0,0.0
1981-09-08 00:00:00-04:00,0.6250800490379333,0.6250800490379333,0.6182856788313201,0.6250800490379333,60043,0.0,0.0
1981-09-09 00:00:00-04:00,0.6250797781189935,0.6386684517344888,0.6182854108571609,0.6318740844726562,75435,0.0,0.0
1981-09-10 00:00:00-04:00,0.6318742869105903,0.6454630257877738,0.6318742869105903,0.6386686563491821,52170,0.0,0.0
1981-09-11 00:00:00-04:00,0.6386684438156056,0.6522571172626144,0.6386684438156056,0.6454628109931946,96115,0.0,0.0
1981-09-14 00:00:00-04:00,0.6454627199309761,0.659051391460888,0.6454627199309761,0.6522570252418518,66858,0.0,0.0
1981-09-15 00:00:00-04:00,0.6522575827201259,0.6590519547462463,0.6522575827201259,0.6590519547462463,32783,0.0,0.0
1981-09-16 00:00:00-04:00,0.659051391460888,0.659051391460888,0.6454627199309761,0.6522570252418518,35603,0.0,0.0
1981-09-17 00:00:00-04:00,0.6522570252418518,0.659051391460888,0.6454627199309761,0.6522570252418518,52875,0.0,0.0
1981-09-18 00:00:00-04:00,0.6407105319664049,0.6407105319664049,0.6266289991532148,0.6336697340011597,66035,0.357447,0.0
1981-09-21 00:00:00-04:00,0.6336697289792098,0.6407105268886554,0.6195881962776184,0.6195881962776184,57458,0.0,0.0
1981-09-22 00:00:00-04:00,0.6195880791539315,0.6336696091936243,0.6195880791539315,0.6266288757324219,33018,0.0,0.0
1981-09-23 00:00:00-04:00,0.6266288757324219,0.6336696091936243,0.6195880791539315,0.6266288757324219,187765,0.0,0.0
1981-09-24 00:00:00-04:00,0.626628994187064,0.626628994187064,0.6195881962776184,0.6195881962776184,33723,0.0,0.0
1981-09-25 00:00:00-04:00,0.6195881962776184,0.626628994187064,0.6195881962776184,0.6195881962776184,60983,0.0,0.0
1981-09-28 00:00:00-04:00,0.6195881962776184,0.626628994187064,0.6125473983681728,0.6195881962776184,96585,0.0,0.0
1981-09-29 00:00:00-04:00,0.6195881962776184,0.626628994187064,0.6125473983681728,0.6195881962776184,41830,0.0,0.0
1981-09-30 00:00:00-04:00,0.6195881962776184,0.6195881962776184,0.6125473983681728,0.6195881962776184,47705,0.0,0.0
1981-10-01 00:00:00-04:00,0.6195881962776184,0.6336697289792098,0.6195881962776184,0.6195881962776184,39598,0.0,0.0
1981-10-02 00:00:00-04:00,0.6195880791539315,0.6266288757324219,0.6195880791539315,0.6266288757324219,39363,0.0,0.0
1981-10-05 00:00:00-04:00,0.6266288757324219,0.6336696091936243,0.6195880791539315,0.6266288757324219,42653,0.0,0.0
1981-10-06 00:00:00-04:00,0.626628994187064,0.626628994187064,0.6195881962776184,0.6195881962776184,29023,0.0,0.0
1981-10-07 00:00:00-04:00,0.6195880791539315,0.6266288757324219,0.6195880791539315,0.6266288757324219,54990,0.0,0.0
1981-10-08 00:00:00-04:00,0.6266288757324219,0.6266288757324219,0.6195880791539315,0.6266288757324219,37718,0.0,0.0
1981-10-09 00:00:00-04:00,0.6266289991532148,0.6336697340011597,0.6266289991532148,0.6336697340011597,41948,0.0,0.0
1981-10-12 00:00:00-04:00,0.6336696091936243,0.6407104057721145,0.6266288757324219,0.6266288757324219,47940,0.0,0.0
1981-10-13 00:00:00-04:00,0.6336697340011597,0.6407105319664049,0.6336697340011597,0.6336697340011597,40773,0.0,0.0
1981-10-14 00:00:00-04:00,0.6336697340011597,0.6407105319664049,0.6266289991532148,0.6336697340011597,34780,0.0,0.0
1981-10-15 00:00:00-04:00,0.6336697340011597,0.6336697340011597,0.6266289991532148,0.6336697340011597,29023,0.0,0.0
1981-10-16 00:00:00-04:00,0.6336697340011597,0.6336697340011597,0.6266289991532148,0.6336697340011597,138180,0.0,0.0
1981-10-19 00:00:00-04:00,0.6336696091936243,0.6336696091936243,0.6266288757324219,0.6266288757324219,52640,0.0,0.0
1981-10-20 00:00:00-04:00,0.6266289991532148,0.6336697340011597,0.6266289991532148,0.6336697340011597,22208,0.0,0.0
1981-10-21 00:00:00-04:00,0.6336696091936243,0.6336696091936243,0.6195880791539315,0.6266288757324219,23383,0.0,0.0
1981-10-22 00:00:00-04:00,0.626628994187064,0.6336697289792098,0.6195881962776184,0.6195881962776184,30903,0.0,0.0
1981-10-23 00:00:00-04:00,0.6195880791539315,0.6336696091936243,0.6195880791539315,0.6266288757324219,22443,0.0,0.0
1981-10-26 00:00:00-05:00,0.626628994187064,0.6336697289792098,0.6195881962776184,0.6195881962776184,110333,0.0,0.0
1981-10-27 00:00:00-05:00,0.6195880791539315,0.6336696091936243,0.6195880791539315,0.6266288757324219,48763,0.0,0.0
1981-10-28 00:00:00-05:00,0.6266288757324219,0.6336696091936243,0.6266288757324219,0.6266288757324219,26908,0.0,0.0
1981-10-29 00:00:00-05:00,0.6266289991532148,0.6336697340011597,0.6266289991532148,0.6336697340011597,30668,0.0,0.0
1981-10-30 00:00:00-05:00,0.633669793677358,0.6477513909339905,0.626629058166348,0.6477513909339905,46648,0.0,0.0
1981-11-02 00:00:00-05:00,0.6477513909339905,0.6547921264450005,0.6407105923056743,0.6477513909339905,92120,0.0,0.0
1981-11-03 00:00:00-05:00,0.6477513909339905,0.6547921264450005,0.6407105923056743,0.6477513909339905,64038,0.0,0.0
1981-11-04 00:00:00-05:00,0.6477513909339905,0.6477513909339905,0.6407105923056743,0.6477513909339905,51818,0.0,0.0
1981-11-05 00:00:00-05:00,0.6477512175530589,0.6547919511795044,0.640710420809324,0.6547919511795044,39598,0.0,0.0
1981-11-06 00:00:00-05:00,0.6547919511795044,0.6547919511795044,0.6477512175530589,0.6547919511795044,27730,0.0,0.0
1981-11-09 00:00:00-05:00,0.6547917215401388,0.6688733100891113,0.6477509903829197,0.6688733100891113,68620,0.0,0.0
1981-11-10 00:00:00-05:00,0.6688737891329841,0.6829553246498108,0.6688737891329841,0.6829553246498108,106220,0.0,0.0
1981-11-11 00:00:00-05:00,0.6829549037308895,0.6829549037308895,0.6759141087532043,0.6759141087532043,53580,0.0,0.0
1981-11-12 00:00:00-05:00,0.6829553246498108,0.6899961239668804,0.6829553246498108,0.6829553246498108,39128,0.0,0.0
1981-11-13 00:00:00-05:00,0.6829553246498108,0.704077659483707,0.6759145253327413,0.6829553246498108,440038,0.0,0.0
1981-11-16 00:00:00-05:00,0.6829553246498108,0.6829553246498108,0.6759145253327413,0.6829553246498108,97995,0.0,0.0
1981-11-17 00:00:00-05:00,0.6829553246498108,0.6829553246498108,0.6688737891329841,0.6829553246498108,74260,0.0,0.0
1981-11-18 00:00:00-05:00,0.6829549037308895,0.6829549037308895,0.6759141087532043,0.6759141087532043,47235,0.0,0.0
1981-11-19 00:00:00-05:00,0.6759141087532043,0.6829549037308895,0.6759141087532043,0.6759141087532043,96115,0.0,0.0
1981-11-20 00:00:00-05:00,0.6759145253327413,0.6829553246498108,0.6759145253327413,0.6829553246498108,49820,0.0,0.0
1981-11-23 00:00:00-05:00,0.6829549110284722,0.6970364380170344,0.675914115975554,0.6899957060813904,245810,0.0,0.0
1981-11-24 00:00:00-05:00,0.6899957060813904,0.6970364380170344,0.6899957060813904,0.6899957060813904,134420,0.0,0.0
1981-11-25 00:00:00-05:00,0.6899960671487239,0.6970368027687073,0.6899960671487239,0.6970368027687073,100463,0.0,0.0
1981-11-27 00:00:00-05:00,0.6970361536016814,0.7040769457817079,0.6970361536016814,0.7040769457817078,37600,0.0,0.0
1981-11-30 00:00:00-05:00,0.7040776015059979,0.7111184002432884,0.6899960671487239,0.6970368027687073,45355,0.0,0.0
1981-12-01 00:00:00-05:00,0.6970361536016814,0.7040769457817079,0.6970361536016814,0.7040769457817078,37718,0.0,0.0
1981-12-02 00:00:00-05:00,0.7040769457817079,0.7111177379617344,0.7040769457817079,0.7040769457817078,516883,0.0,0.0
1981-12-03 00:00:00-05:00,0.7040774833320564,0.7111182808876038,0.7040774833320564,0.7111182808876038,68620,0.0,0.0
1981-12-04 00:00:00-05:00,0.7111186986055177,0.7181594371795654,0.7040778969141361,0.7181594371795654,267430,0.0,0.0
1981-12-07 00:00:00-05:00,0.7181590153258545,0.7181590153258545,0.7040774833320564,0.7111182808876038,98465,0.0,0.0
1981-12-08 00:00:00-05:00,0.7111182808876038,0.7111182808876038,0.7040774833320564,0.7111182808876038,69208,0.0,0.0
1981-12-09 00:00:00-05:00,0.7111177379617344,0.7111177379617344,0.6970361536016814,0.7040769457817078,91885,0.0,0.0
1981-12-10 00:00:00-05:00,0.7040769457817079,0.7040769457817079,0.6970361536016814,0.7040769457817078,71323,0.0,0.0
1981-12-11 00:00:00-05:00,0.7040776015059979,0.7040776015059979,0.6899960671487239,0.6970368027687073,168965,0.0,0.0
1981-12-14 00:00:00-05:00,0.6923723171800873,0.6923723171800873,0.67779601110513,0.6850841641426086,92003,0.357447,0.0
1981-12-15 00:00:00-05:00,0.685084339924133,0.685084339924133,0.6632199405363641,0.6777961850166321,85188,0.0,0.0
1981-12-16 00:00:00-05:00,0.6705077219614832,0.6705077219614832,0.6632195711135864,0.6632195711135864,74965,0.0,0.0
1981-12-17 00:00:00-05:00,0.6632195711135864,0.6632195711135864,0.6559314202656896,0.6632195711135864,71793,0.0,0.0
1981-12-18 00:00:00-05:00,0.6632197447435343,0.6632197447435343,0.6486435045664002,0.6559315919876099,390100,0.0,0.0
1981-12-21 00:00:00-05:00,0.6559315919876099,0.6632197447435343,0.6559315919876099,0.6559315919876099,66270,0.0,0.0
1981-12-22 00:00:00-05:00,0.6559315919876099,0.6632197447435343,0.6486435045664002,0.6559315919876099,295865,0.0,0.0
1981-12-23 00:00:00-05:00,0.6559315919876099,0.6559315919876099,0.6486435045664002,0.6559315919876099,102695,0.0,0.0
1981-12-24 00:00:00-05:00,0.6559314202656896,0.6632195711135864,0.6559314202656896,0.6632195711135864,33488,0.0,0.0
1981-12-28 00:00:00-05:00,0.6632197447435343,0.6632197447435343,0.6559315919876099,0.6559315919876099,110920,0.0,0.0
1981-12-29 00:00:00-05:00,0.6559315809509243,0.6632197335842185,0.6486434936523438,0.6486434936523438,104693,0.0,0.0
1981-12-30 00:00:00-05:00,0.6486435045664002,0.6632197447435343,0.6486435045664002,0.6559315919876099,68973,0.0,0.0
1981-12-31 00:00:00-05:00,0.6559314202656896,0.6632195711135864,0.6486433347524905,0.6632195711135864,182713,0.0,0.0
1982-01-04 00:00:00-05:00,0.6632195711135864,0.6632195711135864,0.6486433347524905,0.6632195711135864,56870,0.0,0.0
1982-01-05 00:00:00-05:00,0.6632197447435343,0.6632197447435343,0.6486435045664002,0.6559315919876099,94940,0.0,0.0
1982-01-06 00:00:00-05:00,0.6559315919876099,0.6632197447435343,0.6486435045664002,0.6559315919876099,158860,0.0,0.0
1982-01-07 00:00:00-05:00,0.6559315919876099,0.6632197447435343,0.6486435045664002,0.6559315919876099,44768,0.0,0.0
1982-01-08 00:00:00-05:00,0.6559315919876099,0.6632197447435343,0.6486435045664002,0.6559315919876099,68620,0.0,0.0
1982-01-11 00:00:00-05:00,0.6559315919876099,0.6632197447435343,0.6559315919876099,0.6559315919876099,51230,0.0,0.0
1982-01-12 00:00:00-05:00,0.6559315809509243,0.6632197335842185,0.6486434936523438,0.6486434936523438,59690,0.0,0.0
1982-01-13 00:00:00-05:00,0.6486434936523438,0.6559315809509243,0.6413553410190497,0.6486434936523438,194933,0.0,0.0
1982-01-14 00:00:00-05:00,0.6486434936523438,0.6486434936523438,0.6413553410190497,0.6486434936523438,69795,0.0,0.0
1982-01-15 00:00:00-05:00,0.6486434936523438,0.6486434936523438,0.6413553410190497,0.6486434936523438,71323,0.0,0.0
1982-01-18 00:00:00-05:00,0.6486435045664002,0.6559315919876099,0.6413553518104758,0.6559315919876099,172960,0.0,0.0
1982-01-19 00:00:00-05:00,0.6559315809509243,0.6559315809509243,0.6486434936523438,0.6486434936523438,180128,0.0,0.0
1982-01-20 00:00:00-05:00,0.6486434936523438,0.6559315809509243,0.6413553410190497,0.6486434936523438,69208,0.0,0.0
1982-01-21 00:00:00-05:00,0.6486435045664002,0.6559315919876099,0.6486435045664002,0.6559315919876099,66505,0.0,0.0
1982-01-22 00:00:00-05:00,0.6559315809509243,0.6559315809509243,0.6413553410190497,0.6486434936523438,125490,0.0,0.0
1982-01-25 00:00:00-05:00,0.6486435045664002,0.6559315919876099,0.6486435045664002,0.6559315919876099,44885,0.0,0.0
1982-01-26 00:00:00-05:00,0.6559315919876099,0.6559315919876099,0.6486435045664002,0.6559315919876099,50878,0.0,0.0
1982-01-27 00:00:00-05:00,0.6559315809509243,0.6632197335842185,0.6486434936523438,0.6486434936523438,37600,0.0,0.0
1982-01-28 00:00:00-05:00,0.6559315919876099,0.6632197447435343,0.6559315919876099,0.6559315919876099,36308,0.0,0.0
1982-01-29 00:00:00-05:00,0.6559314202656896,0.6705077219614832,0.6559314202656896,0.6632195711135864,55343,0.0,0.0
1982-02-01 00:00:00-05:00,0.6632197447435343,0.6705078974994586,0.6559315919876099,0.6559315919876099,50173,0.0,0.0
1982-02-02 00:00:00-05:00,0.6559314202656896,0.6632195711135864,0.6559314202656896,0.6632195711135864,48410,0.0,0.0
1982-02-03 00:00:00-05:00,0.6632197447435343,0.6705078974994586,0.6559315919876099,0.6559315919876099,27730,0.0,0.0
1982-02-04 00:00:00-05:00,0.6559311356590918,0.6705074310302735,0.6559311356590918,0.6705074310302734,33723,0.0,0.0
1982-02-05 00:00:00-05:00,0.6705077219614832,0.6705077219614832,0.6632195711135864,0.6632195711135864,40303,0.0,0.0
1982-02-08 00:00:00-05:00,0.6632195711135864,0.6705077219614832,0.6632195711135864,0.6632195711135864,45355,0.0,0.0
1982-02-09 00:00:00-05:00,0.6632192833446826,0.6705074310302735,0.6632192833446826,0.6705074310302734,27378,0.0,0.0
1982-02-10 00:00:00-05:00,0.6705074310302735,0.6705074310302735,0.6632192833446826,0.6705074310302734,40890,0.0,0.0
1982-02-11 00:00:00-05:00,0.6705077219614832,0.6705077219614832,0.6632195711135864,0.6632195711135864,20210,0.0,0.0
1982-02-12 00:00:00-05:00,0.6632199405363641,0.6777961850166321,0.6632199405363641,0.6777961850166321,27378,0.0,0.0
1982-02-16 00:00:00-05:00,0.6777955133811951,0.6777955133811951,0.6705074310302735,0.6705074310302734,28318,0.0,0.0
1982-02-17 00:00:00-05:00,0.6705077219614832,0.6777958074746824,0.6632195711135864,0.6632195711135864,34193,0.0,0.0
1982-02-18 00:00:00-05:00,0.6632192833446826,0.6777955133811951,0.6632192833446826,0.6705074310302734,43358,0.0,0.0
1982-02-19 00:00:00-05:00,0.6705074310302735,0.6777955133811951,0.6705074310302735,0.6705074310302734,113858,0.0,0.0
1982-02-22 00:00:00-05:00,0.670508095443865,0.6777961850166321,0.670508095443865,0.6777961850166321,68620,0.0,0.0
1982-02-23 00:00:00-05:00,0.6777961850166321,0.6777961850166321,0.670508095443865,0.6777961850166321,75553,0.0,0.0
1982-02-24 00:00:00-05:00,0.67779601110513,0.6850841641426086,0.6705079234023685,0.6850841641426086,201865,0.0,0.0
1982-02-25 00:00:00-05:00,0.6850841641426086,0.6850841641426086,0.67779601110513,0.6850841641426086,101403,0.0,0.0
1982-02-26 00:00:00-05:00,0.6850841641426086,0.6996604048828488,0.67779601110513,0.6850841641426086,98348,0.0,0.0
1982-03-01 00:00:00-05:00,0.6850838875394871,0.6996601223945618,0.6850838875394871,0.6996601223945618,133598,0.0,0.0
1982-03-02 00:00:00-05:00,0.6996597290468749,0.7215241017047136,0.6996597290468749,0.7142360210418701,230535,0.0,0.0
1982-03-03 00:00:00-05:00,0.7142366713867427,0.7215247586857202,0.7069485187530518,0.7069485187530518,80723,0.0,0.0
1982-03-04 00:00:00-05:00,0.7069478750443725,0.7215241017047136,0.7069478750443725,0.7142360210418701,158743,0.0,0.0
1982-03-05 00:00:00-05:00,0.7142368678401574,0.728813111782074,0.7069487132018333,0.728813111782074,89535,0.0,0.0
1982-03-08 00:00:00-05:00,0.7288129880337101,0.7288129880337101,0.7142367465667576,0.7215248346328735,252155,0.0,0.0
1982-03-09 00:00:00-05:00,0.7215249571437499,0.728813111782074,0.7142368678401574,0.728813111782074,82720,0.0,0.0
1982-03-10 00:00:00-05:00,0.7288129880337101,0.7288129880337101,0.7142367465667576,0.7215248346328735,312080,0.0,0.0
1982-03-11 00:00:00-05:00,0.7215248346328736,0.7288129880337101,0.7142367465667576,0.7215248346328735,135008,0.0,0.0
1982-03-12 00:00:00-05:00,0.7166967610875757,0.7166967610875757,0.7016083598136902,0.7016083598136902,121613,0.357447,0.0
1982-03-15 00:00:00-05:00,0.7016080313765677,0.7016080313765677,0.686519704795896,0.6940639019012451,216788,0.0,0.0
1982-03-16 00:00:00-05:00,0.6940640389167535,0.6940640389167535,0.6638873121681815,0.6789756417274475,950928,0.0,0.0
1982-03-17 00:00:00-05:00,0.6789756417274475,0.6865198403221004,0.6714315107628346,0.6789756417274475,119263,0.0,0.0
1982-03-18 00:00:00-05:00,0.6789756417274475,0.6865198403221004,0.6789756417274475,0.6789756417274475,127958,0.0,0.0
1982-03-19 00:00:00-05:00,0.6789755076905467,0.6940639019012451,0.6789755076905467,0.6940639019012451,98700,0.0,0.0
1982-03-22 00:00:00-05:00,0.6940639019012451,0.7016080313765677,0.686519704795896,0.6940639019012451,86245,0.0,0.0
1982-03-23 00:00:00-05:00,0.6940639019012451,0.7091522284819168,0.6940639019012451,0.6940639019012451,68738,0.0,0.0
1982-03-24 00:00:00-05:00,0.6940639019012451,0.7091522284819168,0.686519704795896,0.6940639019012451,126900,0.0,0.0
1982-03-25 00:00:00-05:00,0.6940639019012451,0.7016080313765677,0.686519704795896,0.6940639019012451,49350,0.0,0.0
1982-03-26 00:00:00-05:00,0.6940642268068058,0.7016083598136902,0.6940642268068058,0.7016083598136902,41713,0.0,0.0
1982-03-29 00:00:00-05:00,0.7016080313765677,0.7016080313765677,0.686519704795896,0.6940639019012451,67563,0.0,0.0
1982-03-30 00:00:00-05:00,0.6940639019012451,0.7016080313765677,0.6940639019012451,0.6940639019012451,61453,0.0,0.0
1982-03-31 00:00:00-05:00,0.6940639019012451,0.7016080313765677,0.6940639019012451,0.6940639019012451,229008,0.0,0.0
1982-04-01 00:00:00-05:00,0.6940642268068058,0.7016083598136902,0.6940642268068058,0.7016083598136902,71793,0.0,0.0
1982-04-02 00:00:00-05:00,0.7016083598136902,0.709152560450633,0.6940642268068058,0.7016083598136902,70265,0.0,0.0
1982-04-05 00:00:00-05:00,0.7016083598136902,0.709152560450633,0.6940642268068058,0.7016083598136902,91298,0.0,0.0
1982-04-06 00:00:00-05:00,0.7016083598136902,0.7016083598136902,0.6940642268068058,0.7016083598136902,54403,0.0,0.0
1982-04-07 00:00:00-05:00,0.7016083598136902,0.7016083598136902,0.6940642268068058,0.7016083598136902,95998,0.0,0.0
1982-04-08 00:00:00-05:00,0.7016083598136902,0.709152560450633,0.6940642268068058,0.7016083598136902,53345,0.0,0.0
1982-04-12 00:00:00-05:00,0.7016083598136902,0.709152560450633,0.6940642268068058,0.7016083598136902,72968,0.0,0.0
1982-04-13 00:00:00-05:00,0.7016083598136902,0.709152560450633,0.7016083598136902,0.7016083598136902,52523,0.0,0.0
1982-04-14 00:00:00-05:00,0.7016077548856912,0.7166961431503296,0.7016077548856912,0.7166961431503296,294338,0.0,0.0
1982-04-15 00:00:00-05:00,0.7166959992381534,0.7242401242256165,0.7166959992381534,0.7242401242256165,259558,0.0,0.0
1982-04-16 00:00:00-05:00,0.7242402696526489,0.7242402696526489,0.7166961431503296,0.7166961431503296,190233,0.0,0.0
1982-04-19 00:00:00-05:00,0.7166961431503296,0.7317844637849682,0.7166961431503296,0.7166961431503296,73908,0.0,0.0
1982-04-20 00:00:00-05:00,0.7166959992381534,0.7242401242256165,0.7166959992381534,0.7242401242256165,58750,0.0,0.0
1982-04-21 00:00:00-05:00,0.7242407407265748,0.7317849397659303,0.7166966093172635,0.7317849397659302,134068,0.0,0.0
1982-04-22 00:00:00-05:00,0.7317843110509668,0.7393285036087036,0.7242401184932299,0.7393285036087036,71440,0.0,0.0
1982-04-23 00:00:00-05:00,0.7393285036087036,0.7468726285364545,0.7393285036087036,0.7393285036087036,163795,0.0,0.0
1982-04-26 00:00:00-04:00,0.7393285036087036,0.7544168210941914,0.7393285036087036,0.7393285036087036,170728,0.0,0.0
1982-04-27 00:00:00-04:00,0.7393291388052856,0.7393291388052856,0.7242407407265748,0.7317849397659302,63803,0.0,0.0
1982-04-28 00:00:00-04:00,0.7317849397659303,0.7317849397659303,0.7242407407265748,0.7317849397659302,50408,0.0,0.0
1982-04-29 00:00:00-04:00,0.7317849397659303,0.7393291388052856,0.7242407407265748,0.7317849397659302,104693,0.0,0.0
1982-04-30 00:00:00-04:00,0.7317843168430658,0.7393285094605152,0.7242401242256165,0.7242401242256165,96703,0.0,0.0
1982-05-03 00:00:00-04:00,0.7242407407265748,0.7317849397659303,0.7242407407265748,0.7317849397659302,54403,0.0,0.0
1982-05-04 00:00:00-04:00,0.7317849397659303,0.7393291388052856,0.7242407407265748,0.7317849397659302,49585,0.0,0.0
1982-05-05 00:00:00-04:00,0.7317843110509668,0.7393285036087036,0.7242401184932299,0.7393285036087036,41360,0.0,0.0
1982-05-06 00:00:00-04:00,0.7393285036087036,0.7468726285364545,0.7317843110509668,0.7393285036087036,64155,0.0,0.0
1982-05-07 00:00:00-04:00,0.7393289512350973,0.7468730807304382,0.7317847541097295,0.7468730807304382,133245,0.0,0.0
1982-05-10 00:00:00-04:00,0.7468730807304382,0.7544172778558059,0.7393289512350973,0.7468730807304382,61570,0.0,0.0
1982-05-11 00:00:00-04:00,0.7468732208924436,0.7544174194335938,0.739329089981333,0.7544174194335938,605360,0.0,0.0
1982-05-12 00:00:00-04:00,0.7544172778558059,0.7544172778558059,0.7468730807304382,0.7468730807304382,63450,0.0,0.0
1982-05-13 00:00:00-04:00,0.7468730807304382,0.7544172778558059,0.7393289512350973,0.7468730807304382,79430,0.0,0.0
1982-05-14 00:00:00-04:00,0.7468730807304382,0.7619614749811736,0.7393289512350973,0.7468730807304382,441330,0.0,0.0
1982-05-17 00:00:00-04:00,0.7468726285364545,0.7619610136519283,0.7393285036087036,0.7393285036087036,135478,0.0,0.0
1982-05-18 00:00:00-04:00,0.7393285036087036,0.7468726285364545,0.7317843110509668,0.7393285036087036,80958,0.0,0.0
1982-05-19 00:00:00-04:00,0.7393285036087036,0.7468726285364545,0.7317843110509668,0.7393285036087036,54520,0.0,0.0
1982-05-20 00:00:00-04:00,0.7393285036087036,0.7393285036087036,0.7242401184932299,0.7393285036087036,188940,0.0,0.0
1982-05-21 00:00:00-04:00,0.7393289512350973,0.7544172778558059,0.7393289512350973,0.7468730807304382,405140,0.0,0.0
1982-05-24 00:00:00-04:00,0.7468730807304382,0.7544172778558059,0.7393289512350973,0.7468730807304382,43475,0.0,0.0
1982-05-25 00:00:00-04:00,0.7468726285364545,0.7468726285364545,0.7393285036087036,0.7393285036087036,183653,0.0,0.0
1982-05-26 00:00:00-04:00,0.7393285036087036,0.7468726285364545,0.7317843110509668,0.7393285036087036,57810,0.0,0.0
1982-05-27 00:00:00-04:00,0.7393285036087036,0.7393285036087036,0.7317843110509668,0.7393285036087036,61100,0.0,0.0
1982-05-28 00:00:00-04:00,0.7393285036087036,0.7393285036087036,0.7317843110509668,0.7393285036087036,34310,0.0,0.0
1982-06-01 00:00:00-04:00,0.7393291388052856,0.7393291388052856,0.7317849397659303,0.7317849397659302,64860,0.0,0.0
1982-06-02 00:00:00-04:00,0.7317847541097295,0.7468730807304382,0.7317847541097295,0.7468730807304382,200220,0.0,0.0
1982-06-03 00:00:00-04:00,0.7468730807304382,0.7468730807304382,0.7317847541097295,0.7468730807304382,177895,0.0,0.0
1982-06-04 00:00:00-04:00,0.7468726285364545,0.7468726285364545,0.7317843110509668,0.7393285036087036,50878,0.0,0.0
1982-06-07 00:00:00-04:00,0.7393289512350973,0.7468730807304382,0.7317847541097295,0.7468730807304382,56283,0.0,0.0
1982-06-08 00:00:00-04:00,0.7468726285364545,0.7468726285364545,0.7317843110509668,0.7393285036087036,60043,0.0,0.0
1982-06-09 00:00:00-04:00,0.7393285094605152,0.7468726344479781,0.7242401242256165,0.7242401242256165,113035,0.0,0.0
1982-06-10 00:00:00-04:00,0.7242401242256165,0.7317843168430658,0.7166959992381534,0.7242401242256165,120203,0.0,0.0
1982-06-11 00:00:00-04:00,0.7242407407265748,0.7317849397659303,0.7166966093172635,0.7317849397659302,163443,0.0,0.0
1982-06-14 00:00:00-04:00,0.7317843168430658,0.7317843168430658,0.7242401242256165,0.7242401242256165,62158,0.0,0.0
1982-06-15 00:00:00-04:00,0.7242401242256165,0.7317843168430658,0.7166959992381534,0.7242401242256165,111155,0.0,0.0
1982-06-16 00:00:00-04:00,0.7192371487617492,0.7192371487617492,0.7114193285280728,0.7192371487617493,110920,0.357447,0.0
1982-06-17 00:00:00-04:00,0.7192371040918519,0.7192371040918519,0.7114192843437195,0.7114192843437195,53463,0.0,0.0
1982-06-18 00:00:00-04:00,0.7114193285280728,0.7192371487617492,0.7036015082943963,0.7192371487617493,58868,0.0,0.0
1982-06-21 00:00:00-04:00,0.7192371040918519,0.7192371040918519,0.7114192843437195,0.7114192843437195,63803,0.0,0.0
1982-06-22 00:00:00-04:00,0.7114193285280728,0.7270548989125019,0.7114193285280728,0.7192371487617493,140295,0.0,0.0
1982-06-23 00:00:00-04:00,0.7192371487617492,0.7270548989125019,0.7192371487617492,0.7192371487617493,89183,0.0,0.0
1982-06-24 00:00:00-04:00,0.7192373207640913,0.734872894887697,0.7192373207640913,0.7270550727844238,139590,0.0,0.0
1982-06-25 00:00:00-04:00,0.7270549377373697,0.7348727583885193,0.7270549377373697,0.7348727583885193,56635,0.0,0.0
1982-06-28 00:00:00-04:00,0.734872894887697,0.734872894887697,0.7192373207640913,0.7270550727844238,120320,0.0,0.0
1982-06-29 00:00:00-04:00,0.7270549377373697,0.7348727583885193,0.7270549377373697,0.7348727583885193,85540,0.0,0.0
1982-06-30 00:00:00-04:00,0.734872894887697,0.734872894887697,0.7270550727844238,0.7270550727844238,47353,0.0,0.0
1982-07-01 00:00:00-04:00,0.7270549377373697,0.7348727583885193,0.7270549377373697,0.7348727583885193,50525,0.0,0.0
1982-07-02 00:00:00-04:00,0.734872894887697,0.734872894887697,0.7270550727844238,0.7270550727844238,94823,0.0,0.0
1982-07-06 00:00:00-04:00,0.7270550727844238,0.734872894887697,0.7270550727844238,0.7270550727844238,36190,0.0,0.0
1982-07-07 00:00:00-04:00,0.7270550727844238,0.734872894887697,0.7270550727844238,0.7270550727844238,42183,0.0,0.0
1982-07-08 00:00:00-04:00,0.7270549377373697,0.7348727583885193,0.7270549377373697,0.7348727583885193,49703,0.0,0.0
1982-07-09 00:00:00-04:00,0.734872894887697,0.734872894887697,0.7270550727844238,0.7270550727844238,117970,0.0,0.0
1982-07-12 00:00:00-04:00,0.7270549377373697,0.7426905790396687,0.7270549377373697,0.7348727583885193,97643,0.0,0.0
1982-07-13 00:00:00-04:00,0.7348727583885193,0.7348727583885193,0.7270549377373697,0.7348727583885193,60865,0.0,0.0
1982-07-14 00:00:00-04:00,0.734872894887697,0.734872894887697,0.7270550727844238,0.7270550727844238,55225,0.0,0.0
1982-07-15 00:00:00-04:00,0.7270550727844238,0.734872894887697,0.7270550727844238,0.7270550727844238,34780,0.0,0.0
1982-07-16 00:00:00-04:00,0.7270549377373697,0.7348727583885193,0.7270549377373697,0.7348727583885193,139943,0.0,0.0
1982-07-19 00:00:00-04:00,0.734872894887697,0.734872894887697,0.7270550727844238,0.7270550727844238,37600,0.0,0.0
1982-07-20 00:00:00-04:00,0.7270550727844238,0.734872894887697,0.7270550727844238,0.7270550727844238,99170,0.0,0.0
1982-07-21 00:00:00-04:00,0.7270550727844238,0.734872894887697,0.7192373207640913,0.7270550727844238,298803,0.0,0.0
1982-07-22 00:00:00-04:00,0.7270550727844238,0.7270550727844238,0.7192373207640913,0.7270550727844238,54873,0.0,0.0
1982-07-23 00:00:00-04:00,0.7270550727844238,0.7270550727844238,0.7192373207640913,0.7270550727844238,60748,0.0,0.0
1982-07-26 00:00:00-04:00,0.727054853757065,0.727054853757065,0.7036014645955869,0.7114192843437195,124668,0.0,0.0
1982-07-27 00:00:00-04:00,0.7114194199782508,0.7114194199782508,0.6957838475839301,0.703601598739624,141353,0.0,0.0
1982-07-28 00:00:00-04:00,0.7036016650277531,0.7036016650277531,0.6957839131355286,0.6957839131355286,89888,0.0,0.0
1982-07-29 00:00:00-04:00,0.6957839131355286,0.7036016650277531,0.6957839131355286,0.6957839131355286,282705,0.0,0.0
1982-07-30 00:00:00-04:00,0.6957839131355286,0.7036016650277531,0.6957839131355286,0.6957839131355286,60865,0.0,0.0
1982-08-02 00:00:00-04:00,0.6957837149303738,0.7114192843437195,0.6957837149303738,0.7114192843437195,184828,0.0,0.0
1982-08-03 00:00:00-04:00,0.7114192843437195,0.7192371040918519,0.7036014645955869,0.7114192843437195,101285,0.0,0.0
1982-08-04 00:00:00-04:00,0.7114194199782508,0.7114194199782508,0.6957838475839301,0.703601598739624,65448,0.0,0.0
1982-08-05 00:00:00-04:00,0.7036016650277531,0.711419487002917,0.6957839131355286,0.6957839131355286,62510,0.0,0.0
1982-08-06 00:00:00-04:00,0.6957839131355286,0.7036016650277531,0.6879660911603647,0.6957839131355286,187530,0.0,0.0
1982-08-09 00:00:00-04:00,0.6957839131355286,0.7036016650277531,0.6879660911603647,0.6957839131355286,100110,0.0,0.0
1982-08-10 00:00:00-04:00,0.6957838475839301,0.703601598739624,0.6879660263453033,0.703601598739624,52640,0.0,0.0
1982-08-11 00:00:00-04:00,0.7036016650277531,0.711419487002917,0.6957839131355286,0.6957839131355286,96703,0.0,0.0
1982-08-12 00:00:00-04:00,0.6957839131355286,0.711419487002917,0.6957839131355286,0.6957839131355286,76258,0.0,0.0
1982-08-13 00:00:00-04:00,0.6957837581436436,0.7192371487617492,0.6957837581436436,0.7192371487617493,85188,0.0,0.0
1982-08-16 00:00:00-04:00,0.7192371871691478,0.7348727583885193,0.7192371871691478,0.7348727583885193,139473,0.0,0.0
1982-08-17 00:00:00-04:00,0.7348728220174181,0.7661440372467041,0.7348728220174181,0.7661440372467041,228773,0.0,0.0
1982-08-18 00:00:00-04:00,0.7661434016536225,0.7895967760979183,0.7426900272093266,0.7505077719688416,358728,0.0,0.0
1982-08-19 00:00:00-04:00,0.7505077719688416,0.758325586811232,0.7426900272093266,0.7505077719688416,154748,0.0,0.0
1982-08-20 00:00:00-04:00,0.7505083945905943,0.7661440372467041,0.742690643345473,0.7661440372467041,311845,0.0,0.0
1982-08-23 00:00:00-04:00,0.7661440372467041,0.7739617884918253,0.7583262159186491,0.7661440372467041,172608,0.0,0.0
1982-08-24 00:00:00-04:00,0.7661437528359908,0.7739615011789787,0.7583259344100953,0.7583259344100952,444620,0.0,0.0
1982-08-25 00:00:00-04:00,0.7583263852057511,0.7739619612693788,0.7583263852057511,0.7739619612693787,1145625,0.0,0.0
1982-08-26 00:00:00-04:00,0.7739618841834784,0.7895975287727592,0.7739618841834784,0.7817797064781189,664110,0.0,0.0
1982-08-27 00:00:00-04:00,0.7817797843426672,0.7817797843426672,0.7739619612693788,0.7739619612693787,315723,0.0,0.0
1982-08-30 00:00:00-04:00,0.7739619612693788,0.7817797843426672,0.7661442082790396,0.7739619612693787,238173,0.0,0.0
1982-08-31 00:00:00-04:00,0.7817795711409501,0.7974151429405486,0.7817795711409501,0.7895973920822144,149460,0.0,0.0
1982-09-01 00:00:00-04:00,0.7895975287727592,0.7895975287727592,0.7739618841834784,0.7817797064781189,165910,0.0,0.0
1982-09-02 00:00:00-04:00,0.7817797064781188,0.7895975287727592,0.7739618841834784,0.7817797064781189,79665,0.0,0.0
1982-09-03 00:00:00-04:00,0.7817795711409501,0.7895973920822145,0.7817795711409501,0.7895973920822144,85070,0.0,0.0
1982-09-07 00:00:00-04:00,0.7895973920822145,0.7895973920822145,0.7817795711409501,0.7895973920822144,115268,0.0,0.0
1982-09-08 00:00:00-04:00,0.7895973920822145,0.7895973920822145,0.7817795711409501,0.7895973920822144,136418,0.0,0.0
1982-09-09 00:00:00-04:00,0.7895975287727592,0.7974152809844574,0.7817797064781188,0.7817797064781189,214203,0.0,0.0
1982-09-10 00:00:00-04:00,0.7817797064781188,0.7974152809844574,0.7817797064781188,0.7817797064781189,268018,0.0,0.0
1982-09-13 00:00:00-04:00,0.7817797064781188,0.7974152809844574,0.7817797064781188,0.7817797064781189,111978,0.0,0.0
1982-09-14 00:00:00-04:00,0.7817803252691922,0.7974159121513367,0.7817803252691922,0.7974159121513367,80018,0.0,0.0
1982-09-15 00:00:00-04:00,0.7974151429405486,0.7974151429405486,0.7817795711409501,0.7895973920822144,84248,0.0,0.0
1982-09-16 00:00:00-04:00,0.7895973920822145,0.7974151429405486,0.7817795711409501,0.7895973920822144,420180,0.0,0.0
1982-09-17 00:00:00-04:00,0.7925089001655579,0.7925089001655579,0.7763351973598737,0.7925089001655579,232180,0.357447,0.0
1982-09-20 00:00:00-04:00,0.7925089001655579,0.7925089001655579,0.7763351973598737,0.7925089001655579,103165,0.0,0.0
1982-09-21 00:00:00-04:00,0.7925084095449924,0.7925084095449924,0.7763347167520047,0.7844215631484985,430403,0.0,0.0
1982-09-22 00:00:00-04:00,0.7844215631484985,0.7925084095449924,0.7844215631484985,0.7844215631484985,233003,0.0,0.0
1982-09-23 00:00:00-04:00,0.7844215631484985,0.7925084095449924,0.7763347167520047,0.7844215631484985,156863,0.0,0.0
1982-09-24 00:00:00-04:00,0.7844220487627158,0.7925089001655579,0.7763351973598737,0.7925089001655579,130660,0.0,0.0
1982-09-27 00:00:00-04:00,0.7925084095449924,0.7925084095449924,0.7844215631484985,0.7844215631484985,129720,0.0,0.0
1982-09-28 00:00:00-04:00,0.7844211276428139,0.792507969549544,0.776334285736084,0.776334285736084,131835,0.0,0.0
1982-09-29 00:00:00-04:00,0.776334285736084,0.7844211276428139,0.776334285736084,0.776334285736084,76258,0.0,0.0
1982-09-30 00:00:00-04:00,0.776334285736084,0.792507969549544,0.776334285736084,0.776334285736084,66623,0.0,0.0
1982-10-01 00:00:00-04:00,0.7763351973598737,0.7925089001655579,0.7763351973598737,0.7925089001655579,72968,0.0,0.0
1982-10-04 00:00:00-04:00,0.7925089001655579,0.7925089001655579,0.7763351973598737,0.7925089001655579,127958,0.0,0.0
1982-10-05 00:00:00-04:00,0.7925089001655579,0.7925089001655579,0.7763351973598737,0.7925089001655579,83425,0.0,0.0
1982-10-06 00:00:00-04:00,0.7925089001655579,0.8005956790737437,0.7844220487627158,0.7925089001655579,86480,0.0,0.0
1982-10-07 00:00:00-04:00,0.7925089001655579,0.8005956790737437,0.7844220487627158,0.7925089001655579,456488,0.0,0.0
1982-10-08 00:00:00-04:00,0.792508764719132,0.8329428698335009,0.792508764719132,0.8167692422866821,366953,0.0,0.0
1982-10-11 00:00:00-04:00,0.8167695086392975,0.8329431414604187,0.8167695086392975,0.8329431414604187,431460,0.0,0.0
1982-10-12 00:00:00-04:00,0.8329429718155341,0.849116601342584,0.8329429718155341,0.8410298228263855,773738,0.0,0.0
1982-10-13 00:00:00-04:00,0.841029994118313,0.8491167742815399,0.8329431414604187,0.8329431414604187,270720,0.0,0.0
1982-10-14 00:00:00-04:00,0.8329429718155341,0.849116601342584,0.8329429718155341,0.8410298228263855,246868,0.0,0.0
1982-10-15 00:00:00-04:00,0.8410298228263855,0.8410298228263855,0.8329429718155341,0.8410298228263855,355203,0.0,0.0
1982-10-18 00:00:00-04:00,0.841029994118313,0.8491167742815399,0.8329431414604187,0.8329431414604187,230418,0.0,0.0
1982-10-19 00:00:00-04:00,0.8329431414604187,0.841029994118313,0.8329431414604187,0.8329431414604187,178953,0.0,0.0
1982-10-20 00:00:00-04:00,0.8329431414604187,0.841029994118313,0.8329431414604187,0.8329431414604187,131248,0.0,0.0
1982-10-21 00:00:00-04:00,0.8329429718155341,0.849116601342584,0.8329429718155341,0.8410298228263855,275185,0.0,0.0
1982-10-22 00:00:00-04:00,0.8410298228263855,0.849116601342584,0.8329429718155341,0.8410298228263855,274715,0.0,0.0
1982-10-25 00:00:00-04:00,0.8329436755657199,0.8329436755657199,0.8167700323736351,0.8248568177223206,296335,0.0,0.0
1982-10-26 00:00:00-04:00,0.8167692922266135,0.8167692922266135,0.7763351121453236,0.8086824417114258,787720,0.0,0.0
1982-10-27 00:00:00-04:00,0.8086831745302357,0.8248568177223206,0.8086831745302357,0.8248568177223206,131953,0.0,0.0
1982-10-28 00:00:00-04:00,0.8248560198127695,0.8248560198127695,0.8167692422866821,0.8167692422866821,76023,0.0,0.0
1982-10-29 00:00:00-04:00,0.8167700323736351,0.8248568177223206,0.8167700323736351,0.8248568177223206,129015,0.0,0.0
1982-11-01 00:00:00-05:00,0.8248560198127695,0.8248560198127695,0.8086823922659507,0.8167692422866821,111273,0.0,0.0
1982-11-02 00:00:00-05:00,0.8167692422866821,0.8248560198127695,0.8167692422866821,0.8167692422866821,158625,0.0,0.0
1982-11-03 00:00:00-05:00,0.8167695086392975,0.841029994118313,0.8167695086392975,0.8329431414604187,395035,0.0,0.0
1982-11-04 00:00:00-05:00,0.8329429718155341,0.849116601342584,0.8329429718155341,0.8410298228263855,340868,0.0,0.0
1982-11-05 00:00:00-05:00,0.8410297266013887,0.8572033542779603,0.8410297266013887,0.8491165041923523,254975,0.0,0.0
1982-11-08 00:00:00-05:00,0.8491165041923523,0.8652902043635683,0.8491165041923523,0.8491165041923523,127488,0.0,0.0
1982-11-09 00:00:00-05:00,0.849115982810401,0.8572028279304506,0.849115982810401,0.8572028279304504,268488,0.0,0.0
1982-11-10 00:00:00-05:00,0.8572028279304506,0.8572028279304506,0.8410292101849515,0.8572028279304504,333465,0.0,0.0
1982-11-11 00:00:00-05:00,0.8572028279304506,0.8652896730505,0.849115982810401,0.8572028279304504,113505,0.0,0.0
1982-11-12 00:00:00-05:00,0.8572027247543748,0.865289568901062,0.8572027247543748,0.865289568901062,205155,0.0,0.0
1982-11-15 00:00:00-05:00,0.8652896730505,0.8733764456759496,0.8572028279304506,0.8572028279304504,118088,0.0,0.0
1982-11-16 00:00:00-05:00,0.8572028279304506,0.8976369085414981,0.849115982810401,0.8572028279304504,192583,0.0,0.0
1982-11-17 00:00:00-05:00,0.8572027247543748,0.8733763405531579,0.8572027247543748,0.865289568901062,176955,0.0,0.0
1982-11-18 00:00:00-05:00,0.865289568901062,0.8733763405531579,0.865289568901062,0.865289568901062,122905,0.0,0.0
1982-11-19 00:00:00-05:00,0.8652901396313966,0.8814637660980226,0.8652901396313966,0.8814637660980225,167555,0.0,0.0
1982-11-22 00:00:00-05:00,0.8814631846998451,0.8814631846998451,0.865289568901062,0.865289568901062,162973,0.0,0.0
1982-11-23 00:00:00-05:00,0.865289568901062,0.8733763405531579,0.8572027247543748,0.865289568901062,341338,0.0,0.0
1982-11-24 00:00:00-05:00,0.865289568901062,0.8733763405531579,0.865289568901062,0.865289568901062,209033,0.0,0.0
1982-11-26 00:00:00-05:00,0.8652899518729354,0.881463574830062,0.8652899518729354,0.873376727104187,209268,0.0,0.0
1982-11-29 00:00:00-05:00,0.87337691661739,0.889550615578655,0.87337691661739,0.8814637660980225,78020,0.0,0.0
1982-11-30 00:00:00-05:00,0.8814637660980226,0.889550615578655,0.87337691661739,0.8814637660980225,275773,0.0,0.0
1982-12-01 00:00:00-05:00,0.881463574830062,0.889550422555937,0.873376727104187,0.873376727104187,319483,0.0,0.0
1982-12-02 00:00:00-05:00,0.8733773952894899,0.8895511031150818,0.8733773952894899,0.8895511031150818,271543,0.0,0.0
1982-12-03 00:00:00-05:00,0.889550615578655,0.889550615578655,0.8814637660980226,0.8814637660980225,89300,0.0,0.0
1982-12-06 00:00:00-05:00,0.8814642492022858,0.8895511031150818,0.8814642492022858,0.8895511031150818,106690,0.0,0.0
1982-12-07 00:00:00-05:00,0.889550615578655,0.889550615578655,0.8814637660980226,0.8814637660980225,151575,0.0,0.0
1982-12-08 00:00:00-05:00,0.8814637660980226,0.889550615578655,0.8814637660980226,0.8814637660980225,279533,0.0,0.0
1982-12-09 00:00:00-05:00,0.8814637660980226,0.889550615578655,0.87337691661739,0.8814637660980225,151223,0.0,0.0
1982-12-10 00:00:00-05:00,0.8844676685831804,0.8844676685831804,0.8677796205345595,0.8761236071586609,465653,0.357447,0.0
1982-12-13 00:00:00-05:00,0.8761237886383997,0.8761237886383997,0.859435737133026,0.8594357371330261,120320,0.0,0.0
1982-12-14 00:00:00-05:00,0.867779552936554,0.8844675996852149,0.867779552936554,0.867779552936554,133950,0.0,0.0
1982-12-15 00:00:00-05:00,0.8677798002859296,0.8761237886383997,0.8510916739801225,0.8594357371330261,560593,0.0,0.0
1982-12-16 00:00:00-05:00,0.8594363480414392,0.8594363480414392,0.8427482846737813,0.8510922789573669,85658,0.0,0.0
1982-12-17 00:00:00-05:00,0.8510912553088165,0.859435314357086,0.8427472710609436,0.8427472710609436,69090,0.0,0.0
1982-12-20 00:00:00-05:00,0.8427482846737813,0.8594363480414392,0.8427482846737813,0.8510922789573669,194110,0.0,0.0
1982-12-21 00:00:00-05:00,0.8510914313874808,0.867779552936554,0.8510914313874808,0.867779552936554,227480,0.0,0.0
1982-12-22 00:00:00-05:00,0.867779552936554,0.8761235389106784,0.8594354921620174,0.867779552936554,64038,0.0,0.0
1982-12-23 00:00:00-05:00,0.8677796205345595,0.8761236071586609,0.8677796205345595,0.8761236071586609,57575,0.0,0.0
1982-12-27 00:00:00-05:00,0.8761235389106784,0.8761235389106784,0.8594354921620174,0.867779552936554,98348,0.0,0.0
1982-12-28 00:00:00-05:00,0.8677796205345595,0.8761236071586609,0.85943555911004,0.8761236071586609,58868,0.0,0.0
1982-12-29 00:00:00-05:00,0.8761236071586609,0.8761236071586609,0.8677796205345595,0.8761236071586609,98818,0.0,0.0
1982-12-30 00:00:00-05:00,0.8761235389106784,0.8761235389106784,0.867779552936554,0.867779552936554,67093,0.0,0.0
1982-12-31 00:00:00-05:00,0.8677796205345595,0.8844676685831804,0.8677796205345595,0.8761236071586609,88125,0.0,0.0
1983-01-03 00:00:00-05:00,0.8761236071586609,0.8844676685831804,0.8677796205345595,0.8761236071586609,73790,0.0,0.0
1983-01-04 00:00:00-05:00,0.8761235940443762,0.9094997644424438,0.8761235940443762,0.9094997644424438,170728,0.0,0.0
1983-01-05 00:00:00-05:00,0.9095004661826627,0.926188526857439,0.9095004661826627,0.9178445339202881,285878,0.0,0.0
1983-01-06 00:00:00-05:00,0.9178445339202881,0.9345325945950644,0.9095004661826627,0.9178445339202881,279180,0.0,0.0
1983-01-07 00:00:00-05:00,0.9178444174501234,0.9345324760072631,0.9178444174501234,0.9261884093284607,211265,0.0,0.0
1983-01-10 00:00:00-05:00,0.9261884093284607,0.9428765426860655,0.9178444174501234,0.9261884093284607,285173,0.0,0.0
1983-01-11 00:00:00-05:00,0.9261884093284607,0.9428765426860655,0.9261884093284607,0.9261884093284607,122200,0.0,0.0
1983-01-12 00:00:00-05:00,0.9261884093284607,0.9345324760072631,0.9261884093284607,0.9261884093284607,96350,0.0,0.0
1983-01-13 00:00:00-05:00,0.9261881606931511,0.9428762895708259,0.9261881606931511,0.9345322251319885,102930,0.0,0.0
1983-01-14 00:00:00-05:00,0.9345322251319885,0.9428762895708259,0.9261881606931511,0.9345322251319885,89300,0.0,0.0
1983-01-17 00:00:00-05:00,0.9345322251319885,0.9428762895708259,0.9261881606931511,0.9345322251319885,158625,0.0,0.0
1983-01-18 00:00:00-05:00,0.9345325945950644,0.9345325945950644,0.9178445339202881,0.9178445339202881,481633,0.0,0.0
1983-01-19 00:00:00-05:00,0.9178444174501234,0.9261884093284607,0.909500350771321,0.9261884093284607,252743,0.0,0.0
1983-01-20 00:00:00-05:00,0.9261884093284607,0.9345324760072631,0.9178444174501234,0.9261884093284607,159448,0.0,0.0
1983-01-21 00:00:00-05:00,0.9261881606931511,0.9345322251319885,0.9178441710547587,0.9345322251319885,97878,0.0,0.0
1983-01-24 00:00:00-05:00,0.926188526857439,0.926188526857439,0.9095004661826627,0.9178445339202881,205273,0.0,0.0
1983-01-25 00:00:00-05:00,0.9178444174501234,0.9345324760072631,0.9178444174501234,0.9261884093284607,92355,0.0,0.0
1983-01-26 00:00:00-05:00,0.9261881606931511,0.9345322251319885,0.9261881606931511,0.9345322251319885,77668,0.0,0.0
1983-01-27 00:00:00-05:00,0.9345321559285036,0.9428762197494507,0.9178441030870487,0.9428762197494507,221253,0.0,0.0
1983-01-28 00:00:00-05:00,0.9428762895708259,0.9428762895708259,0.9261881606931511,0.9345322251319885,82015,0.0,0.0
1983-01-31 00:00:00-05:00,0.9345322251319885,0.9428762895708259,0.9261881606931511,0.9345322251319885,61453,0.0,0.0
1983-02-01 00:00:00-05:00,0.9345322251319885,0.9428762895708259,0.9261881606931511,0.9345322251319885,72498,0.0,0.0
1983-02-02 00:00:00-05:00,0.9345322251319885,0.9345322251319885,0.9261881606931511,0.9345322251319885,56518,0.0,0.0
1983-02-03 00:00:00-05:00,0.9345322251319885,0.9345322251319885,0.9261881606931511,0.9345322251319885,82015,0.0,0.0
1983-02-04 00:00:00-05:00,0.9345321559285036,0.9512202087699584,0.9345321559285036,0.9428762197494507,92943,0.0,0.0
1983-02-07 00:00:00-05:00,0.9428762197494507,0.9512202087699584,0.9345321559285036,0.9428762197494507,175898,0.0,0.0
1983-02-08 00:00:00-05:00,0.9428762895708259,0.9428762895708259,0.9261881606931511,0.9345322251319885,118558,0.0,0.0
1983-02-09 00:00:00-05:00,0.9345324760072631,0.9345324760072631,0.9178444174501234,0.9261884093284607,797943,0.0,0.0
1983-02-10 00:00:00-05:00,0.9261884093284607,0.9345324760072631,0.9178444174501234,0.9261884093284607,102813,0.0,0.0
1983-02-11 00:00:00-05:00,0.9261884093284607,0.9345324760072631,0.9178444174501234,0.9261884093284607,209150,0.0,0.0
1983-02-14 00:00:00-05:00,0.9261881606931511,0.9345322251319885,0.9178441710547587,0.9345322251319885,135125,0.0,0.0
1983-02-15 00:00:00-05:00,0.9345322251319885,0.9345322251319885,0.9261881606931511,0.9345322251319885,137240,0.0,0.0
1983-02-16 00:00:00-05:00,0.9345322251319885,0.9345322251319885,0.9261881606931511,0.9345322251319885,106573,0.0,0.0
1983-02-17 00:00:00-05:00,0.9345322251319885,0.9345322251319885,0.9178441710547587,0.9345322251319885,82720,0.0,0.0
1983-02-18 00:00:00-05:00,0.9345324760072631,0.9345324760072631,0.9261884093284607,0.9261884093284607,114915,0.0,0.0
1983-02-22 00:00:00-05:00,0.9261881606931511,0.9428762895708259,0.9261881606931511,0.9345322251319885,74143,0.0,0.0
1983-02-23 00:00:00-05:00,0.9345321559285036,0.9428762197494507,0.9261880921075564,0.9428762197494507,63568,0.0,0.0
1983-02-24 00:00:00-05:00,0.9428762197494507,0.9512202087699584,0.9345321559285036,0.9428762197494507,101403,0.0,0.0
1983-02-25 00:00:00-05:00,0.9428765086573808,0.9595645666122437,0.9345324422797181,0.9595645666122437,91533,0.0,0.0
1983-02-28 00:00:00-05:00,0.9595645666122437,0.9679086329899063,0.951220500234581,0.9595645666122437,66740,0.0,0.0
1983-03-01 00:00:00-05:00,0.9595631363820375,0.9762511694633635,0.9595631363820375,0.967907190322876,163090,0.0,0.0
1983-03-02 00:00:00-05:00,0.9679076309130011,0.9929395797289701,0.9679076309130011,0.9845955967903137,215025,0.0,0.0
1983-03-03 00:00:00-05:00,0.9845954310596742,0.9929394125938416,0.9845954310596742,0.9929394125938416,371183,0.0,0.0
1983-03-04 00:00:00-05:00,0.9929394125938416,1.009627525262921,0.9845954310596742,0.9929394125938416,342865,0.0,0.0
1983-03-07 00:00:00-05:00,0.9929398863460911,1.0179719924926758,0.9929398863460911,1.0179719924926758,219725,0.0,0.0
1983-03-08 00:00:00-05:00,1.0179724039959417,1.0179724039959417,1.0012843514190741,1.009628415107727,289638,0.0,0.0
1983-03-09 00:00:00-05:00,1.009628415107727,1.0179724039959417,1.0012843514190741,1.009628415107727,406080,0.0,0.0
1983-03-10 00:00:00-05:00,1.0041355907419736,1.0041355907419736,0.9869709014892579,0.9869709014892578,211853,0.357447,0.0
1983-03-11 00:00:00-05:00,0.9869709014892579,0.9955532845840431,0.9869709014892579,0.9869709014892578,113975,0.0,0.0
1983-03-14 00:00:00-05:00,0.9869709014892579,0.9955532845840431,0.9783885183944726,0.9869709014892578,115268,0.0,0.0
1983-03-15 00:00:00-05:00,0.9869709014892579,0.9955532845840431,0.9869709014892579,0.9869709014892578,76375,0.0,0.0
1983-03-16 00:00:00-05:00,0.9869706907409451,0.9869706907409451,0.9783883094787597,0.9783883094787598,366130,0.0,0.0
1983-03-17 00:00:00-05:00,0.9783883094787597,0.9783883094787597,0.9698060051534128,0.9783883094787598,71675,0.0,0.0
1983-03-18 00:00:00-05:00,0.9783885183944726,0.9869709014892579,0.9698062122365422,0.9869709014892578,99875,0.0,0.0
1983-03-21 00:00:00-05:00,0.9869706907409451,0.9869706907409451,0.9783883094787597,0.9783883094787598,123845,0.0,0.0
1983-03-22 00:00:00-05:00,0.9783885183944726,0.9869709014892579,0.9783885183944726,0.9869709014892578,116560,0.0,0.0
1983-03-23 00:00:00-05:00,0.9869706907409451,0.9869706907409451,0.9698060051534128,0.9783883094787598,198693,0.0,0.0
1983-03-24 00:00:00-05:00,0.9783887121798909,0.9783887121798909,0.9612240195274353,0.9612240195274353,253095,0.0,0.0
1983-03-25 00:00:00-05:00,0.9612240476779911,0.9783887408331345,0.9612240476779911,0.969806432723999,177425,0.0,0.0
1983-03-28 00:00:00-05:00,0.9698064043220982,1.021300405342595,0.9612240195274353,0.9612240195274353,190820,0.0,0.0
1983-03-29 00:00:00-05:00,0.9612240476779911,0.969806432723999,0.9612240476779911,0.969806432723999,102460,0.0,0.0
1983-03-30 00:00:00-05:00,0.9698063147298438,0.9698063147298438,0.9526415467262268,0.9526415467262268,79195,0.0,0.0
1983-03-31 00:00:00-05:00,0.9526415467262268,1.0127180039282975,0.9440592396612812,0.9526415467262268,109158,0.0,0.0
1983-04-04 00:00:00-05:00,0.9526416347327724,0.9612240195274353,0.9440593268749797,0.9612240195274353,159213,0.0,0.0
1983-04-05 00:00:00-05:00,0.9612240195274353,0.9698064043220982,0.9526416347327724,0.9612240195274353,80840,0.0,0.0
1983-04-06 00:00:00-05:00,0.9612240195274353,0.9612240195274353,0.9526416347327724,0.9612240195274353,190233,0.0,0.0
1983-04-07 00:00:00-05:00,0.9612240476779911,0.969806432723999,0.9526416626319832,0.969806432723999,210090,0.0,0.0
1983-04-08 00:00:00-05:00,0.9612239307280352,0.9612239307280352,0.9526415467262268,0.9526415467262268,124668,0.0,0.0
1983-04-11 00:00:00-05:00,0.9526416347327724,0.9698064043220982,0.9526416347327724,0.9612240195274353,95058,0.0,0.0
1983-04-12 00:00:00-05:00,0.9612240195274353,0.9698064043220982,0.9612240195274353,0.9612240195274353,84248,0.0,0.0
1983-04-13 00:00:00-05:00,0.9612240476779911,0.9783887408331345,0.9612240476779911,0.969806432723999,101285,0.0,0.0
1983-04-14 00:00:00-05:00,0.9698062122365422,0.9869709014892579,0.961223829141757,0.9869709014892578,152985,0.0,0.0
1983-04-15 00:00:00-05:00,0.9869709014892579,0.9955532845840431,0.9698062122365422,0.9869709014892578,153220,0.0,0.0
1983-04-18 00:00:00-05:00,0.9869700449693873,0.9955524206161499,0.9783876693226248,0.9955524206161499,129133,0.0,0.0
1983-04-19 00:00:00-05:00,0.9955524206161499,0.9955524206161499,0.9869700449693873,0.9955524206161499,103283,0.0,0.0
1983-04-20 00:00:00-05:00,0.9955524206161499,1.0041347193261245,0.9783876693226248,0.9955524206161499,152398,0.0,0.0
1983-04-21 00:00:00-05:00,0.9955524206161499,1.0041347193261245,0.9869700449693873,0.9955524206161499,117853,0.0,0.0
1983-04-22 00:00:00-05:00,0.9955532845840431,1.012717896899904,0.9869709014892579,0.9869709014892578,123610,0.0,0.0
1983-04-25 00:00:00-04:00,0.9869709014892579,1.0041355907419736,0.9869709014892579,0.9869709014892578,82015,0.0,0.0
1983-04-26 00:00:00-04:00,0.9869700449693873,1.0041347193261245,0.9869700449693873,0.9955524206161499,129955,0.0,0.0
1983-04-27 00:00:00-04:00,0.9955524206161499,1.0041347193261245,0.9869700449693873,0.9955524206161499,78960,0.0,0.0
1983-04-28 00:00:00-04:00,0.9955524206161499,1.0041347193261245,0.9955524206161499,0.9955524206161499,73203,0.0,0.0
1983-04-29 00:00:00-04:00,0.9955530659810835,1.0127176745279498,0.9955530659810835,1.0041353702545166,89065,0.0,0.0
1983-05-02 00:00:00-04:00,1.0041353702545166,1.0127176745279498,1.0041353702545166,1.0041353702545166,125255,0.0,0.0
1983-05-03 00:00:00-04:00,1.0041351827569573,1.0127174854278564,1.0041351827569573,1.0127174854278564,252390,0.0,0.0
1983-05-04 00:00:00-04:00,1.0127169448832887,1.0212992429733276,1.0127169448832887,1.0212992429733276,101990,0.0,0.0
1983-05-05 00:00:00-04:00,1.021299694580552,1.0298820734024048,1.0127173926955158,1.0298820734024048,153690,0.0,0.0
1983-05-06 00:00:00-04:00,1.0298821677064782,1.038464547314201,1.0127174854278564,1.0127174854278564,85658,0.0,0.0
1983-05-09 00:00:00-04:00,1.0127169448832887,1.0212992429733276,1.0041346467932497,1.0212992429733276,97995,0.0,0.0
1983-05-10 00:00:00-04:00,1.021299694580552,1.0384644522242574,1.0127173926955158,1.0298820734024048,385165,0.0,0.0
1983-05-11 00:00:00-04:00,1.0298820734024048,1.0384644522242574,1.021299694580552,1.0298820734024048,238055,0.0,0.0
1983-05-12 00:00:00-04:00,1.0298820734024048,1.0298820734024048,1.021299694580552,1.0298820734024048,100698,0.0,0.0
1983-05-13 00:00:00-04:00,1.0298820734024048,1.0298820734024048,1.021299694580552,1.0298820734024048,115268,0.0,0.0
1983-05-16 00:00:00-04:00,1.0298820734024048,1.0298820734024048,1.0127173926955158,1.0298820734024048,86363,0.0,0.0
1983-05-17 00:00:00-04:00,1.0298820734024048,1.0298820734024048,1.0127173926955158,1.0298820734024048,86128,0.0,0.0
1983-05-18 00:00:00-04:00,1.029881618000149,1.029881618000149,1.0212992429733276,1.0212992429733276,82838,0.0,0.0
1983-05-19 00:00:00-04:00,1.0212992429733276,1.029881618000149,1.0212992429733276,1.0212992429733276,99523,0.0,0.0
1983-05-20 00:00:00-04:00,1.021299694580552,1.0384644522242574,1.021299694580552,1.0298820734024048,140765,0.0,0.0
1983-05-23 00:00:00-04:00,1.029881618000149,1.029881618000149,1.0212992429733276,1.0212992429733276,129955,0.0,0.0
1983-05-24 00:00:00-04:00,1.021299694580552,1.0298820734024048,1.021299694580552,1.0298820734024048,173783,0.0,0.0
1983-05-25 00:00:00-04:00,1.0298820734024048,1.0298820734024048,1.021299694580552,1.0298820734024048,242873,0.0,0.0
1983-05-26 00:00:00-04:00,1.0298820734024048,1.0384644522242574,1.021299694580552,1.0298820734024048,262848,0.0,0.0
1983-05-27 00:00:00-04:00,1.0298820734024048,1.0470467541092938,1.0298820734024048,1.0298820734024048,172843,0.0,0.0
1983-05-31 00:00:00-04:00,1.0298819821902647,1.0470466613769531,1.0298819821902647,1.0470466613769531,107865,0.0,0.0
1983-06-01 00:00:00-04:00,1.047046848865334,1.047046848865334,1.029882166605069,1.0384645462036133,160153,0.0,0.0
1983-06-02 00:00:00-04:00,1.0384643602520138,1.0470466613769531,1.0298819821902647,1.0470466613769531,64860,0.0,0.0
1983-06-03 00:00:00-04:00,1.0470466613769531,1.0470466613769531,1.0384643602520138,1.0470466613769531,117383,0.0,0.0
1983-06-06 00:00:00-04:00,1.0470466613769531,1.0470466613769531,1.0298819821902647,1.0470466613769531,66153,0.0,0.0
1983-06-07 00:00:00-04:00,1.0470466613769531,1.0470466613769531,1.0298819821902647,1.0470466613769531,74730,0.0,0.0
1983-06-08 00:00:00-04:00,1.0470467541092938,1.0470467541092938,1.021299694580552,1.0298820734024048,132305,0.0,0.0
1983-06-09 00:00:00-04:00,1.0298820734024048,1.0298820734024048,1.021299694580552,1.0298820734024048,158390,0.0,0.0
1983-06-10 00:00:00-04:00,1.0154023170471191,1.0154023170471191,1.0065727034616716,1.0154023170471191,159800,0.357447,0.0
1983-06-13 00:00:00-04:00,1.0154023170471191,1.0154023170471191,1.0065727034616716,1.0154023170471191,212558,0.0,0.0
1983-06-14 00:00:00-04:00,1.01540258035037,1.01540258035037,0.9977434277534485,0.9977434277534485,172255,0.0,0.0
1983-06-15 00:00:00-04:00,0.9977428342907819,1.0065723657608032,0.9889132236676321,1.0065723657608032,207270,0.0,0.0
1983-06-16 00:00:00-04:00,1.0065723657608032,1.0065723657608032,0.9889132236676321,1.0065723657608032,208563,0.0,0.0
1983-06-17 00:00:00-04:00,1.0065729644753214,1.0242321962254182,0.9889138118784001,0.9977434277534485,99523,0.0,0.0
1983-06-20 00:00:00-04:00,0.997743089347428,0.997743089347428,0.9889134764671326,0.9889134764671326,81075,0.0,0.0
1983-06-21 00:00:00-04:00,0.9889138118784001,1.0065729644753214,0.9889138118784001,0.9977434277534485,129603,0.0,0.0
1983-06-22 00:00:00-04:00,0.9977428342907819,1.0065723657608032,0.9977428342907819,1.0065723657608032,311375,0.0,0.0
1983-06-23 00:00:00-04:00,1.0065729644753214,1.0065729644753214,0.9889138118784001,0.9977434277534485,187295,0.0,0.0
1983-06-24 00:00:00-04:00,0.997743089347428,1.0065726230745746,0.9889134764671326,0.9889134764671326,70148,0.0,0.0
1983-06-27 00:00:00-04:00,0.9889134764671326,1.0065726230745746,0.9889134764671326,0.9889134764671326,77080,0.0,0.0
1983-06-28 00:00:00-04:00,0.988913495862151,0.9977431089156167,0.9800838828086853,0.9800838828086853,487273,0.0,0.0
1983-06-29 00:00:00-04:00,0.9800843036793174,0.9889139205244227,0.9712547659873964,0.9712547659873962,74848,0.0,0.0
1983-06-30 00:00:00-04:00,0.9800838635868373,0.9889134764671326,0.9800838635868373,0.9889134764671326,372005,0.0,0.0
1983-07-01 00:00:00-04:00,0.9889134764671326,0.9889134764671326,0.9800838635868373,0.9889134764671326,63568,0.0,0.0
1983-07-05 00:00:00-04:00,0.988913495862151,0.988913495862151,0.9712543489083698,0.9800838828086853,116443,0.0,0.0
1983-07-06 00:00:00-04:00,0.9800838828086853,0.988913495862151,0.9712543489083698,0.9800838828086853,165088,0.0,0.0
1983-07-07 00:00:00-04:00,0.9800843036793174,0.9800843036793174,0.962425149142291,0.9712547659873962,106220,0.0,0.0
1983-07-08 00:00:00-04:00,0.9712547659873964,0.9800843036793174,0.962425149142291,0.9712547659873962,72028,0.0,0.0
1983-07-11 00:00:00-04:00,0.9712547659873964,0.9800843036793174,0.9359363777601595,0.9712547659873962,90593,0.0,0.0
1983-07-12 00:00:00-04:00,0.9712539472660826,0.9800834775151258,0.9447651982127184,0.9624243378639221,99523,0.0,0.0
1983-07-13 00:00:00-04:00,0.9624243378639221,0.9624243378639221,0.9535947284617615,0.9624243378639221,57575,0.0,0.0
1983-07-14 00:00:00-04:00,0.9624243378639221,0.9712539472660826,0.9535947284617615,0.9624243378639221,70618,0.0,0.0
1983-07-15 00:00:00-04:00,0.9624243378639221,0.9712539472660826,0.9535947284617615,0.9624243378639221,73203,0.0,0.0
1983-07-18 00:00:00-04:00,0.9624243378639221,0.9712539472660826,0.9182764491593541,0.9624243378639221,150753,0.0,0.0
1983-07-19 00:00:00-04:00,0.962425149142291,0.9800843036793174,0.962425149142291,0.9712547659873962,188705,0.0,0.0
1983-07-20 00:00:00-04:00,0.9712540815744611,1.0065723657608032,0.9712540815744611,1.0065723657608032,411250,0.0,0.0
1983-07-21 00:00:00-04:00,1.0065723657608032,1.015401976383953,0.9977428342907819,1.0065723657608032,100345,0.0,0.0
1983-07-22 00:00:00-04:00,1.0065723657608032,1.015401976383953,0.9977428342907819,1.0065723657608032,173783,0.0,0.0
1983-07-25 00:00:00-04:00,1.0065727034616716,1.0154023170471191,1.0065727034616716,1.0154023170471191,68268,0.0,0.0
1983-07-26 00:00:00-04:00,1.0154023170471191,1.0242319306325667,1.0065727034616716,1.0154023170471191,113505,0.0,0.0
1983-07-27 00:00:00-04:00,1.015401976383953,1.015401976383953,1.0065723657608032,1.0065723657608032,233238,0.0,0.0
1983-07-28 00:00:00-04:00,1.0065727034616716,1.0154023170471191,1.0065727034616716,1.0154023170471191,47118,0.0,0.0
1983-07-29 00:00:00-04:00,1.0154023170471191,1.0154023170471191,1.0065727034616716,1.0154023170471191,84600,0.0,0.0
1983-08-01 00:00:00-04:00,1.0154023170471191,1.0154023170471191,1.0065727034616716,1.0154023170471191,58398,0.0,0.0
1983-08-02 00:00:00-04:00,1.015401976383953,1.015401976383953,0.9977428342907819,1.0065723657608032,63215,0.0,0.0
1983-08-03 00:00:00-04:00,1.0065729644753214,1.01540258035037,0.9977434277534485,0.9977434277534485,54638,0.0,0.0
1983-08-04 00:00:00-04:00,0.9977434277534485,1.0065729644753214,0.9977434277534485,0.9977434277534485,68855,0.0,0.0
1983-08-05 00:00:00-04:00,0.9977428342907819,1.015401976383953,0.9977428342907819,1.0065723657608032,90710,0.0,0.0
1983-08-08 00:00:00-04:00,1.0065726230745746,1.033061382562312,0.9889134764671326,0.9889134764671326,118558,0.0,0.0
1983-08-09 00:00:00-04:00,0.9889134764671326,0.997743089347428,0.9800838635868373,0.9889134764671326,91533,0.0,0.0
1983-08-10 00:00:00-04:00,0.9889138118784001,0.9977434277534485,0.9889138118784001,0.9977434277534485,174488,0.0,0.0
1983-08-11 00:00:00-04:00,0.9977428342907819,1.0065723657608032,0.9889132236676321,1.0065723657608032,82838,0.0,0.0
1983-08-12 00:00:00-04:00,1.0065729644753214,1.01540258035037,0.9977434277534485,0.9977434277534485,94470,0.0,0.0
1983-08-15 00:00:00-04:00,0.9977422206074112,1.02423095703125,0.9977422206074112,1.02423095703125,241698,0.0,0.0
1983-08-16 00:00:00-04:00,1.02423095703125,1.0330604830704766,1.015401351838944,1.02423095703125,176250,0.0,0.0
1983-08-17 00:00:00-04:00,1.0242314415439415,1.0418905019760132,1.0154018321747886,1.0418905019760132,71793,0.0,0.0
1983-08-18 00:00:00-04:00,1.0418905582195286,1.0507200889122015,1.0330610275268555,1.0330610275268555,111743,0.0,0.0
1983-08-19 00:00:00-04:00,1.0330609717599775,1.0418905019760132,1.0242314415439415,1.0418905019760132,118205,0.0,0.0
1983-08-22 00:00:00-04:00,1.0418905582195286,1.0418905582195286,1.0242314968341824,1.0330610275268555,286230,0.0,0.0
1983-08-23 00:00:00-04:00,1.0330610275268555,1.0418905582195286,1.0242314968341824,1.0330610275268555,117383,0.0,0.0
1983-08-24 00:00:00-04:00,1.0330610275268555,1.0330610275268555,1.0242314968341824,1.0330610275268555,59103,0.0,0.0
1983-08-25 00:00:00-04:00,1.0330604830704766,1.0330604830704766,1.02423095703125,1.02423095703125,65095,0.0,0.0
1983-08-26 00:00:00-04:00,1.02423095703125,1.0330604830704766,1.02423095703125,1.02423095703125,41125,0.0,0.0
1983-08-29 00:00:00-04:00,1.02423095703125,1.0330604830704766,1.02423095703125,1.02423095703125,39480,0.0,0.0
1983-08-30 00:00:00-04:00,1.0242314968341824,1.0418905582195286,1.0242314968341824,1.0330610275268555,82368,0.0,0.0
1983-08-31 00:00:00-04:00,1.0330609717599775,1.0418905019760132,1.0242314415439415,1.0418905019760132,105868,0.0,0.0
1983-09-01 00:00:00-04:00,1.0418905582195286,1.0418905582195286,1.0154018869883878,1.0330610275268555,50290,0.0,0.0
1983-09-02 00:00:00-04:00,1.0330609717599775,1.0507200321920491,1.0330609717599775,1.0418905019760132,73908,0.0,0.0
1983-09-06 00:00:00-04:00,1.0418905019760132,1.0507200321920491,1.0330609717599775,1.0418905019760132,62393,0.0,0.0
1983-09-07 00:00:00-04:00,1.0418905019760132,1.0507200321920491,1.0330609717599775,1.0418905019760132,159213,0.0,0.0
1983-09-08 00:00:00-04:00,1.0418898556400793,1.0507193803787231,1.0418898556400793,1.0507193803787231,57810,0.0,0.0
1983-09-09 00:00:00-04:00,1.0507200321920491,1.0507200321920491,1.0418905019760132,1.0418905019760132,243108,0.0,0.0
1983-09-12 00:00:00-04:00,1.0418898556400793,1.0507193803787231,1.0418898556400793,1.0507193803787231,227480,0.0,0.0
1983-09-13 00:00:00-04:00,1.0507193803787231,1.0507193803787231,1.0418898556400793,1.0507193803787231,293868,0.0,0.0
1983-09-14 00:00:00-04:00,1.0507200321920491,1.059549641561202,1.0418905019760132,1.0418905019760132,564353,0.0,0.0
1983-09-15 00:00:00-04:00,1.0418905019760132,1.0507200321920491,1.0418905019760132,1.0418905019760132,267548,0.0,0.0
1983-09-16 00:00:00-04:00,1.0451624404142386,1.0451624404142386,1.0269857256992954,1.0360740423202515,126783,0.357447,0.0
1983-09-19 00:00:00-04:00,1.0360740423202515,1.0451624404142386,1.0269857256992954,1.0360740423202515,370713,0.0,0.0
1983-09-20 00:00:00-04:00,1.0360745139523477,1.0451629161834717,1.0360745139523477,1.0451629161834717,134185,0.0,0.0
1983-09-21 00:00:00-04:00,1.0451629161834717,1.0451629161834717,1.0360745139523477,1.0451629161834717,122435,0.0,0.0
1983-09-22 00:00:00-04:00,1.0451629161834717,1.0451629161834717,1.0360745139523477,1.0451629161834717,58515,0.0,0.0
1983-09-23 00:00:00-04:00,1.0451624404142386,1.0451624404142386,1.0360740423202515,1.0360740423202515,178365,0.0,0.0
1983-09-26 00:00:00-04:00,1.0360733372975237,1.0542501211166382,1.0360733372975237,1.0542501211166382,72263,0.0,0.0
1983-09-27 00:00:00-04:00,1.0542501211166382,1.0542501211166382,1.0360733372975237,1.0542501211166382,128545,0.0,0.0
1983-09-28 00:00:00-04:00,1.0542501211166382,1.0542501211166382,1.045161729207081,1.0542501211166382,89888,0.0,0.0
1983-09-29 00:00:00-04:00,1.0542504433468671,1.0633387565612793,1.0451620486594542,1.0633387565612793,111038,0.0,0.0
1983-09-30 00:00:00-04:00,1.0633387565612793,1.0724270697756917,1.0542504433468671,1.0633387565612793,452140,0.0,0.0
1983-10-03 00:00:00-04:00,1.0633387565612793,1.0633387565612793,1.0542504433468671,1.0633387565612793,101168,0.0,0.0
1983-10-04 00:00:00-04:00,1.063338957861712,1.0724272727966309,1.063338957861712,1.0724272727966309,209738,0.0,0.0
1983-10-05 00:00:00-04:00,1.0724267680150628,1.0996918629324182,1.0633384573579294,1.0906034708023071,399500,0.0,0.0
1983-10-06 00:00:00-04:00,1.0906039123361666,1.1178690182918718,1.0906039123361666,1.1087806224822998,419828,0.0,0.0
1983-10-07 00:00:00-04:00,1.1087814458819079,1.1269582509994507,1.0996931247962076,1.1269582509994507,202570,0.0,0.0
1983-10-10 00:00:00-04:00,1.1269574141014438,1.1269574141014438,1.0996923081457386,1.1087806224822998,254505,0.0,0.0
1983-10-11 00:00:00-04:00,1.1087806224822998,1.1178690182918718,1.0996923081457386,1.1087806224822998,137005,0.0,0.0
1983-10-12 00:00:00-04:00,1.1087806224822998,1.1178690182918718,1.0996923081457386,1.1087806224822998,231240,0.0,0.0
1983-10-13 00:00:00-04:00,1.1087809369300756,1.145134449005127,1.0996926200160881,1.145134449005127,296100,0.0,0.0
1983-10-14 00:00:00-04:00,1.1178690182918718,1.1178690182918718,1.0996923081457386,1.1087806224822998,308203,0.0,0.0
1983-10-17 00:00:00-04:00,1.1087806224822998,1.1178690182918718,1.0996923081457386,1.1087806224822998,105985,0.0,0.0
1983-10-18 00:00:00-04:00,1.1087806224822998,1.1178690182918718,1.0996923081457386,1.1087806224822998,228538,0.0,0.0
1983-10-19 00:00:00-04:00,1.1087806224822998,1.1087806224822998,1.0906039123361666,1.1087806224822998,409840,0.0,0.0
1983-10-20 00:00:00-04:00,1.1087809369300756,1.145134449005127,1.0996926200160881,1.145134449005127,859395,0.0,0.0
1983-10-21 00:00:00-04:00,1.145134449005127,1.1633111643061358,1.145134449005127,1.145134449005127,295278,0.0,0.0
1983-10-24 00:00:00-04:00,1.145134449005127,1.154222847392148,1.1360460506181056,1.145134449005127,403143,0.0,0.0
1983-10-25 00:00:00-04:00,1.1451339745723612,1.1633106823427004,1.1451339745723612,1.1542223691940308,436513,0.0,0.0
1983-10-26 00:00:00-04:00,1.154222847392148,1.154222847392148,1.145134449005127,1.145134449005127,645193,0.0,0.0
1983-10-27 00:00:00-04:00,1.145134449005127,1.1633111643061358,1.145134449005127,1.145134449005127,119498,0.0,0.0
1983-10-28 00:00:00-04:00,1.145134449005127,1.154222847392148,1.145134449005127,1.145134449005127,73203,0.0,0.0
1983-10-31 00:00:00-05:00,1.1451339745723612,1.1542223691940308,1.1360455799506917,1.1542223691940308,135595,0.0,0.0
1983-11-01 00:00:00-05:00,1.154222847392148,1.1633111643061358,1.1360460506181056,1.145134449005127,121730,0.0,0.0
1983-11-02 00:00:00-05:00,1.1451339745723612,1.1542223691940308,1.1360455799506917,1.1542223691940308,79665,0.0,0.0
1983-11-03 00:00:00-05:00,1.1542223691940308,1.1542223691940308,1.1451339745723612,1.1542223691940308,142998,0.0,0.0
1983-11-04 00:00:00-05:00,1.1542223691940308,1.1542223691940308,1.1360455799506917,1.1542223691940308,166028,0.0,0.0
1983-11-07 00:00:00-05:00,1.1542230910081717,1.1542230910081717,1.136046290397644,1.136046290397644,88478,0.0,0.0
1983-11-08 00:00:00-05:00,1.136046572085151,1.1451349746439223,1.1269582509994507,1.1269582509994507,252860,0.0,0.0
1983-11-09 00:00:00-05:00,1.126957971565431,1.1451346907029079,1.126957971565431,1.136046290397644,242050,0.0,0.0
1983-11-10 00:00:00-05:00,1.1360460506181056,1.145134449005127,1.1269577337041181,1.145134449005127,257678,0.0,0.0
1983-11-11 00:00:00-05:00,1.145134449005127,1.145134449005127,1.1269577337041181,1.145134449005127,233473,0.0,0.0
1983-11-14 00:00:00-05:00,1.1451346907029079,1.1451346907029079,1.136046290397644,1.136046290397644,187178,0.0,0.0
1983-11-15 00:00:00-05:00,1.136046290397644,1.1451346907029079,1.126957971565431,1.136046290397644,172490,0.0,0.0
1983-11-16 00:00:00-05:00,1.136046290397644,1.136046290397644,1.126957971565431,1.136046290397644,226070,0.0,0.0
1983-11-17 00:00:00-05:00,1.136046290397644,1.1451346907029079,1.126957971565431,1.136046290397644,168848,0.0,0.0
1983-11-18 00:00:00-05:00,1.136046572085151,1.136046572085151,1.1178698484406793,1.1269582509994507,78960,0.0,0.0
1983-11-21 00:00:00-05:00,1.126957535506298,1.126957535506298,1.1178691387176514,1.1178691387176514,90475,0.0,0.0
1983-11-22 00:00:00-05:00,1.1178688721803527,1.1542223691940308,1.1178688721803527,1.1542223691940308,247103,0.0,0.0
1983-11-23 00:00:00-05:00,1.1451346907029079,1.1451346907029079,1.126957971565431,1.136046290397644,67915,0.0,0.0
1983-11-25 00:00:00-05:00,1.136045728438005,1.136045728438005,1.1087806224822998,1.1087806224822998,331585,0.0,0.0
1983-11-28 00:00:00-05:00,1.1087814640239873,1.1178698667314648,1.0178978443145752,1.0178978443145752,264140,0.0,0.0
1983-11-29 00:00:00-05:00,1.017896634951385,1.0633384315532197,0.999719932605246,1.0542501211166382,403613,0.0,0.0
1983-11-30 00:00:00-05:00,1.0542501211166382,1.0633384315532197,1.045161729207081,1.0542501211166382,187295,0.0,0.0
1983-12-01 00:00:00-05:00,1.08569876950482,1.08569876950482,1.0669797658920288,1.0669797658920288,138415,0.357447,0.0
1983-12-02 00:00:00-05:00,1.0669797658920288,1.08569876950482,1.0576203479889763,1.0669797658920288,438745,0.0,0.0
1983-12-05 00:00:00-05:00,1.0669797658920288,1.0669797658920288,1.0482608461825809,1.0669797658920288,275890,0.0,0.0
1983-12-06 00:00:00-05:00,1.0669801853612728,1.0669801853612728,1.0482612582927244,1.0576207637786865,113153,0.0,0.0
1983-12-07 00:00:00-05:00,1.0576207905510726,1.0576207905510726,1.048261284828186,1.048261284828186,577160,0.0,0.0
1983-12-08 00:00:00-05:00,1.0482612582927244,1.0669801853612728,1.0482612582927244,1.0576207637786865,206448,0.0,0.0
1983-12-09 00:00:00-05:00,1.0514462295402587,1.0514462295402587,1.0417999029159546,1.0417999029159546,226305,0.357447,0.0
1983-12-12 00:00:00-05:00,1.0417999029159546,1.0514462295402587,1.0417999029159546,1.0417999029159546,162620,0.0,0.0
1983-12-13 00:00:00-05:00,1.0418005817629072,1.0514469146728516,1.0418005817629072,1.0514469146728516,219255,0.0,0.0
1983-12-14 00:00:00-05:00,1.051446779323008,1.051446779323008,1.0128615391248452,1.0321542024612427,513593,0.0,0.0
1983-12-15 00:00:00-05:00,1.0321539972922291,1.0321539972922291,1.022507667541504,1.022507667541504,513005,0.0,0.0
1983-12-16 00:00:00-05:00,1.022507667541504,1.0418002405683395,1.022507667541504,1.022507667541504,413953,0.0,0.0
1983-12-19 00:00:00-05:00,1.0321536627662373,1.0417999029159546,1.0321536627662373,1.0417999029159546,201160,0.0,0.0
1983-12-20 00:00:00-05:00,1.0418005817629072,1.0514469146728516,1.032154335327606,1.0514469146728516,245928,0.0,0.0
1983-12-21 00:00:00-05:00,1.0514472329717528,1.0803861539874648,1.0418008971416257,1.0610935688018799,442505,0.0,0.0
1983-12-22 00:00:00-05:00,1.0707395896144447,1.0803859233856201,1.0707395896144447,1.0803859233856201,254505,0.0,0.0
1983-12-23 00:00:00-05:00,1.0803856001416512,1.0803856001416512,1.0707392692565918,1.0707392692565918,299860,0.0,0.0
1983-12-27 00:00:00-05:00,1.0707392692565918,1.0707392692565918,1.051446693961098,1.0707392692565918,471410,0.0,0.0
1983-12-28 00:00:00-05:00,1.0707392692565918,1.0803856001416512,1.0610930248461574,1.0707392692565918,187648,0.0,0.0
1983-12-29 00:00:00-05:00,1.0707392692565918,1.0900319310267106,1.0707392692565918,1.0707392692565918,180715,0.0,0.0
1983-12-30 00:00:00-05:00,1.0707398181573378,1.0803861539874648,1.0610935688018799,1.0610935688018799,92943,0.0,0.0
1984-01-03 00:00:00-05:00,1.06109334231792,1.0803859233856201,1.06109334231792,1.0803859233856201,102813,0.0,0.0
1984-01-04 00:00:00-05:00,1.0803857682910918,1.0996783465892503,1.0707394359046933,1.0900321006774902,159448,0.0,0.0
1984-01-05 00:00:00-05:00,1.0900320326595256,1.109324609753828,1.0900320326595256,1.0996782779693604,125608,0.0,0.0
1984-01-06 00:00:00-05:00,1.0996782779693604,1.1189709415382956,1.0996782779693604,1.0996782779693604,422530,0.0,0.0
1984-01-09 00:00:00-05:00,1.10932457447052,1.1189709059481752,1.10932457447052,1.10932457447052,215495,0.0,0.0
1984-01-10 00:00:00-05:00,1.109324657977167,1.1189709901809692,1.0996783257733644,1.1189709901809692,98348,0.0,0.0
1984-01-11 00:00:00-05:00,1.1189709415382956,1.1189709415382956,1.0900320326595256,1.0996782779693604,565528,0.0,0.0
1984-01-12 00:00:00-05:00,1.0996782429928647,1.1189709059481752,1.0900319979898396,1.10932457447052,60043,0.0,0.0
1984-01-13 00:00:00-05:00,1.1093248250527912,1.1382636530734074,1.1093248250527912,1.1286174058914185,419945,0.0,0.0
1984-01-16 00:00:00-05:00,1.1286171868481303,1.1286171868481303,1.0996782779693604,1.0996782779693604,521818,0.0,0.0
1984-01-17 00:00:00-05:00,1.0996782779693604,1.109324609753828,1.0996782779693604,1.0996782779693604,337108,0.0,0.0
1984-01-18 00:00:00-05:00,1.0996782429928647,1.1189709059481752,1.0996782429928647,1.10932457447052,246515,0.0,0.0
1984-01-19 00:00:00-05:00,1.10932457447052,1.1189709059481752,1.0996782429928647,1.10932457447052,239348,0.0,0.0
1984-01-20 00:00:00-05:00,1.1093246789756488,1.1093246789756488,1.0900321006774902,1.0900321006774902,335815,0.0,0.0
1984-01-23 00:00:00-05:00,1.0900321006774902,1.0996783465892503,1.0707394359046933,1.0900321006774902,231828,0.0,0.0
1984-01-24 00:00:00-05:00,1.0900322571567955,1.0996785044533202,1.0803859233856201,1.0803859233856201,277183,0.0,0.0
1984-01-25 00:00:00-05:00,1.080385700875058,1.0996782779693604,1.080385700875058,1.0996782779693604,90240,0.0,0.0
1984-01-26 00:00:00-05:00,1.0996782779693604,1.0996782779693604,1.0610931237807557,1.0996782779693604,73438,0.0,0.0
1984-01-27 00:00:00-05:00,1.0996782779693604,1.0996782779693604,1.0900320326595256,1.0996782779693604,291048,0.0,0.0
1984-01-30 00:00:00-05:00,1.0996782779693604,1.0996782779693604,1.080385700875058,1.0996782779693604,69560,0.0,0.0
1984-01-31 00:00:00-05:00,1.0996785044533202,1.0996785044533202,1.0803859233856201,1.0803859233856201,179305,0.0,0.0
1984-02-01 00:00:00-05:00,1.0803857682910918,1.0900321006774902,1.0803857682910918,1.0900321006774902,207505,0.0,0.0
1984-02-02 00:00:00-05:00,1.0900321006774902,1.0900321006774902,1.0803857682910918,1.0900321006774902,100933,0.0,0.0
1984-02-03 00:00:00-05:00,1.0900320326595256,1.0996782779693604,1.080385700875058,1.0996782779693604,145113,0.0,0.0
1984-02-06 00:00:00-05:00,1.0900322571567955,1.0900322571567955,1.0803859233856201,1.0803859233856201,65800,0.0,0.0
1984-02-07 00:00:00-05:00,1.0803856001416512,1.0900319310267106,1.0610930248461574,1.0707392692565918,146875,0.0,0.0
1984-02-08 00:00:00-05:00,1.0707393561847733,1.0707393561847733,1.022507870793044,1.0321542024612427,364015,0.0,0.0
1984-02-09 00:00:00-05:00,1.0321539972922291,1.0321539972922291,0.9839224350132182,1.022507667541504,291870,0.0,0.0
1984-02-10 00:00:00-05:00,1.022507870793044,1.051446779323008,1.022507870793044,1.0321542024612427,289403,0.0,0.0
1984-02-13 00:00:00-05:00,1.0321536627662373,1.0514462295402587,1.0321536627662373,1.0417999029159546,149460,0.0,0.0
1984-02-14 00:00:00-05:00,1.0514472329717528,1.0707398181573378,1.0514472329717528,1.0610935688018799,184123,0.0,0.0
1984-02-15 00:00:00-05:00,1.0610932475827959,1.0610932475827959,1.0418005817629072,1.0514469146728516,96703,0.0,0.0
1984-02-16 00:00:00-05:00,1.0514462295402587,1.0514462295402587,1.0321536627662373,1.0417999029159546,105045,0.0,0.0
1984-02-17 00:00:00-05:00,1.0418002405683395,1.0514465703190645,1.0128613377907787,1.022507667541504,102695,0.0,0.0
1984-02-21 00:00:00-05:00,1.0128614120846242,1.0128614120846242,0.9839225071843818,0.9935688376426697,226070,0.0,0.0
1984-02-22 00:00:00-05:00,0.9935688376426697,1.0032151681009576,0.9839225071843818,0.9935688376426697,79078,0.0,0.0
1984-02-23 00:00:00-05:00,0.9935688376426697,1.0032151681009576,0.9839225071843818,0.9935688376426697,113153,0.0,0.0
1984-02-24 00:00:00-05:00,0.9935688376426697,1.0032151681009576,0.9839225071843818,0.9935688376426697,101168,0.0,0.0
1984-02-27 00:00:00-05:00,0.9935684427436078,1.0417999029159546,0.9935684427436078,1.0417999029159546,241698,0.0,0.0
1984-02-28 00:00:00-05:00,1.0418005817629072,1.0610932475827959,1.0418005817629072,1.0514469146728516,139003,0.0,0.0
1984-02-29 00:00:00-05:00,1.0514470085467444,1.0803859233856201,1.041800674775569,1.0803859233856201,186943,0.0,0.0
1984-03-01 00:00:00-05:00,1.080385700875058,1.0996782779693604,1.0610931237807557,1.0996782779693604,233003,0.0,0.0
1984-03-02 00:00:00-05:00,1.0996783465892503,1.1093246789756488,1.0900321006774902,1.0900321006774902,357200,0.0,0.0
1984-03-05 00:00:00-05:00,1.0900321006774902,1.0900321006774902,1.0803857682910918,1.0900321006774902,136183,0.0,0.0
1984-03-06 00:00:00-05:00,1.0900322571567955,1.0900322571567955,1.0803859233856201,1.0803859233856201,198105,0.0,0.0
1984-03-07 00:00:00-05:00,1.0803861539874648,1.090032489817592,1.0610935688018799,1.0610935688018799,64743,0.0,0.0
1984-03-08 00:00:00-05:00,1.0610930248461574,1.0803856001416512,1.0610930248461574,1.0707392692565918,99993,0.0,0.0
1984-03-09 00:00:00-05:00,1.070739494018097,1.070739494018097,1.0418005817629072,1.0514469146728516,73673,0.0,0.0
1984-03-12 00:00:00-05:00,1.0514462295402587,1.0514462295402587,1.0321536627662373,1.0417999029159546,67798,0.0,0.0
1984-03-13 00:00:00-05:00,1.0418008971416257,1.0707398181573378,1.0418008971416257,1.0610935688018799,87655,0.0,0.0
1984-03-14 00:00:00-05:00,1.0610932475827959,1.070739494018097,1.0514469146728516,1.0514469146728516,181538,0.0,0.0
1984-03-15 00:00:00-05:00,1.0514469146728516,1.0610932475827959,1.0418005817629072,1.0514469146728516,449790,0.0,0.0
1984-03-16 00:00:00-05:00,1.0649832587969157,1.0649832587969157,1.0450769662857056,1.0450769662857056,243813,0.357447,0.0
1984-03-19 00:00:00-05:00,1.045076488951461,1.0550296306610107,1.045076488951461,1.0550296306610107,80723,0.0,0.0
1984-03-20 00:00:00-05:00,1.0550296306610107,1.0649827723705607,1.045076488951461,1.0550296306610107,67915,0.0,0.0
1984-03-21 00:00:00-05:00,1.0550296306610107,1.0649827723705607,1.045076488951461,1.0550296306610107,277888,0.0,0.0
1984-03-22 00:00:00-05:00,1.0550295403718835,1.0550295403718835,1.0251702070236206,1.0251702070236206,195403,0.0,0.0
1984-03-23 00:00:00-05:00,1.025170808555502,1.035123955253399,1.015217661857605,1.015217661857605,86950,0.0,0.0
1984-03-26 00:00:00-05:00,1.015217661857605,1.035123955253399,1.015217661857605,1.015217661857605,139708,0.0,0.0
1984-03-27 00:00:00-05:00,1.0152170661658577,1.0251702070236206,1.0152170661658577,1.0251702070236206,76963,0.0,0.0
1984-03-28 00:00:00-05:00,1.0251702070236206,1.0351233478813835,1.0152170661658577,1.0251702070236206,105280,0.0,0.0
1984-03-29 00:00:00-05:00,1.0251702070236206,1.0351233478813835,1.0251702070236206,1.0251702070236206,64390,0.0,0.0
1984-03-30 00:00:00-05:00,1.0251702070236206,1.0450763995141206,1.0152170661658577,1.0251702070236206,128428,0.0,0.0
1984-04-02 00:00:00-05:00,1.025170114025819,1.0450763047105385,0.9953107833862306,0.9953107833862305,262613,0.0,0.0
1984-04-03 00:00:00-05:00,0.9953113239763574,1.0052644693371449,0.98535817861557,0.9853581786155701,96350,0.0,0.0
1984-04-04 00:00:00-05:00,0.9853583457562657,1.0152176976784326,0.9853583457562657,1.0052646398544312,219255,0.0,0.0
1984-04-05 00:00:00-05:00,1.0052639233410992,1.0152169740709502,0.9953107833862306,0.9953107833862305,136888,0.0,0.0
1984-04-06 00:00:00-05:00,0.9953107833862306,1.0052639233410992,0.9754045927015109,0.9953107833862305,111978,0.0,0.0
1984-04-09 00:00:00-05:00,0.9953114928053485,1.0052646398544312,0.9853583457562657,1.0052646398544312,212910,0.0,0.0
1984-04-10 00:00:00-05:00,1.0052639233410992,1.0152169740709502,0.9953107833862306,0.9953107833862305,174958,0.0,0.0
1984-04-11 00:00:00-05:00,0.9953113239763574,1.0052644693371449,0.98535817861557,0.9853581786155701,73203,0.0,0.0
1984-04-12 00:00:00-05:00,0.9853576434313619,0.9953107833862306,0.9853576434313619,0.9953107833862305,164500,0.0,0.0
1984-04-13 00:00:00-05:00,0.9953114928053485,1.0052646398544312,0.9853583457562657,1.0052646398544312,234530,0.0,0.0
1984-04-16 00:00:00-05:00,1.0052639233410992,1.0052639233410992,0.9754045927015109,0.9953107833862305,144878,0.0,0.0
1984-04-17 00:00:00-05:00,0.9953107833862306,1.0052639233410992,0.9853576434313619,0.9953107833862305,173548,0.0,0.0
1984-04-18 00:00:00-05:00,0.9953107833862306,0.9953107833862306,0.9853576434313619,0.9953107833862305,219608,0.0,0.0
1984-04-19 00:00:00-05:00,0.9953113239763574,0.9953113239763574,0.9654519771190614,0.9853581786155701,196695,0.0,0.0
1984-04-23 00:00:00-05:00,0.9853576434313619,0.9953107833862306,0.9754045927015109,0.9953107833862305,214555,0.0,0.0
1984-04-24 00:00:00-05:00,0.9953107505948412,0.9953107505948412,0.9754045605659485,0.9754045605659485,262025,0.0,0.0
1984-04-25 00:00:00-05:00,0.9754045589640933,0.9853576093496869,0.9554982797428768,0.9654514193534851,151105,0.0,0.0
1984-04-26 00:00:00-05:00,0.9654517528703764,0.9654517528703764,0.9156862160757783,0.9355924129486084,288698,0.0,0.0
1984-04-27 00:00:00-05:00,0.9455450508208143,0.9654512370583583,0.9455450508208143,0.9554980993270874,174840,0.0,0.0
1984-04-30 00:00:00-04:00,0.9554982797428768,0.9654514193534851,0.9554982797428768,0.9654514193534851,124785,0.0,0.0
1984-05-01 00:00:00-04:00,0.9654519771190614,0.98535817861557,0.9455457756225528,0.9853581786155701,171550,0.0,0.0
1984-05-02 00:00:00-04:00,0.98535817861557,0.9953113239763574,0.98535817861557,0.9853581786155701,77315,0.0,0.0
1984-05-03 00:00:00-04:00,0.98535817861557,0.9953113239763574,0.9754051224798488,0.9853581786155701,154395,0.0,0.0
1984-05-04 00:00:00-04:00,0.9853576109678874,0.9953107505948412,0.9754045605659485,0.9754045605659485,175193,0.0,0.0
1984-05-07 00:00:00-04:00,0.9754045927015109,0.9953107833862306,0.9754045927015109,0.9953107833862305,77198,0.0,0.0
1984-05-08 00:00:00-04:00,0.9953107833862306,0.9953107833862306,0.9853576434313619,0.9953107833862305,98113,0.0,0.0
1984-05-09 00:00:00-04:00,0.9953109588537787,1.0649827723705607,0.9953109588537787,1.0550296306610107,302210,0.0,0.0
1984-05-10 00:00:00-04:00,1.0550296306610107,1.0649827723705607,1.045076488951461,1.0550296306610107,666695,0.0,0.0
1984-05-11 00:00:00-04:00,1.0550301025492919,1.0749363056468992,1.0550301025492919,1.0649832487106323,187178,0.0,0.0
1984-05-14 00:00:00-04:00,1.0649827723705607,1.0649827723705607,1.045076488951461,1.0550296306610107,156393,0.0,0.0
1984-05-15 00:00:00-04:00,1.0550296306610107,1.0550296306610107,1.045076488951461,1.0550296306610107,267195,0.0,0.0
1984-05-16 00:00:00-04:00,1.0550296306610107,1.0550296306610107,1.045076488951461,1.0550296306610107,133010,0.0,0.0
1984-05-17 00:00:00-04:00,1.0450763995141206,1.0450763995141206,1.0251702070236206,1.0251702070236206,84248,0.0,0.0
1984-05-18 00:00:00-04:00,1.025170808555502,1.035123955253399,1.0052646043847862,1.015217661857605,83543,0.0,0.0
1984-05-21 00:00:00-04:00,1.0152169740709502,1.0152169740709502,0.9953107833862306,0.9953107833862305,263435,0.0,0.0
1984-05-22 00:00:00-04:00,0.9953113239763574,1.0052644693371449,0.98535817861557,0.9853581786155701,139708,0.0,0.0
1984-05-23 00:00:00-04:00,0.9853576434313619,0.9953107833862306,0.9754045927015109,0.9953107833862305,220195,0.0,0.0
1984-05-24 00:00:00-04:00,0.9953107833862306,0.9953107833862306,0.9853576434313619,0.9953107833862305,73203,0.0,0.0
1984-05-25 00:00:00-04:00,0.9953113239763574,0.9953113239763574,0.98535817861557,0.9853581786155701,341455,0.0,0.0
1984-05-29 00:00:00-04:00,0.9853576093496869,0.9953107489602951,0.9654514193534851,0.9654514193534851,221018,0.0,0.0
1984-05-30 00:00:00-04:00,0.9654514527466422,0.9953107833862306,0.9654514527466422,0.9953107833862305,351208,0.0,0.0
1984-05-31 00:00:00-04:00,0.9953114928053485,1.0152176976784326,0.9953114928053485,1.0052646398544312,342278,0.0,0.0
1984-06-01 00:00:00-04:00,1.0052641005633285,1.0550296306610107,1.0052641005633285,1.0550296306610107,616288,0.0,0.0
1984-06-04 00:00:00-04:00,1.0550296306610107,1.0749358248550769,1.045076488951461,1.0550296306610107,216788,0.0,0.0
1984-06-05 00:00:00-04:00,1.0550301125413106,1.0649832587969157,1.0450769662857056,1.0450769662857056,67680,0.0,0.0
1984-06-06 00:00:00-04:00,1.0450769662857056,1.0550301125413106,1.0450769662857056,1.0450769662857056,128898,0.0,0.0
1984-06-07 00:00:00-04:00,1.0450769662857056,1.0550301125413106,1.035123909255175,1.0450769662857056,172373,0.0,0.0
1984-06-08 00:00:00-04:00,1.0450766405832839,1.0450766405832839,1.035123586654663,1.035123586654663,129015,0.0,0.0
1984-06-11 00:00:00-04:00,1.035123586654663,1.0450766405832839,1.035123586654663,1.035123586654663,249923,0.0,0.0
1984-06-12 00:00:00-04:00,1.0351233478813835,1.0351233478813835,1.0251702070236206,1.0251702070236206,86833,0.0,0.0
1984-06-13 00:00:00-04:00,1.025170443500996,1.0450766405832839,1.025170443500996,1.035123586654663,558595,0.0,0.0
1984-06-14 00:00:00-04:00,1.0593972867822246,1.0593972867822246,1.0388264916399947,1.0491118431091309,163443,0.357447,0.0
1984-06-15 00:00:00-04:00,1.0491116964284988,1.0491116964284988,1.0285409041623563,1.0388263463974,96468,0.0,0.0
1984-06-18 00:00:00-04:00,1.0388263463974,1.0388263463974,1.0182554619273125,1.0388263463974,205743,0.0,0.0
1984-06-19 00:00:00-04:00,1.0388260505731715,1.0491113976753343,1.0285406112670898,1.0285406112670898,334875,0.0,0.0
1984-06-20 00:00:00-04:00,1.0285406112670898,1.0388260505731715,1.0182551719610082,1.0285406112670898,437688,0.0,0.0
1984-06-21 00:00:00-04:00,1.0285406112670898,1.0388260505731715,1.0182551719610082,1.0285406112670898,152163,0.0,0.0
1984-06-22 00:00:00-04:00,1.0285406112670898,1.0388260505731715,1.0079698248588451,1.0285406112670898,265668,0.0,0.0
1984-06-25 00:00:00-04:00,1.0285406112670898,1.0388260505731715,1.0285406112670898,1.0285406112670898,60748,0.0,0.0
1984-06-26 00:00:00-04:00,1.0285406112670898,1.0388260505731715,1.0182551719610082,1.0285406112670898,70853,0.0,0.0
1984-06-27 00:00:00-04:00,1.0285409041623563,1.0388263463974,1.0182554619273125,1.0388263463974,95645,0.0,0.0
1984-06-28 00:00:00-04:00,1.0388263463974,1.0593971386635426,1.0285409041623563,1.0388263463974,422060,0.0,0.0
1984-06-29 00:00:00-04:00,1.0388263463974,1.0491116964284988,1.0388263463974,1.0388263463974,277888,0.0,0.0
1984-07-02 00:00:00-04:00,1.0388264916399947,1.0593972867822246,1.0388264916399947,1.0491118431091309,311610,0.0,0.0
1984-07-03 00:00:00-04:00,1.0491118431091309,1.0593972867822246,1.0491118431091309,1.0491118431091309,267195,0.0,0.0
1984-07-05 00:00:00-04:00,1.0491109512175156,1.0593963861465454,1.0491109512175156,1.0593963861465454,97643,0.0,0.0
1984-07-06 00:00:00-04:00,1.0593972867822246,1.0593972867822246,1.0491118431091309,1.0491118431091309,93295,0.0,0.0
1984-07-09 00:00:00-04:00,1.0491109512175156,1.0696818210755752,1.0491109512175156,1.0593963861465454,164030,0.0,0.0
1984-07-10 00:00:00-04:00,1.0593969195873512,1.0799677075995924,1.0593969195873512,1.0696823596954346,102460,0.0,0.0
1984-07-11 00:00:00-04:00,1.0696823596954346,1.0799677075995924,1.0593969195873512,1.0696823596954346,558243,0.0,0.0
1984-07-12 00:00:00-04:00,1.0696823596954346,1.090253147707676,1.0696823596954346,1.0696823596954346,97643,0.0,0.0
1984-07-13 00:00:00-04:00,1.0696823596954346,1.0799677075995924,1.0696823596954346,1.0696823596954346,165910,0.0,0.0
1984-07-16 00:00:00-04:00,1.0696818210755752,1.079967163800726,1.0491109512175156,1.0593963861465454,199868,0.0,0.0
1984-07-17 00:00:00-04:00,1.0593972867822246,1.0593972867822246,1.0491118431091309,1.0491118431091309,261085,0.0,0.0
1984-07-18 00:00:00-04:00,1.0491109512175156,1.0696818210755752,1.0491109512175156,1.0593963861465454,106220,0.0,0.0
1984-07-19 00:00:00-04:00,1.0593972867822246,1.0696827304553183,1.0491118431091309,1.0491118431091309,186238,0.0,0.0
1984-07-20 00:00:00-04:00,1.0491118431091309,1.0593972867822246,1.0388264916399947,1.0491118431091309,63803,0.0,0.0
1984-07-23 00:00:00-04:00,1.038825714362198,1.038825714362198,0.9976840626570891,1.0079694986343384,305735,0.0,0.0
1984-07-24 00:00:00-04:00,1.0079694986343384,1.0182548424076991,0.9976840626570891,1.0079694986343384,300448,0.0,0.0
1984-07-25 00:00:00-04:00,1.0079694986343384,1.0182548424076991,0.9976840626570891,1.0079694986343384,585268,0.0,0.0
1984-07-26 00:00:00-04:00,1.0079694986343384,1.0182548424076991,0.9976840626570891,1.0079694986343384,117853,0.0,0.0
1984-07-27 00:00:00-04:00,1.0079694986343384,1.0285402783849487,0.9976840626570891,1.0079694986343384,227833,0.0,0.0
1984-07-30 00:00:00-04:00,1.0079694986343384,1.0182548424076991,1.0079694986343384,1.0079694986343384,64625,0.0,0.0
1984-07-31 00:00:00-04:00,1.0079698248588451,1.0491113976753343,1.0079698248588451,1.0285406112670898,443563,0.0,0.0
1984-08-01 00:00:00-04:00,1.0388256084923648,1.079967163800726,1.0388256084923648,1.0593963861465454,177543,0.0,0.0
1984-08-02 00:00:00-04:00,1.059396629248184,1.110823631286621,1.0491111919589364,1.110823631286621,192583,0.0,0.0
1984-08-03 00:00:00-04:00,1.1108241450068164,1.1108241450068164,1.0696825612309768,1.0902533531188965,531805,0.0,0.0
1984-08-06 00:00:00-04:00,1.0902533531188965,1.1108241450068164,1.0799679110729652,1.0902533531188965,781728,0.0,0.0
1984-08-07 00:00:00-04:00,1.0902535253689796,1.1108243205068968,1.0696827302310623,1.100538969039917,508070,0.0,0.0
1984-08-08 00:00:00-04:00,1.1005382862012738,1.1211090685758687,1.1005382862012738,1.110823631286621,305970,0.0,0.0
1984-08-09 00:00:00-04:00,1.1108240445108108,1.1313949267416306,1.1005386955993357,1.1211094856262207,126430,0.0,0.0
1984-08-10 00:00:00-04:00,1.121109685357999,1.1725367156891835,1.121109685357999,1.1416804790496826,853168,0.0,0.0
1984-08-13 00:00:00-04:00,1.1416810535128696,1.1519665016360476,1.131395697593689,1.131395697593689,342513,0.0,0.0
1984-08-14 00:00:00-04:00,1.1313951283058163,1.1519659219975,1.1313951283058163,1.1416804790496826,381170,0.0,0.0
1984-08-15 00:00:00-04:00,1.1416804790496826,1.1519659219975,1.1313951283058163,1.1416804790496826,65565,0.0,0.0
1984-08-16 00:00:00-04:00,1.1416804790496826,1.1519659219975,1.1416804790496826,1.1416804790496826,104693,0.0,0.0
1984-08-17 00:00:00-04:00,1.1416804790496826,1.1519659219975,1.1416804790496826,1.1416804790496826,70148,0.0,0.0
1984-08-20 00:00:00-04:00,1.1622511435629754,1.1828219333363927,1.1622511435629754,1.1725364923477173,523463,0.0,0.0
1984-08-21 00:00:00-04:00,1.1725375457539764,1.1725375457539764,1.1622521877288818,1.1622521877288818,159448,0.0,0.0
1984-08-22 00:00:00-04:00,1.1622511435629754,1.1725364923477173,1.1519657025743002,1.1725364923477173,414775,0.0,0.0
1984-08-23 00:00:00-04:00,1.1725371344272384,1.1725371344272384,1.1519663333892822,1.1519663333892822,292223,0.0,0.0
1984-08-24 00:00:00-04:00,1.1519667374997709,1.1725375457539764,1.1416812872706599,1.1622521877288818,499963,0.0,0.0
1984-08-27 00:00:00-04:00,1.1622521877288818,1.1725375457539764,1.1519667374997709,1.1622521877288818,151223,0.0,0.0
1984-08-28 00:00:00-04:00,1.1622521877288818,1.1622521877288818,1.1519667374997709,1.1622521877288818,70265,0.0,0.0
1984-08-29 00:00:00-04:00,1.1622513649453172,1.1622513649453172,1.1416804790496826,1.1416804790496826,97408,0.0,0.0
1984-08-30 00:00:00-04:00,1.1416808867683121,1.1519663333892822,1.1313955323513263,1.1519663333892822,100580,0.0,0.0
1984-08-31 00:00:00-04:00,1.1519659219975,1.1519659219975,1.1313951283058163,1.1416804790496826,56988,0.0,0.0
1984-09-04 00:00:00-04:00,1.1416804790496826,1.1416804790496826,1.121109685357999,1.1416804790496826,164618,0.0,0.0
1984-09-05 00:00:00-04:00,1.1416810535128696,1.1416810535128696,1.131395697593689,1.131395697593689,101520,0.0,0.0
1984-09-06 00:00:00-04:00,1.1313959292455653,1.1622521877288818,1.1313959292455653,1.1622521877288818,115620,0.0,0.0
1984-09-07 00:00:00-04:00,1.1519659219975,1.1519659219975,1.1416804790496826,1.1416804790496826,639083,0.0,0.0
1984-09-10 00:00:00-04:00,1.1416810535128696,1.1519665016360476,1.131395697593689,1.131395697593689,77903,0.0,0.0
1984-09-11 00:00:00-04:00,1.131395697593689,1.1519665016360476,1.131395697593689,1.131395697593689,1472275,0.0,0.0
1984-09-12 00:00:00-04:00,1.1313951283058163,1.1416804790496826,1.1313951283058163,1.1416804790496826,1438318,0.0,0.0
1984-09-13 00:00:00-04:00,1.1416810535128696,1.1416810535128696,1.1211102494705107,1.131395697593689,141470,0.0,0.0
1984-09-14 00:00:00-04:00,1.1564335823059082,1.1564335823059082,1.1139956116696526,1.1564335823059082,944113,0.357447,0.0
1984-09-17 00:00:00-04:00,1.15643392788768,1.1776528719921942,1.1458244082808533,1.1670434474945068,199633,0.0,0.0
1984-09-18 00:00:00-04:00,1.1670431754032238,1.18826211456063,1.1670431754032238,1.1776525974273682,143115,0.0,0.0
1984-09-19 00:00:00-04:00,1.1776524615217725,1.2094809141393155,1.1776524615217725,1.1988714933395386,389630,0.0,0.0
1984-09-20 00:00:00-04:00,1.1988714532525522,1.2306999048058387,1.1882619376984225,1.220090389251709,603950,0.0,0.0
1984-09-21 00:00:00-04:00,1.2200901568052498,1.2200901568052498,1.2094806432724,1.2094806432724,341338,0.0,0.0
1984-09-24 00:00:00-04:00,1.2094809141393155,1.2200904300481985,1.1988714933395386,1.1988714933395386,61218,0.0,0.0
1984-09-25 00:00:00-04:00,1.1988719828568755,1.1988719828568755,1.1776529423750581,1.1882624626159668,184358,0.0,0.0
1984-09-26 00:00:00-04:00,1.1882624626159668,1.1988719828568755,1.1670435172432947,1.1882624626159668,129838,0.0,0.0
1984-09-27 00:00:00-04:00,1.1988714532525522,1.220090389251709,1.1988714532525522,1.220090389251709,92708,0.0,0.0
1984-09-28 00:00:00-04:00,1.2200901568052498,1.2200901568052498,1.198871224848635,1.2094806432724,231475,0.0,0.0
1984-10-01 00:00:00-04:00,1.1988719828568755,1.1988719828568755,1.1776529423750581,1.1882624626159668,334523,0.0,0.0
1984-10-02 00:00:00-04:00,1.1882624626159668,1.1988719828568755,1.1882624626159668,1.1882624626159668,66505,0.0,0.0
1984-10-03 00:00:00-04:00,1.1882619774306555,1.2094809141393155,1.1776524615217725,1.1988714933395386,165558,0.0,0.0
1984-10-04 00:00:00-04:00,1.1988714933395386,1.2094809141393155,1.1882619774306555,1.1988714933395386,94940,0.0,0.0
1984-10-05 00:00:00-04:00,1.1988714145360597,1.2413092851638794,1.1882618993245546,1.2413092851638794,299390,0.0,0.0
1984-10-08 00:00:00-04:00,1.2413091354829422,1.2625279731291184,1.2413091354829422,1.2519185543060303,174605,0.0,0.0
1984-10-09 00:00:00-04:00,1.2519185543060303,1.2625279731291184,1.2200902027276774,1.2519185543060303,126900,0.0,0.0
1984-10-10 00:00:00-04:00,1.2519185543060303,1.2625279731291184,1.2519185543060303,1.2519185543060303,163560,0.0,0.0
1984-10-11 00:00:00-04:00,1.2519185543060303,1.2625279731291184,1.2413091354829422,1.2519185543060303,226658,0.0,0.0
1984-10-12 00:00:00-04:00,1.2519173420150809,1.2731362542230662,1.2519173420150809,1.2625267505645752,348858,0.0,0.0
1984-10-15 00:00:00-04:00,1.262528409456553,1.2731379270553589,1.262528409456553,1.2731379270553589,293750,0.0,0.0
1984-10-16 00:00:00-04:00,1.2731374870612948,1.2731374870612948,1.2519185543060303,1.2519185543060303,242520,0.0,0.0
1984-10-17 00:00:00-04:00,1.2519185543060303,1.2625279731291184,1.2413091354829422,1.2519185543060303,171903,0.0,0.0
1984-10-18 00:00:00-04:00,1.251917698387119,1.2837461233139038,1.251917698387119,1.2837461233139038,489740,0.0,0.0
1984-10-19 00:00:00-04:00,1.2837474446541646,1.2943568671438492,1.209481106789888,1.2731379270553589,351795,0.0,0.0
1984-10-22 00:00:00-04:00,1.2731379270553589,1.2837474446541646,1.262528409456553,1.2731379270553589,98935,0.0,0.0
1984-10-23 00:00:00-04:00,1.2731379270553589,1.2837474446541646,1.2731379270553589,1.2731379270553589,305265,0.0,0.0
1984-10-24 00:00:00-04:00,1.2731366166353009,1.294355534883483,1.2731366166353009,1.2837461233139038,218315,0.0,0.0
1984-10-25 00:00:00-04:00,1.2837474446541646,1.2943568671438492,1.262528409456553,1.2731379270553589,336755,0.0,0.0
1984-10-26 00:00:00-04:00,1.2731374870612948,1.2731374870612948,1.2519185543060303,1.2519185543060303,55225,0.0,0.0
1984-10-29 00:00:00-05:00,1.2519184950354558,1.2625279133562537,1.2306996583938599,1.2306996583938599,72263,0.0,0.0
1984-10-30 00:00:00-05:00,1.2306998650614744,1.2625281253686893,1.2306998650614744,1.2413092851638794,131013,0.0,0.0
1984-10-31 00:00:00-05:00,1.2519189869668685,1.2731379270553589,1.2519189869668685,1.2731379270553589,111273,0.0,0.0
1984-11-01 00:00:00-05:00,1.2731379270553589,1.2731379270553589,1.262528409456553,1.2731379270553589,199163,0.0,0.0
1984-11-02 00:00:00-05:00,1.2837471643756042,1.3049660998313968,1.2837471643756042,1.2943565845489502,372475,0.0,0.0
1984-11-05 00:00:00-05:00,1.2943565845489502,1.3049660998313968,1.2943565845489502,1.2943565845489502,163325,0.0,0.0
1984-11-06 00:00:00-05:00,1.2943561039295914,1.3155751266154525,1.2943561039295914,1.304965615272522,115150,0.0,0.0
1984-11-07 00:00:00-05:00,1.304965615272522,1.3155751266154525,1.2943561039295914,1.304965615272522,227480,0.0,0.0
1984-11-08 00:00:00-05:00,1.304965615272522,1.3155751266154525,1.304965615272522,1.304965615272522,164500,0.0,0.0
1984-11-09 00:00:00-05:00,1.304965615272522,1.3155751266154525,1.2943561039295914,1.304965615272522,157098,0.0,0.0
1984-11-12 00:00:00-05:00,1.304965615272522,1.3155751266154525,1.304965615272522,1.304965615272522,114093,0.0,0.0
1984-11-13 00:00:00-05:00,1.3049660998313968,1.3049660998313968,1.2943565845489502,1.2943565845489502,99758,0.0,0.0
1984-11-14 00:00:00-05:00,1.2943551664310515,1.2943551664310515,1.2625267505645752,1.2625267505645752,81075,0.0,0.0
1984-11-15 00:00:00-05:00,1.2625271099566981,1.294355534883483,1.2625271099566981,1.2837461233139038,223955,0.0,0.0
1984-11-16 00:00:00-05:00,1.283745757881557,1.2943551664310515,1.2625267505645752,1.2625267505645752,121848,0.0,0.0
1984-11-19 00:00:00-05:00,1.2625267505645752,1.2731362542230662,1.2519173420150809,1.2625267505645752,116090,0.0,0.0
1984-11-20 00:00:00-05:00,1.262528409456553,1.2837474446541646,1.2519189869668685,1.2731379270553589,115855,0.0,0.0
1984-11-21 00:00:00-05:00,1.2731366166353009,1.2837461233139038,1.2731366166353009,1.2837461233139038,101050,0.0,0.0
1984-11-23 00:00:00-05:00,1.2837466876957262,1.3155751266154525,1.2731371763527954,1.304965615272522,183535,0.0,0.0
1984-11-26 00:00:00-05:00,1.304965615272522,1.3155751266154525,1.304965615272522,1.304965615272522,73320,0.0,0.0
1984-11-27 00:00:00-05:00,1.3049666757521137,1.315576195716858,1.2943571557873697,1.315576195716858,202453,0.0,0.0
1984-11-28 00:00:00-05:00,1.3155758047378665,1.3367947432521072,1.3155758047378665,1.3261852264404297,1221765,0.0,0.0
1984-11-29 00:00:00-05:00,1.3261848624733596,1.336794376373291,1.3261848624733596,1.336794376373291,656708,0.0,0.0
1984-11-30 00:00:00-05:00,1.3261848624733596,1.336794376373291,1.3261848624733596,1.336794376373291,213380,0.0,0.0
1984-12-03 00:00:00-05:00,1.3261845428493177,1.3367940541922483,1.2943561039295914,1.304965615272522,159683,0.0,0.0
1984-12-04 00:00:00-05:00,1.3155758047378665,1.3261852264404297,1.304966287926189,1.3261852264404297,769390,0.0,0.0
1984-12-05 00:00:00-05:00,1.3261852264404297,1.3261852264404297,1.3155758047378665,1.3261852264404297,74495,0.0,0.0
1984-12-06 00:00:00-05:00,1.3155754436825167,1.336794376373291,1.3155754436825167,1.336794376373291,158625,0.0,0.0
1984-12-07 00:00:00-05:00,1.3261856205724594,1.3367951405372036,1.315576195716858,1.315576195716858,503958,0.0,0.0
1984-12-10 00:00:00-05:00,1.315576195716858,1.3261856205724594,1.315576195716858,1.315576195716858,162973,0.0,0.0
1984-12-11 00:00:00-05:00,1.3085966110229492,1.31950161862609,1.3085966110229492,1.3085966110229492,409370,0.357447,0.0
1984-12-12 00:00:00-05:00,1.308596748869896,1.3304066686155798,1.308596748869896,1.3195017576217651,144173,0.0,0.0
1984-12-13 00:00:00-05:00,1.3195017576217651,1.3304066686155798,1.3195017576217651,1.3195017576217651,109980,0.0,0.0
1984-12-14 00:00:00-05:00,1.3195017576217651,1.3304066686155798,1.308596748869896,1.3195017576217651,104810,0.0,0.0
1984-12-17 00:00:00-05:00,1.3304061889648438,1.3413111937851365,1.3195012819025704,1.3304061889648438,176485,0.0,0.0
1984-12-18 00:00:00-05:00,1.3413113035145743,1.4067411422729492,1.3304062978021693,1.4067411422729492,568700,0.0,0.0
1984-12-19 00:00:00-05:00,1.3958357540412802,1.4067407567652435,1.3740258463513542,1.3849308490753174,250745,0.0,0.0
1984-12-20 00:00:00-05:00,1.384930769353426,1.395835673691661,1.3413108587265015,1.3413108587265015,424645,0.0,0.0
1984-12-21 00:00:00-05:00,1.3413108587265015,1.3522158608227315,1.3304058566302717,1.3413108587265015,201865,0.0,0.0
1984-12-24 00:00:00-05:00,1.3413111937851365,1.3413111937851365,1.3304061889648438,1.3304061889648438,57458,0.0,0.0
1984-12-26 00:00:00-05:00,1.3304061889648438,1.3413111937851365,1.3195012819025704,1.3304061889648438,52640,0.0,0.0
1984-12-27 00:00:00-05:00,1.3195017576217651,1.3304066686155798,1.308596748869896,1.3195017576217651,146640,0.0,0.0
1984-12-28 00:00:00-05:00,1.308597012947612,1.3522169589996338,1.308597012947612,1.3522169589996338,202335,0.0,0.0
1984-12-31 00:00:00-05:00,1.3413117408949276,1.395836591720581,1.330406731626573,1.395836591720581,277065,0.0,0.0
1985-01-02 00:00:00-05:00,1.3849318940991315,1.3849318940991315,1.3304069370945857,1.3522169589996338,215143,0.0,0.0
1985-01-03 00:00:00-05:00,1.3413108587265015,1.3631207651609663,1.3304058566302717,1.3413108587265015,77785,0.0,0.0
1985-01-04 00:00:00-05:00,1.3413111937851365,1.3413111937851365,1.3195012819025704,1.3304061889648438,33370,0.0,0.0
1985-01-07 00:00:00-05:00,1.3304058566302717,1.3413108587265015,1.3195009522920367,1.3413108587265015,275655,0.0,0.0
1985-01-08 00:00:00-05:00,1.3413111937851365,1.3413111937851365,1.3304061889648438,1.3304061889648438,105398,0.0,0.0
1985-01-09 00:00:00-05:00,1.3413108587265015,1.3413108587265015,1.3085959501958069,1.3413108587265015,90710,0.0,0.0
1985-01-10 00:00:00-05:00,1.3304069370945857,1.3522169589996338,1.308597012947612,1.3522169589996338,100463,0.0,0.0
1985-01-11 00:00:00-05:00,1.3522161986054293,1.3522161986054293,1.3304061889648438,1.3304061889648438,152633,0.0,0.0
1985-01-14 00:00:00-05:00,1.3413119480471098,1.3522169589996338,1.3304069370945857,1.3522169589996338,101285,0.0,0.0
1985-01-15 00:00:00-05:00,1.3522169589996338,1.3631218721940834,1.3413119480471098,1.3522169589996338,778438,0.0,0.0
1985-01-16 00:00:00-05:00,1.3631211519241333,1.3631211519241333,1.341311239301465,1.3631211519241333,293163,0.0,0.0
1985-01-17 00:00:00-05:00,1.3631207651609663,1.3631207651609663,1.3195009522920367,1.3413108587265015,106455,0.0,0.0
1985-01-18 00:00:00-05:00,1.3413108587265015,1.3522158608227315,1.3304058566302717,1.3413108587265015,113975,0.0,0.0
1985-01-21 00:00:00-05:00,1.3413111937851365,1.3522161986054293,1.3304061889648438,1.3304061889648438,194698,0.0,0.0
1985-01-22 00:00:00-05:00,1.3304061889648438,1.3849311153082882,1.3085962770822777,1.3304061889648438,320423,0.0,0.0
1985-01-23 00:00:00-05:00,1.3413119480471098,1.3522169589996338,1.3304069370945857,1.3522169589996338,180128,0.0,0.0
1985-01-24 00:00:00-05:00,1.3413111937851365,1.3522161986054293,1.3195012819025704,1.3304061889648438,439333,0.0,0.0
1985-01-25 00:00:00-05:00,1.3413111937851365,1.3413111937851365,1.3195012819025704,1.3304061889648438,491973,0.0,0.0
1985-01-28 00:00:00-05:00,1.3304061889648438,1.3413111937851365,1.3195012819025704,1.3304061889648438,123258,0.0,0.0
1985-01-29 00:00:00-05:00,1.3195017576217651,1.3304066686155798,1.3195017576217651,1.3195017576217651,87303,0.0,0.0
1985-01-30 00:00:00-05:00,1.3413111937851365,1.3522161986054293,1.3195012819025704,1.3304061889648438,868795,0.0,0.0
1985-01-31 00:00:00-05:00,1.3304061889648438,1.3304061889648438,1.3085962770822777,1.3304061889648438,119145,0.0,0.0
1985-02-01 00:00:00-05:00,1.3304061889648438,1.3304061889648438,1.3195012819025704,1.3304061889648438,150988,0.0,0.0
1985-02-04 00:00:00-05:00,1.319502023900136,1.3631218721940834,1.319502023900136,1.3522169589996338,202100,0.0,0.0
1985-02-05 00:00:00-05:00,1.3631207651609663,1.3740257672571963,1.3413108587265015,1.3413108587265015,424645,0.0,0.0
1985-02-06 00:00:00-05:00,1.3413108587265015,1.3522158608227315,1.3304058566302717,1.3413108587265015,158860,0.0,0.0
1985-02-07 00:00:00-05:00,1.3413108587265015,1.3522158608227315,1.3304058566302717,1.3413108587265015,134420,0.0,0.0
1985-02-08 00:00:00-05:00,1.3522158608227315,1.3522158608227315,1.3085959501958069,1.3413108587265015,498788,0.0,0.0
1985-02-11 00:00:00-05:00,1.3522161986054293,1.3522161986054293,1.3195012819025704,1.3304061889648438,136653,0.0,0.0
1985-02-12 00:00:00-05:00,1.341311239301465,1.3631211519241333,1.3304062341111196,1.3631211519241333,91885,0.0,0.0
1985-02-13 00:00:00-05:00,1.3631208191575868,1.3849308242139953,1.3631208191575868,1.374025821685791,215848,0.0,0.0
1985-02-14 00:00:00-05:00,1.374025821685791,1.3849308242139953,1.3631208191575868,1.374025821685791,159918,0.0,0.0
1985-02-15 00:00:00-05:00,1.374025821685791,1.3849308242139953,1.3631208191575868,1.374025821685791,59103,0.0,0.0
1985-02-19 00:00:00-05:00,1.3849308490753174,1.3849308490753174,1.3631208436273907,1.3849308490753174,108923,0.0,0.0
1985-02-20 00:00:00-05:00,1.3740261571144787,1.3849311623048242,1.3631211519241333,1.3631211519241333,81193,0.0,0.0
1985-02-21 00:00:00-05:00,1.3740261571144787,1.3740261571144787,1.3522162444918104,1.3631211519241333,217375,0.0,0.0
1985-02-22 00:00:00-05:00,1.374025821685791,1.374025821685791,1.3522159143873813,1.374025821685791,360020,0.0,0.0
1985-02-25 00:00:00-05:00,1.3631211519241333,1.3740261571144787,1.3522162444918104,1.3631211519241333,198575,0.0,0.0
1985-02-26 00:00:00-05:00,1.3631208191575868,1.3849308242139953,1.3522159143873813,1.374025821685791,147580,0.0,0.0
1985-02-27 00:00:00-05:00,1.3740258463513542,1.3849308490753174,1.3631208436273907,1.3849308490753174,252273,0.0,0.0
1985-02-28 00:00:00-05:00,1.3849308490753174,1.3849308490753174,1.3085960255235751,1.3849308490753174,307850,0.0,0.0
1985-03-01 00:00:00-05:00,1.3740258463513542,1.3849308490753174,1.3740258463513542,1.3849308490753174,161798,0.0,0.0
1985-03-04 00:00:00-05:00,1.3849308490753174,1.3849308490753174,1.3740258463513542,1.3849308490753174,95528,0.0,0.0
1985-03-05 00:00:00-05:00,1.374025821685791,1.3849308242139953,1.374025821685791,1.374025821685791,360373,0.0,0.0
1985-03-06 00:00:00-05:00,1.3849308242139953,1.3849308242139953,1.374025821685791,1.374025821685791,376823,0.0,0.0
1985-03-07 00:00:00-05:00,1.3740258463513542,1.3849308490753174,1.3740258463513542,1.3849308490753174,288345,0.0,0.0
1985-03-08 00:00:00-05:00,1.3740268831466076,1.3849318940991315,1.3522169589996338,1.3522169589996338,445678,0.0,0.0
1985-03-11 00:00:00-05:00,1.3522159143873813,1.374025821685791,1.3522159143873813,1.374025821685791,828140,0.0,0.0
1985-03-12 00:00:00-05:00,1.3631211519241333,1.3740261571144787,1.3631211519241333,1.3631211519241333,1267825,0.0,0.0
1985-03-13 00:00:00-05:00,1.374025821685791,1.3958357289842007,1.3631208191575868,1.374025821685791,2043325,0.0,0.0
1985-03-14 00:00:00-05:00,1.3849308242139953,1.3849308242139953,1.374025821685791,1.374025821685791,1117073,0.0,0.0
1985-03-15 00:00:00-05:00,1.366855142646275,1.3892626780934714,1.366855142646275,1.378058910369873,644958,0.357447,0.0
1985-03-18 00:00:00-05:00,1.3780596603015287,1.3892634341221521,1.3556522130966187,1.3556522130966187,366248,0.0,0.0
1985-03-19 00:00:00-05:00,1.355651475358959,1.378058910369873,1.355651475358959,1.378058910369873,267900,0.0,0.0
1985-03-20 00:00:00-05:00,1.3780591228515473,1.4004665613174438,1.3780591228515473,1.4004665613174438,207975,0.0,0.0
1985-03-21 00:00:00-05:00,1.4004665613174438,1.411670330768541,1.3892628923026444,1.4004665613174438,110920,0.0,0.0
1985-03-22 00:00:00-05:00,1.389263240728787,1.4116706848144531,1.389263240728787,1.4116706848144531,233120,0.0,0.0
1985-03-25 00:00:00-05:00,1.411670330768541,1.4228741002196381,1.3444479149345538,1.4004665613174438,105163,0.0,0.0
1985-03-26 00:00:00-05:00,1.4004665613174438,1.4228741002196381,1.3892628923026444,1.4004665613174438,84365,0.0,0.0
1985-03-27 00:00:00-05:00,1.4004665542663488,1.422874093055725,1.4004665542663488,1.422874093055725,87890,0.0,0.0
1985-03-28 00:00:00-05:00,1.422874093055725,1.434077762014116,1.411670323661037,1.422874093055725,220430,0.0,0.0
1985-03-29 00:00:00-05:00,1.4340778241092096,1.4788928031921387,1.4228741546657035,1.4788928031921387,619343,0.0,0.0
1985-04-01 00:00:00-05:00,1.4564856848267551,1.501300573348999,1.3892632516070655,1.501300573348999,388103,0.0,0.0
1985-04-02 00:00:00-05:00,1.4900965730719464,1.5013002425154525,1.4788928031921387,1.4788928031921387,132188,0.0,0.0
1985-04-03 00:00:00-05:00,1.5125043456977219,1.523708118046445,1.501300573348999,1.501300573348999,588440,0.0,0.0
1985-04-04 00:00:00-05:00,1.5013017501799628,1.5125055313110352,1.5013017501799628,1.5125055313110352,483043,0.0,0.0
1985-04-08 00:00:00-05:00,1.501300573348999,1.5125043456977219,1.4004669235194647,1.501300573348999,194933,0.0,0.0
1985-04-09 00:00:00-05:00,1.4900966882705688,1.5013003585802251,1.4788929175246033,1.4900966882705688,215613,0.0,0.0
1985-04-10 00:00:00-05:00,1.4900965730719464,1.5013002425154525,1.4788928031921387,1.4788928031921387,404905,0.0,0.0
1985-04-11 00:00:00-05:00,1.4900966882705688,1.4900966882705688,1.4788929175246033,1.4900966882705688,207740,0.0,0.0
1985-04-12 00:00:00-05:00,1.4900966882705688,1.5013003585802251,1.4788929175246033,1.4900966882705688,255915,0.0,0.0
1985-04-15 00:00:00-05:00,1.4900966882705688,1.5013003585802251,1.4788929175246033,1.4900966882705688,728735,0.0,0.0
1985-04-16 00:00:00-05:00,1.5013003585802251,1.5013003585802251,1.4788929175246033,1.4900966882705688,669633,0.0,0.0
1985-04-17 00:00:00-05:00,1.501300573348999,1.5125043456977219,1.4900969014366,1.501300573348999,573283,0.0,0.0
1985-04-18 00:00:00-05:00,1.5125043456977219,1.5125043456977219,1.4900969014366,1.501300573348999,452023,0.0,0.0
1985-04-19 00:00:00-05:00,1.4900966882705688,1.5013003585802251,1.4788929175246033,1.4900966882705688,196225,0.0,0.0
1985-04-22 00:00:00-05:00,1.4900965730719464,1.5013002425154525,1.4788928031921387,1.4788928031921387,263435,0.0,0.0
1985-04-23 00:00:00-05:00,1.4900966882705688,1.4900966882705688,1.4788929175246033,1.4900966882705688,305618,0.0,0.0
1985-04-24 00:00:00-05:00,1.4900966882705688,1.5013003585802251,1.4788929175246033,1.4900966882705688,238525,0.0,0.0
1985-04-25 00:00:00-05:00,1.4788928031921387,1.4900965730719464,1.4788928031921387,1.4788928031921387,103048,0.0,0.0
1985-04-26 00:00:00-05:00,1.4900966882705688,1.4900966882705688,1.4788929175246033,1.4900966882705688,126078,0.0,0.0
1985-04-29 00:00:00-04:00,1.478893047471996,1.4900968192024147,1.4676892757415771,1.4676892757415771,127605,0.0,0.0
1985-04-30 00:00:00-04:00,1.4676890333123311,1.4788928031921387,1.4564853638688249,1.4788928031921387,209150,0.0,0.0
1985-05-01 00:00:00-04:00,1.4452824592590332,1.4676899119973696,1.4452824592590332,1.4452824592590332,124550,0.0,0.0
1985-05-02 00:00:00-04:00,1.4452824592590332,1.4564862358463824,1.434078682671684,1.4452824592590332,145818,0.0,0.0
1985-05-03 00:00:00-04:00,1.4452813839926444,1.4564851522445679,1.434077615740721,1.4564851522445679,83895,0.0,0.0
1985-05-06 00:00:00-04:00,1.445281832717058,1.4676892757415771,1.445281832717058,1.4676892757415771,113505,0.0,0.0
1985-05-07 00:00:00-04:00,1.4676893567391542,1.501300573348999,1.4676893567391542,1.501300573348999,247103,0.0,0.0
1985-05-08 00:00:00-04:00,1.4900966882705688,1.5125041293261907,1.4900966882705688,1.4900966882705688,483278,0.0,0.0
1985-05-09 00:00:00-04:00,1.4900966882705688,1.5013003585802251,1.4788929175246033,1.4900966882705688,75788,0.0,0.0
1985-05-10 00:00:00-04:00,1.5013003585802251,1.5013003585802251,1.4900966882705688,1.4900966882705688,88008,0.0,0.0
1985-05-13 00:00:00-04:00,1.4900969014366,1.501300573348999,1.4900969014366,1.501300573348999,117500,0.0,0.0
1985-05-14 00:00:00-04:00,1.5013003585802251,1.5013003585802251,1.4788929175246033,1.4900966882705688,431813,0.0,0.0
1985-05-15 00:00:00-04:00,1.4900966882705688,1.5013003585802251,1.4788929175246033,1.4900966882705688,257443,0.0,0.0
1985-05-16 00:00:00-04:00,1.4900969014366,1.501300573348999,1.4676893567391542,1.501300573348999,204450,0.0,0.0
1985-05-17 00:00:00-04:00,1.490098069485293,1.5237093124421073,1.490098069485293,1.5125055313110352,345685,0.0,0.0
1985-05-20 00:00:00-04:00,1.5237084351311094,1.5461158840552354,1.5125046604508743,1.534912109375,539795,0.0,0.0
1985-05-21 00:00:00-04:00,1.5237093124421073,1.534912993136777,1.490098069485293,1.5125055313110352,564470,0.0,0.0
1985-05-22 00:00:00-04:00,1.5013003585802251,1.5125041293261907,1.4788929175246033,1.4900966882705688,522640,0.0,0.0
1985-05-23 00:00:00-04:00,1.478893047471996,1.4900968192024147,1.4676892757415771,1.4676892757415771,224190,0.0,0.0
1985-05-24 00:00:00-04:00,1.478893047471996,1.478893047471996,1.4676892757415771,1.4676892757415771,200220,0.0,0.0
1985-05-28 00:00:00-04:00,1.4788928031921387,1.5013002425154525,1.4788928031921387,1.4788928031921387,210443,0.0,0.0
1985-05-29 00:00:00-04:00,1.4900966882705688,1.4900966882705688,1.4788929175246033,1.4900966882705688,673510,0.0,0.0
1985-05-30 00:00:00-04:00,1.4900968192024147,1.4900968192024147,1.4676892757415771,1.4676892757415771,276243,0.0,0.0
1985-05-31 00:00:00-04:00,1.4676891467786377,1.4900966882705688,1.4676891467786377,1.4900966882705688,555070,0.0,0.0
1985-06-03 00:00:00-04:00,1.4900969014366,1.501300573348999,1.478893129087877,1.501300573348999,646250,0.0,0.0
1985-06-04 00:00:00-04:00,1.501300885770639,1.534912109375,1.4900972115267483,1.534912109375,945993,0.0,0.0
1985-06-05 00:00:00-04:00,1.5349109170659438,1.5573184490203857,1.5237072515249894,1.5573184490203857,476580,0.0,0.0
1985-06-06 00:00:00-04:00,1.55731925292921,1.5797266960144043,1.5461154811684537,1.5797266960144043,219725,0.0,0.0
1985-06-07 00:00:00-04:00,1.579725880538561,1.579725880538561,1.5573184490203857,1.5573184490203857,170140,0.0,0.0
1985-06-10 00:00:00-04:00,1.5685221145613402,1.579725880538561,1.5573184490203857,1.5573184490203857,1554525,0.0,0.0
1985-06-11 00:00:00-04:00,1.5685230493545532,1.5797268220088903,1.5573193771365423,1.5685230493545532,3094950,0.0,0.0
1985-06-12 00:00:00-04:00,1.5685229184450131,1.590930461883545,1.5573192471620652,1.590930461883545,531218,0.0,0.0
1985-06-13 00:00:00-04:00,1.5909305946632275,1.5909305946632275,1.5685230493545532,1.5685230493545532,1932875,0.0,0.0
1985-06-14 00:00:00-04:00,1.5841344594955444,1.5841344594955444,1.5611760174045206,1.5841344594955444,372710,0.357447,0.0
1985-06-17 00:00:00-04:00,1.5841344594955444,1.5956137319940802,1.572655186997009,1.5841344594955444,212910,0.0,0.0
1985-06-18 00:00:00-04:00,1.5841344456347421,1.607092887524885,1.5841344456347421,1.595613718032837,262260,0.0,0.0
1985-06-19 00:00:00-04:00,1.607092887524885,1.607092887524885,1.595613718032837,1.595613718032837,147345,0.0,0.0
1985-06-20 00:00:00-04:00,1.5956146349466438,1.6070938110351562,1.5841353559520257,1.6070938110351562,208915,0.0,0.0
1985-06-21 00:00:00-04:00,1.6070938110351562,1.6070938110351562,1.5841353559520257,1.6070938110351562,502430,0.0,0.0
1985-06-24 00:00:00-04:00,1.6070929015865683,1.6070929015865683,1.572655186997009,1.5841344594955444,631915,0.0,0.0
1985-06-25 00:00:00-04:00,1.5841344735586949,1.5841344735586949,1.5611760312638576,1.572655200958252,121613,0.0,0.0
1985-06-26 00:00:00-04:00,1.5726558319770416,1.584135109183476,1.5611766576766968,1.5611766576766968,397150,0.0,0.0
1985-06-27 00:00:00-04:00,1.5611766576766968,1.5726558319770416,1.5382181032638278,1.5611766576766968,315253,0.0,0.0
1985-06-28 00:00:00-04:00,1.5611760312638576,1.5841344735586949,1.5611760312638576,1.572655200958252,573635,0.0,0.0
1985-07-01 00:00:00-04:00,1.5726558319770416,1.5726558319770416,1.5611766576766968,1.5611766576766968,123023,0.0,0.0
1985-07-02 00:00:00-04:00,1.572655186997009,1.5841344594955444,1.572655186997009,1.5841344594955444,169670,0.0,0.0
1985-07-03 00:00:00-04:00,1.5841344594955444,1.5841344594955444,1.5611760174045206,1.5841344594955444,63568,0.0,0.0
1985-07-05 00:00:00-04:00,1.572655186997009,1.5841344594955444,1.5611760174045206,1.5841344594955444,75435,0.0,0.0
1985-07-08 00:00:00-04:00,1.584135109183476,1.584135109183476,1.5611766576766968,1.5611766576766968,157098,0.0,0.0
1985-07-09 00:00:00-04:00,1.5611760312638576,1.5841344735586949,1.5611760312638576,1.572655200958252,163795,0.0,0.0
1985-07-10 00:00:00-04:00,1.5841344456347421,1.607092887524885,1.5726551732366476,1.595613718032837,116560,0.0,0.0
1985-07-11 00:00:00-04:00,1.6070925953939688,1.6415303034222564,1.595613427988558,1.6300511360168457,317720,0.0,0.0
1985-07-12 00:00:00-04:00,1.6415303034222564,1.6415303034222564,1.6185718657054071,1.6300511360168457,127605,0.0,0.0
1985-07-15 00:00:00-04:00,1.6185718657054071,1.6300511360168457,1.6070925953939688,1.6300511360168457,339810,0.0,0.0
1985-07-16 00:00:00-04:00,1.6300519882577342,1.6300519882577342,1.5956142622243532,1.61857271194458,235235,0.0,0.0
1985-07-17 00:00:00-04:00,1.607093435631426,1.641531161664807,1.5956142622243532,1.61857271194458,349445,0.0,0.0
1985-07-18 00:00:00-04:00,1.6185730900297746,1.6300523690243927,1.6070938110351562,1.6070938110351562,106455,0.0,0.0
1985-07-19 00:00:00-04:00,1.6185721599229799,1.6185721599229799,1.5611760037445994,1.595613718032837,123845,0.0,0.0
1985-07-22 00:00:00-04:00,1.5956142828707927,1.5956142828707927,1.5382180034684245,1.5496972799301147,452845,0.0,0.0
1985-07-23 00:00:00-04:00,1.5267389941649145,1.5382181689554928,1.446384256100396,1.4693427085876465,431343,0.0,0.0
1985-07-24 00:00:00-04:00,1.4693417046615207,1.503779411315918,1.4693417046615207,1.503779411315918,361195,0.0,0.0
1985-07-25 00:00:00-04:00,1.503779411315918,1.5152586811693918,1.492300244368468,1.503779411315918,163325,0.0,0.0
1985-07-26 00:00:00-04:00,1.503779411315918,1.5152586811693918,1.492300244368468,1.503779411315918,479988,0.0,0.0
1985-07-29 00:00:00-04:00,1.5037805403726388,1.5037805403726388,1.4693428078619728,1.4808220863342285,223015,0.0,0.0
1985-07-30 00:00:00-04:00,1.4693428078619728,1.492301364806484,1.4578636322958183,1.4808220863342285,209385,0.0,0.0
1985-07-31 00:00:00-04:00,1.480821986284319,1.5037804387715696,1.4693427085876465,1.4693427085876465,490563,0.0,0.0
1985-08-01 00:00:00-04:00,1.4808220863342285,1.5152598188448942,1.4578636322958183,1.4808220863342285,339458,0.0,0.0
1985-08-02 00:00:00-04:00,1.4808218299680276,1.492301106452942,1.4693425534831133,1.492301106452942,135360,0.0,0.0
1985-08-05 00:00:00-04:00,1.4923012639809914,1.4923012639809914,1.4578635337970682,1.4693427085876465,477050,0.0,0.0
1985-08-06 00:00:00-04:00,1.4578634686971343,1.4693426429751177,1.4349049143289887,1.4463841915130615,233120,0.0,0.0
1985-08-07 00:00:00-04:00,1.4234254523464722,1.4463838991681386,1.3889877306609386,1.411946177482605,313255,0.0,0.0
1985-08-08 00:00:00-04:00,1.4119464628669325,1.4463841915130615,1.4004671856828597,1.4463841915130615,270720,0.0,0.0
1985-08-09 00:00:00-04:00,1.4578629732131958,1.4578629732131958,1.4349044266479722,1.4578629732131958,231475,0.0,0.0
1985-08-12 00:00:00-04:00,1.4578634686971343,1.4693426429751177,1.4463841915130615,1.4463841915130615,189998,0.0,0.0
1985-08-13 00:00:00-04:00,1.4463841915130615,1.4578634686971343,1.4349049143289887,1.4463841915130615,282705,0.0,0.0
1985-08-14 00:00:00-04:00,1.446383699930584,1.4578629732131958,1.446383699930584,1.4578629732131958,147463,0.0,0.0
1985-08-15 00:00:00-04:00,1.4693428078619728,1.4808220863342285,1.4578636322958183,1.4808220863342285,142645,0.0,0.0
1985-08-16 00:00:00-04:00,1.480821986284319,1.480821986284319,1.4578635337970682,1.4693427085876465,235705,0.0,0.0
1985-08-19 00:00:00-04:00,1.480821986284319,1.480821986284319,1.4578635337970682,1.4693427085876465,82603,0.0,0.0
1985-08-20 00:00:00-04:00,1.4693428078619728,1.492301364806484,1.4578636322958183,1.4808220863342285,129133,0.0,0.0
1985-08-21 00:00:00-04:00,1.492300244368468,1.5152586811693918,1.4808209745149943,1.503779411315918,106690,0.0,0.0
1985-08-22 00:00:00-04:00,1.5152586811693918,1.5152586811693918,1.492300244368468,1.503779411315918,84365,0.0,0.0
1985-08-23 00:00:00-04:00,1.492301106452942,1.515259556516687,1.492301106452942,1.492301106452942,67210,0.0,0.0
1985-08-26 00:00:00-04:00,1.503780464841139,1.5152597427368164,1.4808220119558801,1.5152597427368164,60865,0.0,0.0
1985-08-27 00:00:00-04:00,1.503780464841139,1.5152597427368164,1.4923012898515575,1.5152597427368164,54403,0.0,0.0
1985-08-28 00:00:00-04:00,1.5152594868980314,1.5267387628555298,1.503780210940533,1.5267387628555298,85070,0.0,0.0
1985-08-29 00:00:00-04:00,1.5267387628555298,1.5382179359069499,1.5152594868980314,1.5267387628555298,96703,0.0,0.0
1985-08-30 00:00:00-04:00,1.5382181956220755,1.5382181956220755,1.5152597427368164,1.5152597427368164,131130,0.0,0.0
1985-09-03 00:00:00-04:00,1.5152586811693918,1.5152586811693918,1.503779411315918,1.503779411315918,179070,0.0,0.0
1985-09-04 00:00:00-04:00,1.5152597427368164,1.5152597427368164,1.4923012898515575,1.5152597427368164,148168,0.0,0.0
1985-09-05 00:00:00-04:00,1.5152597427368164,1.5152597427368164,1.503780464841139,1.5152597427368164,114798,0.0,0.0
1985-09-06 00:00:00-04:00,1.5152586811693918,1.5152586811693918,1.492300244368468,1.503779411315918,133480,0.0,0.0
1985-09-09 00:00:00-04:00,1.5037802800317728,1.5037802800317728,1.4808218299680276,1.492301106452942,201865,0.0,0.0
1985-09-10 00:00:00-04:00,1.4808226775466136,1.5037811407510961,1.4349056482315063,1.4349056482315063,3080850,0.0,0.0
1985-09-11 00:00:00-04:00,1.4463848516343734,1.5037810579378406,1.4004678248479179,1.4234263896942139,3547325,0.0,0.0
1985-09-12 00:00:00-04:00,1.4234249842865103,1.4234249842865103,1.388987273925011,1.4004664421081543,786898,0.0,0.0
1985-09-13 00:00:00-04:00,1.3889877306609386,1.411946177482605,1.3889877306609386,1.411946177482605,230065,0.0,0.0
1985-09-16 00:00:00-04:00,1.4119471850270238,1.4349056482315063,1.4119471850270238,1.4349056482315063,1493425,0.0,0.0
1985-09-17 00:00:00-04:00,1.4349056482315063,1.4463849312868187,1.423426468082336,1.4349056482315063,4690600,0.0,0.0
1985-09-18 00:00:00-04:00,1.427354097366333,1.4391503449260867,1.415557744058058,1.427354097366333,133363,0.357447,0.0
1985-09-19 00:00:00-04:00,1.4155583190005958,1.4391509294509888,1.4155583190005958,1.4391509294509888,91180,0.0,0.0
1985-09-20 00:00:00-04:00,1.4273543496838197,1.4509469547223803,1.391965389251709,1.391965389251709,689608,0.0,0.0
1985-09-23 00:00:00-04:00,1.4037625014654194,1.4037625014654194,1.3683737307850823,1.3801699876785278,239230,0.0,0.0
1985-09-24 00:00:00-04:00,1.3801699876785278,1.3801699876785278,1.3683737307850823,1.3801699876785278,182125,0.0,0.0
1985-09-25 00:00:00-04:00,1.3683730363845825,1.3801692872918516,1.3683730363845825,1.3683730363845825,190820,0.0,0.0
1985-09-26 00:00:00-04:00,1.380170416465338,1.380170416465338,1.3211887964280782,1.3329851627349854,244870,0.0,0.0
1985-09-30 00:00:00-04:00,1.3329844249577643,1.3565770387649536,1.3211880651798797,1.3565770387649536,288345,0.0,0.0
1985-10-01 00:00:00-04:00,1.3565773681430313,1.3919662445719736,1.3447810055009806,1.3801699876785278,157450,0.0,0.0
1985-10-02 00:00:00-04:00,1.3919662445719736,1.3919662445719736,1.3565773681430313,1.3801699876785278,269310,0.0,0.0
1985-10-03 00:00:00-04:00,1.3683730363845825,1.3801692872918516,1.3447803230729412,1.3683730363845825,293868,0.0,0.0
1985-10-04 00:00:00-04:00,1.3683730363845825,1.3683730363845825,1.3447803230729412,1.3683730363845825,113035,0.0,0.0
1985-10-07 00:00:00-04:00,1.3683733985428381,1.3801696525721432,1.3565770387649536,1.3565770387649536,262143,0.0,0.0
1985-10-08 00:00:00-04:00,1.3683733985428381,1.3683733985428381,1.3565770387649536,1.3565770387649536,118323,0.0,0.0
1985-10-09 00:00:00-04:00,1.3565773681430313,1.3801699876785278,1.3565773681430313,1.3801699876785278,229008,0.0,0.0
1985-10-10 00:00:00-04:00,1.3801691396066988,1.391965389251709,1.3683728899616887,1.391965389251709,212088,0.0,0.0
1985-10-11 00:00:00-04:00,1.3919662445719736,1.4037625014654194,1.3801699876785278,1.3801699876785278,477050,0.0,0.0
1985-10-14 00:00:00-04:00,1.3801691396066988,1.391965389251709,1.3683728899616887,1.391965389251709,135243,0.0,0.0
1985-10-15 00:00:00-04:00,1.3801699876785278,1.4037625014654194,1.3801699876785278,1.3801699876785278,415128,0.0,0.0
1985-10-16 00:00:00-04:00,1.3919663214195408,1.4037625789642334,1.3801700638748482,1.4037625789642334,461188,0.0,0.0
1985-10-17 00:00:00-04:00,1.403761390749783,1.427354097366333,1.3329836938942188,1.427354097366333,361313,0.0,0.0
1985-10-18 00:00:00-04:00,1.4273553055508403,1.4273553055508403,1.4037625789642334,1.4037625789642334,328295,0.0,0.0
1985-10-21 00:00:00-04:00,1.4037625789642334,1.415558942257537,1.3801700638748482,1.4037625789642334,87773,0.0,0.0
1985-10-22 00:00:00-04:00,1.4037628074172273,1.427355537843393,1.3919665479527725,1.41555917263031,424293,0.0,0.0
1985-10-23 00:00:00-04:00,1.415557744058058,1.427354097366333,1.403761390749783,1.427354097366333,309965,0.0,0.0
1985-10-24 00:00:00-04:00,1.415557744058058,1.4509466982343617,1.415557744058058,1.427354097366333,312903,0.0,0.0
1985-10-25 00:00:00-04:00,1.415557744058058,1.427354097366333,1.415557744058058,1.427354097366333,96703,0.0,0.0
1985-10-28 00:00:00-05:00,1.4273546771000745,1.4391509294509888,1.4155583190005958,1.4391509294509888,503370,0.0,0.0
1985-10-29 00:00:00-05:00,1.4273553779200439,1.4509479999542236,1.4273553779200439,1.4509479999542236,155805,0.0,0.0
1985-10-30 00:00:00-05:00,1.4509466982343617,1.4509466982343617,1.415557744058058,1.427354097366333,351678,0.0,0.0
1985-10-31 00:00:00-05:00,1.427355537843393,1.427355537843393,1.4037628074172273,1.41555917263031,124198,0.0,0.0
1985-11-01 00:00:00-05:00,1.41555917263031,1.427355537843393,1.4037628074172273,1.41555917263031,339458,0.0,0.0
1985-11-04 00:00:00-05:00,1.4273553055508403,1.4273553055508403,1.4037625789642334,1.4037625789642334,177778,0.0,0.0
1985-11-05 00:00:00-05:00,1.4155583190005958,1.4509472875504672,1.4037619609011174,1.4391509294509888,349680,0.0,0.0
1985-11-06 00:00:00-05:00,1.4273553779200439,1.4627443638456217,1.4273553779200439,1.4509479999542236,189880,0.0,0.0
1985-11-07 00:00:00-05:00,1.4391503449260867,1.4509466982343617,1.415557744058058,1.427354097366333,499963,0.0,0.0
1985-11-08 00:00:00-05:00,1.427354097366333,1.427354097366333,1.415557744058058,1.427354097366333,362840,0.0,0.0
1985-11-11 00:00:00-05:00,1.4273553779200439,1.4509479999542236,1.4273553779200439,1.4509479999542236,626628,0.0,0.0
1985-11-12 00:00:00-05:00,1.4509479999542236,1.4627443638456217,1.4391516360628256,1.4509479999542236,790305,0.0,0.0
1985-11-13 00:00:00-05:00,1.4509472875504672,1.4627436456499459,1.4391509294509888,1.4391509294509888,242638,0.0,0.0
1985-11-14 00:00:00-05:00,1.4509481942417075,1.4863371849060059,1.4391518287707312,1.4863371849060059,371300,0.0,0.0
1985-11-15 00:00:00-05:00,1.4745409737867423,1.4863373404925364,1.4391519794180019,1.4627447128295898,227950,0.0,0.0
1985-11-18 00:00:00-05:00,1.4627448063656163,1.4745410680770874,1.450948438905497,1.4745410680770874,199868,0.0,0.0
1985-11-19 00:00:00-05:00,1.4745410680770874,1.4745410680770874,1.4627448063656163,1.4745410680770874,191643,0.0,0.0
1985-11-20 00:00:00-05:00,1.4745410680770874,1.4745410680770874,1.4627448063656163,1.4745410680770874,239348,0.0,0.0
1985-11-21 00:00:00-05:00,1.4745410680770874,1.4745410680770874,1.4627448063656163,1.4745410680770874,330175,0.0,0.0
1985-11-22 00:00:00-05:00,1.4745410680770874,1.4863374355372065,1.4627448063656163,1.4745410680770874,283880,0.0,0.0
1985-11-25 00:00:00-05:00,1.4745410680770874,1.4863374355372065,1.4627448063656163,1.4745410680770874,213263,0.0,0.0
1985-11-26 00:00:00-05:00,1.4745409737867423,1.4863373404925364,1.4627447128295898,1.4627447128295898,302680,0.0,0.0
1985-11-27 00:00:00-05:00,1.4627448063656163,1.4863374355372065,1.450948438905497,1.4745410680770874,172608,0.0,0.0
1985-11-29 00:00:00-05:00,1.478902816772461,1.4910250110913226,1.4667807311231253,1.478902816772461,306675,0.357447,0.0
1985-12-02 00:00:00-05:00,1.4667807311231253,1.478902816772461,1.4667807311231253,1.478902816772461,174253,0.0,0.0
1985-12-03 00:00:00-05:00,1.478902816772461,1.4910250110913226,1.4667807311231253,1.478902816772461,126195,0.0,0.0
1985-12-04 00:00:00-05:00,1.466782216213942,1.491026520729065,1.466782216213942,1.491026520729065,593610,0.0,0.0
1985-12-05 00:00:00-05:00,1.491026520729065,1.5031487273214446,1.466782216213942,1.491026520729065,509010,0.0,0.0
1985-12-06 00:00:00-05:00,1.4910250110913226,1.4910250110913226,1.4667807311231253,1.478902816772461,578453,0.0,0.0
1985-12-09 00:00:00-05:00,1.4789043141366853,1.5031487273214446,1.4789043141366853,1.491026520729065,182243,0.0,0.0
1985-12-10 00:00:00-05:00,1.503149151802063,1.5152712531480175,1.4910269417864415,1.503149151802063,372358,0.0,0.0
1985-12-11 00:00:00-05:00,1.5031489781249616,1.539515495300293,1.5031489781249616,1.539515495300293,287993,0.0,0.0
1985-12-12 00:00:00-05:00,1.5273934631636392,1.5273934631636392,1.503149151802063,1.503149151802063,224425,0.0,0.0
1985-12-13 00:00:00-05:00,1.5031488495019696,1.5273931559877438,1.5031488495019696,1.5152709484100342,304090,0.0,0.0
1985-12-16 00:00:00-05:00,1.5152712531480175,1.5273934631636392,1.4910269417864415,1.503149151802063,368950,0.0,0.0
1985-12-17 00:00:00-05:00,1.5031491489580378,1.5395156702664285,1.5031491489580378,1.5273934602737427,490680,0.0,0.0
1985-12-18 00:00:00-05:00,1.539515495300293,1.563759803860629,1.5273932866852977,1.539515495300293,363075,0.0,0.0
1985-12-19 00:00:00-05:00,1.5516373585872978,1.5637595653533936,1.5273930537247438,1.5637595653533936,787485,0.0,0.0
1985-12-20 00:00:00-05:00,1.5637592167395105,1.5880035161972046,1.5516370126758565,1.5880035161972046,408078,0.0,0.0
1985-12-23 00:00:00-05:00,1.5758817721194895,1.5758817721194895,1.5516373585872978,1.5637595653533936,401968,0.0,0.0
1985-12-24 00:00:00-05:00,1.5516375952456338,1.5516375952456338,1.5273932866852977,1.539515495300293,127488,0.0,0.0
1985-12-26 00:00:00-05:00,1.5395156702664285,1.5516377715894476,1.5273934602737427,1.5273934602737427,108805,0.0,0.0
1985-12-27 00:00:00-05:00,1.5273932866852977,1.539515495300293,1.5273932866852977,1.539515495300293,152868,0.0,0.0
1985-12-30 00:00:00-05:00,1.5273934602737427,1.5273934602737427,1.5031491489580378,1.5273934602737427,136300,0.0,0.0
1985-12-31 00:00:00-05:00,1.5273932866852977,1.539515495300293,1.5152710780703025,1.539515495300293,148638,0.0,0.0
1986-01-02 00:00:00-05:00,1.5395156702664285,1.5395156702664285,1.5031491489580378,1.5273934602737427,362723,0.0,0.0
1986-01-03 00:00:00-05:00,1.5152710780703025,1.539515495300293,1.5152710780703025,1.539515495300293,391040,0.0,0.0
1986-01-06 00:00:00-05:00,1.5395156702664285,1.5395156702664285,1.5152712502810568,1.5273934602737427,143938,0.0,0.0
1986-01-07 00:00:00-05:00,1.5395149172818163,1.5880035161972046,1.5273927132181624,1.5880035161972046,966438,0.0,0.0
1986-01-08 00:00:00-05:00,1.588004167983898,1.6001263770230392,1.5516376495361328,1.5516376495361328,525460,0.0,0.0
1986-01-09 00:00:00-05:00,1.5516377715894476,1.5516377715894476,1.5152712502810568,1.5273934602737427,458485,0.0,0.0
1986-01-10 00:00:00-05:00,1.5273934602737427,1.5273934602737427,1.5152712502810568,1.5273934602737427,220900,0.0,0.0
1986-01-13 00:00:00-05:00,1.5152709484100342,1.5273931559877438,1.49102664192426,1.5152709484100342,275303,0.0,0.0
1986-01-14 00:00:00-05:00,1.5395156702664285,1.5395156702664285,1.5152712502810568,1.5273934602737427,331350,0.0,0.0
1986-01-15 00:00:00-05:00,1.5152712502810568,1.5273934602737427,1.5152712502810568,1.5273934602737427,145230,0.0,0.0
1986-01-16 00:00:00-05:00,1.5395155491666497,1.5516376495361328,1.5273933401275086,1.5516376495361328,441095,0.0,0.0
1986-01-17 00:00:00-05:00,1.5516373585872978,1.5758817721194895,1.5516373585872978,1.5637595653533936,151223,0.0,0.0
1986-01-20 00:00:00-05:00,1.5637598585752739,1.5637598585752739,1.5516376495361328,1.5516376495361328,129720,0.0,0.0
1986-01-21 00:00:00-05:00,1.5637595653533936,1.5880038702159476,1.5637595653533936,1.5637595653533936,203510,0.0,0.0
1986-01-22 00:00:00-05:00,1.5637595653533936,1.5758817721194895,1.5516373585872978,1.5637595653533936,100345,0.0,0.0
1986-01-23 00:00:00-05:00,1.5758814208031644,1.6001257202608585,1.5637592167395105,1.5880035161972046,271660,0.0,0.0
1986-01-24 00:00:00-05:00,1.6001266241073608,1.612248835018359,1.5880044131963627,1.6001266241073608,148050,0.0,0.0
1986-01-27 00:00:00-05:00,1.6122478350257072,1.648614336532796,1.5637591301263865,1.636492133140564,485745,0.0,0.0
1986-01-28 00:00:00-05:00,1.636492495753223,1.672859005318373,1.636492495753223,1.6607367992401123,444503,0.0,0.0
1986-01-29 00:00:00-05:00,1.6728594315049292,1.6971037411684278,1.6364929126748518,1.6486151218414307,691018,0.0,0.0
1986-01-30 00:00:00-05:00,1.6486148336572979,1.6971034445083018,1.6486148336572979,1.684981346130371,692075,0.0,0.0
1986-01-31 00:00:00-05:00,1.6849818750204952,1.7213483989084657,1.6607374533153985,1.6971039772033691,391980,0.0,0.0
1986-02-03 00:00:00-05:00,1.709225651555873,1.721347858603444,1.6728591390827998,1.684981346130371,303973,0.0,0.0
1986-02-04 00:00:00-05:00,1.6971042237071694,1.7092264363204648,1.660737694536973,1.6728599071502686,537563,0.0,0.0
1986-02-05 00:00:00-05:00,1.6607367992401123,1.672859005318373,1.6486147018314834,1.6607367992401123,465770,0.0,0.0
1986-02-06 00:00:00-05:00,1.6486148336572979,1.684981346130371,1.6486148336572979,1.684981346130371,508188,0.0,0.0
1986-02-07 00:00:00-05:00,1.6849821197635642,1.6849821197635642,1.660737694536973,1.6728599071502686,305735,0.0,0.0
1986-02-10 00:00:00-05:00,1.6728591390827998,1.684981346130371,1.6607369320352288,1.684981346130371,161563,0.0,0.0
1986-02-11 00:00:00-05:00,1.6849821197635642,1.6849821197635642,1.660737694536973,1.6728599071502686,396445,0.0,0.0
1986-02-12 00:00:00-05:00,1.6486151218414307,1.6728594315049292,1.6486151218414307,1.6486151218414307,187883,0.0,0.0
1986-02-13 00:00:00-05:00,1.6607367992401123,1.6607367992401123,1.636492495753223,1.6607367992401123,154748,0.0,0.0
1986-02-14 00:00:00-05:00,1.6728599071502686,1.6849821197635642,1.660737694536973,1.6728599071502686,342748,0.0,0.0
1986-02-18 00:00:00-05:00,1.6728596641679467,1.6971039772033691,1.6607374533153985,1.6971039772033691,503958,0.0,0.0
1986-02-19 00:00:00-05:00,1.6849821197635642,1.6971042237071694,1.660737694536973,1.6728599071502686,158390,0.0,0.0
1986-02-20 00:00:00-05:00,1.6607369320352288,1.721347858603444,1.6486148336572979,1.684981346130371,350855,0.0,0.0
1986-02-21 00:00:00-05:00,1.6971034445083018,1.709225651555873,1.684981346130371,1.684981346130371,357788,0.0,0.0
1986-02-24 00:00:00-05:00,1.6971039772033691,1.7092261880559174,1.6849818750204952,1.6971039772033691,222545,0.0,0.0
1986-02-25 00:00:00-05:00,1.697103512973954,1.7213479280471802,1.6849814141069854,1.7213479280471802,544378,0.0,0.0
1986-02-26 00:00:00-05:00,1.7092256546020508,1.721347861671226,1.6971034475328757,1.7092256546020508,376470,0.0,0.0
1986-02-27 00:00:00-05:00,1.7334700430924137,1.8062030716516113,1.709225736462563,1.7940809726715088,1363000,0.0,0.0
1986-02-28 00:00:00-05:00,1.8062033193071234,1.8546920478849473,1.7940812186649129,1.8425699472427368,720275,0.0,0.0
1986-03-03 00:00:00-05:00,1.8425698725786128,1.8425698725786128,1.7940811459656363,1.8062032461166382,463420,0.0,0.0
1986-03-04 00:00:00-05:00,1.8062032461166382,1.8304475550882984,1.7940811459656363,1.8062032461166382,374590,0.0,0.0
1986-03-05 00:00:00-05:00,1.7819584547445175,1.818324962691926,1.733469741258097,1.7577141523361206,263083,0.0,0.0
1986-03-06 00:00:00-05:00,1.7819587650217608,1.8062030716516113,1.7698365573720125,1.7940809726715088,582800,0.0,0.0
1986-03-07 00:00:00-05:00,1.7940809726715088,1.830447378281462,1.7940809726715088,1.7940809726715088,186708,0.0,0.0
1986-03-10 00:00:00-05:00,1.7940811459656363,1.8183254549372965,1.7455924193526595,1.8062032461166382,226658,0.0,0.0
1986-03-11 00:00:00-05:00,1.8183255286189945,1.8668141485271579,1.8062033193071234,1.8425699472427368,495380,0.0,0.0
1986-03-12 00:00:00-05:00,1.8546920478849473,1.8789364665086896,1.8425699472427368,1.8425699472427368,588910,0.0,0.0
1986-03-13 00:00:00-05:00,1.8183248043060303,1.842569213272235,1.8062025998229276,1.8183248043060303,968083,0.0,0.0
1986-03-14 00:00:00-05:00,1.8183255286189945,1.8425699472427368,1.8183255286189945,1.8425699472427368,371065,0.0,0.0
1986-03-17 00:00:00-05:00,1.8183248043060303,1.842569213272235,1.8062025998229276,1.8183248043060303,3087900,0.0,0.0
1986-03-18 00:00:00-05:00,1.8062025998229276,1.8304469001195154,1.7940805040094427,1.8183248043060303,296453,0.0,0.0
1986-03-19 00:00:00-05:00,1.8183248043060303,1.8304469001195154,1.8062025998229276,1.8183248043060303,5303950,0.0,0.0
1986-03-20 00:00:00-05:00,1.7855902910232544,1.7855902910232544,1.7607904567478405,1.7855902910232544,273775,0.357447,0.0
1986-03-21 00:00:00-05:00,1.7855892681819268,1.7979892337963823,1.7359895168837134,1.748389482498169,3086725,0.0,0.0
1986-03-24 00:00:00-05:00,1.7235893607056194,1.7731889921615507,1.7111893972618415,1.7359892129898071,603480,0.0,0.0
1986-03-25 00:00:00-05:00,1.7483899563063368,1.7731897830963135,1.7359899873315285,1.7731897830963135,348153,0.0,0.0
1986-03-26 00:00:00-05:00,1.7607904567478405,1.7979902637407978,1.7607904567478405,1.7855902910232544,632033,0.0,0.0
1986-03-27 00:00:00-05:00,1.81038862366504,1.8227885860973883,1.7855888099599246,1.797988772392273,554483,0.0,0.0
1986-03-31 00:00:00-05:00,1.810389054109693,1.847588839091912,1.7979891998886917,1.8351889848709106,564000,0.0,0.0
1986-04-01 00:00:00-05:00,1.835189516810715,1.8475893746258836,1.760789925281145,1.7731897830963135,499023,0.0,0.0
1986-04-02 00:00:00-05:00,1.760790118850719,1.760790118850719,1.6367907489498883,1.6863905191421509,2271275,0.0,0.0
1986-04-03 00:00:00-05:00,1.7111901079991954,1.7731897286502492,1.6987901394051301,1.7607898712158203,2735400,0.0,0.0
1986-04-04 00:00:00-05:00,1.7607904567478405,1.7979902637407978,1.7607904567478405,1.7855902910232544,770448,0.0,0.0
1986-04-07 00:00:00-05:00,1.7731897830963135,1.7855897520711217,1.7483899563063368,1.7731897830963135,604185,0.0,0.0
1986-04-08 00:00:00-05:00,1.7979900757726908,1.8227899074554443,1.7855901043514832,1.8227899074554443,653770,0.0,0.0
1986-04-09 00:00:00-05:00,1.8351896296660901,1.897189256033532,1.822789659928743,1.872389316558838,1363000,0.0,0.0
1986-04-10 00:00:00-05:00,1.872389316558838,1.8847893974558316,1.872389316558838,1.872389316558838,204568,0.0,0.0
1986-04-11 00:00:00-05:00,1.897189256033532,1.9095891146112325,1.872389316558838,1.872389316558838,893588,0.0,0.0
1986-04-14 00:00:00-05:00,1.8723891428966817,1.8847892226435807,1.8599892854690552,1.8599892854690552,415598,0.0,0.0
1986-04-15 00:00:00-05:00,1.8599894579811376,1.872389316558838,1.8475894882437904,1.872389316558838,446030,0.0,0.0
1986-04-16 00:00:00-05:00,1.8723891428966817,1.8847892226435807,1.8599892854690552,1.8599892854690552,332878,0.0,0.0
1986-04-17 00:00:00-05:00,1.8599894579811376,1.872389316558838,1.8475894882437904,1.872389316558838,516883,0.0,0.0
1986-04-18 00:00:00-05:00,1.8599894579811376,1.872389316558838,1.8475894882437904,1.872389316558838,408313,0.0,0.0
1986-04-21 00:00:00-05:00,1.8723875090328432,1.8723875090328432,1.8351878580511105,1.8475877046585083,209620,0.0,0.0
1986-04-22 00:00:00-05:00,1.8227885860973883,1.8351885485297366,1.7731888475275766,1.797988772392273,491620,0.0,0.0
1986-04-23 00:00:00-05:00,1.7855902910232544,1.7979902637407978,1.7607904567478405,1.7855902910232544,223720,0.0,0.0
1986-04-24 00:00:00-05:00,1.7731897830963135,1.8103895788610984,1.7731897830963135,1.7731897830963135,274128,0.0,0.0
1986-04-25 00:00:00-05:00,1.7855902910232544,1.7979902637407978,1.7731903183057107,1.7855902910232544,266960,0.0,0.0
1986-04-28 00:00:00-04:00,1.7731897286502492,1.7855896972443146,1.7359899340276896,1.7607898712158203,795475,0.0,0.0
1986-04-29 00:00:00-04:00,1.7359892129898071,1.748389176433585,1.6863895815338759,1.7359892129898071,679268,0.0,0.0
1986-04-30 00:00:00-04:00,1.723590318996435,1.723590318996435,1.6863905191421509,1.6863905191421509,424058,0.0,0.0
1986-05-01 00:00:00-04:00,1.6863894065873954,1.7235891819000244,1.6739894444299928,1.7235891819000244,469530,0.0,0.0
1986-05-02 00:00:00-04:00,1.7359892129898071,1.7607891398773627,1.7235893607056194,1.7359892129898071,413600,0.0,0.0
1986-05-05 00:00:00-04:00,1.7359892129898071,1.748389176433585,1.7111893972618415,1.7359892129898071,289168,0.0,0.0
1986-05-06 00:00:00-04:00,1.7359898095251574,1.7359898095251574,1.6863901610253798,1.7111899852752686,270720,0.0,0.0
1986-05-07 00:00:00-04:00,1.6987893488658405,1.6987893488658405,1.6367897570665766,1.6739895343780518,442740,0.0,0.0
1986-05-08 00:00:00-04:00,1.6739908559863979,1.686390828599808,1.6491910219192505,1.6491910219192505,203393,0.0,0.0
1986-05-09 00:00:00-04:00,1.6615895715543652,1.6739895343780518,1.6243897942428898,1.6739895343780518,931540,0.0,0.0
1986-05-12 00:00:00-04:00,1.6491914269287082,1.673991267086216,1.6491914269287082,1.6615912914276123,567995,0.0,0.0
1986-05-13 00:00:00-04:00,1.6615895715543652,1.6863894972017386,1.6615895715543652,1.6739895343780518,278005,0.0,0.0
1986-05-14 00:00:00-04:00,1.6615905784661935,1.7111903486584563,1.6615905784661935,1.6863905191421509,298215,0.0,0.0
1986-05-15 00:00:00-04:00,1.6987903783204776,1.723590318996435,1.6863905191421509,1.6863905191421509,599603,0.0,0.0
1986-05-16 00:00:00-04:00,1.6863905191421509,1.7111903486584563,1.6739905488041722,1.6863905191421509,237938,0.0,0.0
1986-05-19 00:00:00-04:00,1.6987903783204776,1.6987903783204776,1.6739905488041722,1.6863905191421509,389865,0.0,0.0
1986-05-20 00:00:00-04:00,1.6739905488041722,1.6863905191421509,1.6615905784661935,1.6863905191421509,176955,0.0,0.0
1986-05-21 00:00:00-04:00,1.6739907354625725,1.6863907071832105,1.624390959739685,1.624390959739685,620753,0.0,0.0
1986-05-22 00:00:00-04:00,1.6367897570665766,1.6739895343780518,1.6367897570665766,1.6739895343780518,270015,0.0,0.0
1986-05-23 00:00:00-04:00,1.6615912914276123,1.673991267086216,1.6615912914276123,1.6615912914276123,148285,0.0,0.0
1986-05-27 00:00:00-04:00,1.6615905784661935,1.6863905191421509,1.6615905784661935,1.6863905191421509,369773,0.0,0.0
1986-05-28 00:00:00-04:00,1.6863897430855561,1.711189561189279,1.6863897430855561,1.6987895965576172,398443,0.0,0.0
1986-05-29 00:00:00-04:00,1.6863905191421509,1.6987903783204776,1.6739905488041722,1.6863905191421509,241933,0.0,0.0
1986-05-30 00:00:00-04:00,1.6863905191421509,1.6987903783204776,1.6615905784661935,1.6863905191421509,511713,0.0,0.0
1986-06-02 00:00:00-04:00,1.686390891173118,1.686390891173118,1.6367911100387573,1.6367911100387573,660350,0.0,0.0
1986-06-03 00:00:00-04:00,1.6367897570665766,1.6987893488658405,1.6367897570665766,1.6739895343780518,268605,0.0,0.0
1986-06-04 00:00:00-04:00,1.686390828599808,1.686390828599808,1.6243910766924305,1.6491910219192505,594785,0.0,0.0
1986-06-05 00:00:00-04:00,1.6615909450260995,1.6615909450260995,1.6367911100387573,1.6367911100387573,194815,0.0,0.0
1986-06-06 00:00:00-04:00,1.6615895715543652,1.6739895343780518,1.6367897570665766,1.6739895343780518,232063,0.0,0.0
1986-06-09 00:00:00-04:00,1.6739908559863979,1.6739908559863979,1.6367910493058404,1.6491910219192505,143585,0.0,0.0
1986-06-10 00:00:00-04:00,1.6491914269287082,1.6615912914276123,1.6367914512701045,1.6615912914276123,633678,0.0,0.0
1986-06-11 00:00:00-04:00,1.661590883372988,1.6739908559863979,1.6491910219192505,1.6491910219192505,5115950,0.0,0.0
1986-06-12 00:00:00-04:00,1.666490912437439,1.704654837779733,1.6537696800170951,1.666490912437439,517235,0.357447,0.0
1986-06-13 00:00:00-04:00,1.666490912437439,1.679212258898414,1.64104833355612,1.666490912437439,3125500,0.0,0.0
1986-06-16 00:00:00-04:00,1.6792126893997192,1.6919340391220785,1.6537701039956612,1.6792126893997192,285290,0.0,0.0
1986-06-17 00:00:00-04:00,1.6792126893997192,1.7173766245261366,1.66649133967736,1.6792126893997192,247103,0.0,0.0
1986-06-18 00:00:00-04:00,1.666490912437439,1.6919336053593892,1.6537696800170951,1.666490912437439,412895,0.0,0.0
1986-06-19 00:00:00-04:00,1.653770068589955,1.653770068589955,1.6156061342805927,1.6283273696899414,646133,0.0,0.0
1986-06-20 00:00:00-04:00,1.6283275073084547,1.6537702083587646,1.6156062708239676,1.6537702083587646,457193,0.0,0.0
1986-06-23 00:00:00-04:00,1.6410487191399483,1.653770068589955,1.6156061342805927,1.6283273696899414,189528,0.0,0.0
1986-06-24 00:00:00-04:00,1.6283275073084547,1.679212795368407,1.6156062708239676,1.6537702083587646,199515,0.0,0.0
1986-06-25 00:00:00-04:00,1.6410487191399483,1.653770068589955,1.6283273696899414,1.6283273696899414,454373,0.0,0.0
1986-06-26 00:00:00-04:00,1.628327202462238,1.6537698987493101,1.6156059683593482,1.641048550605774,434045,0.0,0.0
1986-06-27 00:00:00-04:00,1.6410488578336098,1.679212795368407,1.6410488578336098,1.6537702083587646,222310,0.0,0.0
1986-06-30 00:00:00-04:00,1.6537701039956612,1.6792126893997192,1.6410487542733019,1.6792126893997192,1171358,0.0,0.0
1986-07-01 00:00:00-04:00,1.6664910559926225,1.6919337511062622,1.6664910559926225,1.6919337511062622,351678,0.0,0.0
1986-07-02 00:00:00-04:00,1.6919337511062622,1.7046549846224408,1.6792124035494422,1.6919337511062622,494675,0.0,0.0
1986-07-03 00:00:00-04:00,1.679212258898414,1.717376184240708,1.6537696800170951,1.666490912437439,444855,0.0,0.0
1986-07-07 00:00:00-04:00,1.6792126893997192,1.6792126893997192,1.66649133967736,1.6792126893997192,639435,0.0,0.0
1986-07-08 00:00:00-04:00,1.679212258898414,1.6919336053593892,1.6537696800170951,1.666490912437439,256855,0.0,0.0
1986-07-09 00:00:00-04:00,1.6792126893997192,1.6919340391220785,1.66649133967736,1.6792126893997192,207975,0.0,0.0
1986-07-10 00:00:00-04:00,1.6919340538574728,1.7046552896499634,1.6664913541911688,1.7046552896499634,299155,0.0,0.0
1986-07-11 00:00:00-04:00,1.7173764224653105,1.7428190048758785,1.7046550742397029,1.730097770690918,441683,0.0,0.0
1986-07-14 00:00:00-04:00,1.742818505074308,1.768261194229126,1.7300972745375134,1.768261194229126,429815,0.0,0.0
1986-07-15 00:00:00-04:00,1.7555394274037868,1.793703337916094,1.704654175373848,1.7173755168914795,1245500,0.0,0.0
1986-07-16 00:00:00-04:00,1.7173766245261366,1.7173766245261366,1.6792126893997192,1.6792126893997192,280355,0.0,0.0
1986-07-17 00:00:00-04:00,1.6792127040243208,1.7046552896499634,1.6664913541911688,1.7046552896499634,1457000,0.0,0.0
1986-07-18 00:00:00-04:00,1.6919336053593892,1.704654837779733,1.6537696800170951,1.666490912437439,310788,0.0,0.0
1986-07-21 00:00:00-04:00,1.6664913541911688,1.7173766394831156,1.6537701183986782,1.7046552896499634,448733,0.0,0.0
1986-07-22 00:00:00-04:00,1.7173755168914795,1.730096858409111,1.704654175373848,1.7173755168914795,448028,0.0,0.0
1986-07-23 00:00:00-04:00,1.7300975533088068,1.755540132522583,1.7173762066816023,1.755540132522583,466945,0.0,0.0
1986-07-24 00:00:00-04:00,1.7428187858953785,1.7682614791497877,1.7428187858953785,1.755540132522583,254858,0.0,0.0
1986-07-25 00:00:00-04:00,1.7555400357522284,1.7937039594895052,1.7428186898262608,1.7809826135635376,743188,0.0,0.0
1986-07-28 00:00:00-04:00,1.7809824247659205,1.7809824247659205,1.755539849651717,1.768261194229126,355438,0.0,0.0
1986-07-29 00:00:00-04:00,1.7555405396023975,1.7809831247158738,1.7428191900253296,1.7428191900253296,297275,0.0,0.0
1986-07-30 00:00:00-04:00,1.7555405396023975,1.7682618891794653,1.730097954488921,1.7428191900253296,289873,0.0,0.0
1986-07-31 00:00:00-04:00,1.7428192251087582,1.7428192251087582,1.7046552896499634,1.7046552896499634,797825,0.0,0.0
1986-08-01 00:00:00-04:00,1.7173766394831156,1.7173766394831156,1.6919340538574728,1.7046552896499634,460483,0.0,0.0
1986-08-04 00:00:00-04:00,1.6919337511062622,1.7046549846224408,1.6664910559926225,1.6919337511062622,511008,0.0,0.0
1986-08-05 00:00:00-04:00,1.7046549846224408,1.7046549846224408,1.6792124035494422,1.6919337511062622,181303,0.0,0.0
1986-08-06 00:00:00-04:00,1.6919340538574728,1.7173766394831156,1.6792127040243208,1.7046552896499634,746830,0.0,0.0
1986-08-07 00:00:00-04:00,1.6792122808406216,1.7682614791497877,1.6410483549996409,1.755540132522583,842240,0.0,0.0
1986-08-08 00:00:00-04:00,1.7428190048758785,1.755540353101486,1.7173764224653105,1.730097770690918,317603,0.0,0.0
1986-08-11 00:00:00-04:00,1.7428191900253296,1.7555405396023975,1.730097954488921,1.7428191900253296,174488,0.0,0.0
1986-08-12 00:00:00-04:00,1.742818505074308,1.768261194229126,1.742818505074308,1.768261194229126,287993,0.0,0.0
1986-08-13 00:00:00-04:00,1.768261194229126,1.7809824247659205,1.742818505074308,1.768261194229126,477285,0.0,0.0
1986-08-14 00:00:00-04:00,1.7682613816781962,1.7937039594895052,1.7555400357522284,1.7809826135635376,294690,0.0,0.0
1986-08-15 00:00:00-04:00,1.7809836410672895,1.8191475868225098,1.7682624018426774,1.8191475868225098,296453,0.0,0.0
1986-08-18 00:00:00-04:00,1.819147165346765,1.819147165346765,1.7937045787516073,1.806425929069519,256150,0.0,0.0
1986-08-19 00:00:00-04:00,1.8064263475978979,1.831868940087814,1.7937049943325936,1.8191475868225098,443798,0.0,0.0
1986-08-20 00:00:00-04:00,1.819147375017797,1.882754019897856,1.8064261372743284,1.8700326681137085,982653,0.0,0.0
1986-08-21 00:00:00-04:00,1.8573112487792969,1.882753951422243,1.8445900114984988,1.8573112487792969,626745,0.0,0.0
1986-08-22 00:00:00-04:00,1.8573112487792969,1.87003260010077,1.8318686601770258,1.8573112487792969,557538,0.0,0.0
1986-08-25 00:00:00-04:00,1.8573109952396025,1.8573109952396025,1.8191470605255793,1.8318684101104736,311375,0.0,0.0
1986-08-26 00:00:00-04:00,1.806425305415473,1.8191465373008144,1.7428186898262608,1.7809826135635376,984885,0.0,0.0
1986-08-27 00:00:00-04:00,1.7809836333619993,1.806426339782532,1.7809836333619993,1.7937049865722656,612293,0.0,0.0
1986-08-28 00:00:00-04:00,1.7937045787516073,1.831868515664677,1.7682619921564495,1.806425929069519,675038,0.0,0.0
1986-08-29 00:00:00-04:00,1.8191470605255793,1.8318684101104736,1.8064258249813445,1.8318684101104736,280003,0.0,0.0
1986-09-02 00:00:00-04:00,1.8445897596953678,1.8700323448244967,1.8318684101104736,1.8318684101104736,404670,0.0,0.0
1986-09-03 00:00:00-04:00,1.8445897596953678,1.8573109952396025,1.8191470605255793,1.8318684101104736,501020,0.0,0.0
1986-09-04 00:00:00-04:00,1.831868560551697,1.882753849029541,1.8191472099220685,1.882753849029541,722508,0.0,0.0
1986-09-05 00:00:00-04:00,1.8700323448244967,1.8827536944093908,1.8191470605255793,1.8318684101104736,1433500,0.0,0.0
1986-09-08 00:00:00-04:00,1.8318684101104736,1.8573109952396025,1.8318684101104736,1.8318684101104736,457898,0.0,0.0
1986-09-09 00:00:00-04:00,1.8318684101104736,1.8573109952396025,1.8064258249813445,1.8318684101104736,1186750,0.0,0.0
1986-09-10 00:00:00-04:00,1.8191470605255793,1.8445897596953678,1.8064258249813445,1.8318684101104736,359315,0.0,0.0
1986-09-11 00:00:00-04:00,1.831867883226782,1.84458922915275,1.7682613816781962,1.7809826135635376,1104030,0.0,0.0
1986-09-12 00:00:00-04:00,1.7937039594895052,1.7937039594895052,1.7682613816781962,1.7809826135635376,532628,0.0,0.0
1986-09-15 00:00:00-04:00,1.7809824247659205,1.7809824247659205,1.7300972745375134,1.768261194229126,10939250,0.0,0.0
1986-09-16 00:00:00-04:00,1.7555400357522284,1.7809826135635376,1.7428186898262608,1.7809826135635376,4758750,0.0,0.0
1986-09-17 00:00:00-04:00,1.7596068382263184,1.785675055657361,1.7465726710883394,1.7596068382263184,979245,0.357447,0.0
1986-09-18 00:00:00-04:00,1.7465721975465436,1.759606361150617,1.7205039871832801,1.7335381507873535,524638,0.0,0.0
1986-09-19 00:00:00-04:00,1.7205049842916262,1.7465732097625732,1.6944367588206792,1.7465732097625732,427348,0.0,0.0
1986-09-22 00:00:00-04:00,1.7596073809205224,1.7596073809205224,1.7335391554495754,1.7465732097625732,203040,0.0,0.0
1986-09-23 00:00:00-04:00,1.7596073809205224,1.7726415520784715,1.7465732097625732,1.7465732097625732,166145,0.0,0.0
1986-09-24 00:00:00-04:00,1.7596076051731633,1.7726417779922485,1.746573432354078,1.7726417779922485,308790,0.0,0.0
1986-09-25 00:00:00-04:00,1.7726415520784715,1.7726415520784715,1.707470813133677,1.7465732097625732,716633,0.0,0.0
1986-09-26 00:00:00-04:00,1.7205039871832801,1.7465721975465436,1.7205039871832801,1.7335381507873535,227480,0.0,0.0
1986-09-29 00:00:00-04:00,1.7335386899817884,1.7465727407950487,1.7205045223236084,1.7205045223236084,129368,0.0,0.0
1986-09-30 00:00:00-04:00,1.7205045223236084,1.7465727407950487,1.7205045223236084,1.7205045223236084,142880,0.0,0.0
1986-10-01 00:00:00-04:00,1.7335381507873535,1.7465721975465436,1.7074698235792067,1.7335381507873535,353088,0.0,0.0
1986-10-02 00:00:00-04:00,1.7205038644411736,1.7335380271153795,1.7074697017669678,1.7074697017669678,249805,0.0,0.0
1986-10-03 00:00:00-04:00,1.7205038644411736,1.7465720729447103,1.7074697017669678,1.7074697017669678,258500,0.0,0.0
1986-10-06 00:00:00-04:00,1.7205045223236084,1.7335386899817884,1.7074703546654284,1.7205045223236084,274715,0.0,0.0
1986-10-07 00:00:00-04:00,1.7465726710883394,1.7596068382263184,1.6683679019502957,1.7596068382263184,484805,0.0,0.0
1986-10-08 00:00:00-04:00,1.7596068382263184,1.7726410053642974,1.7465726710883394,1.7596068382263184,217140,0.0,0.0
1986-10-09 00:00:00-04:00,1.7596076051731633,1.7726417779922485,1.746573432354078,1.7726417779922485,387985,0.0,0.0
1986-10-10 00:00:00-04:00,1.7596073809205224,1.7726415520784715,1.7335391554495754,1.7465732097625732,321950,0.0,0.0
1986-10-13 00:00:00-04:00,1.7596073809205224,1.7596073809205224,1.7335391554495754,1.7465732097625732,261555,0.0,0.0
1986-10-14 00:00:00-04:00,1.7596073809205224,1.7726415520784715,1.7465732097625732,1.7465732097625732,277653,0.0,0.0
1986-10-15 00:00:00-04:00,1.7465732097625732,1.7596073809205224,1.7205049842916262,1.7465732097625732,258618,0.0,0.0
1986-10-16 00:00:00-04:00,1.7465726710883394,1.7726410053642974,1.7335386207952754,1.7596068382263184,198810,0.0,0.0
1986-10-17 00:00:00-04:00,1.7335386207952754,1.7596068382263184,1.7335386207952754,1.7596068382263184,157568,0.0,0.0
1986-10-20 00:00:00-04:00,1.7596068382263184,1.7726410053642974,1.7465726710883394,1.7596068382263184,269075,0.0,0.0
1986-10-21 00:00:00-04:00,1.7726417779922485,1.7856758339663676,1.7596076051731633,1.7726417779922485,413953,0.0,0.0
1986-10-22 00:00:00-04:00,1.7596068382263184,1.7726410053642974,1.7596068382263184,1.7596068382263184,117500,0.0,0.0
1986-10-23 00:00:00-04:00,1.7726409376931485,1.7987091541290283,1.759606771052753,1.7987091541290283,353910,0.0,0.0
1986-10-24 00:00:00-04:00,1.7987091541290283,1.8117433207694238,1.785674987488633,1.7987091541290283,186825,0.0,0.0
1986-10-27 00:00:00-05:00,1.785674987488633,1.8117433207694238,1.785674987488633,1.7987091541290283,775148,0.0,0.0
1986-10-28 00:00:00-05:00,1.7987091541290283,1.8247773705649084,1.785674987488633,1.7987091541290283,325828,0.0,0.0
1986-10-29 00:00:00-05:00,1.7987091483782989,1.824777364730835,1.7987091483782989,1.824777364730835,147815,0.0,0.0
1986-10-30 00:00:00-05:00,1.8508456889181053,1.9029821213693703,1.8508456889181053,1.8769139051437378,645545,0.0,0.0
1986-10-31 00:00:00-05:00,1.876914086849243,1.876914086849243,1.8378117003028072,1.863879919052124,185885,0.0,0.0
1986-11-03 00:00:00-05:00,1.8638795646146036,1.8769137299331304,1.8378113508224487,1.8378113508224487,215025,0.0,0.0
1986-11-04 00:00:00-05:00,1.8508455161409756,1.8638795646146036,1.8378113508224487,1.8378113508224487,308908,0.0,0.0
1986-11-05 00:00:00-05:00,1.863880104418257,1.863880104418257,1.82477771398302,1.8508460521697998,265668,0.0,0.0
1986-11-06 00:00:00-05:00,1.8378113508224487,1.8508455161409756,1.78567480639324,1.8378113508224487,267313,0.0,0.0
1986-11-07 00:00:00-05:00,1.8378115313295584,1.8378115313295584,1.8117433149770221,1.824777364730835,910508,0.0,0.0
1986-11-10 00:00:00-05:00,1.8247771887172222,1.837811354058701,1.811743140220642,1.811743140220642,173313,0.0,0.0
1986-11-11 00:00:00-05:00,1.8247773705649084,1.8247773705649084,1.785674987488633,1.7987091541290283,188705,0.0,0.0
1986-11-12 00:00:00-05:00,1.798708974879163,1.8247771887172222,1.7856748095376838,1.811743140220642,273893,0.0,0.0
1986-11-13 00:00:00-05:00,1.8117433149770221,1.8378115313295584,1.8117433149770221,1.824777364730835,401380,0.0,0.0
1986-11-14 00:00:00-05:00,1.824777364730835,1.8638797476820945,1.7726409320257626,1.824777364730835,235588,0.0,0.0
1986-11-17 00:00:00-05:00,1.824777364730835,1.8378115313295584,1.824777364730835,1.824777364730835,130190,0.0,0.0
1986-11-18 00:00:00-05:00,1.8247773705649084,1.8508457038456994,1.785674987488633,1.7987091541290283,367775,0.0,0.0
1986-11-19 00:00:00-05:00,1.7987091483782989,1.824777364730835,1.7856749817795754,1.824777364730835,246280,0.0,0.0
1986-11-20 00:00:00-05:00,1.8247771855039219,1.8378113508224487,1.8117431370302939,1.8378113508224487,170258,0.0,0.0
1986-11-21 00:00:00-05:00,1.8378117003028072,1.863879919052124,1.824777532505688,1.863879919052124,240288,0.0,0.0
1986-11-24 00:00:00-05:00,1.8508456889181053,1.8769139051437378,1.8378115223828342,1.8769139051437378,229008,0.0,0.0
1986-11-25 00:00:00-05:00,1.8769142735116469,1.8769142735116469,1.8508460521697998,1.8508460521697998,269780,0.0,0.0
1986-11-26 00:00:00-05:00,1.8508456889181053,1.8769139051437378,1.8378115223828342,1.8769139051437378,469530,0.0,0.0
1986-11-28 00:00:00-05:00,1.8769152649775238,1.8899494409561157,1.863881088998932,1.8899494409561157,142998,0.0,0.0
1986-12-01 00:00:00-05:00,1.8769139051437378,1.8899480716790091,1.8638797386084667,1.8769139051437378,314783,0.0,0.0
1986-12-02 00:00:00-05:00,1.8899494644904173,1.9290518760681152,1.8769152883495193,1.9290518760681152,751295,0.0,0.0
1986-12-03 00:00:00-05:00,1.9160176999272174,1.9290518760681152,1.9029835237863193,1.9290518760681152,430873,0.0,0.0
1986-12-04 00:00:00-05:00,1.9160176999272174,1.9290518760681152,1.9029835237863193,1.9290518760681152,466123,0.0,0.0
1986-12-05 00:00:00-05:00,1.9160156821133252,1.9290498445275537,1.889947474129741,1.9029815196990967,420650,0.0,0.0
1986-12-08 00:00:00-05:00,1.9160176760683052,1.9160176760683052,1.8899494409561157,1.8899494409561157,327120,0.0,0.0
1986-12-09 00:00:00-05:00,1.9029835000897133,1.929051852046897,1.8899494409561157,1.8899494409561157,4535500,0.0,0.0
1986-12-10 00:00:00-05:00,1.8947525024414062,1.9080957532675697,1.8547225107293732,1.8947525024414062,4382750,0.357447,0.0
1986-12-11 00:00:00-05:00,1.8947522988339036,1.8947522988339036,1.8547223114234384,1.881408929824829,1985750,0.0,0.0
1986-12-12 00:00:00-05:00,1.8814083645806206,1.8947517295808578,1.8547217541968684,1.8680649995803833,2091500,0.0,0.0
1986-12-15 00:00:00-05:00,1.8680649995803833,1.8680649995803833,1.8547217541968684,1.8680649995803833,235823,0.0,0.0
1986-12-16 00:00:00-05:00,1.8680649995803833,1.8814083645806206,1.8547217541968684,1.8680649995803833,308320,0.0,0.0
1986-12-17 00:00:00-05:00,1.8680655104614778,1.8814088791108776,1.854722261428833,1.854722261428833,250863,0.0,0.0
1986-12-18 00:00:00-05:00,1.8547217541968684,1.8680649995803833,1.8413783891966309,1.8680649995803833,405023,0.0,0.0
1986-12-19 00:00:00-05:00,1.854722055983628,1.8680653035382582,1.8146920740862533,1.8413786888122559,615465,0.0,0.0
1986-12-22 00:00:00-05:00,1.8280355930328371,1.8413789621851788,1.8146923434972548,1.828035593032837,662818,0.0,0.0
1986-12-23 00:00:00-05:00,1.828035943583266,1.828035943583266,1.7746626959723817,1.7880059480667114,1175000,0.0,0.0
1986-12-24 00:00:00-05:00,1.8013493197778239,1.8013493197778239,1.7880059480667114,1.7880059480667114,267195,0.0,0.0
1986-12-26 00:00:00-05:00,1.8013493197778239,1.8013493197778239,1.7880059480667114,1.7880059480667114,150753,0.0,0.0
1986-12-29 00:00:00-05:00,1.7880059480667114,1.8013493197778239,1.7746626959723817,1.7880059480667114,302210,0.0,0.0
1986-12-30 00:00:00-05:00,1.7880059480667114,1.8013493197778239,1.7746626959723817,1.7880059480667114,215613,0.0,0.0
1986-12-31 00:00:00-05:00,1.7880042085837022,1.7880042085837022,1.7479742520108084,1.7613176107406616,542733,0.0,0.0
1987-01-02 00:00:00-05:00,1.7613187250175069,1.8413786888122556,1.7613187250175069,1.8413786888122559,630388,0.0,0.0
1987-01-05 00:00:00-05:00,1.8680649995803833,1.8814083645806206,1.8547217541968684,1.8680649995803833,329000,0.0,0.0
1987-01-06 00:00:00-05:00,1.8680655608157546,1.8947522988339036,1.8547223114234384,1.881408929824829,527810,0.0,0.0
1987-01-07 00:00:00-05:00,1.8680655608157546,1.8947522988339036,1.8680655608157546,1.881408929824829,342278,0.0,0.0
1987-01-08 00:00:00-05:00,1.9080950897785287,1.921438455581665,1.8947518435921222,1.921438455581665,429228,0.0,0.0
1987-01-09 00:00:00-05:00,1.9080953458359702,1.9614686965942385,1.9080953458359702,1.9614686965942383,499140,0.0,0.0
1987-01-12 00:00:00-05:00,1.9614686965942385,1.9614686965942385,1.934782081023477,1.9614686965942383,511360,0.0,0.0
1987-01-13 00:00:00-05:00,1.934782081023477,1.9748120641879918,1.934782081023477,1.9614686965942383,1066548,0.0,0.0
1987-01-14 00:00:00-05:00,1.9614684333743437,1.9614684333743437,1.9080950897785287,1.921438455581665,781023,0.0,0.0
1987-01-15 00:00:00-05:00,1.921438455581665,1.9347818213848011,1.8947518435921222,1.921438455581665,590085,0.0,0.0
1987-01-16 00:00:00-05:00,1.9214381874201862,1.9481247956852685,1.894751579155104,1.934781551361084,536505,0.0,0.0
1987-01-19 00:00:00-05:00,1.934782081023477,1.9614686965942385,1.9214387134297237,1.9614686965942383,204803,0.0,0.0
1987-01-20 00:00:00-05:00,1.9481251784576767,1.9881551585288453,1.9481251784576767,1.9748119115829468,1280750,0.0,0.0
1987-01-21 00:00:00-05:00,1.9748120641879918,2.001498679758753,1.9614686965942385,1.9614686965942383,766335,0.0,0.0
1987-01-22 00:00:00-05:00,1.9481244462893088,2.0014977728636847,1.9481244462893088,1.988154411315918,787368,0.0,0.0
1987-01-23 00:00:00-05:00,1.9881551585288453,2.0148417720373786,1.9614685450203118,1.9748119115829468,1040463,0.0,0.0
1987-01-26 00:00:00-05:00,1.9614686965942385,1.9748120641879918,1.948125329000485,1.9614686965942383,898993,0.0,0.0
1987-01-27 00:00:00-05:00,1.9614686965942385,1.9748120641879918,1.934782081023477,1.9614686965942383,624513,0.0,0.0
1987-01-28 00:00:00-05:00,1.9614685450203118,1.9748119115829466,1.934781931511778,1.9748119115829468,535095,0.0,0.0
1987-01-29 00:00:00-05:00,1.9748120641879918,1.9748120641879918,1.948125329000485,1.9614686965942383,419123,0.0,0.0
1987-01-30 00:00:00-05:00,1.9614677700123788,1.9614677700123788,1.9347811670481578,1.9481244087219238,185415,0.0,0.0
1987-02-02 00:00:00-05:00,1.9481244087219236,1.9614677700123788,1.9347811670481578,1.9481244087219238,217140,0.0,0.0
1987-02-03 00:00:00-05:00,1.9481244087219236,1.9614677700123788,1.9481244087219236,1.9481244087219238,210325,0.0,0.0
1987-02-04 00:00:00-05:00,1.9614677700123788,1.9614677700123788,1.9481244087219236,1.9481244087219238,421355,0.0,0.0
1987-02-05 00:00:00-05:00,1.948125329000485,1.9748120641879918,1.948125329000485,1.9614686965942383,368128,0.0,0.0
1987-02-06 00:00:00-05:00,1.9481244087219236,2.0014977342670552,1.9347811670481578,1.9481244087219238,251333,0.0,0.0
1987-02-09 00:00:00-05:00,1.9614681596261663,1.9614681596261663,1.9214381874201862,1.934781551361084,492443,0.0,0.0
1987-02-10 00:00:00-05:00,1.921438455581665,1.9347818213848011,1.9080950897785287,1.921438455581665,926723,0.0,0.0
1987-02-11 00:00:00-05:00,1.9214378057577026,1.9614677700123788,1.9214378057577026,1.9481244087219238,362253,0.0,0.0
1987-02-12 00:00:00-05:00,1.9614677700123788,1.9614677700123788,1.9347811670481578,1.9481244087219238,270015,0.0,0.0
1987-02-13 00:00:00-05:00,1.948125329000485,1.9881553121649997,1.9214387134297237,1.9614686965942383,992640,0.0,0.0
1987-02-17 00:00:00-05:00,1.9748111693848425,1.9881544113159177,1.9614678078370757,1.988154411315918,476110,0.0,0.0
1987-02-18 00:00:00-05:00,1.9881551585288453,1.9881551585288453,1.9614685450203118,1.9748119115829468,296688,0.0,0.0
1987-02-19 00:00:00-05:00,1.9748119115829466,1.9881551585288453,1.9614685450203118,1.9748119115829468,204098,0.0,0.0
1987-02-20 00:00:00-05:00,1.9748120833584115,2.0148419472947694,1.9748120833584115,2.0014986991882324,276595,0.0,0.0
1987-02-23 00:00:00-05:00,2.0014977728636847,2.01484101479476,1.9614678078370757,1.988154411315918,185180,0.0,0.0
1987-02-24 00:00:00-05:00,1.988155181155406,2.0281852812988808,1.988155181155406,2.0148417949676514,161093,0.0,0.0
1987-02-25 00:00:00-05:00,2.0014985478698977,2.0148417949676514,2.0014985478698977,2.0148417949676514,262848,0.0,0.0
1987-02-26 00:00:00-05:00,2.0014977728636847,2.01484101479476,1.9881544113159177,1.988154411315918,275420,0.0,0.0
1987-02-27 00:00:00-05:00,2.0014986991882324,2.0148419472947694,1.9881553314649485,2.0014986991882324,277535,0.0,0.0
1987-03-02 00:00:00-05:00,2.0014985250914803,2.0014985250914803,1.9748119115829466,1.9748119115829468,286230,0.0,0.0
1987-03-03 00:00:00-05:00,1.9881551585288453,1.9881551585288453,1.9614685450203118,1.9748119115829468,152280,0.0,0.0
1987-03-04 00:00:00-05:00,1.9881544113159177,2.0014977728636847,1.9748111693848425,1.988154411315918,221488,0.0,0.0
1987-03-05 00:00:00-05:00,1.9881551585288453,2.0014985250914803,1.9748119115829466,1.9748119115829468,446500,0.0,0.0
1987-03-06 00:00:00-05:00,1.9748115235670638,2.014841376156331,1.9214381874201862,1.934781551361084,589028,0.0,0.0
1987-03-09 00:00:00-05:00,1.9347818213848011,1.9614684333743437,1.9080950897785287,1.921438455581665,11714750,0.0,0.0
1987-03-10 00:00:00-05:00,1.885370088678895,1.9263564056044749,1.885370088678895,1.8990322351455688,1527500,0.357447,0.0
1987-03-11 00:00:00-05:00,1.8990332426968963,1.9126952739376573,1.8580469040255994,1.8853710889816284,1233750,0.0,0.0
1987-03-12 00:00:00-05:00,1.885370088678895,1.912694259137801,1.885370088678895,1.8990322351455688,251920,0.0,0.0
1987-03-13 00:00:00-05:00,1.9126940965652466,1.926356241870684,1.8990320737342405,1.9126940965652466,256855,0.0,0.0
1987-03-16 00:00:00-05:00,1.9126940965652466,2.021991014059884,1.885369928428803,1.9126940965652466,163443,0.0,0.0
1987-03-17 00:00:00-05:00,1.9126940965652466,1.9126940965652466,1.885369928428803,1.9126940965652466,929543,0.0,0.0
1987-03-18 00:00:00-05:00,1.9400183871761216,1.9536804100071277,1.9126940965652466,1.9126940965652466,314195,0.0,0.0
1987-03-19 00:00:00-05:00,1.9263569116592407,1.9263569116592407,1.8990327340222621,1.9263569116592407,467298,0.0,0.0
1987-03-20 00:00:00-05:00,1.9263569116592407,1.9263569116592407,1.8990327340222621,1.9263569116592407,571168,0.0,0.0
1987-03-23 00:00:00-05:00,1.926356241870684,1.9400183871761216,1.8990320737342405,1.9126940965652466,559183,0.0,0.0
1987-03-24 00:00:00-05:00,1.9263569116592407,1.940019061714967,1.9126947616035144,1.9263569116592407,189293,0.0,0.0
1987-03-25 00:00:00-05:00,1.940018892288208,1.9536809186763209,1.9263567434256317,1.940018892288208,478460,0.0,0.0
1987-03-26 00:00:00-05:00,1.9536809186763209,1.9536809186763209,1.940018892288208,1.940018892288208,215025,0.0,0.0
1987-03-27 00:00:00-05:00,1.9536809186763209,1.9673430675388972,1.9263567434256317,1.940018892288208,246280,0.0,0.0
1987-03-30 00:00:00-05:00,1.9263564056044749,1.9263564056044749,1.899032235145569,1.8990322351455688,256385,0.0,0.0
1987-03-31 00:00:00-05:00,1.899032235145569,1.912694259137801,1.885370088678895,1.8990322351455688,650833,0.0,0.0
1987-04-01 00:00:00-05:00,1.885370088678895,1.899032235145569,1.8580459182199893,1.8990322351455688,225130,0.0,0.0
1987-04-02 00:00:00-05:00,1.9126940965652466,1.9126940965652466,1.885369928428803,1.9126940965652466,271778,0.0,0.0
1987-04-03 00:00:00-05:00,1.9126945945630554,1.9536809186763209,1.885370419312366,1.940018892288208,556715,0.0,0.0
1987-04-06 00:00:00-04:00,1.940019061714967,1.9536810892962195,1.9126947616035144,1.9263569116592407,211030,0.0,0.0
1987-04-07 00:00:00-04:00,1.9263574276529252,1.9263574276529252,1.8853710889816284,1.8853710889816284,164735,0.0,0.0
1987-04-08 00:00:00-04:00,1.885370903093037,1.8990330554612818,1.8717087507247923,1.8717087507247925,318660,0.0,0.0
1987-04-09 00:00:00-04:00,1.8853710740446665,1.8853710740446665,1.8443847356980863,1.8580468893051147,331350,0.0,0.0
1987-04-10 00:00:00-04:00,1.8443845684627975,1.8717087507247923,1.8307224160945528,1.8717087507247925,220078,0.0,0.0
1987-04-13 00:00:00-04:00,1.8717078862248244,1.8853700322828297,1.844383716583252,1.844383716583252,193640,0.0,0.0
1987-04-14 00:00:00-04:00,1.8443841766561313,1.858046326122095,1.7214251988858642,1.7487493753433228,691958,0.0,0.0
1987-04-15 00:00:00-04:00,1.748749828042131,1.8170604705810545,1.7350877975139467,1.8170604705810547,386928,0.0,0.0
1987-04-16 00:00:00-04:00,1.83072304725647,1.83072304725647,1.8033988555741594,1.8307230472564697,646368,0.0,0.0
1987-04-20 00:00:00-04:00,1.8443847356980863,1.858046889305115,1.8170605509585347,1.8580468893051147,306205,0.0,0.0
1987-04-21 00:00:00-04:00,1.8443847356980863,1.8717089204376378,1.8170605509585347,1.8580468893051147,253330,0.0,0.0
1987-04-22 00:00:00-04:00,1.8580473614133175,1.8853715530956279,1.8033988555741594,1.8307230472564697,246398,0.0,0.0
1987-04-23 00:00:00-04:00,1.8033983175783697,1.830722501109239,1.7624119810448158,1.8170604705810547,233355,0.0,0.0
1987-04-24 00:00:00-04:00,1.8033971786499023,1.817059323024313,1.7760730123755042,1.8033971786499023,262848,0.0,0.0
1987-04-27 00:00:00-04:00,1.7897359616266693,1.8170602645335703,1.7624117811942546,1.776073932647705,355203,0.0,0.0
1987-04-28 00:00:00-04:00,1.7624117811942546,1.8033981130801198,1.7624117811942546,1.776073932647705,272248,0.0,0.0
1987-04-29 00:00:00-04:00,1.8033983175783697,1.830722501109239,1.7897361645756849,1.8170604705810547,203275,0.0,0.0
1987-04-30 00:00:00-04:00,1.8170605509585347,1.8717089204376378,1.803398397351506,1.8580468893051147,235470,0.0,0.0
1987-05-01 00:00:00-04:00,1.844383716583252,1.8580458626412573,1.8307215705252464,1.844383716583252,183888,0.0,0.0
1987-05-04 00:00:00-04:00,1.8580458626412573,1.8580458626412573,1.8307215705252464,1.844383716583252,343218,0.0,0.0
1987-05-05 00:00:00-04:00,1.8580458626412573,1.8580458626412573,1.844383716583252,1.844383716583252,332643,0.0,0.0
1987-05-06 00:00:00-04:00,1.8443847503103314,1.8990332426968963,1.8443847503103314,1.8853710889816284,464360,0.0,0.0
1987-05-07 00:00:00-04:00,1.8717089204376378,1.8853710740446665,1.8443847356980863,1.8580468893051147,843298,0.0,0.0
1987-05-08 00:00:00-04:00,1.8717078862248244,1.8717078862248244,1.8170595469416793,1.844383716583252,381288,0.0,0.0
1987-05-11 00:00:00-04:00,1.8443847356980863,1.8717089204376378,1.8307225820910575,1.8580468893051147,367775,0.0,0.0
1987-05-12 00:00:00-04:00,1.8580473614133175,1.8580473614133175,1.83072304725647,1.8307230472564697,109510,0.0,0.0
1987-05-13 00:00:00-04:00,1.844383716583252,1.8580458626412573,1.8307215705252464,1.844383716583252,150635,0.0,0.0
1987-05-14 00:00:00-04:00,1.858046889305115,1.858046889305115,1.8307225820910575,1.8580468893051147,722743,0.0,0.0
1987-05-15 00:00:00-04:00,1.8307222440552855,1.8443843951396508,1.7897359132766726,1.7897359132766724,279650,0.0,0.0
1987-05-18 00:00:00-04:00,1.8170604705810545,1.830722501109239,1.7760741340475006,1.8170604705810547,161680,0.0,0.0
1987-05-19 00:00:00-04:00,1.8170600001986725,1.8170600001986725,1.7487493753433228,1.7487493753433228,419945,0.0,0.0
1987-05-20 00:00:00-04:00,1.7487497825147278,1.7624119351617284,1.7214255996952235,1.7350877523422241,375295,0.0,0.0
1987-05-21 00:00:00-04:00,1.7487493753433228,1.7487493753433228,1.7350873483518279,1.7487493753433228,313843,0.0,0.0
1987-05-22 00:00:00-04:00,1.7487493753433228,1.7624115248092866,1.7350873483518279,1.7487493753433228,226070,0.0,0.0
1987-05-26 00:00:00-04:00,1.7624123096466064,1.7897364982720707,1.7487501540966126,1.7624123096466064,209150,0.0,0.0
1987-05-27 00:00:00-04:00,1.7760744651966003,1.7760744651966003,1.7624123096466064,1.7624123096466064,262260,0.0,0.0
1987-05-28 00:00:00-04:00,1.7760730123755042,1.817059323024313,1.7624108680010935,1.8033971786499023,393625,0.0,0.0
1987-05-29 00:00:00-04:00,1.8307215705252464,1.844383716583252,1.8170595469416793,1.844383716583252,325358,0.0,0.0
1987-06-01 00:00:00-04:00,1.8443846541119235,1.8443846541119235,1.8170604705810545,1.8170604705810547,168143,0.0,0.0
1987-06-02 00:00:00-04:00,1.8307215705252464,1.844383716583252,1.7897352548256686,1.844383716583252,300213,0.0,0.0
1987-06-03 00:00:00-04:00,1.8443847356980863,1.8717089204376378,1.8307225820910575,1.8580468893051147,754820,0.0,0.0
1987-06-04 00:00:00-04:00,1.858046889305115,1.8853710740446665,1.8443847356980863,1.8580468893051147,159095,0.0,0.0
1987-06-05 00:00:00-04:00,1.858046889305115,1.8853710740446665,1.858046889305115,1.8580468893051147,279298,0.0,0.0
1987-06-08 00:00:00-04:00,1.8717087507247923,1.8717087507247923,1.8580467208310423,1.8717087507247925,140413,0.0,0.0
1987-06-09 00:00:00-04:00,1.8717087507247923,1.8717087507247923,1.8307224160945528,1.8717087507247925,14440750,0.0,0.0
1987-06-10 00:00:00-04:00,1.820728063583374,1.8627448756744611,1.820728063583374,1.820728063583374,1574500,0.357447,0.0
1987-06-11 00:00:00-04:00,1.8207277299951412,1.8487388910724971,1.8207277299951412,1.834733247756958,1621500,0.0,0.0
1987-06-12 00:00:00-04:00,1.834734803298523,1.8487404584884644,1.8207292736624108,1.8487404584884644,1468750,0.0,0.0
1987-06-15 00:00:00-04:00,1.8347335839112393,1.8487392297928502,1.820728063583374,1.820728063583374,163560,0.0,0.0
1987-06-16 00:00:00-04:00,1.834733247756958,1.834733247756958,1.806722086679602,1.834733247756958,173078,0.0,0.0
1987-06-17 00:00:00-04:00,1.8347350212374685,1.8347350212374685,1.8067238330841067,1.8067238330841064,206683,0.0,0.0
1987-06-18 00:00:00-04:00,1.834733247756958,1.834733247756958,1.806722086679602,1.834733247756958,363428,0.0,0.0
1987-06-19 00:00:00-04:00,1.8347350212374685,1.8347350212374685,1.7927181762305038,1.8067238330841064,2279500,0.0,0.0
1987-06-22 00:00:00-04:00,1.8067238330841067,1.8207294899377096,1.7927181762305038,1.8067238330841064,543555,0.0,0.0
1987-06-23 00:00:00-04:00,1.8067224177017631,1.8487392297928502,1.7927167718201522,1.820728063583374,618285,0.0,0.0
1987-06-24 00:00:00-04:00,1.820728063583374,1.8487392297928502,1.8067224177017631,1.820728063583374,252273,0.0,0.0
1987-06-25 00:00:00-04:00,1.834733247756958,1.8487388910724971,1.8207277299951412,1.834733247756958,203275,0.0,0.0
1987-06-26 00:00:00-04:00,1.8347350212374685,1.8487406780910713,1.7927181762305038,1.8067238330841064,149695,0.0,0.0
1987-06-29 00:00:00-04:00,1.8207277299951412,1.834733247756958,1.806722086679602,1.834733247756958,130308,0.0,0.0
1987-06-30 00:00:00-04:00,1.8347335839112393,1.8347335839112393,1.8067224177017631,1.820728063583374,182008,0.0,0.0
1987-07-01 00:00:00-04:00,1.8067224177017631,1.8347335839112393,1.8067224177017631,1.820728063583374,224660,0.0,0.0
1987-07-02 00:00:00-04:00,1.834733247756958,1.834733247756958,1.8207277299951412,1.834733247756958,141353,0.0,0.0
1987-07-06 00:00:00-04:00,1.820728063583374,1.8347335839112393,1.7927167718201522,1.820728063583374,265433,0.0,0.0
1987-07-07 00:00:00-04:00,1.7927181762305038,1.8207294899377096,1.7927181762305038,1.8067238330841064,333700,0.0,0.0
1987-07-08 00:00:00-04:00,1.8207277299951412,1.834733247756958,1.806722086679602,1.834733247756958,511478,0.0,0.0
1987-07-09 00:00:00-04:00,1.834733247756958,1.8627445343880364,1.8207277299951412,1.834733247756958,415480,0.0,0.0
1987-07-10 00:00:00-04:00,1.834734803298523,1.8487404584884644,1.834734803298523,1.8487404584884644,142410,0.0,0.0
1987-07-13 00:00:00-04:00,1.834733247756958,1.834733247756958,1.8207277299951412,1.834733247756958,262025,0.0,0.0
1987-07-14 00:00:00-04:00,1.8207294899377096,1.8207294899377096,1.7927181762305038,1.8067238330841064,254623,0.0,0.0
1987-07-15 00:00:00-04:00,1.7927181762305038,1.8207294899377096,1.7927181762305038,1.8067238330841064,256268,0.0,0.0
1987-07-16 00:00:00-04:00,1.806722086679602,1.8487388910724971,1.7927164433640628,1.834733247756958,366718,0.0,0.0
1987-07-17 00:00:00-04:00,1.8347350212374685,1.8487406780910713,1.7927181762305038,1.8067238330841064,1692000,0.0,0.0
1987-07-20 00:00:00-04:00,1.8067229594868874,1.8067229594868874,1.7647061347961428,1.7647061347961426,392098,0.0,0.0
1987-07-21 00:00:00-04:00,1.7787117848776521,1.792717309405378,1.7507004847146335,1.7647061347961426,397620,0.0,0.0
1987-07-22 00:00:00-04:00,1.764705484125336,1.7787111290427744,1.7086830300093194,1.7226886749267578,572813,0.0,0.0
1987-07-23 00:00:00-04:00,1.7226896201928863,1.7366952727954403,1.694678440541584,1.708683967590332,467298,0.0,0.0
1987-07-24 00:00:00-04:00,1.694677510645618,1.7226886749267578,1.694677510645618,1.7226886749267578,342983,0.0,0.0
1987-07-27 00:00:00-04:00,1.7226886749267578,1.7366943198441962,1.694677510645618,1.7226886749267578,334875,0.0,0.0
1987-07-28 00:00:00-04:00,1.7086839675903323,1.7086839675903323,1.68067278793903,1.708683967590332,803700,0.0,0.0
1987-07-29 00:00:00-04:00,1.694678440541584,1.7086839675903323,1.68067278793903,1.708683967590332,284820,0.0,0.0
1987-07-30 00:00:00-04:00,1.7086828709653432,1.7226885145791382,1.6946773529052737,1.6946773529052734,219608,0.0,0.0
1987-07-31 00:00:00-04:00,1.694678440541584,1.7086839675903323,1.68067278793903,1.708683967590332,432165,0.0,0.0
1987-08-03 00:00:00-04:00,1.7086828709653432,1.7086828709653432,1.6946773529052737,1.6946773529052734,391393,0.0,0.0
1987-08-04 00:00:00-04:00,1.694678440541584,1.7226896201928863,1.694678440541584,1.708683967590332,245458,0.0,0.0
1987-08-05 00:00:00-04:00,1.722688454394434,1.7366940975189207,1.7086828112699473,1.736694097518921,389395,0.0,0.0
1987-08-06 00:00:00-04:00,1.7366940975189207,1.7366940975189207,1.7086828112699473,1.736694097518921,284703,0.0,0.0
1987-08-07 00:00:00-04:00,1.7366941581929332,1.7366941581929332,1.6806717092914787,1.6946773529052734,466945,0.0,0.0
1987-08-10 00:00:00-04:00,1.694678440541584,1.7086839675903323,1.68067278793903,1.708683967590332,386810,0.0,0.0
1987-08-11 00:00:00-04:00,1.694677510645618,1.7226886749267578,1.6806718657281796,1.7226886749267578,575633,0.0,0.0
1987-08-12 00:00:00-04:00,1.7086828112699473,1.7506996150896865,1.7086828112699473,1.736694097518921,465888,0.0,0.0
1987-08-13 00:00:00-04:00,1.736694272498041,1.792716599533027,1.7226886279624276,1.7787110805511475,1186750,0.0,0.0
1987-08-14 00:00:00-04:00,1.764706631945018,1.8067234684726439,1.764706631945018,1.7927178144454956,733788,0.0,0.0
1987-08-17 00:00:00-04:00,1.7787122859721662,1.8067234684726439,1.7787122859721662,1.7927178144454956,644958,0.0,0.0
1987-08-18 00:00:00-04:00,1.792716599533027,1.792716599533027,1.764705436015534,1.7787110805511475,246163,0.0,0.0
1987-08-19 00:00:00-04:00,1.7787110805511472,1.792716599533027,1.764705436015534,1.7787110805511475,212910,0.0,0.0
1987-08-20 00:00:00-04:00,1.7927178144454958,1.7927178144454958,1.764706631945018,1.7927178144454956,882308,0.0,0.0
1987-08-21 00:00:00-04:00,1.792717309405378,1.8067229594868874,1.7647061347961428,1.7647061347961426,264375,0.0,0.0
1987-08-24 00:00:00-04:00,1.7787122859721662,1.7927178144454958,1.764706631945018,1.7927178144454956,183653,0.0,0.0
1987-08-25 00:00:00-04:00,1.792716599533027,1.792716599533027,1.764705436015534,1.7787110805511475,615465,0.0,0.0
1987-08-26 00:00:00-04:00,1.7787110805511472,1.792716599533027,1.764705436015534,1.7787110805511475,333583,0.0,0.0
1987-08-27 00:00:00-04:00,1.7787110805511472,1.7787110805511472,1.764705436015534,1.7787110805511475,164383,0.0,0.0
1987-08-28 00:00:00-04:00,1.7506996150896865,1.7787109013386602,1.6806716505746946,1.736694097518921,5867950,0.0,0.0
1987-08-31 00:00:00-04:00,1.722688454394434,1.7366940975189207,1.722688454394434,1.736694097518921,262730,0.0,0.0
1987-09-01 00:00:00-04:00,1.7366952727954403,1.7366952727954403,1.7086839675903323,1.708683967590332,412190,0.0,0.0
1987-09-02 00:00:00-04:00,1.7226885145791382,1.7226885145791382,1.6806717092914787,1.6946773529052734,680678,0.0,0.0
1987-09-03 00:00:00-04:00,1.7086839675903323,1.7086839675903323,1.68067278793903,1.708683967590332,398208,0.0,0.0
1987-09-04 00:00:00-04:00,1.7086828709653432,1.7226885145791382,1.6806717092914787,1.6946773529052734,552015,0.0,0.0
1987-09-08 00:00:00-04:00,1.694678440541584,1.7086839675903323,1.694678440541584,1.708683967590332,292458,0.0,0.0
1987-09-09 00:00:00-04:00,1.7226896201928863,1.7226896201928863,1.68067278793903,1.708683967590332,617580,0.0,0.0
1987-09-10 00:00:00-04:00,1.7086828709653432,1.7226885145791382,1.6946773529052737,1.6946773529052734,486215,0.0,0.0
1987-09-11 00:00:00-04:00,1.7086839675903323,1.7226896201928863,1.694678440541584,1.708683967590332,258148,0.0,0.0
1987-09-14 00:00:00-04:00,1.722688454394434,1.7366940975189207,1.7086828112699473,1.736694097518921,18435750,0.0,0.0
1987-09-15 00:00:00-04:00,1.7366940975189207,1.7506996150896865,1.7086828112699473,1.736694097518921,693015,0.0,0.0
1987-09-16 00:00:00-04:00,1.7226896201928863,1.7366952727954403,1.7086839675903323,1.708683967590332,39879500,0.0,0.0
1987-09-17 00:00:00-04:00,1.6994656324386594,1.7282700996706262,1.6850634633774455,1.6994656324386597,1410000,0.357447,0.0
1987-09-18 00:00:00-04:00,1.7282700996706262,1.7282700996706262,1.6994656324386594,1.6994656324386597,1468750,0.0,0.0
1987-09-21 00:00:00-04:00,1.6994662516863654,1.7138684259954113,1.6850640773773193,1.6850640773773193,488213,0.0,0.0
1987-09-22 00:00:00-04:00,1.7138699293136594,1.7138699293136594,1.6706633684879564,1.7138699293136597,797120,0.0,0.0
1987-09-23 00:00:00-04:00,1.7138683471538774,1.7282706499099731,1.6994661735073617,1.7282706499099731,385635,0.0,0.0
1987-09-24 00:00:00-04:00,1.7282700996706262,1.7282700996706262,1.6994656324386594,1.6994656324386597,200455,0.0,0.0
1987-09-25 00:00:00-04:00,1.7138678014998734,1.7138678014998734,1.6706612943162316,1.6994656324386597,330058,0.0,0.0
1987-09-28 00:00:00-04:00,1.7138699293136594,1.7138699293136594,1.6850655554298575,1.7138699293136597,212558,0.0,0.0
1987-09-29 00:00:00-04:00,1.6994662516863654,1.7138684259954113,1.6850640773773193,1.6850640773773193,267900,0.0,0.0
1987-09-30 00:00:00-04:00,1.6994667603460836,1.6994667603460836,1.6706624031066895,1.6706624031066895,403143,0.0,0.0
1987-10-01 00:00:00-04:00,1.6850645817263865,1.6850645817263865,1.656260095377368,1.6706624031066895,439333,0.0,0.0
1987-10-02 00:00:00-04:00,1.6706612943162316,1.6994656324386594,1.6706612943162316,1.6994656324386597,686905,0.0,0.0
1987-10-05 00:00:00-04:00,1.6850645817263865,1.6994667603460836,1.6706624031066895,1.6706624031066895,249805,0.0,0.0
1987-10-06 00:00:00-04:00,1.6850645817263865,1.6850645817263865,1.6706624031066895,1.6706624031066895,390805,0.0,0.0
1987-10-07 00:00:00-04:00,1.6706624031066895,1.6850645817263865,1.656260095377368,1.6706624031066895,343335,0.0,0.0
1987-10-08 00:00:00-04:00,1.6706619030682734,1.6850640773773193,1.6706619030682734,1.6850640773773193,187413,0.0,0.0
1987-10-09 00:00:00-04:00,1.6706624031066895,1.6994667603460836,1.656260095377368,1.6706624031066895,177660,0.0,0.0
1987-10-12 00:00:00-04:00,1.6706624031066895,1.6850645817263865,1.656260095377368,1.6706624031066895,220665,0.0,0.0
1987-10-13 00:00:00-04:00,1.6706633684879564,1.7138699293136594,1.6706633684879564,1.7138699293136597,218080,0.0,0.0
1987-10-14 00:00:00-04:00,1.7138678014998734,1.7138678014998734,1.6850634633774455,1.6994656324386597,178953,0.0,0.0
1987-10-15 00:00:00-04:00,1.6706619030682734,1.7138684259954113,1.6562595996496416,1.6850640773773193,265550,0.0,0.0
1987-10-16 00:00:00-04:00,1.685064354120411,1.7138687074691266,1.6130530834197998,1.6130530834197998,504780,0.0,0.0
1987-10-19 00:00:00-04:00,1.613052405646152,1.6274547053785473,1.4402253252956205,1.5266388654708862,968788,0.0,0.0
1987-10-20 00:00:00-04:00,1.5266395657492806,1.6130531455629549,1.4834327758424435,1.584248661994934,829550,0.0,0.0
1987-10-21 00:00:00-04:00,1.6418572962310098,1.7138684259954113,1.6418572962310098,1.6850640773773193,515943,0.0,0.0
1987-10-22 00:00:00-04:00,1.6418577432632446,1.6706623579432045,1.613053257692906,1.6418577432632446,648835,0.0,0.0
1987-10-23 00:00:00-04:00,1.6418577876480465,1.6850645817263865,1.6274556090283496,1.6706624031066895,233238,0.0,0.0
1987-10-26 00:00:00-05:00,1.656258743694797,1.656258743694797,1.584247522036223,1.6274542808532715,324770,0.0,0.0
1987-10-27 00:00:00-05:00,1.6562600506032246,1.6706623579432045,1.6418577432632446,1.6418577432632446,267783,0.0,0.0
1987-10-28 00:00:00-05:00,1.6274542808532715,1.6418564477192747,1.613051984877749,1.6274542808532715,298685,0.0,0.0
1987-10-29 00:00:00-05:00,1.6562591791152956,1.6706614788770953,1.6418568793534958,1.6562591791152954,233473,0.0,0.0
1987-10-30 00:00:00-05:00,1.6706610396703196,1.685063206536323,1.6274542808532715,1.6274542808532715,919203,0.0,0.0
1987-11-02 00:00:00-05:00,1.6418577432632446,1.6706623579432045,1.627455565032886,1.6418577432632446,237115,0.0,0.0
1987-11-03 00:00:00-05:00,1.6562591791152956,1.6706614788770953,1.6418568793534958,1.6562591791152954,211618,0.0,0.0
1987-11-04 00:00:00-05:00,1.6706624031066895,1.6850645817263865,1.6274556090283496,1.6706624031066895,216670,0.0,0.0
1987-11-05 00:00:00-05:00,1.6706614788770953,1.685063649529342,1.6418568793534958,1.6562591791152954,391040,0.0,0.0
1987-11-06 00:00:00-05:00,1.6850640773773193,1.6994662516863654,1.6706619030682734,1.6850640773773193,418888,0.0,0.0
1987-11-09 00:00:00-05:00,1.6706623579432045,1.6850645361735634,1.627455565032886,1.6418577432632446,259558,0.0,0.0
1987-11-10 00:00:00-05:00,1.6274553892037649,1.6418575658781227,1.5986507776358347,1.6130530834197998,335463,0.0,0.0
1987-11-11 00:00:00-05:00,1.6130530834197998,1.6274553892037649,1.6130530834197998,1.6130530834197998,305500,0.0,0.0
1987-11-12 00:00:00-05:00,1.627455565032886,1.6418577432632446,1.613053257692906,1.6418577432632446,172138,0.0,0.0
1987-11-13 00:00:00-05:00,1.6418575658781227,1.6418575658781227,1.6130530834197998,1.6130530834197998,180245,0.0,0.0
1987-11-16 00:00:00-05:00,1.6418577432632446,1.6706623579432045,1.627455565032886,1.6418577432632446,528398,0.0,0.0
1987-11-17 00:00:00-05:00,1.6418577432632446,1.6562600506032246,1.613053257692906,1.6418577432632446,540500,0.0,0.0
1987-11-18 00:00:00-05:00,1.6274553892037649,1.6418575658781227,1.6130530834197998,1.6130530834197998,187648,0.0,0.0
1987-11-19 00:00:00-05:00,1.6130522772234557,1.627454575809216,1.5842478091614776,1.5986499786376953,440743,0.0,0.0
1987-11-20 00:00:00-05:00,1.5842478091614776,1.5986499786376953,1.5698455105757172,1.5986499786376953,281648,0.0,0.0
1987-11-23 00:00:00-05:00,1.6130530834197998,1.6130530834197998,1.584248600961477,1.6130530834197998,307380,0.0,0.0
1987-11-24 00:00:00-05:00,1.613051984877749,1.6418564477192747,1.613051984877749,1.6274542808532715,260498,0.0,0.0
1987-11-25 00:00:00-05:00,1.6274542808532715,1.6418564477192747,1.613051984877749,1.6274542808532715,211970,0.0,0.0
1987-11-27 00:00:00-05:00,1.613051984877749,1.6274542808532715,1.613051984877749,1.6274542808532715,108335,0.0,0.0
1987-11-30 00:00:00-05:00,1.6130522772234557,1.627454575809216,1.5842478091614776,1.5986499786376953,5744223,0.0,0.0
1987-12-01 00:00:00-05:00,1.613051984877749,1.6418564477192747,1.613051984877749,1.6274542808532715,508305,0.0,0.0
1987-12-02 00:00:00-05:00,1.6418564477192747,1.6418564477192747,1.5986496889022264,1.6274542808532715,676095,0.0,0.0
1987-12-03 00:00:00-05:00,1.627454575809216,1.627454575809216,1.5986499786376953,1.5986499786376953,239583,0.0,0.0
1987-12-04 00:00:00-05:00,1.6130530834197998,1.6274553892037649,1.5986507776358347,1.6130530834197998,325710,0.0,0.0
1987-12-07 00:00:00-05:00,1.5986496889022264,1.6274542808532715,1.5986496889022264,1.6274542808532715,297863,0.0,0.0
1987-12-08 00:00:00-05:00,1.6274542808532715,1.685063206536323,1.613051984877749,1.6274542808532715,175780,0.0,0.0
1987-12-09 00:00:00-05:00,1.6274542808532715,1.6418564477192747,1.613051984877749,1.6274542808532715,44175065,0.0,0.0
1987-12-10 00:00:00-05:00,1.6179550132980358,1.6179550132980358,1.588267803192139,1.5882678031921387,749063,0.357447,0.0
1987-12-11 00:00:00-05:00,1.6031110286712649,1.6031110286712649,1.5734238243624106,1.6031110286712646,590555,0.0,0.0
1987-12-14 00:00:00-05:00,1.6031110286712649,1.6179546973587964,1.5882674930499423,1.6031110286712646,371300,0.0,0.0
1987-12-15 00:00:00-05:00,1.6031110947059022,1.632798433303833,1.6031110947059022,1.632798433303833,585973,0.0,0.0
1987-12-16 00:00:00-05:00,1.647642875729249,1.6624865531921387,1.632799331332647,1.6624865531921387,204215,0.0,0.0
1987-12-17 00:00:00-05:00,1.647641969536584,1.647641969536584,1.6179547640048677,1.632798433303833,260028,0.0,0.0
1987-12-18 00:00:00-05:00,1.632798433303833,1.632798433303833,1.6179547640048677,1.632798433303833,431225,0.0,0.0
1987-12-21 00:00:00-05:00,1.6476417779922485,1.6624854455655838,1.6327982434851125,1.6476417779922485,545553,0.0,0.0
1987-12-22 00:00:00-05:00,1.647642875729249,1.6624865531921387,1.6179556538697573,1.6624865531921387,263083,0.0,0.0
1987-12-23 00:00:00-05:00,1.6624865531921387,1.6773302306550284,1.647642875729249,1.6624865531921387,321598,0.0,0.0
1987-12-24 00:00:00-05:00,1.6773293081345149,1.6773293081345149,1.632798433303833,1.632798433303833,274950,0.0,0.0
1987-12-28 00:00:00-05:00,1.6179547640048677,1.632798433303833,1.6179547640048677,1.632798433303833,272365,0.0,0.0
1987-12-29 00:00:00-05:00,1.632798366046328,1.632798366046328,1.5882674930499423,1.6031110286712646,395270,0.0,0.0
1987-12-30 00:00:00-05:00,1.6031114318604553,1.6031114318604553,1.558580547664367,1.573424220085144,826378,0.0,0.0
1987-12-31 00:00:00-05:00,1.588267803192139,1.588267803192139,1.5585804600200066,1.5882678031921387,357670,0.0,0.0
1988-01-04 00:00:00-05:00,1.603110908338442,1.6624854455655838,1.603110908338442,1.6476417779922485,370360,0.0,0.0
1988-01-05 00:00:00-05:00,1.6773296147179988,1.7070168256759644,1.6624859427058964,1.7070168256759644,418300,0.0,0.0
1988-01-06 00:00:00-05:00,1.7218604976880667,1.73670403663393,1.6773296147179988,1.7070168256759644,355438,0.0,0.0
1988-01-07 00:00:00-05:00,1.73670403663393,1.73670403663393,1.692173153663862,1.7070168256759644,223133,0.0,0.0
1988-01-08 00:00:00-05:00,1.70701745251452,1.70701745251452,1.632799331332647,1.6624865531921387,256385,0.0,0.0
1988-01-11 00:00:00-05:00,1.647641969536584,1.647641969536584,1.6031110947059022,1.632798433303833,290108,0.0,0.0
1988-01-12 00:00:00-05:00,1.6476417779922485,1.6624854455655838,1.6327982434851125,1.6476417779922485,258148,0.0,0.0
1988-01-13 00:00:00-05:00,1.647642875729249,1.6773302306550284,1.632799331332647,1.6624865531921387,302445,0.0,0.0
1988-01-14 00:00:00-05:00,1.6773294210433958,1.6773294210433958,1.6624857507452335,1.677329421043396,284233,0.0,0.0
1988-01-15 00:00:00-05:00,1.6921736001968386,1.7218609520549801,1.6773300573340417,1.6921736001968384,426290,0.0,0.0
1988-01-18 00:00:00-05:00,1.7070172761259093,1.7218609520549801,1.6921736001968386,1.6921736001968384,287053,0.0,0.0
1988-01-19 00:00:00-05:00,1.6921736001968386,1.7070172761259093,1.6773300573340417,1.6921736001968384,274010,0.0,0.0
1988-01-20 00:00:00-05:00,1.7070172761259093,1.7070172761259093,1.6921736001968386,1.6921736001968384,249335,0.0,0.0
1988-01-21 00:00:00-05:00,1.721860647201538,1.721860647201538,1.7070169739005225,1.721860647201538,303150,0.0,0.0
1988-01-22 00:00:00-05:00,1.7070169739005225,1.721860647201538,1.692173300599507,1.721860647201538,444620,0.0,0.0
1988-01-25 00:00:00-05:00,1.7218603351361026,1.736703872680664,1.7070166645253149,1.736703872680664,458485,0.0,0.0
1988-01-26 00:00:00-05:00,1.7367041874363032,1.7515477276710685,1.721860647201538,1.721860647201538,297628,0.0,0.0
1988-01-27 00:00:00-05:00,1.7367041874363032,1.7515477276710685,1.721860647201538,1.721860647201538,294690,0.0,0.0
1988-01-28 00:00:00-05:00,1.7367047827145126,1.7663918733596802,1.7218612373919286,1.7663918733596802,261438,0.0,0.0
1988-01-29 00:00:00-05:00,1.766390212724327,1.8109210729599001,1.7515466813565832,1.8109210729599,546963,0.0,0.0
1988-02-01 00:00:00-05:00,1.8257657754165681,1.8257657754165681,1.7812348898633594,1.7960785627365112,468003,0.0,0.0
1988-02-02 00:00:00-05:00,1.7812349796295166,1.7960786532507222,1.7367042248984068,1.7812349796295166,309848,0.0,0.0
1988-02-03 00:00:00-05:00,1.7812347859450353,1.7812347859450353,1.6921731531007747,1.7515475749969482,359550,0.0,0.0
1988-02-04 00:00:00-05:00,1.736703872680664,1.7515474102252255,1.7070166645253149,1.736703872680664,306323,0.0,0.0
1988-02-05 00:00:00-05:00,1.7218603351361026,1.7515474102252255,1.7218603351361026,1.736703872680664,154395,0.0,0.0
1988-02-08 00:00:00-05:00,1.7218603351361026,1.736703872680664,1.7070166645253149,1.736703872680664,239230,0.0,0.0
1988-02-09 00:00:00-05:00,1.7218604976880667,1.7218604976880667,1.692173153663862,1.7070168256759644,319013,0.0,0.0
1988-02-10 00:00:00-05:00,1.7070169739005225,1.721860647201538,1.692173300599507,1.721860647201538,199750,0.0,0.0
1988-02-11 00:00:00-05:00,1.7218609520549801,1.7218609520549801,1.6624863814049708,1.6921736001968384,618873,0.0,0.0
1988-02-12 00:00:00-05:00,1.6773302306550284,1.6921737750516304,1.647642875729249,1.6624865531921387,436748,0.0,0.0
1988-02-16 00:00:00-05:00,1.6773294210433958,1.6773294210433958,1.6624857507452335,1.677329421043396,415363,0.0,0.0
1988-02-17 00:00:00-05:00,1.6921737750516304,1.6921737750516304,1.6624865531921387,1.6624865531921387,203158,0.0,0.0
1988-02-18 00:00:00-05:00,1.6624857507452335,1.6773294210433958,1.6624857507452335,1.677329421043396,123258,0.0,0.0
1988-02-19 00:00:00-05:00,1.6773296147179988,1.7070168256759644,1.6624859427058964,1.7070168256759644,176720,0.0,0.0
1988-02-22 00:00:00-05:00,1.6773294210433958,1.6921729582753346,1.6624857507452335,1.677329421043396,382580,0.0,0.0
1988-02-23 00:00:00-05:00,1.6773296147179988,1.7218604976880667,1.6773296147179988,1.7070168256759644,220783,0.0,0.0
1988-02-24 00:00:00-05:00,1.7070168256759644,1.7218604976880667,1.7070168256759644,1.7070168256759644,273423,0.0,0.0
1988-02-25 00:00:00-05:00,1.6921736001968386,1.7218609520549801,1.6921736001968386,1.6921736001968384,247103,0.0,0.0
1988-02-26 00:00:00-05:00,1.692173153663862,1.7070168256759644,1.6773296147179988,1.7070168256759644,134655,0.0,0.0
1988-02-29 00:00:00-05:00,1.7070169739005225,1.721860647201538,1.692173300599507,1.721860647201538,296570,0.0,0.0
1988-03-01 00:00:00-05:00,1.7070168256759644,1.7218604976880667,1.692173153663862,1.7070168256759644,266608,0.0,0.0
1988-03-02 00:00:00-05:00,1.721860647201538,1.7367041874363032,1.7070169739005225,1.721860647201538,179658,0.0,0.0
1988-03-03 00:00:00-05:00,1.7218603351361026,1.736703872680664,1.7218603351361026,1.736703872680664,104810,0.0,0.0
1988-03-04 00:00:00-05:00,1.721860647201538,1.7367041874363032,1.692173300599507,1.721860647201538,507718,0.0,0.0
1988-03-07 00:00:00-05:00,1.7070172761259093,1.7218609520549801,1.6921736001968386,1.6921736001968384,526988,0.0,0.0
1988-03-08 00:00:00-05:00,1.6921729582753346,1.707016628573497,1.6773294210433958,1.677329421043396,8696763,0.0,0.0
1988-03-09 00:00:00-05:00,1.6921729582753346,1.6921729582753346,1.6624857507452335,1.677329421043396,13361513,0.0,0.0
1988-03-10 00:00:00-05:00,1.6675384859989006,1.682837053289,1.6522399187088013,1.6522399187088013,899815,0.357447,0.0
1988-03-11 00:00:00-05:00,1.6522401097308552,1.6828372478485107,1.6522401097308552,1.6828372478485107,636850,0.0,0.0
1988-03-14 00:00:00-05:00,1.6828372478485107,1.6981356797631708,1.667538678789683,1.6828372478485107,356730,0.0,0.0
1988-03-15 00:00:00-05:00,1.6828367105280266,1.6981351375579832,1.6828367105280266,1.6981351375579834,213145,0.0,0.0
1988-03-16 00:00:00-05:00,1.6828367105280266,1.7134337017320638,1.6828367105280266,1.6981351375579834,268253,0.0,0.0
1988-03-17 00:00:00-05:00,1.6981360049993275,1.7134345769882202,1.6981360049993275,1.7134345769882202,191290,0.0,0.0
1988-03-18 00:00:00-05:00,1.7134345769882202,1.7134345769882202,1.6828375701546288,1.7134345769882202,436748,0.0,0.0
1988-03-21 00:00:00-05:00,1.7134334769856878,1.7134334769856878,1.6675379276275635,1.6675379276275635,205625,0.0,0.0
1988-03-22 00:00:00-05:00,1.6828372478485107,1.6828372478485107,1.667538678789683,1.6828372478485107,136653,0.0,0.0
1988-03-23 00:00:00-05:00,1.667538678789683,1.6981356797631708,1.667538678789683,1.6828372478485107,473643,0.0,0.0
1988-03-24 00:00:00-05:00,1.6675379276275635,1.6828364897949737,1.6522393654601535,1.6675379276275635,257090,0.0,0.0
1988-03-25 00:00:00-05:00,1.6675384859989006,1.682837053289,1.6522399187088013,1.6522399187088013,264375,0.0,0.0
1988-03-28 00:00:00-05:00,1.6675384859989006,1.6675384859989006,1.6522399187088013,1.6522399187088013,258735,0.0,0.0
1988-03-29 00:00:00-05:00,1.6522399187088013,1.6675384859989006,1.6522399187088013,1.6522399187088013,163560,0.0,0.0
1988-03-30 00:00:00-05:00,1.6675384859989006,1.6675384859989006,1.6522399187088013,1.6522399187088013,179658,0.0,0.0
1988-03-31 00:00:00-05:00,1.6675379276275635,1.6675379276275635,1.6522393654601535,1.6675379276275635,155688,0.0,0.0
1988-04-04 00:00:00-04:00,1.6675379276275635,1.6675379276275635,1.6522393654601535,1.6675379276275635,184123,0.0,0.0
1988-04-05 00:00:00-04:00,1.6675379276275635,1.6675379276275635,1.6522393654601535,1.6675379276275635,215848,0.0,0.0
1988-04-06 00:00:00-04:00,1.6522393654601535,1.6675379276275635,1.6369409404368493,1.6675379276275635,387633,0.0,0.0
1988-04-07 00:00:00-04:00,1.6675384859989006,1.6675384859989006,1.6522399187088013,1.6522399187088013,203510,0.0,0.0
1988-04-08 00:00:00-04:00,1.6675379276275635,1.6675379276275635,1.6522393654601535,1.6675379276275635,566585,0.0,0.0
1988-04-11 00:00:00-04:00,1.667538146353946,1.6981351375579832,1.6522395821798657,1.6981351375579834,220548,0.0,0.0
1988-04-12 00:00:00-04:00,1.6981356797631708,1.6981356797631708,1.667538678789683,1.6828372478485107,284703,0.0,0.0
1988-04-13 00:00:00-04:00,1.6675379276275635,1.6828364897949737,1.6675379276275635,1.6675379276275635,161210,0.0,0.0
1988-04-14 00:00:00-04:00,1.6675384859989006,1.682837053289,1.636941488562854,1.6522399187088013,351560,0.0,0.0
1988-04-15 00:00:00-04:00,1.6369410753250122,1.652239501608946,1.621642511896961,1.6369410753250122,356260,0.0,0.0
1988-04-18 00:00:00-04:00,1.6522399451221426,1.6522399451221426,1.6216429471969607,1.6216429471969604,225248,0.0,0.0
1988-04-19 00:00:00-04:00,1.621642307686837,1.6369408691883713,1.6063437461853027,1.6063437461853027,362018,0.0,0.0
1988-04-20 00:00:00-04:00,1.6063443796622925,1.6216429471969607,1.6063443796622925,1.6216429471969604,218080,0.0,0.0
1988-04-21 00:00:00-04:00,1.6063443796622925,1.6369415147316286,1.6063443796622925,1.6216429471969604,295865,0.0,0.0
1988-04-22 00:00:00-04:00,1.621642511896961,1.6369410753250122,1.621642511896961,1.6369410753250122,189293,0.0,0.0
1988-04-25 00:00:00-04:00,1.6369408691883713,1.6522392935458057,1.6063437461853027,1.6063437461853027,348270,0.0,0.0
1988-04-26 00:00:00-04:00,1.6216429471969607,1.6369415147316286,1.6063443796622925,1.6216429471969604,303855,0.0,0.0
1988-04-27 00:00:00-04:00,1.6063443796622925,1.6216429471969607,1.6063443796622925,1.6216429471969604,162385,0.0,0.0
1988-04-28 00:00:00-04:00,1.6063443796622925,1.6216429471969607,1.6063443796622925,1.6216429471969604,209620,0.0,0.0
1988-04-29 00:00:00-04:00,1.6063437461853027,1.621642307686837,1.6063437461853027,1.6063437461853027,176603,0.0,0.0
1988-05-02 00:00:00-04:00,1.6063445266851326,1.6216430956200227,1.560448957024629,1.5910460948944092,590555,0.0,0.0
1988-05-03 00:00:00-04:00,1.5757469716803527,1.5910455352338744,1.545149981717428,1.560448408126831,526518,0.0,0.0
1988-05-04 00:00:00-04:00,1.5604484269469363,1.5757469906849695,1.5298514366149902,1.5298514366149902,717573,0.0,0.0
1988-05-05 00:00:00-04:00,1.5298514366149902,1.5451500003530232,1.514552872876957,1.5298514366149902,616875,0.0,0.0
1988-05-06 00:00:00-04:00,1.5451500003530232,1.5451500003530232,1.5298514366149902,1.5298514366149902,289638,0.0,0.0
1988-05-09 00:00:00-04:00,1.514553215009515,1.5298517822034436,1.4686576505718794,1.483956217765808,688903,0.0,0.0
1988-05-10 00:00:00-04:00,1.4839562177658083,1.499254784959737,1.4686576505718794,1.483956217765808,319130,0.0,0.0
1988-05-11 00:00:00-04:00,1.4839562177658083,1.499254784959737,1.4686576505718794,1.483956217765808,258383,0.0,0.0
1988-05-12 00:00:00-04:00,1.4839560757527535,1.5145530700683594,1.4686575100228814,1.5145530700683594,461658,0.0,0.0
1988-05-13 00:00:00-04:00,1.499254446283044,1.5298514366149902,1.499254446283044,1.5298514366149902,183065,0.0,0.0
1988-05-16 00:00:00-04:00,1.5145528546103844,1.560448408126831,1.5145528546103844,1.560448408126831,433575,0.0,0.0
1988-05-17 00:00:00-04:00,1.5604495520884554,1.5757481268573235,1.5451511144638062,1.5451511144638062,741543,0.0,0.0
1988-05-18 00:00:00-04:00,1.5451500003530232,1.5604484269469363,1.5298514366149902,1.5298514366149902,222545,0.0,0.0
1988-05-19 00:00:00-04:00,1.5298514366149902,1.5451500003530232,1.514552872876957,1.5298514366149902,189645,0.0,0.0
1988-05-20 00:00:00-04:00,1.529851418163906,1.5757469716803527,1.529851418163906,1.560448408126831,304678,0.0,0.0
1988-05-23 00:00:00-04:00,1.560448408126831,1.5757469716803527,1.545149981717428,1.560448408126831,183418,0.0,0.0
1988-05-24 00:00:00-04:00,1.5604481988247998,1.6063437461853027,1.5604481988247998,1.6063437461853027,1235983,0.0,0.0
1988-05-25 00:00:00-04:00,1.6063443796622925,1.6522399451221426,1.6063443796622925,1.6216429471969604,399618,0.0,0.0
1988-05-26 00:00:00-04:00,1.636941488562854,1.6522399187088013,1.6216429212727546,1.6522399187088013,472233,0.0,0.0
1988-05-27 00:00:00-04:00,1.6522399187088013,1.6522399187088013,1.636941488562854,1.6522399187088013,405258,0.0,0.0
1988-05-31 00:00:00-04:00,1.6522401097308552,1.6828372478485107,1.6369416778161954,1.6828372478485107,419005,0.0,0.0
1988-06-01 00:00:00-04:00,1.667538146353946,1.6981351375579832,1.667538146353946,1.6981351375579834,1198500,0.0,0.0
1988-06-02 00:00:00-04:00,1.6828367105280266,1.7134337017320638,1.6828367105280266,1.6981351375579834,257678,0.0,0.0
1988-06-03 00:00:00-04:00,1.7134337017320638,1.7287322659061444,1.6522395821798657,1.6981351375579834,343805,0.0,0.0
1988-06-06 00:00:00-04:00,1.6981360049993275,1.7134345769882202,1.6981360049993275,1.7134345769882202,150400,0.0,0.0
1988-06-07 00:00:00-04:00,1.7134337017320638,1.7134337017320638,1.6828367105280266,1.6981351375579834,242050,0.0,0.0
1988-06-08 00:00:00-04:00,1.6981360049993275,1.7134345769882202,1.6828375701546288,1.7134345769882202,404788,0.0,0.0
1988-06-09 00:00:00-04:00,1.6981351375579832,1.7134337017320638,1.6981351375579832,1.6981351375579834,36103050,0.0,0.0
1988-06-10 00:00:00-04:00,1.7347110240896497,1.7509231829303054,1.6860742568969727,1.6860742568969727,1414348,0.665532,0.0
1988-06-13 00:00:00-04:00,1.7022852897644043,1.7184975832168257,1.6860731416472419,1.7022852897644043,589615,0.0,0.0
1988-06-14 00:00:00-04:00,1.7184981107711792,1.750922562294606,1.7184981107711792,1.7184981107711792,551428,0.0,0.0
1988-06-15 00:00:00-04:00,1.7184973294176868,1.7347096204757688,1.7184973294176868,1.734709620475769,209738,0.0,0.0
1988-06-16 00:00:00-04:00,1.7184981107711792,1.750922562294606,1.7184981107711792,1.7184981107711792,161328,0.0,0.0
1988-06-17 00:00:00-04:00,1.7184973294176868,1.7347096204757688,1.7022850383596047,1.734709620475769,390218,0.0,0.0
1988-06-20 00:00:00-04:00,1.7347096204757688,1.7347096204757688,1.7184973294176868,1.734709620475769,146288,0.0,0.0
1988-06-21 00:00:00-04:00,1.7184973294176868,1.7509217661986136,1.7184973294176868,1.734709620475769,291165,0.0,0.0
1988-06-22 00:00:00-04:00,1.7509224414825437,1.7671347387932752,1.7347102895071058,1.750922441482544,508893,0.0,0.0
1988-06-23 00:00:00-04:00,1.7509217661986136,1.7671340572566958,1.7347096204757688,1.734709620475769,368245,0.0,0.0
1988-06-24 00:00:00-04:00,1.7509224414825437,1.7671347387932752,1.7347102895071058,1.750922441482544,952455,0.0,0.0
1988-06-27 00:00:00-04:00,1.7509222557174773,1.7995589971542358,1.7347101054620764,1.7995589971542358,772915,0.0,0.0
1988-06-28 00:00:00-04:00,1.783346660449183,1.8157711029052734,1.783346660449183,1.8157711029052734,965380,0.0,0.0
1988-06-29 00:00:00-04:00,1.8157715071973202,1.8319838047027588,1.7995592096918815,1.8319838047027588,567290,0.0,0.0
1988-06-30 00:00:00-04:00,1.8319838047027588,1.8319838047027588,1.8157715071973202,1.8319838047027588,400793,0.0,0.0
1988-07-01 00:00:00-04:00,1.8157709931209791,1.8481954336166382,1.8157709931209791,1.8481954336166382,421708,0.0,0.0
1988-07-05 00:00:00-04:00,1.8481954844251085,1.8644077777862549,1.83198333639922,1.8644077777862549,537680,0.0,0.0
1988-07-06 00:00:00-04:00,1.8644077777862549,1.880620071147401,1.8481954844251085,1.8644077777862549,489623,0.0,0.0
1988-07-07 00:00:00-04:00,1.84819600297337,1.8806205987930298,1.84819600297337,1.8806205987930298,354145,0.0,0.0
1988-07-08 00:00:00-04:00,1.8644083008832,1.8806205987930298,1.8644083008832,1.8806205987930298,1051860,0.0,0.0
1988-07-11 00:00:00-04:00,1.8806205987930298,1.8968327513675611,1.8644083008832,1.8806205987930298,410428,0.0,0.0
1988-07-12 00:00:00-04:00,1.8968322191732896,1.8968322191732896,1.8644077777862549,1.8644077777862549,213733,0.0,0.0
1988-07-13 00:00:00-04:00,1.8806211433217976,1.8968333005905151,1.8644088407177393,1.8968333005905151,323243,0.0,0.0
1988-07-14 00:00:00-04:00,1.8968333005905151,1.8968333005905151,1.8806211433217976,1.8968333005905151,134890,0.0,0.0
1988-07-15 00:00:00-04:00,1.8806205987930298,1.8968327513675611,1.8644083008832,1.8806205987930298,639318,0.0,0.0
1988-07-18 00:00:00-04:00,1.8968322191732896,1.8968322191732896,1.8644077777862549,1.8644077777862549,210913,0.0,0.0
1988-07-19 00:00:00-04:00,1.8806205518837795,1.8806205518837795,1.8319838047027588,1.8319838047027588,141235,0.0,0.0
1988-07-20 00:00:00-04:00,1.8481959568729023,1.8481959568729023,1.8157715071973202,1.8319838047027588,419475,0.0,0.0
1988-07-21 00:00:00-04:00,1.8319835883355937,1.8319835883355937,1.7995589971542358,1.7995589971542358,218080,0.0,0.0
1988-07-22 00:00:00-04:00,1.815771411048476,1.815771411048476,1.767134666442871,1.767134666442871,245928,0.0,0.0
1988-07-25 00:00:00-04:00,1.7833469630898353,1.7833469630898353,1.750922369795907,1.767134666442871,169788,0.0,0.0
1988-07-26 00:00:00-04:00,1.7833467721939085,1.7995589217701777,1.7671344772823676,1.7833467721939087,216200,0.0,0.0
1988-07-27 00:00:00-04:00,1.7995589217701777,1.7995589217701777,1.7833467721939085,1.7833467721939087,177543,0.0,0.0
1988-07-28 00:00:00-04:00,1.7995588090095969,1.83198339680095,1.7995588090095969,1.8157711029052734,195990,0.0,0.0
1988-07-29 00:00:00-04:00,1.8319838047027588,1.8319838047027588,1.8157715071973202,1.8319838047027588,324770,0.0,0.0
1988-08-01 00:00:00-04:00,1.83198339680095,1.83198339680095,1.8157711029052734,1.8157711029052734,132070,0.0,0.0
1988-08-02 00:00:00-04:00,1.8157715071973202,1.864408254378341,1.8157715071973202,1.8319838047027588,190938,0.0,0.0
1988-08-03 00:00:00-04:00,1.8319832860364356,1.8644077265320949,1.8319832860364356,1.8481954336166382,190938,0.0,0.0
1988-08-04 00:00:00-04:00,1.8644083008832,1.8806205987930298,1.8644083008832,1.8806205987930298,244283,0.0,0.0
1988-08-05 00:00:00-04:00,1.8806205987930298,1.8806205987930298,1.8644083008832,1.8806205987930298,116795,0.0,0.0
1988-08-08 00:00:00-04:00,1.8806205987930298,1.8806205987930298,1.8644083008832,1.8806205987930298,172608,0.0,0.0
1988-08-09 00:00:00-04:00,1.8644077265320949,1.8806200194475515,1.8319832860364356,1.8481954336166382,706175,0.0,0.0
1988-08-10 00:00:00-04:00,1.8481959568729023,1.8481959568729023,1.8157715071973202,1.8319838047027588,195638,0.0,0.0
1988-08-11 00:00:00-04:00,1.8319832860364356,1.8481954336166382,1.8157709931209791,1.8481954336166382,144525,0.0,0.0
1988-08-12 00:00:00-04:00,1.8319832860364356,1.8481954336166382,1.8319832860364356,1.8481954336166382,446030,0.0,0.0
1988-08-15 00:00:00-04:00,1.8319838047027588,1.8481959568729023,1.8319838047027588,1.8319838047027588,62510,0.0,0.0
1988-08-16 00:00:00-04:00,1.8319838047027588,1.864408254378341,1.8319838047027588,1.8319838047027588,224190,0.0,0.0
1988-08-17 00:00:00-04:00,1.83198333639922,1.8644077777862549,1.83198333639922,1.8644077777862549,403730,0.0,0.0
1988-08-18 00:00:00-04:00,1.8481954336166382,1.8806200194475515,1.8481954336166382,1.8481954336166382,247925,0.0,0.0
1988-08-19 00:00:00-04:00,1.8481954844251085,1.8644077777862549,1.8481954844251085,1.8644077777862549,191290,0.0,0.0
1988-08-22 00:00:00-04:00,1.8644077777862549,1.880620071147401,1.8481954844251085,1.8644077777862549,217845,0.0,0.0
1988-08-23 00:00:00-04:00,1.8481954844251085,1.880620071147401,1.8481954844251085,1.8644077777862549,112095,0.0,0.0
1988-08-24 00:00:00-04:00,1.8644088407177393,1.8968333005905151,1.8644088407177393,1.8968333005905151,220313,0.0,0.0
1988-08-25 00:00:00-04:00,1.8968324221160937,1.9292567216369583,1.8806202723556613,1.9130445718765259,522053,0.0,0.0
1988-08-26 00:00:00-04:00,1.9130464195575396,1.9292585849761963,1.896834254138883,1.9292585849761963,173548,0.0,0.0
1988-08-29 00:00:00-04:00,1.913044571876526,1.9292567216369583,1.913044571876526,1.9130445718765259,176838,0.0,0.0
1988-08-30 00:00:00-04:00,1.9292570813068965,1.9454693794250488,1.913044928524045,1.9454693794250488,221018,0.0,0.0
1988-08-31 00:00:00-04:00,1.945470895730267,1.9616832064843377,1.9292585849761963,1.9292585849761963,490210,0.0,0.0
1988-09-01 00:00:00-04:00,1.9292585849761963,1.945470895730267,1.9130464195575396,1.9292585849761963,399148,0.0,0.0
1988-09-02 00:00:00-04:00,1.9454691439506882,1.9778935909271242,1.9454691439506882,1.977893590927124,478460,0.0,0.0
1988-09-06 00:00:00-04:00,1.9616817235946655,1.9778938767581058,1.9616817235946655,1.9616817235946655,172843,0.0,0.0
1988-09-07 00:00:00-04:00,1.9778935909271242,1.9778935909271242,1.9616814401065477,1.977893590927124,209503,0.0,0.0
1988-09-08 00:00:00-04:00,1.9616820736942413,1.9941065311431883,1.9616820736942413,1.9941065311431885,264258,0.0,0.0
1988-09-09 00:00:00-04:00,1.9778942297510498,2.0103188325353267,1.9616820736942413,1.9941065311431885,1005330,0.0,0.0
1988-09-12 00:00:00-04:00,1.9941065311431883,2.0103188325353267,1.9778942297510498,1.9941065311431885,744480,0.0,0.0
1988-09-13 00:00:00-04:00,1.99410598233608,2.0103182792663574,1.99410598233608,2.0103182792663574,25575403,0.0,0.0
1988-09-14 00:00:00-04:00,1.9996540546417234,1.9996540546417234,1.9663265268998653,1.9996540546417236,9147023,0.357447,0.0
1988-09-15 00:00:00-04:00,1.9829895627865208,2.0663085787665603,1.9663258790969849,1.9663258790969849,1490958,0.0,0.0
1988-09-16 00:00:00-04:00,1.9496628857134712,1.9829902648925781,1.9496628857134712,1.9829902648925781,453785,0.0,0.0
1988-09-19 00:00:00-04:00,1.9663264934998872,1.9829901823961975,1.9496628046035767,1.9496628046035767,363075,0.0,0.0
1988-09-20 00:00:00-04:00,1.9496621954074491,1.9829895627865208,1.9496621954074491,1.9663258790969849,183418,0.0,0.0
1988-09-21 00:00:00-04:00,1.9663265268998653,1.9996540546417234,1.9663265268998653,1.9996540546417236,277653,0.0,0.0
1988-09-22 00:00:00-04:00,1.9829902648925781,1.9829902648925781,1.9663265753030248,1.9829902648925781,172020,0.0,0.0
1988-09-23 00:00:00-04:00,1.9663264934998872,1.9829901823961975,1.9329991157072661,1.9496628046035767,293280,0.0,0.0
1988-09-26 00:00:00-04:00,1.9329985117179131,1.9663258790969849,1.9163346786452873,1.9663258790969849,262965,0.0,0.0
1988-09-27 00:00:00-04:00,1.9663258790969849,1.9996533958591467,1.9663258790969849,1.9663258790969849,387398,0.0,0.0
1988-09-28 00:00:00-04:00,1.9829895627865208,1.9829895627865208,1.9496621954074491,1.9663258790969849,173430,0.0,0.0
1988-09-29 00:00:00-04:00,1.9496628046035767,1.9996540206756448,1.9496628046035767,1.9496628046035767,775500,0.0,0.0
1988-09-30 00:00:00-04:00,1.9663266334374405,1.9663266334374405,1.9329992532730103,1.9329992532730103,328530,0.0,0.0
1988-10-03 00:00:00-04:00,1.9496629433552255,1.9496629433552255,1.9163354138076476,1.9329992532730103,191173,0.0,0.0
1988-10-04 00:00:00-04:00,1.9496628405200205,2.0829729516788733,1.9496628405200205,2.04964542388916,1320935,0.0,0.0
1988-10-05 00:00:00-04:00,2.0496449024540446,2.0829724217651484,2.0329810681069422,2.0663087368011475,742130,0.0,0.0
1988-10-06 00:00:00-04:00,2.0663080536622003,2.1162993907928467,2.032980395986401,2.1162993907928467,651068,0.0,0.0
1988-10-07 00:00:00-04:00,2.116300120918311,2.1662914752960205,2.0996362863313736,2.1662914752960205,749180,0.0,0.0
1988-10-10 00:00:00-04:00,2.1496279713664905,2.166291808516672,2.1163004464492534,2.1329641342163086,380113,0.0,0.0
1988-10-11 00:00:00-04:00,2.1163001650609448,2.149627685546875,2.1163001650609448,2.149627685546875,377175,0.0,0.0
1988-10-12 00:00:00-04:00,2.132963109956904,2.132963109956904,2.099635601043701,2.099635601043701,354498,0.0,0.0
1988-10-13 00:00:00-04:00,2.1162993907928467,2.132963070247694,2.099635561954947,2.1162993907928467,258383,0.0,0.0
1988-10-14 00:00:00-04:00,2.132963109956904,2.132963109956904,2.099635601043701,2.099635601043701,179305,0.0,0.0
1988-10-17 00:00:00-04:00,2.099635561954947,2.1162993907928467,2.099635561954947,2.1162993907928467,139590,0.0,0.0
1988-10-18 00:00:00-04:00,2.1163004464492534,2.1329641342163086,2.099636609299072,2.1329641342163086,370948,0.0,0.0
1988-10-19 00:00:00-04:00,2.132963070247694,2.132963070247694,2.099635561954947,2.1162993907928467,253330,0.0,0.0
1988-10-20 00:00:00-04:00,2.1163001650609448,2.149627685546875,2.099636330126426,2.149627685546875,254388,0.0,0.0
1988-10-21 00:00:00-04:00,2.1329638506123563,2.149627685546875,2.1163001650609448,2.149627685546875,250510,0.0,0.0
1988-10-24 00:00:00-04:00,2.1329638506123563,2.149627685546875,2.1329638506123563,2.149627685546875,223485,0.0,0.0
1988-10-25 00:00:00-04:00,2.1329641342163086,2.1496279713664905,2.1329641342163086,2.1329641342163086,191173,0.0,0.0
1988-10-26 00:00:00-04:00,2.1496263349866536,2.1829538345336914,2.1329625105216286,2.1829538345336914,653888,0.0,0.0
1988-10-27 00:00:00-04:00,2.1662914752960205,2.199618995086792,2.149627640709083,2.1662914752960205,437335,0.0,0.0
1988-10-28 00:00:00-04:00,2.1829538345336914,2.1996176589987164,2.166290159451679,2.1829538345336914,335463,0.0,0.0
1988-10-31 00:00:00-05:00,2.1662914898303405,2.216282844543457,2.1662914898303405,2.216282844543457,282470,0.0,0.0
1988-11-01 00:00:00-05:00,2.199618408139228,2.2329459190368652,2.199618408139228,2.2329459190368652,430168,0.0,0.0
1988-11-02 00:00:00-05:00,2.216282844543457,2.2329465298590927,2.216282844543457,2.216282844543457,279533,0.0,0.0
1988-11-03 00:00:00-05:00,2.216282844543457,2.2329465298590927,2.199619009844717,2.216282844543457,258853,0.0,0.0
1988-11-04 00:00:00-05:00,2.2162822382795784,2.2329459190368652,2.199618408139228,2.2329459190368652,301035,0.0,0.0
1988-11-07 00:00:00-05:00,2.1996195316314697,2.216283370283153,2.1829556929797866,2.1996195316314697,182125,0.0,0.0
1988-11-08 00:00:00-05:00,2.1996195316314697,2.216283370283153,2.1829556929797866,2.1996195316314697,118088,0.0,0.0
1988-11-09 00:00:00-05:00,2.1996195316314697,2.216283370283153,2.1996195316314697,2.1996195316314697,371770,0.0,0.0
1988-11-10 00:00:00-05:00,2.216283370283153,2.216283370283153,2.1996195316314697,2.1996195316314697,89888,0.0,0.0
1988-11-11 00:00:00-05:00,2.1996195316314697,2.216283370283153,2.1829556929797866,2.1996195316314697,171433,0.0,0.0
1988-11-14 00:00:00-05:00,2.1996176589987164,2.1996176589987164,2.166290159451679,2.1829538345336914,414070,0.0,0.0
1988-11-15 00:00:00-05:00,2.1829556929797866,2.1996195316314697,2.166292003711243,2.1996195316314697,278828,0.0,0.0
1988-11-16 00:00:00-05:00,2.1829538345336914,2.1996176589987164,2.166290159451679,2.1829538345336914,176603,0.0,0.0
1988-11-17 00:00:00-05:00,2.1662914752960205,2.1829551604998545,2.149627640709083,2.1662914752960205,141353,0.0,0.0
1988-11-18 00:00:00-05:00,2.166291808516672,2.182955496283727,2.1329641342163086,2.1329641342163086,172725,0.0,0.0
1988-11-21 00:00:00-05:00,2.132963070247694,2.132963070247694,2.099635561954947,2.1162993907928467,211148,0.0,0.0
1988-11-22 00:00:00-05:00,2.099636609299072,2.1329641342163086,2.099636609299072,2.1329641342163086,159800,0.0,0.0
1988-11-23 00:00:00-05:00,2.1329641342163086,2.1496279713664905,2.1163004464492534,2.1329641342163086,65330,0.0,0.0
1988-11-25 00:00:00-05:00,2.132963070247694,2.132963070247694,2.1162993907928467,2.1162993907928467,102108,0.0,0.0
1988-11-28 00:00:00-05:00,2.1163004464492534,2.1329641342163086,2.1163004464492534,2.1329641342163086,86950,0.0,0.0
1988-11-29 00:00:00-05:00,2.1163004464492534,2.1496279713664905,2.1163004464492534,2.1329641342163086,131130,0.0,0.0
1988-11-30 00:00:00-05:00,2.1329625105216286,2.1829538345336914,2.1329625105216286,2.1829538345336914,254740,0.0,0.0
1988-12-01 00:00:00-05:00,2.1829551604998545,2.1829551604998545,2.149627640709083,2.1662914752960205,139708,0.0,0.0
1988-12-02 00:00:00-05:00,2.149627640709083,2.1829551604998545,2.149627640709083,2.1662914752960205,111743,0.0,0.0
1988-12-05 00:00:00-05:00,2.1829538345336914,2.1996176589987164,2.166290159451679,2.1829538345336914,217258,0.0,0.0
1988-12-06 00:00:00-05:00,2.166292003711243,2.1996195316314697,2.166292003711243,2.1996195316314697,143115,0.0,0.0
1988-12-07 00:00:00-05:00,2.199619009844717,2.216282844543457,2.182955175145976,2.216282844543457,216200,0.0,0.0
1988-12-08 00:00:00-05:00,2.1996195316314697,2.216283370283153,2.1996195316314697,2.1996195316314697,152280,0.0,0.0
1988-12-09 00:00:00-05:00,2.216283370283153,2.216283370283153,2.1996195316314697,2.1996195316314697,101990,0.0,0.0
1988-12-12 00:00:00-05:00,2.216282844543457,2.2329465298590927,2.199619009844717,2.216282844543457,310435,0.0,0.0
1988-12-13 00:00:00-05:00,2.216283138032586,2.249610662460327,2.216283138032586,2.249610662460327,5719783,0.0,0.0
1988-12-14 00:00:00-05:00,2.221583604812622,2.238672611655313,2.187405284735365,2.221583604812622,1783180,0.357447,0.0
1988-12-15 00:00:00-05:00,2.221583604812622,2.221583604812622,2.2044944447739936,2.221583604812622,1312593,0.0,0.0
1988-12-16 00:00:00-05:00,2.2044944447739936,2.221583604812622,2.2044944447739936,2.221583604812622,323948,0.0,0.0
1988-12-19 00:00:00-05:00,2.1874062623166686,2.2215845976686834,2.1874062623166686,2.204495429992676,465418,0.0,0.0
1988-12-20 00:00:00-05:00,2.221583604812622,2.221583604812622,2.2044944447739936,2.221583604812622,111978,0.0,0.0
1988-12-21 00:00:00-05:00,2.1874072551727295,2.221585606038172,2.1874072551727295,2.1874072551727295,97995,0.0,0.0
1988-12-22 00:00:00-05:00,2.32412038911334,2.375387763028758,2.3070312134095077,2.3412094116210938,1828065,0.0,0.0
1988-12-23 00:00:00-05:00,2.341208654680916,2.3753869950383226,2.341208654680916,2.358297824859619,634030,0.0,0.0
1988-12-27 00:00:00-05:00,2.3753869950383226,2.3924760120209974,2.358297824859619,2.358297824859619,358493,0.0,0.0
1988-12-28 00:00:00-05:00,2.375387191772461,2.375387191772461,2.3582980201783994,2.375387191772461,227010,0.0,0.0
1988-12-29 00:00:00-05:00,2.375387191772461,2.392476210170481,2.3582980201783994,2.375387191772461,580920,0.0,0.0
1988-12-30 00:00:00-05:00,2.375387191772461,2.392476210170481,2.375387191772461,2.375387191772461,298215,0.0,0.0
1989-01-03 00:00:00-05:00,2.392476210170481,2.392476210170481,2.375387191772461,2.375387191772461,304325,0.0,0.0
1989-01-04 00:00:00-05:00,2.3753870643667074,2.409565252525615,2.3753870643667074,2.3924760818481445,622045,0.0,0.0
1989-01-05 00:00:00-05:00,2.3924760818481445,2.426654423203085,2.3924760818481445,2.3924760818481445,1301313,0.0,0.0
1989-01-06 00:00:00-05:00,2.426654577255249,2.4437435958215548,2.409565405492901,2.426654577255249,411955,0.0,0.0
1989-01-09 00:00:00-05:00,2.443744372307177,2.4950117506880907,2.4266553483109328,2.4608335494995117,669633,0.0,0.0
1989-01-10 00:00:00-05:00,2.4608314377655054,2.4779206002929737,2.443742275238037,2.443742275238037,217610,0.0,0.0
1989-01-11 00:00:00-05:00,2.443742275238037,2.4608314377655054,2.4266532659065287,2.443742275238037,389043,0.0,0.0
1989-01-12 00:00:00-05:00,2.426654577255249,2.4437435958215548,2.426654577255249,2.426654577255249,274363,0.0,0.0
1989-01-13 00:00:00-05:00,2.426654577255249,2.4437435958215548,2.409565405492901,2.426654577255249,229713,0.0,0.0
1989-01-16 00:00:00-05:00,2.426652940063726,2.426652940063726,2.4095637798309326,2.4095637798309326,212675,0.0,0.0
1989-01-17 00:00:00-05:00,2.426654577255249,2.4437435958215548,2.409565405492901,2.426654577255249,355203,0.0,0.0
1989-01-18 00:00:00-05:00,2.4266553483109328,2.4608335494995117,2.409566171118598,2.4608335494995117,262260,0.0,0.0
1989-01-19 00:00:00-05:00,2.443744372307177,2.4608335494995117,2.4266553483109328,2.4608335494995117,276478,0.0,0.0
1989-01-20 00:00:00-05:00,2.443742275238037,2.4608314377655054,2.4266532659065287,2.443742275238037,202218,0.0,0.0
1989-01-23 00:00:00-05:00,2.443744372307177,2.4608335494995117,2.4266553483109328,2.4608335494995117,194345,0.0,0.0
1989-01-24 00:00:00-05:00,2.4266553483109328,2.4608335494995117,2.4266553483109328,2.4608335494995117,214203,0.0,0.0
1989-01-25 00:00:00-05:00,2.4608314377655054,2.4608314377655054,2.443742275238037,2.443742275238037,692780,0.0,0.0
1989-01-26 00:00:00-05:00,2.4608335494995117,2.477922726691847,2.443744372307177,2.4608335494995117,1000043,0.0,0.0
1989-01-27 00:00:00-05:00,2.477922726691847,2.4950117506880907,2.4608335494995117,2.4608335494995117,283058,0.0,0.0
1989-01-30 00:00:00-05:00,2.460832193619625,2.4950103759765625,2.443743025843153,2.4950103759765625,478108,0.0,0.0
1989-01-31 00:00:00-05:00,2.4950103759765625,2.4950103759765625,2.460832193619625,2.4950103759765625,213380,0.0,0.0
1989-02-01 00:00:00-05:00,2.495010261277157,2.495010261277157,2.4779212474823,2.4779212474823,150400,0.0,0.0
1989-02-02 00:00:00-05:00,2.4779212474823,2.495010261277157,2.4608320804914423,2.4779212474823,282470,0.0,0.0
1989-02-03 00:00:00-05:00,2.4779212474823,2.495010261277157,2.4608320804914423,2.4779212474823,156745,0.0,0.0
1989-02-06 00:00:00-05:00,2.4950103759765625,2.4950103759765625,2.4779213613960973,2.4950103759765625,178718,0.0,0.0
1989-02-07 00:00:00-05:00,2.477922685938815,2.5291900634765625,2.477922685938815,2.5291900634765625,272718,0.0,0.0
1989-02-08 00:00:00-05:00,2.5120995437530347,2.529188711529507,2.4950103759765625,2.4950103759765625,322538,0.0,0.0
1989-02-09 00:00:00-05:00,2.495010261277157,2.5291885952588715,2.4779212474823,2.4779212474823,247338,0.0,0.0
1989-02-10 00:00:00-05:00,2.4608314377655054,2.4779206002929737,2.443742275238037,2.443742275238037,476933,0.0,0.0
1989-02-13 00:00:00-05:00,2.443742275238037,2.443742275238037,2.4266532659065287,2.443742275238037,353675,0.0,0.0
1989-02-14 00:00:00-05:00,2.4608314377655054,2.4779206002929737,2.4266532659065287,2.443742275238037,146758,0.0,0.0
1989-02-15 00:00:00-05:00,2.4608335494995117,2.4608335494995117,2.443744372307177,2.4608335494995117,162973,0.0,0.0
1989-02-16 00:00:00-05:00,2.477922726691847,2.477922726691847,2.4608335494995117,2.4608335494995117,135360,0.0,0.0
1989-02-17 00:00:00-05:00,2.477922726691847,2.477922726691847,2.4608335494995117,2.4608335494995117,116560,0.0,0.0
1989-02-21 00:00:00-05:00,2.4608335494995117,2.477922726691847,2.4608335494995117,2.4608335494995117,1066313,0.0,0.0
1989-02-22 00:00:00-05:00,2.4437435958215548,2.4608327675839026,2.426654577255249,2.426654577255249,482925,0.0,0.0
1989-02-23 00:00:00-05:00,2.4266532659065287,2.443742275238037,2.4266532659065287,2.443742275238037,103283,0.0,0.0
1989-02-24 00:00:00-05:00,2.4437435958215548,2.4437435958215548,2.426654577255249,2.426654577255249,189293,0.0,0.0
1989-02-27 00:00:00-05:00,2.409565405492901,2.426654577255249,2.409565405492901,2.426654577255249,154160,0.0,0.0
1989-02-28 00:00:00-05:00,2.426654577255249,2.4437435958215548,2.409565405492901,2.426654577255249,223838,0.0,0.0
1989-03-01 00:00:00-05:00,2.4095637798309326,2.426652940063726,2.4095637798309326,2.4095637798309326,162620,0.0,0.0
1989-03-02 00:00:00-05:00,2.426652940063726,2.426652940063726,2.3924746195981395,2.4095637798309326,220078,0.0,0.0
1989-03-03 00:00:00-05:00,2.409565405492901,2.426654577255249,2.409565405492901,2.426654577255249,169318,0.0,0.0
1989-03-06 00:00:00-05:00,2.443744372307177,2.4608335494995117,2.4266553483109328,2.4608335494995117,732613,0.0,0.0
1989-03-07 00:00:00-05:00,2.443742275238037,2.4608314377655054,2.443742275238037,2.443742275238037,94940,0.0,0.0
1989-03-08 00:00:00-05:00,2.443742275238037,2.4608314377655054,2.443742275238037,2.443742275238037,120790,0.0,0.0
1989-03-09 00:00:00-05:00,2.4437429135005853,2.495010261277157,2.4437429135005853,2.4779212474823,1636070,0.0,0.0
1989-03-10 00:00:00-05:00,2.5017116582919243,2.5017116582919243,2.396744707051842,2.4667227268218994,202805,0.357447,0.0
1989-03-13 00:00:00-05:00,2.4667227268218994,2.4842172709719152,2.4317337953518745,2.4667227268218994,628743,0.0,0.0
1989-03-14 00:00:00-05:00,2.484220027923584,2.5017144346586337,2.4667254643583525,2.484220027923584,783138,0.0,0.0
1989-03-15 00:00:00-05:00,2.4667227268218994,2.4842172709719152,2.4667227268218994,2.4667227268218994,276948,0.0,0.0
1989-03-16 00:00:00-05:00,2.484220027923584,2.5017144346586337,2.4667254643583525,2.484220027923584,473995,0.0,0.0
1989-03-17 00:00:00-05:00,2.4667237921228473,2.4842183438282137,2.4492292404174805,2.4492292404174805,303620,0.0,0.0
1989-03-20 00:00:00-05:00,2.4492309007931214,2.484220027923584,2.4492309007931214,2.484220027923584,298568,0.0,0.0
1989-03-21 00:00:00-05:00,2.484220027923584,2.5017144346586337,2.4667254643583525,2.484220027923584,148638,0.0,0.0
1989-03-22 00:00:00-05:00,2.5017144346586337,2.519208998223865,2.484220027923584,2.484220027923584,177895,0.0,0.0
1989-03-23 00:00:00-05:00,2.484220027923584,2.5017144346586337,2.484220027923584,2.484220027923584,223368,0.0,0.0
1989-03-27 00:00:00-05:00,2.484219350780121,2.501713752746582,2.484219350780121,2.501713752746582,161328,0.0,0.0
1989-03-28 00:00:00-05:00,2.501713752746582,2.501713752746582,2.466724791983521,2.501713752746582,284938,0.0,0.0
1989-03-29 00:00:00-05:00,2.501713752746582,2.501713752746582,2.484219350780121,2.501713752746582,125725,0.0,0.0
1989-03-30 00:00:00-05:00,2.4842172709719152,2.5017116582919243,2.4667227268218994,2.4667227268218994,229243,0.0,0.0
1989-03-31 00:00:00-05:00,2.466724791983521,2.501713752746582,2.466724791983521,2.501713752746582,236058,0.0,0.0
1989-04-03 00:00:00-04:00,2.5017144346586337,2.5017144346586337,2.4667254643583525,2.484220027923584,146288,0.0,0.0
1989-04-04 00:00:00-04:00,2.4667227268218994,2.4842172709719152,2.4667227268218994,2.4667227268218994,47823,0.0,0.0
1989-04-05 00:00:00-04:00,2.4842186512852966,2.554196553107364,2.4667240974147324,2.5367021560668945,771505,0.0,0.0
1989-04-06 00:00:00-04:00,2.5367033767769023,2.589186906814575,2.5367033767769023,2.589186906814575,338518,0.0,0.0
1989-04-07 00:00:00-04:00,2.571691908243559,2.624175429377521,2.5541973489221905,2.6066808700561523,627920,0.0,0.0
1989-04-10 00:00:00-04:00,2.606680469497497,2.606680469497497,2.554196956428477,2.5716915130615234,197400,0.0,0.0
1989-04-11 00:00:00-04:00,2.571691870465743,2.5891864295301183,2.554197311401367,2.554197311401367,162620,0.0,0.0
1989-04-12 00:00:00-04:00,2.5716915130615234,2.58918606969457,2.554196956428477,2.5716915130615234,178248,0.0,0.0
1989-04-13 00:00:00-04:00,2.5891864295301183,2.5891864295301183,2.554197311401367,2.554197311401367,88360,0.0,0.0
1989-04-14 00:00:00-04:00,2.571692344525294,2.589186906814575,2.554197782236013,2.589186906814575,155570,0.0,0.0
1989-04-17 00:00:00-04:00,2.589186906814575,2.589186906814575,2.554197782236013,2.589186906814575,246868,0.0,0.0
1989-04-18 00:00:00-04:00,2.5891864675649274,2.624175429377521,2.571691908243559,2.6066808700561523,374708,0.0,0.0
1989-04-19 00:00:00-04:00,2.6066808700561523,2.624175429377521,2.5891864675649274,2.6066808700561523,149225,0.0,0.0
1989-04-20 00:00:00-04:00,2.589186906814575,2.606681312273686,2.589186906814575,2.589186906814575,86128,0.0,0.0
1989-04-21 00:00:00-04:00,2.6066808700561523,2.624175429377521,2.5891864675649274,2.6066808700561523,153808,0.0,0.0
1989-04-24 00:00:00-04:00,2.6066808700561523,2.6066808700561523,2.5891864675649274,2.6066808700561523,197165,0.0,0.0
1989-04-25 00:00:00-04:00,2.6066808700561523,2.6416698318687457,2.5891864675649274,2.6066808700561523,490798,0.0,0.0
1989-04-26 00:00:00-04:00,2.6241753101348877,2.6241753101348877,2.6066807516084727,2.6241753101348877,240053,0.0,0.0
1989-04-27 00:00:00-04:00,2.606681730525437,2.6416707038879395,2.606681730525437,2.6416707038879395,1135638,0.0,0.0
1989-04-28 00:00:00-04:00,2.624176295621786,2.6591654258144835,2.624176295621786,2.6416707038879395,221958,0.0,0.0
1989-05-01 00:00:00-04:00,2.6591644287109375,2.6591644287109375,2.641669713344365,2.6591644287109375,848468,0.0,0.0
1989-05-02 00:00:00-04:00,2.6416690967536183,2.7291417121887207,2.6416690967536183,2.7291417121887207,512183,0.0,0.0
1989-05-03 00:00:00-04:00,2.7291417217362848,2.7641308307647705,2.711647324052142,2.7641308307647705,345098,0.0,0.0
1989-05-04 00:00:00-04:00,2.7641308210948017,2.7641308210948017,2.7291417121887207,2.7291417121887207,473290,0.0,0.0
1989-05-05 00:00:00-04:00,2.746636109811661,2.7641308210948017,2.7291417121887207,2.7291417121887207,216788,0.0,0.0
1989-05-08 00:00:00-04:00,2.7291421493725285,2.7466365497979135,2.7116477489471436,2.7116477489471436,149343,0.0,0.0
1989-05-09 00:00:00-04:00,2.711647304833018,2.729141702393167,2.694152593612671,2.694152593612671,109275,0.0,0.0
1989-05-10 00:00:00-04:00,2.694152593612671,2.711647304833018,2.6766581960525215,2.694152593612671,156040,0.0,0.0
1989-05-11 00:00:00-04:00,2.694152593612671,2.711647304833018,2.694152593612671,2.694152593612671,187060,0.0,0.0
1989-05-12 00:00:00-04:00,2.7466361194204274,2.781625228448913,2.711647324052142,2.7641308307647705,750238,0.0,0.0
1989-05-15 00:00:00-04:00,2.7641308307647705,2.7641308307647705,2.7291417217362848,2.7641308307647705,360138,0.0,0.0
1989-05-16 00:00:00-04:00,2.7641315836500318,2.781625986099243,2.746636867540534,2.781625986099243,456018,0.0,0.0
1989-05-17 00:00:00-04:00,2.781627208135941,2.799121618270874,2.7641327980010084,2.799121618270874,157098,0.0,0.0
1989-05-18 00:00:00-04:00,2.781625228448913,2.7991196261330558,2.7641308307647705,2.7641308307647705,274598,0.0,0.0
1989-05-19 00:00:00-04:00,2.781627208135941,2.799121618270874,2.7641327980010084,2.799121618270874,365895,0.0,0.0
1989-05-22 00:00:00-04:00,2.799119173659036,2.799119173659036,2.746635675430298,2.746635675430298,365778,0.0,0.0
1989-05-23 00:00:00-04:00,2.7641308307647705,2.781625228448913,2.7466361194204274,2.7641308307647705,641785,0.0,0.0
1989-05-24 00:00:00-04:00,2.7641327980010084,2.799121618270874,2.7641327980010084,2.799121618270874,1500005,0.0,0.0
1989-05-25 00:00:00-04:00,2.799121618270874,2.8341107522011635,2.781627208135941,2.799121618270874,288698,0.0,0.0
1989-05-26 00:00:00-04:00,2.781625986099243,2.799120388548455,2.781625986099243,2.781625986099243,191995,0.0,0.0
1989-05-30 00:00:00-04:00,2.7991196261330558,2.7991196261330558,2.7641308307647705,2.7641308307647705,183300,0.0,0.0
1989-05-31 00:00:00-04:00,2.781625986099243,2.781625986099243,2.7641315836500318,2.781625986099243,214085,0.0,0.0
1989-06-01 00:00:00-04:00,2.781625228448913,2.781625228448913,2.7641308307647705,2.7641308307647705,147228,0.0,0.0
1989-06-02 00:00:00-04:00,2.78162695906262,2.8341104984283447,2.78162695906262,2.8341104984283447,689255,0.0,0.0
1989-06-05 00:00:00-04:00,2.8166160898599015,2.851604906996788,2.8166160898599015,2.8341104984283447,245458,0.0,0.0
1989-06-06 00:00:00-04:00,2.851604529324496,2.9040880617391953,2.8341101230730477,2.8865933418273926,606535,0.0,0.0
1989-06-07 00:00:00-04:00,2.8865931334378025,2.9390766620635986,2.8865931334378025,2.9390766620635986,559300,0.0,0.0
1989-06-08 00:00:00-04:00,2.9390766620635986,2.9565713807124183,2.9215822570751104,2.9390766620635986,454725,0.0,0.0
1989-06-09 00:00:00-04:00,2.927652594983293,2.9633554685408234,2.927652594983293,2.9455037117004395,299273,0.357447,0.0
1989-06-12 00:00:00-04:00,2.9633536338806152,2.9633536338806152,2.927650782427298,2.9633536338806152,708290,0.0,0.0
1989-06-13 00:00:00-04:00,2.9633536338806152,2.9633536338806152,2.927650782427298,2.9633536338806152,550723,0.0,0.0
1989-06-14 00:00:00-04:00,2.963353324292009,2.9812047481536865,2.963353324292009,2.9812047481536865,327355,0.0,0.0
1989-06-15 00:00:00-04:00,2.981205059607274,2.981205059607274,2.9633536338806152,2.9633536338806152,156510,0.0,0.0
1989-06-16 00:00:00-04:00,2.963353324292009,2.9812047481536865,2.963353324292009,2.9812047481536865,554835,0.0,0.0
1989-06-19 00:00:00-04:00,2.9812047481536865,2.9812047481536865,2.945501580368944,2.9812047481536865,228420,0.0,0.0
1989-06-20 00:00:00-04:00,2.9633536338806152,2.981205059607274,2.9633536338806152,2.9633536338806152,160153,0.0,0.0
1989-06-21 00:00:00-04:00,2.963353324292009,2.9812047481536865,2.945501580368944,2.9812047481536865,293985,0.0,0.0
1989-06-22 00:00:00-04:00,2.9633552119618347,3.0169098377227783,2.9455034566671263,3.0169098377227783,532628,0.0,0.0
1989-06-23 00:00:00-04:00,3.0169082607901863,3.0526111125946045,2.9990565148265538,3.0526111125946045,284820,0.0,0.0
1989-06-26 00:00:00-04:00,3.034759686692395,3.0526111125946045,3.0169082607901863,3.0526111125946045,385988,0.0,0.0
1989-06-27 00:00:00-04:00,3.0347609519958496,3.0526123853409777,3.0347609519958496,3.0347609519958496,172960,0.0,0.0
1989-06-28 00:00:00-04:00,3.0347609519958496,3.0347609519958496,3.0169095186507215,3.0347609519958496,113388,0.0,0.0
1989-06-29 00:00:00-04:00,3.016907915938429,3.016907915938429,2.963353324292009,2.9812047481536865,360490,0.0,0.0
1989-06-30 00:00:00-04:00,2.9633536338806152,2.9633536338806152,2.909799036639219,2.9633536338806152,261790,0.0,0.0
1989-07-03 00:00:00-04:00,2.9633536338806152,2.9633536338806152,2.945501888092536,2.9633536338806152,56048,0.0,0.0
1989-07-05 00:00:00-04:00,2.963353324292009,2.999056172015364,2.945501580368944,2.9812047481536865,271073,0.0,0.0
1989-07-06 00:00:00-04:00,2.981203966409001,2.9990553855895996,2.963352547228403,2.9990553855895996,271073,0.0,0.0
1989-07-07 00:00:00-04:00,2.99905808242807,3.0169098377227783,2.9812066471949525,3.0169098377227783,210560,0.0,0.0
1989-07-10 00:00:00-04:00,2.99905808242807,3.034761272955896,2.99905808242807,3.0169098377227783,991935,0.0,0.0
1989-07-11 00:00:00-04:00,3.0347609519958496,3.0347609519958496,3.0169095186507215,3.0347609519958496,531453,0.0,0.0
1989-07-12 00:00:00-04:00,3.0169098377227783,3.034761272955896,2.9812066471949525,3.0169098377227783,622163,0.0,0.0
1989-07-13 00:00:00-04:00,2.9990577652440367,3.0347609519958496,2.9990577652440367,3.0347609519958496,325475,0.0,0.0
1989-07-14 00:00:00-04:00,3.034761272955896,3.034761272955896,2.99905808242807,3.0169098377227783,328178,0.0,0.0
1989-07-17 00:00:00-04:00,2.981203966409001,2.9990553855895996,2.981203966409001,2.9990553855895996,154513,0.0,0.0
1989-07-18 00:00:00-04:00,2.981203966409001,2.9990553855895996,2.963352547228403,2.9990553855895996,175898,0.0,0.0
1989-07-19 00:00:00-04:00,2.9812066471949525,3.0169098377227783,2.9812066471949525,3.0169098377227783,204098,0.0,0.0
1989-07-20 00:00:00-04:00,3.016907915938429,3.016907915938429,2.9812047481536865,2.9812047481536865,188823,0.0,0.0
1989-07-21 00:00:00-04:00,2.9812047481536865,2.999056172015364,2.963353324292009,2.9812047481536865,241580,0.0,0.0
1989-07-24 00:00:00-04:00,2.9812047481536865,2.9812047481536865,2.945501580368944,2.9812047481536865,164148,0.0,0.0
1989-07-25 00:00:00-04:00,2.963352547228403,2.9990553855895996,2.963352547228403,2.9990553855895996,391980,0.0,0.0
1989-07-26 00:00:00-04:00,2.99905808242807,3.0169098377227783,2.9812066471949525,3.0169098377227783,252390,0.0,0.0
1989-07-27 00:00:00-04:00,2.99905808242807,3.0169098377227783,2.9812066471949525,3.0169098377227783,258030,0.0,0.0
1989-07-28 00:00:00-04:00,3.0169082607901863,3.0526111125946045,2.9990565148265538,3.0526111125946045,132305,0.0,0.0
1989-07-31 00:00:00-04:00,3.034761418809708,3.070464611053467,3.034761418809708,3.070464611053467,170728,0.0,0.0
1989-08-01 00:00:00-04:00,3.070464611053467,3.088316047144543,3.0526128549007843,3.070464611053467,248043,0.0,0.0
1989-08-02 00:00:00-04:00,3.070464138747663,3.070464138747663,2.9990577652440367,3.0347609519958496,554483,0.0,0.0
1989-08-03 00:00:00-04:00,3.0169095186507215,3.0347609519958496,3.0169095186507215,3.0347609519958496,72733,0.0,0.0
1989-08-04 00:00:00-04:00,3.0347593398001065,3.0347593398001065,2.9812047481536865,2.9812047481536865,427113,0.0,0.0
1989-08-07 00:00:00-04:00,3.0169088944429014,3.1240181124755537,2.9990571447297985,3.106166362762451,680090,0.0,0.0
1989-08-08 00:00:00-04:00,3.106166919760692,3.124018672674973,3.0526123011409445,3.088315486907959,219255,0.0,0.0
1989-08-09 00:00:00-04:00,3.052611753746125,3.106166362762451,3.034760324094513,3.106166362762451,398090,0.0,0.0
1989-08-10 00:00:00-04:00,3.0883149331108393,3.106166362762451,3.052611753746125,3.106166362762451,188235,0.0,0.0
1989-08-11 00:00:00-04:00,3.106166362762451,3.1597209717787775,3.106166362762451,3.106166362762451,963148,0.0,0.0
1989-08-14 00:00:00-04:00,3.088314284460446,3.1061657103626548,3.034759686692395,3.0526111125946045,150518,0.0,0.0
1989-08-15 00:00:00-04:00,3.070464054055226,3.088315486907959,3.0526123011409445,3.088315486907959,91415,0.0,0.0
1989-08-16 00:00:00-04:00,3.0704632732500876,3.141869306564331,3.0526115248754264,3.141869306564331,492208,0.0,0.0
1989-08-17 00:00:00-04:00,3.1418689030560696,3.1418689030560696,3.0883143049330033,3.1240174770355225,86363,0.0,0.0
1989-08-18 00:00:00-04:00,3.106166919760692,3.106166919760692,3.070464054055226,3.088315486907959,156275,0.0,0.0
1989-08-21 00:00:00-04:00,3.1061657103626548,3.1061657103626548,3.034759686692395,3.0526111125946045,118088,0.0,0.0
1989-08-22 00:00:00-04:00,3.0347585440121,3.052609963192698,2.9990553855895996,2.9990553855895996,198810,0.0,0.0
1989-08-23 00:00:00-04:00,3.016909982718632,3.070464611053467,2.9990582265659493,3.070464611053467,168025,0.0,0.0
1989-08-24 00:00:00-04:00,3.0704635034592274,3.106166362762451,3.0704635034592274,3.106166362762451,202453,0.0,0.0
1989-08-25 00:00:00-04:00,3.070464611053467,3.1061674832356196,3.0526128549007843,3.070464611053467,215613,0.0,0.0
1989-08-28 00:00:00-04:00,3.070464054055226,3.088315486907959,3.0347608682882115,3.088315486907959,188353,0.0,0.0
1989-08-29 00:00:00-04:00,3.070464611053467,3.088316047144543,3.0526128549007843,3.070464611053467,115738,0.0,0.0
1989-08-30 00:00:00-04:00,3.070464611053467,3.088316047144543,3.0526128549007843,3.070464611053467,164970,0.0,0.0
1989-08-31 00:00:00-04:00,3.0704635034592274,3.106166362762451,3.0704635034592274,3.106166362762451,122200,0.0,0.0
1989-09-01 00:00:00-04:00,3.0883149331108393,3.1240181124755537,3.0883149331108393,3.106166362762451,271308,0.0,0.0
1989-09-05 00:00:00-04:00,3.124018672674973,3.124018672674973,3.088315486907959,3.088315486907959,132070,0.0,0.0
1989-09-06 00:00:00-04:00,3.1061674832356196,3.1061674832356196,3.070464611053467,3.070464611053467,263318,0.0,0.0
1989-09-07 00:00:00-04:00,3.088315486907959,3.106166919760692,3.070464054055226,3.088315486907959,197870,0.0,0.0
1989-09-08 00:00:00-04:00,3.0883143049330033,3.124017477035523,3.0704628789124566,3.1240174770355225,872085,0.0,0.0
1989-09-11 00:00:00-04:00,3.124017477035523,3.124017477035523,3.0883143049330033,3.1240174770355225,134773,0.0,0.0
1989-09-12 00:00:00-04:00,3.124017883690494,3.1775724887847896,3.1061661352847505,3.17757248878479,1303663,0.0,0.0
1989-09-13 00:00:00-04:00,3.1597207348775256,3.1775724832521868,3.141869306564331,3.141869306564331,951985,0.0,0.0
1989-09-14 00:00:00-04:00,3.1484211665418758,3.1484211665418758,3.112023115158081,3.112023115158081,462010,0.357447,0.0
1989-09-15 00:00:00-04:00,3.112022657558301,3.130221843719482,3.0938237976877496,3.1302218437194824,680090,0.0,0.0
1989-09-18 00:00:00-04:00,3.112022657558301,3.130221843719482,3.0938237976877496,3.1302218437194824,163678,0.0,0.0
1989-09-19 00:00:00-04:00,3.112023115158081,3.130222303995317,3.093824252611523,3.112023115158081,1025658,0.0,0.0
1989-09-20 00:00:00-04:00,3.1484211536261215,3.1848192048606,3.1484211536261215,3.1666200160980225,534038,0.0,0.0
1989-09-21 00:00:00-04:00,3.1848198226689477,3.1848198226689477,3.1484217643737793,3.1484217643737793,198693,0.0,0.0
1989-09-22 00:00:00-04:00,3.166620016098023,3.1848192048606,3.1484211536261215,3.1666200160980225,602658,0.0,0.0
1989-09-25 00:00:00-04:00,3.166619900156174,3.221216811863556,3.166619900156174,3.2030179500579834,542263,0.0,0.0
1989-09-26 00:00:00-04:00,3.2212169336522067,3.275813847423804,3.2212169336522067,3.2394161224365234,904045,0.0,0.0
1989-09-27 00:00:00-04:00,3.257614984930164,3.257614984930164,3.2212169336522067,3.2394161224365234,264258,0.0,0.0
1989-09-28 00:00:00-04:00,3.257614984930164,3.257614984930164,3.2394161224365234,3.2394161224365234,192465,0.0,0.0
1989-09-29 00:00:00-04:00,3.239414937483102,3.2940118312835693,3.239414937483102,3.2940118312835693,1118600,0.0,0.0
1989-10-02 00:00:00-04:00,3.2940114804817453,3.3668072223663326,3.2758123002927064,3.366807222366333,375295,0.0,0.0
1989-10-03 00:00:00-04:00,3.3486078007591855,3.4214035303022965,3.3486078007591855,3.4032046794891357,543203,0.0,0.0
1989-10-04 00:00:00-04:00,3.385007858276367,3.40320704804623,3.385007858276367,3.385007858276367,536270,0.0,0.0
1989-10-05 00:00:00-04:00,3.4032046794891357,3.4032046794891357,3.3850055023855075,3.4032046794891357,290695,0.0,0.0
1989-10-06 00:00:00-04:00,3.4032078779932817,3.4214067459106445,3.385008683785145,3.4214067459106445,393860,0.0,0.0
1989-10-09 00:00:00-04:00,3.4214035303022965,3.4214035303022965,3.3850055023855075,3.4032046794891357,386105,0.0,0.0
1989-10-10 00:00:00-04:00,3.421405911525399,3.421405911525399,3.385007858276367,3.385007858276367,198105,0.0,0.0
1989-10-11 00:00:00-04:00,3.4032046794891357,3.4032046794891357,3.3850055023855075,3.4032046794891357,499023,0.0,0.0
1989-10-12 00:00:00-04:00,3.421404839874568,3.494200597280884,3.4032059820956366,3.476001739501953,518763,0.0,0.0
1989-10-13 00:00:00-04:00,3.457804808036144,3.548799473913732,3.4032078779932817,3.4214067459106445,599955,0.0,0.0
1989-10-16 00:00:00-04:00,3.3850055023855075,3.4032046794891357,3.221214866195657,3.4032046794891357,1284745,0.0,0.0
1989-10-17 00:00:00-04:00,3.3668072223663326,3.385006076264849,3.3122103343802616,3.366807222366333,538385,0.0,0.0
1989-10-18 00:00:00-04:00,3.348610639572144,3.3668095058135474,3.3304114470399964,3.3486106395721436,113623,0.0,0.0
1989-10-19 00:00:00-04:00,3.3486101313180296,3.40320704804623,3.3486101313180296,3.385007858276367,490093,0.0,0.0
1989-10-20 00:00:00-04:00,3.385007858276367,3.40320704804623,3.366808994797198,3.385007858276367,213380,0.0,0.0
1989-10-23 00:00:00-04:00,3.385008372054951,3.4032075645870985,3.348610639572144,3.3486106395721436,262613,0.0,0.0
1989-10-24 00:00:00-04:00,3.3668072223663326,3.3668072223663326,3.330409188278778,3.366807222366333,257678,0.0,0.0
1989-10-25 00:00:00-04:00,3.366808994797198,3.385007858276367,3.3486101313180296,3.385007858276367,271308,0.0,0.0
1989-10-26 00:00:00-04:00,3.421404947192226,3.439603805541992,3.3850069042020907,3.439603805541992,397268,0.0,0.0
1989-10-27 00:00:00-04:00,3.457804808036144,3.457804808036144,3.4032078779932817,3.4214067459106445,353323,0.0,0.0
1989-10-30 00:00:00-05:00,3.4032059820956366,3.476001739501953,3.4032059820956366,3.476001739501953,413013,0.0,0.0
1989-10-31 00:00:00-05:00,3.476002340575216,3.5124003887176514,3.4578034796493227,3.5124003887176514,1193330,0.0,0.0
1989-11-01 00:00:00-05:00,3.4942011755954794,3.548798084259033,3.4942011755954794,3.548798084259033,248395,0.0,0.0
1989-11-02 00:00:00-05:00,3.5305986404418945,3.56699668230388,3.5305986404418945,3.5305986404418945,197870,0.0,0.0
1989-11-03 00:00:00-05:00,3.530599249643545,3.5487981105694386,3.4942012015011095,3.5124003887176514,200220,0.0,0.0
1989-11-06 00:00:00-05:00,3.4942012015011095,3.5487981105694386,3.4942012015011095,3.5124003887176514,483160,0.0,0.0
1989-11-07 00:00:00-05:00,3.4942012015011095,3.530599249643545,3.476002340575216,3.5124003887176514,316310,0.0,0.0
1989-11-08 00:00:00-05:00,3.5124001459443632,3.5669970512390137,3.5124001459443632,3.5669970512390137,330175,0.0,0.0
1989-11-09 00:00:00-05:00,3.5669962091729004,3.6033939199164546,3.5305981721387973,3.5851950645446777,274363,0.0,0.0
1989-11-10 00:00:00-05:00,3.5851966146632934,3.6397935306750466,3.5669977514229387,3.6215946674346924,699830,0.0,0.0
1989-11-13 00:00:00-05:00,3.6033954779036477,3.6397935306750466,3.6033954779036477,3.6215946674346924,399970,0.0,0.0
1989-11-14 00:00:00-05:00,3.6215944118643097,3.639793273820398,3.5851963616614655,3.6033952236175537,238525,0.0,0.0
1989-11-15 00:00:00-05:00,3.603395223617554,3.603395223617554,3.566997499705377,3.6033952236175537,256033,0.0,0.0
1989-11-16 00:00:00-05:00,3.6033929842276327,3.6397910118103027,3.6033929842276327,3.6397910118103027,402555,0.0,0.0
1989-11-17 00:00:00-05:00,3.6215946674346924,3.6397935306750466,3.6033954779036477,3.6215946674346924,163795,0.0,0.0
1989-11-20 00:00:00-05:00,3.6215944118643097,3.639793273820398,3.603395223617554,3.6033952236175537,171668,0.0,0.0
1989-11-21 00:00:00-05:00,3.6033954779036477,3.6397935306750466,3.6033954779036477,3.6215946674346924,125255,0.0,0.0
1989-11-22 00:00:00-05:00,3.6215921611642,3.6397910118103027,3.6033929842276327,3.6397910118103027,111625,0.0,0.0
1989-11-24 00:00:00-05:00,3.6215946674346924,3.6397935306750466,3.6215946674346924,3.6215946674346924,72145,0.0,0.0
1989-11-27 00:00:00-05:00,3.6397935306750466,3.657992393915401,3.6033954779036477,3.6215946674346924,407255,0.0,0.0
1989-11-28 00:00:00-05:00,3.6215944118643097,3.6215944118643097,3.603395223617554,3.6033952236175537,452258,0.0,0.0
1989-11-29 00:00:00-05:00,3.603395223617554,3.6215944118643097,3.5851963616614655,3.6033952236175537,385048,0.0,0.0
1989-11-30 00:00:00-05:00,3.6215921611642,3.6397910118103027,3.6033929842276327,3.6397910118103027,295278,0.0,0.0
1989-12-01 00:00:00-05:00,3.6215948728494864,3.6761917919579457,3.603395682286194,3.6579926013946533,720158,0.0,0.0
1989-12-04 00:00:00-05:00,3.63979373712207,3.6579926013946538,3.63979373712207,3.6579926013946533,294103,0.0,0.0
1989-12-05 00:00:00-05:00,3.6579930906330276,3.676192283630371,3.639794223926436,3.676192283630371,234648,0.0,0.0
1989-12-06 00:00:00-05:00,3.6579929538488782,3.7125898782178495,3.6579929538488782,3.6943910121917725,879253,0.0,0.0
1989-12-07 00:00:00-05:00,3.7125898782178495,3.7307890705346667,3.6761921461656955,3.6943910121917725,698538,0.0,0.0
1989-12-08 00:00:00-05:00,3.712587833404541,3.712587833404541,3.6761901213994617,3.712587833404541,382580,0.0,0.0
1989-12-11 00:00:00-05:00,3.694388977402001,3.712587833404541,3.694388977402001,3.712587833404541,193993,0.0,0.0
1989-12-12 00:00:00-05:00,3.6943910882185818,3.767186880111694,3.6943910882185818,3.7671868801116943,1203435,0.0,0.0
1989-12-13 00:00:00-05:00,3.736847160901035,3.792344902507092,3.736847160901035,3.7738454341888428,465183,0.357447,0.0
1989-12-14 00:00:00-05:00,3.773843205418508,3.792342662811279,3.773843205418508,3.7923426628112793,212910,0.0,0.0
1989-12-15 00:00:00-05:00,3.792344902507092,3.792344902507092,3.7553462975449388,3.7738454341888428,555305,0.0,0.0
1989-12-18 00:00:00-05:00,3.7923449996773737,3.810844136795276,3.7183477878570557,3.7183477878570557,749650,0.0,0.0
1989-12-19 00:00:00-05:00,3.7368476360587755,3.7553467750549316,3.6628504167253744,3.7553467750549316,363545,0.0,0.0
1989-12-20 00:00:00-05:00,3.7553462975449388,3.792344902507092,3.7553462975449388,3.7738454341888428,364368,0.0,0.0
1989-12-21 00:00:00-05:00,3.773845914051088,3.792345384721632,3.7368476360587755,3.7553467750549316,216318,0.0,0.0
1989-12-22 00:00:00-05:00,3.7553467750549316,3.792345384721632,3.7368476360587755,3.7553467750549316,439450,0.0,0.0
1989-12-26 00:00:00-05:00,3.7183477878570557,3.736847256649312,3.699848650739153,3.7183477878570557,148990,0.0,0.0
1989-12-27 00:00:00-05:00,3.7183479311600673,3.7368474006652828,3.6998487933292186,3.736847400665283,157685,0.0,0.0
1989-12-28 00:00:00-05:00,3.7368476360587755,3.773845914051088,3.718348165388231,3.7553467750549316,163913,0.0,0.0
1989-12-29 00:00:00-05:00,3.7368476360587755,3.7553467750549316,3.718348165388231,3.7553467750549316,188000,0.0,0.0
1990-01-02 00:00:00-05:00,3.7553440796998863,3.792342662811279,3.736844953981265,3.7923426628112793,333700,0.0,0.0
1990-01-03 00:00:00-05:00,3.7738454341888423,3.792344902507092,3.7553462975449388,3.7738454341888428,584563,0.0,0.0
1990-01-04 00:00:00-05:00,3.7738438297462737,3.7738438297462737,3.625850136165591,3.6998469829559326,272600,0.0,0.0
1990-01-05 00:00:00-05:00,3.6628498098906532,3.69984841342769,3.6443506739593015,3.681349277496338,466828,0.0,0.0
1990-01-08 00:00:00-05:00,3.66284990310669,3.6998485075853056,3.625851630302415,3.6628499031066895,264258,0.0,0.0
1990-01-09 00:00:00-05:00,3.6813478541768982,3.6998469829559326,3.6628483937236593,3.6998469829559326,199163,0.0,0.0
1990-01-10 00:00:00-05:00,3.69984841342769,3.69984841342769,3.6628498098906532,3.681349277496338,270955,0.0,0.0
1990-01-11 00:00:00-05:00,3.6813492774963383,3.6813492774963383,3.6628498098906532,3.681349277496338,196343,0.0,0.0
1990-01-12 00:00:00-05:00,3.6628500000450726,3.6628500000450726,3.5518545153460384,3.588853120803833,833075,0.0,0.0
1990-01-15 00:00:00-05:00,3.5703547984855644,3.58885393959785,3.533356184586567,3.5518553256988525,278828,0.0,0.0
1990-01-16 00:00:00-05:00,3.533356184586567,3.5518553256988525,3.514857043474281,3.5518553256988525,210795,0.0,0.0
1990-01-17 00:00:00-05:00,3.551855939361329,3.5703554153442383,3.5333567950529026,3.5703554153442383,262965,0.0,0.0
1990-01-18 00:00:00-05:00,3.533355951309204,3.5703545627654987,3.514856811418259,3.533355951309204,356260,0.0,0.0
1990-01-19 00:00:00-05:00,3.5703554153442383,3.5888545596526646,3.5333567950529026,3.5703554153442383,367775,0.0,0.0
1990-01-22 00:00:00-05:00,3.5703545627654987,3.6073528425473893,3.533355951309204,3.533355951309204,135125,0.0,0.0
1990-01-23 00:00:00-05:00,3.5518545153460384,3.6073522576955552,3.533355378454316,3.588853120803833,180245,0.0,0.0
1990-01-24 00:00:00-05:00,3.5148561000823975,3.5333552362294913,3.4778574961138724,3.5148561000823975,185415,0.0,0.0
1990-01-25 00:00:00-05:00,3.5333552362294913,3.551854372376585,3.5148561000823975,3.5148561000823975,335228,0.0,0.0
1990-01-26 00:00:00-05:00,3.514856811418259,3.5518550912001494,3.514856811418259,3.533355951309204,569405,0.0,0.0
1990-01-29 00:00:00-05:00,3.533355951309204,3.5518550912001494,3.514856811418259,3.533355951309204,142645,0.0,0.0
1990-01-30 00:00:00-05:00,3.533355951309204,3.5518550912001494,3.514856811418259,3.533355951309204,337695,0.0,0.0
1990-01-31 00:00:00-05:00,3.5518544213451833,3.66284990310669,3.533355284943046,3.6628499031066895,399618,0.0,0.0
1990-02-01 00:00:00-05:00,3.644350907711092,3.7183477878570557,3.644350907711092,3.7183477878570557,330880,0.0,0.0
1990-02-02 00:00:00-05:00,3.6998469829559326,3.7368455721882055,3.6813478541768982,3.6998469829559326,248983,0.0,0.0
1990-02-05 00:00:00-05:00,3.69984841342769,3.69984841342769,3.6813492774963383,3.681349277496338,178835,0.0,0.0
1990-02-06 00:00:00-05:00,3.6813478541768982,3.7183461117349665,3.6813478541768982,3.6998469829559326,205273,0.0,0.0
1990-02-07 00:00:00-05:00,3.6998487933292186,3.7368474006652828,3.6998487933292186,3.736847400665283,161798,0.0,0.0
1990-02-08 00:00:00-05:00,3.7183461117349665,3.7368455721882055,3.6998469829559326,3.6998469829559326,142763,0.0,0.0
1990-02-09 00:00:00-05:00,3.6998490263920747,3.7553467750549316,3.6998490263920747,3.7553467750549316,433458,0.0,0.0
1990-02-12 00:00:00-05:00,3.736847256649312,3.7553463937672147,3.7183477878570557,3.7183477878570557,98583,0.0,0.0
1990-02-13 00:00:00-05:00,3.718348165388231,3.773845914051088,3.718348165388231,3.7553467750549316,532745,0.0,0.0
1990-02-14 00:00:00-05:00,3.773845914051088,3.773845914051088,3.718348165388231,3.7553467750549316,215143,0.0,0.0
1990-02-15 00:00:00-05:00,3.773843205418508,3.792342662811279,3.7553440796998863,3.7923426628112793,246985,0.0,0.0
1990-02-16 00:00:00-05:00,3.7738454341888423,3.792344902507092,3.7553462975449388,3.7738454341888428,171668,0.0,0.0
1990-02-20 00:00:00-05:00,3.7368474006652828,3.7553465384961315,3.7183479311600673,3.736847400665283,174723,0.0,0.0
1990-02-21 00:00:00-05:00,3.699848650739153,3.736847256649312,3.699848650739153,3.7183477878570557,605948,0.0,0.0
1990-02-22 00:00:00-05:00,3.7183477878570557,3.7553463937672147,3.7183477878570557,3.7183477878570557,816273,0.0,0.0
1990-02-23 00:00:00-05:00,3.6998487933292186,3.7368474006652828,3.6998487933292186,3.736847400665283,639553,0.0,0.0
1990-02-26 00:00:00-05:00,3.736847160901035,3.7738454341888423,3.7183476925827854,3.7738454341888428,170023,0.0,0.0
1990-02-27 00:00:00-05:00,3.7553467750549316,3.773845914051088,3.7368476360587755,3.7553467750549316,164618,0.0,0.0
1990-02-28 00:00:00-05:00,3.773845914051088,3.792345384721632,3.7553467750549316,3.7553467750549316,177190,0.0,0.0
1990-03-01 00:00:00-05:00,3.7553440796998863,3.792342662811279,3.7553440796998863,3.7923426628112793,236998,0.0,0.0
1990-03-02 00:00:00-05:00,3.7923455201485265,3.829343799462069,3.7738460488173553,3.810844659805298,937533,0.0,0.0
1990-03-05 00:00:00-05:00,3.810843379515218,3.84784197807312,3.810843379515218,3.84784197807312,431225,0.0,0.0
1990-03-06 00:00:00-05:00,3.829342512957025,3.866341111514927,3.829342512957025,3.84784197807312,342748,0.0,0.0
1990-03-07 00:00:00-05:00,3.84784197807312,3.866341111514927,3.829342512957025,3.84784197807312,177543,0.0,0.0
1990-03-08 00:00:00-05:00,3.8478430275193594,3.8663421660065516,3.810844418870596,3.829343557357788,879253,0.0,0.0
1990-03-09 00:00:00-05:00,3.8210619010255047,3.8398847579956055,3.8210619010255047,3.8398847579956055,1270645,0.378723,0.0
1990-03-12 00:00:00-05:00,3.8210619010255047,3.8398847579956055,3.8210619010255047,3.8398847579956055,1043165,0.0,0.0
1990-03-13 00:00:00-05:00,3.8210615580546463,3.839884413335245,3.7834155100150935,3.802238702774048,491855,0.0,0.0
1990-03-14 00:00:00-05:00,3.8022385183891503,3.821061372756958,3.8022385183891503,3.821061372756958,146758,0.0,0.0
1990-03-15 00:00:00-05:00,3.802238702774048,3.8210615580546463,3.7834155100150935,3.802238702774048,737430,0.0,0.0
1990-03-16 00:00:00-05:00,3.802238702774048,3.802238702774048,3.7834155100150935,3.802238702774048,349210,0.0,0.0
1990-03-19 00:00:00-05:00,3.783415326543004,3.821061372756958,3.764592472175196,3.821061372756958,268723,0.0,0.0
1990-03-20 00:00:00-05:00,3.8022385183891503,3.8398842271247653,3.783415326543004,3.821061372756958,349210,0.0,0.0
1990-03-21 00:00:00-05:00,3.821059614806043,3.821059614806043,3.764590740203858,3.7645907402038574,110803,0.0,0.0
1990-03-22 00:00:00-05:00,3.764590954437406,3.783413801216568,3.708122076621717,3.726944923400879,232180,0.0,0.0
1990-03-23 00:00:00-05:00,3.745768107658244,3.745768107658244,3.708122076621717,3.726944923400879,164148,0.0,0.0
1990-03-26 00:00:00-05:00,3.745768107658244,3.745768107658244,3.726944923400879,3.726944923400879,178483,0.0,0.0
1990-03-27 00:00:00-05:00,3.7269451233721926,3.745768308639526,3.7081222755830803,3.7457683086395264,94353,0.0,0.0
1990-03-28 00:00:00-05:00,3.726944711309673,3.764590740203858,3.726944711309673,3.7645907402038574,181068,0.0,0.0
1990-03-29 00:00:00-05:00,3.764590740203858,3.764590740203858,3.726944711309673,3.7645907402038574,131248,0.0,0.0
1990-03-30 00:00:00-05:00,3.7457703170282186,3.7834160327911377,3.7269471216683567,3.7834160327911377,264610,0.0,0.0
1990-04-02 00:00:00-04:00,3.7645911564286383,3.783414004217751,3.7269451233721926,3.7457683086395264,88830,0.0,0.0
1990-04-03 00:00:00-04:00,3.764593174909678,3.8022392281509996,3.7457703170282186,3.7834160327911377,155218,0.0,0.0
1990-04-04 00:00:00-04:00,3.7834160327911377,3.8022392281509996,3.764593174909678,3.7834160327911377,80840,0.0,0.0
1990-04-05 00:00:00-04:00,3.7834160327911377,3.8022392281509996,3.764593174909678,3.7834160327911377,207505,0.0,0.0
1990-04-06 00:00:00-04:00,3.821061372756958,3.821061372756958,3.8022385183891503,3.821061372756958,231123,0.0,0.0
1990-04-09 00:00:00-04:00,3.821061372756958,3.821061372756958,3.8022385183891503,3.821061372756958,336873,0.0,0.0
1990-04-10 00:00:00-04:00,3.8022392281509996,3.8210620860324593,3.7834160327911377,3.7834160327911377,121495,0.0,0.0
1990-04-11 00:00:00-04:00,3.7834155100150935,3.8210615580546463,3.7834155100150935,3.802238702774048,136535,0.0,0.0
1990-04-12 00:00:00-04:00,3.802238702774048,3.8210615580546463,3.802238702774048,3.802238702774048,141588,0.0,0.0
1990-04-16 00:00:00-04:00,3.821061372756958,3.8398842271247653,3.8022385183891503,3.821061372756958,307263,0.0,0.0
1990-04-17 00:00:00-04:00,3.821061372756958,3.8398842271247653,3.8022385183891503,3.821061372756958,192348,0.0,0.0
1990-04-18 00:00:00-04:00,3.8210615580546463,3.839884413335245,3.802238702774048,3.802238702774048,166733,0.0,0.0
1990-04-19 00:00:00-04:00,3.802238702774048,3.8210615580546463,3.7834155100150935,3.802238702774048,243578,0.0,0.0
1990-04-20 00:00:00-04:00,3.8022371894850844,3.8022371894850844,3.745768308639526,3.7457683086395264,313608,0.0,0.0
1990-04-23 00:00:00-04:00,3.745768308639526,3.8022371894850844,3.7081222755830803,3.7457683086395264,431460,0.0,0.0
1990-04-24 00:00:00-04:00,3.7269451233721926,3.783414004217751,3.7269451233721926,3.7457683086395264,592083,0.0,0.0
1990-04-25 00:00:00-04:00,3.783414004217751,3.783414004217751,3.745768308639526,3.7457683086395264,367188,0.0,0.0
1990-04-26 00:00:00-04:00,3.7645911564286383,3.7645911564286383,3.7269451233721926,3.7457683086395264,124668,0.0,0.0
1990-04-27 00:00:00-04:00,3.764590954437406,3.764590954437406,3.726944923400879,3.726944923400879,105985,0.0,0.0
1990-04-30 00:00:00-04:00,3.7269482162692125,3.745771417157429,3.708125352859497,3.708125352859497,163325,0.0,0.0
1990-05-01 00:00:00-04:00,3.708122076621717,3.726944923400879,3.689299229842555,3.726944923400879,137240,0.0,0.0
1990-05-02 00:00:00-04:00,3.726944711309673,3.764590740203858,3.7081218656016723,3.7645907402038574,321833,0.0,0.0
1990-05-03 00:00:00-04:00,3.7457703170282186,3.7834160327911377,3.7457703170282186,3.7834160327911377,109275,0.0,0.0
1990-05-04 00:00:00-04:00,3.783415326543004,3.8398842271247653,3.783415326543004,3.821061372756958,256973,0.0,0.0
1990-05-07 00:00:00-04:00,3.839883761577334,3.8587069511413574,3.821060909491609,3.8587069511413574,136653,0.0,0.0
1990-05-08 00:00:00-04:00,3.858708010351522,3.93399977684021,3.858708010351522,3.93399977684021,263318,0.0,0.0
1990-05-09 00:00:00-04:00,3.9339978907780946,4.028112469398351,3.9339978907780946,3.9716439247131348,890063,0.0,0.0
1990-05-10 00:00:00-04:00,3.9716438676254753,4.046935259456873,3.9716438676254753,4.028112411499023,249100,0.0,0.0
1990-05-11 00:00:00-04:00,4.046936575895762,4.103405475616455,4.046936575895762,4.103405475616455,284468,0.0,0.0
1990-05-14 00:00:00-04:00,4.103404140808645,4.122227326244719,4.0092895635411745,4.028112411499023,470588,0.0,0.0
1990-05-15 00:00:00-04:00,4.028112411499023,4.046935259456873,3.9904663781051006,4.028112411499023,185650,0.0,0.0
1990-05-16 00:00:00-04:00,4.0281122343518705,4.046935081481934,4.0092893872218065,4.046935081481934,175193,0.0,0.0
1990-05-17 00:00:00-04:00,4.046935081481934,4.0657582660902065,4.0281122343518705,4.046935081481934,163325,0.0,0.0
1990-05-18 00:00:00-04:00,4.028112411499023,4.046935259456873,4.0092895635411745,4.028112411499023,254740,0.0,0.0
1990-05-21 00:00:00-04:00,4.009289820172856,4.06575870513916,4.009289820172856,4.06575870513916,203393,0.0,0.0
1990-05-22 00:00:00-04:00,4.084581554301846,4.103404403464532,4.046935518498228,4.06575870513916,206095,0.0,0.0
1990-05-23 00:00:00-04:00,4.065759476064621,4.103405181528151,4.046936285854547,4.084582328796387,216670,0.0,0.0
1990-05-24 00:00:00-04:00,4.06575870513916,4.103404403464532,4.06575870513916,4.06575870513916,240993,0.0,0.0
1990-05-25 00:00:00-04:00,4.06575870513916,4.084581554301846,4.06575870513916,4.06575870513916,65448,0.0,0.0
1990-05-29 00:00:00-04:00,4.065759476064621,4.084582328796387,4.065759476064621,4.084582328796387,97995,0.0,0.0
1990-05-30 00:00:00-04:00,4.084581292850796,4.084581292850796,4.028112411499023,4.028112411499023,473408,0.0,0.0
1990-05-31 00:00:00-04:00,4.028112590309521,4.065758625374576,3.9904665552444665,4.009289741516113,688315,0.0,0.0
1990-06-01 00:00:00-04:00,4.0092895635411745,4.028112411499023,3.9904663781051006,4.028112411499023,585503,0.0,0.0
1990-06-04 00:00:00-04:00,4.065760193633835,4.141051955327508,4.065760193633835,4.122229099273682,514298,0.0,0.0
1990-06-05 00:00:00-04:00,4.159874811381333,4.159874811381333,4.103405905741487,4.122229099273682,245928,0.0,0.0
1990-06-06 00:00:00-04:00,4.103405181528151,4.122228371738227,4.084582328796387,4.084582328796387,131365,0.0,0.0
1990-06-07 00:00:00-04:00,4.122228667175575,4.122228667175575,4.065759767454883,4.103405475616455,244400,0.0,0.0
1990-06-08 00:00:00-04:00,4.0845811132202705,4.1034039603503345,4.0092893872218065,4.046935081481934,433340,0.0,0.0
1990-06-11 00:00:00-04:00,4.046936285854547,4.084582328796387,4.046936285854547,4.084582328796387,291988,0.0,0.0
1990-06-12 00:00:00-04:00,4.084581554301846,4.084581554301846,4.06575870513916,4.06575870513916,575398,0.0,0.0
1990-06-13 00:00:00-04:00,4.076476631728355,4.1147531885231095,4.057338010197345,4.095614910125732,2592520,0.378723,0.0
1990-06-14 00:00:00-04:00,4.076476097106934,4.0956143729943655,4.076476097106934,4.076476097106934,756935,0.0,0.0
1990-06-15 00:00:00-04:00,4.076477339453312,4.076477339453312,4.019062151159589,4.057338714599609,466593,0.0,0.0
1990-06-18 00:00:00-04:00,4.057338492563757,4.057338492563757,3.942508465394018,3.980785369873047,305735,0.0,0.0
1990-06-19 00:00:00-04:00,3.999925184734551,4.019063472747803,3.9807868967212996,4.019063472747803,186120,0.0,0.0
1990-06-20 00:00:00-04:00,4.019063472747803,4.019063472747803,3.9807868967212996,4.019063472747803,188588,0.0,0.0
1990-06-21 00:00:00-04:00,3.999925184734551,4.03820210389486,3.9807868967212996,4.019063472747803,265785,0.0,0.0
1990-06-22 00:00:00-04:00,4.019063472747803,4.076478679921363,3.999925184734551,4.019063472747803,270133,0.0,0.0
1990-06-25 00:00:00-04:00,3.9999239409494267,4.019062223011588,3.9616470336914062,3.9616470336914062,97995,0.0,0.0
1990-06-26 00:00:00-04:00,3.980783196909052,3.980783196909052,3.942506313323974,3.9425063133239746,1348078,0.0,0.0
1990-06-27 00:00:00-04:00,3.942506313323974,3.9616445835497696,3.923368043098179,3.9425063133239746,149460,0.0,0.0
1990-06-28 00:00:00-04:00,3.942506313323974,3.9616445835497696,3.942506313323974,3.9425063133239746,46178,0.0,0.0
1990-06-29 00:00:00-04:00,3.9616475094556334,3.999924421310425,3.9425092250951077,3.999924421310425,453433,0.0,0.0
1990-07-02 00:00:00-04:00,3.999924421310425,4.01906270567095,3.980786136949899,3.999924421310425,182595,0.0,0.0
1990-07-03 00:00:00-04:00,4.019063472747803,4.03820210389486,3.9807868967212996,4.019063472747803,273775,0.0,0.0
1990-07-05 00:00:00-04:00,3.9999239409494267,3.9999239409494267,3.9425087516292456,3.9616470336914062,389160,0.0,0.0
1990-07-06 00:00:00-04:00,3.9616467460666955,3.980785369873047,3.942508465394018,3.980785369873047,470235,0.0,0.0
1990-07-09 00:00:00-04:00,3.980786136949899,3.999924421310425,3.980786136949899,3.999924421310425,104458,0.0,0.0
1990-07-10 00:00:00-04:00,3.999924421310425,4.01906270567095,3.980786136949899,3.999924421310425,645428,0.0,0.0
1990-07-11 00:00:00-04:00,4.019062704603105,4.0573392733139855,3.9999244202476643,4.038201332092285,398795,0.0,0.0
1990-07-12 00:00:00-04:00,4.019062151159589,4.057338714599609,3.9999238694395784,4.057338714599609,294103,0.0,0.0
1990-07-13 00:00:00-04:00,4.0573392733139855,4.095616185158607,4.038201332092285,4.038201332092285,369538,0.0,0.0
1990-07-16 00:00:00-04:00,4.038200776013292,4.057338714599609,4.019062151159589,4.057338714599609,159918,0.0,0.0
1990-07-17 00:00:00-04:00,4.076476097106934,4.0956143729943655,4.0573374780859135,4.076476097106934,190468,0.0,0.0
1990-07-18 00:00:00-04:00,4.057338714599609,4.057338714599609,4.038200776013292,4.057338714599609,138063,0.0,0.0
1990-07-19 00:00:00-04:00,4.0573374780859135,4.076476097106934,4.038199545332071,4.076476097106934,148638,0.0,0.0
1990-07-20 00:00:00-04:00,4.057338714599609,4.076477339453312,4.057338714599609,4.057338714599609,245223,0.0,0.0
1990-07-23 00:00:00-04:00,4.0573392733139855,4.076477900803167,4.019062704603105,4.038201332092285,169200,0.0,0.0
1990-07-24 00:00:00-04:00,4.076476631728355,4.1147531885231095,4.057338010197345,4.095614910125732,337460,0.0,0.0
1990-07-25 00:00:00-04:00,4.114755186678418,4.210447311401367,4.095616898987348,4.210447311401367,335698,0.0,0.0
1990-07-26 00:00:00-04:00,4.210445705131491,4.2678608894348145,4.210445705131491,4.2678608894348145,231945,0.0,0.0
1990-07-27 00:00:00-04:00,4.24872260904493,4.2678608894348145,4.210445705131491,4.2678608894348145,193758,0.0,0.0
1990-07-30 00:00:00-04:00,4.2678608894348145,4.2678608894348145,4.229583985521376,4.2678608894348145,348975,0.0,0.0
1990-07-31 00:00:00-04:00,4.267860140385358,4.401828765869141,4.267860140385358,4.401828765869141,527223,0.0,0.0
1990-08-01 00:00:00-04:00,4.3826917372289795,4.535799026489258,4.3826917372289795,4.535799026489258,1152205,0.0,0.0
1990-08-02 00:00:00-04:00,4.459246389579129,4.516661595343976,4.459246389579129,4.497523307800293,999808,0.0,0.0
1990-08-03 00:00:00-04:00,4.47838256026011,4.47838256026011,4.382690488838203,4.401828765869141,365543,0.0,0.0
1990-08-06 00:00:00-04:00,4.3635529203519345,4.3635529203519345,4.210445649842365,4.248722553253174,712403,0.0,0.0
1990-08-07 00:00:00-04:00,4.267862517608377,4.306139436124317,4.210447311401367,4.210447311401367,723448,0.0,0.0
1990-08-08 00:00:00-04:00,4.229582821367628,4.306136608123779,4.229582821367628,4.306136608123779,319248,0.0,0.0
1990-08-09 00:00:00-04:00,4.286997577769647,4.344412740750799,4.286997577769647,4.325274467468262,406315,0.0,0.0
1990-08-10 00:00:00-04:00,4.306137447971474,4.440106086222957,4.306137447971474,4.382690906524658,667518,0.0,0.0
1990-08-13 00:00:00-04:00,4.363552872801383,4.440106335655116,4.344414249737704,4.420968055725098,227245,0.0,0.0
1990-08-14 00:00:00-04:00,4.420968055725098,4.440106335655116,4.401829432661419,4.420968055725098,93413,0.0,0.0
1990-08-15 00:00:00-04:00,4.401828765869141,4.420967386033688,4.382690488838203,4.401828765869141,286348,0.0,0.0
1990-08-16 00:00:00-04:00,4.401828765869141,4.420967386033688,4.363552211807265,4.401828765869141,233120,0.0,0.0
1990-08-17 00:00:00-04:00,4.363551357166877,4.363551357166877,4.286997577769647,4.325274467468262,233590,0.0,0.0
1990-08-20 00:00:00-04:00,4.286998301190361,4.363552093505859,4.267860024678286,4.363552093505859,347448,0.0,0.0
1990-08-21 00:00:00-04:00,4.363552857156437,4.382691137017837,4.286999051443516,4.344414234161377,945993,0.0,0.0
1990-08-22 00:00:00-04:00,4.325276130028036,4.34441441066699,4.267860944977501,4.286999225616455,542850,0.0,0.0
1990-08-23 00:00:00-04:00,4.133893887094923,4.153032175108175,4.019063472747803,4.019063472747803,398678,0.0,0.0
1990-08-24 00:00:00-04:00,4.038201333165216,4.038201333165216,3.9233709407345825,3.999924421310425,400793,0.0,0.0
1990-08-27 00:00:00-04:00,4.057338010197345,4.1147531885231095,4.057338010197345,4.095614910125732,218315,0.0,0.0
1990-08-28 00:00:00-04:00,4.09561449302191,4.133891389052118,4.09561449302191,4.114752769470215,244400,0.0,0.0
1990-08-29 00:00:00-04:00,4.114754959168477,4.172170162200928,4.114754959168477,4.172170162200928,344628,0.0,0.0
1990-08-30 00:00:00-04:00,4.172168366848873,4.172168366848873,4.095614910125732,4.095614910125732,293868,0.0,0.0
1990-08-31 00:00:00-04:00,4.095614272447154,4.153029441833496,4.095614272447154,4.153029441833496,156393,0.0,0.0
1990-09-04 00:00:00-04:00,4.133891888456408,4.191307067871094,4.1147532665624205,4.191307067871094,424058,0.0,0.0
1990-09-05 00:00:00-04:00,4.172170392885428,4.210447311401367,4.153032105194358,4.210447311401367,222545,0.0,0.0
1990-09-06 00:00:00-04:00,4.191309023710297,4.229585599092437,4.191309023710297,4.210447311401367,447440,0.0,0.0
1990-09-07 00:00:00-04:00,4.210447311401367,4.229585599092437,4.191309023710297,4.210447311401367,72850,0.0,0.0
1990-09-10 00:00:00-04:00,4.229582786560059,4.229582786560059,4.210444511595307,4.229582786560059,348975,0.0,0.0
1990-09-11 00:00:00-04:00,4.24872260904493,4.2678608894348145,4.229583985521376,4.2678608894348145,182243,0.0,0.0
1990-09-12 00:00:00-04:00,4.267860944977501,4.286999225616455,4.248722664338548,4.286999225616455,706645,0.0,0.0
1990-09-13 00:00:00-04:00,4.286999113530317,4.286999113530317,4.248722553253174,4.248722553253174,969610,0.0,0.0
1990-09-14 00:00:00-04:00,4.220712661743164,4.240162839621816,4.181811957260126,4.220712661743164,712520,0.378723,0.0
1990-09-17 00:00:00-04:00,4.201263293567168,4.201263293567168,4.162362581586858,4.181812763214111,263318,0.0,0.0
1990-09-18 00:00:00-04:00,4.14291416933636,4.1623643592705,4.104013789468082,4.1234636306762695,197753,0.0,0.0
1990-09-19 00:00:00-04:00,4.1234636306762695,4.14291416933636,4.104013789468082,4.1234636306762695,247220,0.0,0.0
1990-09-20 00:00:00-04:00,4.104013789468082,4.14291416933636,4.104013789468082,4.1234636306762695,180480,0.0,0.0
1990-09-21 00:00:00-04:00,4.142908122451412,4.162358283996582,4.104007799361071,4.162358283996582,386575,0.0,0.0
1990-09-24 00:00:00-04:00,4.14291416933636,4.1623643592705,4.1234636306762695,4.1234636306762695,391275,0.0,0.0
1990-09-25 00:00:00-04:00,4.1234636306762695,4.14291416933636,4.104013789468082,4.1234636306762695,200573,0.0,0.0
1990-09-26 00:00:00-04:00,4.162362581586858,4.181812763214111,4.1234618696065475,4.181812763214111,258853,0.0,0.0
1990-09-27 00:00:00-04:00,4.201258955812365,4.201258955812365,4.142908122451412,4.162358283996582,379525,0.0,0.0
1990-09-28 00:00:00-04:00,4.142908122451412,4.181808445541753,4.084557289090458,4.162358283996582,461893,0.0,0.0
1990-10-01 00:00:00-04:00,4.2012638436509455,4.395766731567722,4.2012638436509455,4.376316547393799,308438,0.0,0.0
1990-10-02 00:00:00-04:00,4.415216915741645,4.454117632815341,4.376316547393799,4.376316547393799,257090,0.0,0.0
1990-10-03 00:00:00-04:00,4.415216915741645,4.454117632815341,4.356866014494027,4.376316547393799,164383,0.0,0.0
1990-10-04 00:00:00-04:00,4.3763152815345,4.454116344451904,4.3568647542608385,4.454116344451904,178718,0.0,0.0
1990-10-05 00:00:00-04:00,4.415215638630328,4.4735665229998185,4.415215638630328,4.454116344451904,207270,0.0,0.0
1990-10-08 00:00:00-04:00,4.434666310384721,4.512467375836872,4.434666310384721,4.493017196655273,104693,0.0,0.0
1990-10-09 00:00:00-04:00,4.4735665229998185,4.4735665229998185,4.454116344451904,4.454116344451904,79548,0.0,0.0
1990-10-10 00:00:00-04:00,4.434664726257324,4.454114898491035,4.415214205297979,4.434664726257324,366600,0.0,0.0
1990-10-11 00:00:00-04:00,4.434664726257324,4.454114898491035,4.395764033064268,4.434664726257324,143820,0.0,0.0
1990-10-12 00:00:00-04:00,4.434668783114581,4.551370620727539,4.434668783114581,4.551370620727539,442153,0.0,0.0
1990-10-15 00:00:00-04:00,4.551367294737247,4.590267646363827,4.47356589403269,4.570817470550537,392920,0.0,0.0
1990-10-16 00:00:00-04:00,4.570818573860942,4.629169464111328,4.570818573860942,4.629169464111328,491503,0.0,0.0
1990-10-17 00:00:00-04:00,4.609721539534019,4.629171729560861,4.551370620727539,4.551370620727539,455900,0.0,0.0
1990-10-18 00:00:00-04:00,4.551369884457056,4.590270258217867,4.454118252603237,4.473568439483643,1226583,0.0,0.0
1990-10-19 00:00:00-04:00,4.4735673409614085,4.493017871791468,4.337415368780046,4.415216445922852,354733,0.0,0.0
1990-10-22 00:00:00-04:00,4.395768863113524,4.512470722198486,4.395768863113524,4.512470722198486,294220,0.0,0.0
1990-10-23 00:00:00-04:00,4.531920915803974,4.531920915803974,4.493020528592998,4.512470722198486,195873,0.0,0.0
1990-10-24 00:00:00-04:00,4.4930164185716785,4.570817470550537,4.4930164185716785,4.570817470550537,293280,0.0,0.0
1990-10-25 00:00:00-04:00,4.590270258217867,4.590270258217867,4.473568439483643,4.473568439483643,222545,0.0,0.0
1990-10-26 00:00:00-04:00,4.4735673409614085,4.4735673409614085,4.415216445922852,4.415216445922852,177308,0.0,0.0
1990-10-29 00:00:00-05:00,4.415214205297979,4.454114898491035,4.395764033064268,4.434664726257324,173665,0.0,0.0
1990-10-30 00:00:00-05:00,4.454118973141423,4.551370620727539,4.454118973141423,4.551370620727539,843180,0.0,0.0
1990-10-31 00:00:00-05:00,4.551367621118122,4.590267975534267,4.531917095184326,4.531917095184326,320305,0.0,0.0
1990-11-01 00:00:00-05:00,4.531917252692854,4.590268135070801,4.531917252692854,4.590268135070801,518528,0.0,0.0
1990-11-02 00:00:00-05:00,4.570817957186731,4.609718661680607,4.570817957186731,4.590268135070801,332055,0.0,0.0
1990-11-05 00:00:00-05:00,4.570817470550537,4.590267646363827,4.512466594384969,4.570817470550537,408900,0.0,0.0
1990-11-06 00:00:00-05:00,4.570820071337462,4.570820071337462,4.473568439483643,4.473568439483643,216553,0.0,0.0
1990-11-07 00:00:00-05:00,4.434666976752911,4.4735673409614085,4.395766263818603,4.415216445922852,268253,0.0,0.0
1990-11-08 00:00:00-05:00,4.434668065722832,4.512469161970349,4.434668065722832,4.473568439483643,270955,0.0,0.0
1990-11-09 00:00:00-05:00,4.512469891947902,4.551370620727539,4.493019701921059,4.551370620727539,214203,0.0,0.0
1990-11-12 00:00:00-05:00,4.551367294737247,4.590267646363827,4.531916770198259,4.570817470550537,284115,0.0,0.0
1990-11-13 00:00:00-05:00,4.590270258217867,4.590270258217867,4.454118252603237,4.473568439483643,545318,0.0,0.0
1990-11-14 00:00:00-05:00,4.473568791114042,4.493019328249191,4.317966586388399,4.395767688751221,484570,0.0,0.0
1990-11-15 00:00:00-05:00,4.415216445922852,4.45411715885716,4.3763160817143545,4.415216445922852,269193,0.0,0.0
1990-11-16 00:00:00-05:00,4.415214205297979,4.434664726257324,4.395764033064268,4.434664726257324,439803,0.0,0.0
1990-11-19 00:00:00-05:00,4.43466616590399,4.454116344451904,4.415215638630328,4.454116344451904,153103,0.0,0.0
1990-11-20 00:00:00-05:00,4.43466616590399,4.454116344451904,4.395765460082414,4.454116344451904,204803,0.0,0.0
1990-11-21 00:00:00-05:00,4.415215638630328,4.454116344451904,4.3763152815345,4.454116344451904,205625,0.0,0.0
1990-11-23 00:00:00-05:00,4.454114898491035,4.454114898491035,4.434664726257324,4.434664726257324,90710,0.0,0.0
1990-11-26 00:00:00-05:00,4.415215638630328,4.454116344451904,4.395765460082414,4.454116344451904,115855,0.0,0.0
1990-11-27 00:00:00-05:00,4.454118252603237,4.473568439483643,4.395767343236125,4.473568439483643,150635,0.0,0.0
1990-11-28 00:00:00-05:00,4.4735666687479165,4.512467375836872,4.4735666687479165,4.493017196655273,372123,0.0,0.0
1990-11-29 00:00:00-05:00,4.493018975089944,4.512469161970349,4.454118252603237,4.473568439483643,288228,0.0,0.0
1990-11-30 00:00:00-05:00,4.531917252692854,4.590268135070801,4.493016896924713,4.590268135070801,303033,0.0,0.0
1990-12-03 00:00:00-05:00,4.55136777930266,4.590268135070801,4.55136777930266,4.590268135070801,123728,0.0,0.0
1990-12-04 00:00:00-05:00,4.609720709258726,4.668071617555389,4.590270174009245,4.648621082305908,317720,0.0,0.0
1990-12-05 00:00:00-05:00,4.648619311636806,4.668069839477539,4.62916913252183,4.668069839477539,251920,0.0,0.0
1990-12-06 00:00:00-05:00,4.706970534869915,4.706970534869915,4.590268754369143,4.629169464111328,551780,0.0,0.0
1990-12-07 00:00:00-05:00,4.609718661680607,4.609718661680607,4.493016896924713,4.590268135070801,314548,0.0,0.0
1990-12-10 00:00:00-05:00,4.590268135070801,4.609718661680607,4.531917252692854,4.590268135070801,93648,0.0,0.0
1990-12-11 00:00:00-05:00,4.570820810754381,4.5902710007812235,4.551370620727539,4.551370620727539,569758,0.0,0.0
1990-12-12 00:00:00-05:00,4.570821876439006,4.629172808849974,4.570821876439006,4.60972261428833,1336210,0.0,0.0
1990-12-13 00:00:00-05:00,4.601032213889674,4.601032213889674,4.522044632126654,4.5417914390563965,439450,0.378723,0.0
1990-12-14 00:00:00-05:00,4.541789087490794,4.541789087490794,4.462801546624518,4.50229549407959,272483,0.0,0.0
1990-12-17 00:00:00-05:00,4.482548236846924,4.502295387127298,4.443054644373892,4.482548236846924,241110,0.0,0.0
1990-12-18 00:00:00-05:00,4.462803484952729,4.561538219451904,4.462803484952729,4.561538219451904,296688,0.0,0.0
1990-12-19 00:00:00-05:00,4.561536751873228,4.601030349731445,4.561536751873228,4.601030349731445,199515,0.0,0.0
1990-12-20 00:00:00-05:00,4.581286430358887,4.581286430358887,4.5220456422919995,4.581286430358887,161328,0.0,0.0
1990-12-21 00:00:00-05:00,4.581283034945865,4.581283034945865,4.462801546624518,4.50229549407959,504898,0.0,0.0
1990-12-24 00:00:00-05:00,4.48254968959916,4.48254968959916,4.443056084326622,4.462802886962891,323478,0.0,0.0
1990-12-26 00:00:00-05:00,4.482548236846924,4.482548236846924,4.462801440610408,4.482548236846924,133715,0.0,0.0
1990-12-27 00:00:00-05:00,4.482550193113301,4.502297352011695,4.443056583404541,4.443056583404541,130073,0.0,0.0
1990-12-28 00:00:00-05:00,4.403564420590216,4.443058400494958,4.383817607659926,4.423311233520508,432635,0.0,0.0
1990-12-31 00:00:00-05:00,4.423308927646379,4.48254968959916,4.423308927646379,4.462802886962891,246163,0.0,0.0
1991-01-02 00:00:00-05:00,4.502296846279402,4.5220436489156715,4.462802886962891,4.462802886962891,231475,0.0,0.0
1991-01-03 00:00:00-05:00,4.462803388258921,4.482550193113301,4.443056583404541,4.443056583404541,278005,0.0,0.0
1991-01-04 00:00:00-05:00,4.443056583404541,4.443056583404541,4.403562619651766,4.443056583404541,146640,0.0,0.0
1991-01-07 00:00:00-05:00,4.423307913373182,4.443055065525363,4.383814317156603,4.403561115264893,148638,0.0,0.0
1991-01-08 00:00:00-05:00,4.403560802463844,4.50229549407959,4.403560802463844,4.50229549407959,217140,0.0,0.0
1991-01-09 00:00:00-05:00,4.522046006260282,4.541792819190572,4.423311233520508,4.423311233520508,216435,0.0,0.0
1991-01-10 00:00:00-05:00,4.443054749918916,4.50229549407959,4.443054749918916,4.50229549407959,123845,0.0,0.0
1991-01-11 00:00:00-05:00,4.502295387127298,4.502295387127298,4.462801440610408,4.482548236846924,89065,0.0,0.0
1991-01-14 00:00:00-05:00,4.462803388258921,4.482550193113301,4.423309424506147,4.443056583404541,253918,0.0,0.0
1991-01-15 00:00:00-05:00,4.423307913373182,4.423307913373182,4.403561115264893,4.403561115264893,234883,0.0,0.0
1991-01-16 00:00:00-05:00,4.423307913373182,4.443055065525363,4.383814317156603,4.403561115264893,341103,0.0,0.0
1991-01-17 00:00:00-05:00,4.462801440610408,4.561536129880705,4.443054644373892,4.482548236846924,286230,0.0,0.0
1991-01-18 00:00:00-05:00,4.482551665566031,4.581286430358887,4.482551665566031,4.581286430358887,232415,0.0,0.0
1991-01-21 00:00:00-05:00,4.5417914390563965,4.56153860003019,4.522044632126654,4.5417914390563965,165675,0.0,0.0
1991-01-22 00:00:00-05:00,4.5417914390563965,4.581285406959932,4.522044632126654,4.5417914390563965,112918,0.0,0.0
1991-01-23 00:00:00-05:00,4.56153860003019,4.56153860003019,4.502297825196912,4.5417914390563965,186473,0.0,0.0
1991-01-24 00:00:00-05:00,4.541787155431859,4.561534297780969,4.522040367126465,4.522040367126465,166733,0.0,0.0
1991-01-25 00:00:00-05:00,4.541791060125656,4.581285024734131,4.541791060125656,4.561538219451904,202453,0.0,0.0
1991-01-28 00:00:00-05:00,4.5417914390563965,4.56153860003019,4.522044632126654,4.5417914390563965,160035,0.0,0.0
1991-01-29 00:00:00-05:00,4.522042183363815,4.522042183363815,4.482548236846924,4.482548236846924,108335,0.0,0.0
1991-01-30 00:00:00-05:00,4.48254968959916,4.502296846279402,4.443056084326622,4.462802886962891,272483,0.0,0.0
1991-01-31 00:00:00-05:00,4.462802886962891,4.48254968959916,4.423308927646379,4.462802886962891,823205,0.0,0.0
1991-02-01 00:00:00-05:00,4.462803388258921,4.502297352011695,4.443056583404541,4.443056583404541,309143,0.0,0.0
1991-02-04 00:00:00-05:00,4.443054749918916,4.50229549407959,4.423307599169447,4.50229549407959,311023,0.0,0.0
1991-02-05 00:00:00-05:00,4.482550290234955,4.581285024734131,4.482550290234955,4.561538219451904,566233,0.0,0.0
1991-02-06 00:00:00-05:00,4.561538219451904,4.601031830016357,4.541791060125656,4.561538219451904,495498,0.0,0.0
1991-02-07 00:00:00-05:00,4.581285406959932,4.601032213889674,4.502297825196912,4.5417914390563965,623338,0.0,0.0
1991-02-08 00:00:00-05:00,4.5220427999711035,4.601030349731445,4.5220427999711035,4.601030349731445,255328,0.0,0.0
1991-02-11 00:00:00-05:00,4.601030416069753,4.660271167755127,4.581283616855932,4.660271167755127,296805,0.0,0.0
1991-02-12 00:00:00-05:00,4.640522480010986,4.699763207587457,4.640522480010986,4.640522480010986,200808,0.0,0.0
1991-02-13 00:00:00-05:00,4.620775688833419,4.660269271188554,4.601028543612083,4.640522480010986,437218,0.0,0.0
1991-02-14 00:00:00-05:00,4.660271100562678,4.719511851393912,4.601030349731445,4.601030349731445,261085,0.0,0.0
1991-02-15 00:00:00-05:00,4.601034233993816,4.699769020080566,4.601034233993816,4.699769020080566,427818,0.0,0.0
1991-02-19 00:00:00-05:00,4.680022204480899,4.699769020080566,4.680022204480899,4.699769020080566,201983,0.0,0.0
1991-02-20 00:00:00-05:00,4.7195143699646,4.7195143699646,4.680020751030598,4.7195143699646,117500,0.0,0.0
1991-02-21 00:00:00-05:00,4.699767560497598,4.739261533475697,4.699767560497598,4.7195143699646,208915,0.0,0.0
1991-02-22 00:00:00-05:00,4.6997643433936345,4.759005085286993,4.6997643433936345,4.739258289337158,208915,0.0,0.0
1991-02-25 00:00:00-05:00,4.7984989999933125,4.8182457958146,4.759005054306886,4.778751850128174,251215,0.0,0.0
1991-02-26 00:00:00-05:00,4.759007432296935,4.7787542379853445,4.680019855499268,4.680019855499268,200808,0.0,0.0
1991-02-27 00:00:00-05:00,4.680019855499268,4.699766661187677,4.660272695766829,4.680019855499268,202335,0.0,0.0
1991-02-28 00:00:00-05:00,4.660269271188554,4.68001641640989,4.601028543612083,4.640522480010986,140765,0.0,0.0
1991-03-01 00:00:00-05:00,4.640525842963507,4.660272648451429,4.581285072455717,4.620779037475586,140883,0.0,0.0
1991-03-04 00:00:00-05:00,4.601032213889674,4.620779374863466,4.5417914390563965,4.5417914390563965,221135,0.0,0.0
1991-03-05 00:00:00-05:00,4.52204425484343,4.601031830016357,4.52204425484343,4.561538219451904,213968,0.0,0.0
1991-03-06 00:00:00-05:00,4.541789087490794,4.620776982400937,4.48254834333012,4.50229549407959,922493,0.0,0.0
1991-03-07 00:00:00-05:00,4.502295387127298,4.522042183363815,4.482548236846924,4.482548236846924,207858,0.0,0.0
1991-03-08 00:00:00-05:00,4.462805213425249,4.462805213425249,4.383817607659926,4.423311233520508,777498,0.0,0.0
1991-03-11 00:00:00-05:00,4.462799648166567,4.522040367126465,4.462799648166567,4.522040367126465,895703,0.0,0.0
1991-03-12 00:00:00-05:00,4.502296001041994,4.601030349731445,4.502296001041994,4.601030349731445,366013,0.0,0.0
1991-03-13 00:00:00-05:00,4.576145491688968,4.596216190033505,4.495861978608504,4.515933036804199,532628,0.4,0.0
1991-03-14 00:00:00-05:00,4.515933544430109,4.556074945631388,4.4958624839782715,4.4958624839782715,610648,0.0,0.0
1991-03-15 00:00:00-05:00,4.536000582455986,4.59621299549084,4.515929898061337,4.576142311096191,427818,0.0,0.0
1991-03-18 00:00:00-05:00,4.576145491688968,4.596216190033505,4.515933036804199,4.515933036804199,156510,0.0,0.0
1991-03-19 00:00:00-05:00,4.515929898061337,4.576142311096191,4.495858853815781,4.576142311096191,1447130,0.0,0.0
1991-03-20 00:00:00-05:00,4.556071266850635,4.576142311096191,4.536000582455986,4.576142311096191,184005,0.0,0.0
1991-03-21 00:00:00-05:00,4.556072235107422,4.5962139722785516,4.556072235107422,4.556072235107422,127488,0.0,0.0
1991-03-22 00:00:00-05:00,4.556069718413105,4.616282110984021,4.556069718413105,4.5962114334106445,167085,0.0,0.0
1991-03-25 00:00:00-05:00,4.616285499480076,4.676497936248779,4.596214807174191,4.676497936248779,214085,0.0,0.0
1991-03-26 00:00:00-05:00,4.696565978272702,4.736707337156986,4.636353580095456,4.716636657714844,248395,0.0,0.0
1991-03-27 00:00:00-05:00,4.716638994313844,4.736709683698904,4.636355876922607,4.636355876922607,179658,0.0,0.0
1991-03-28 00:00:00-05:00,4.656429290771484,4.696571052879435,4.636358589643113,4.656429290771484,220195,0.0,0.0
1991-04-01 00:00:00-05:00,4.636354724131046,4.656425408525695,4.576142311096191,4.576142311096191,217728,0.0,0.0
1991-04-02 00:00:00-05:00,4.596214138301491,4.656426566307667,4.596214138301491,4.636355876922607,278828,0.0,0.0
1991-04-03 00:00:00-05:00,4.636356854401457,4.656427548018002,4.596215107317293,4.616285800933838,183300,0.0,0.0
1991-04-04 00:00:00-05:00,4.5962114334106445,4.636353148408183,4.556069718413105,4.5962114334106445,343923,0.0,0.0
1991-04-05 00:00:00-05:00,4.636355709449682,4.636355709449682,4.536001546447348,4.556072235107422,284820,0.0,0.0
1991-04-08 00:00:00-04:00,4.576144413700747,4.616285800933838,4.536002666616582,4.616285800933838,305970,0.0,0.0
1991-04-09 00:00:00-04:00,4.616284827686551,4.636355876922607,4.596214138301491,4.636355876922607,252743,0.0,0.0
1991-04-10 00:00:00-04:00,4.636357000155404,4.696569442749023,4.636357000155404,4.696569442749023,249100,0.0,0.0
1991-04-11 00:00:00-04:00,4.696568668558707,4.776851792165831,4.676497617768657,4.756781101226807,194345,0.0,0.0
1991-04-12 00:00:00-04:00,4.776853891305564,4.796924591064453,4.756783191546675,4.796924591064453,118205,0.0,0.0
1991-04-15 00:00:00-04:00,4.816991806030273,4.837062489769903,4.796920762439747,4.816991806030273,375765,0.0,0.0
1991-04-16 00:00:00-04:00,4.837064128491496,4.857134819030762,4.81699343795223,4.857134819030762,266490,0.0,0.0
1991-04-17 00:00:00-04:00,4.837064128491496,4.877205869421046,4.81699343795223,4.857134819030762,217375,0.0,0.0
1991-04-18 00:00:00-04:00,4.837063272529191,4.857133959516767,4.7166384309018285,4.736709117889404,317250,0.0,0.0
1991-04-19 00:00:00-04:00,4.736710373017483,4.736710373017483,4.676497936248779,4.676497936248779,154395,0.0,0.0
1991-04-22 00:00:00-04:00,4.696569295102167,4.696569295102167,4.616285800933838,4.616285800933838,329588,0.0,0.0
1991-04-23 00:00:00-04:00,4.616282110984021,4.616282110984021,4.556069718413105,4.5962114334106445,183065,0.0,0.0
1991-04-24 00:00:00-04:00,4.576144413700747,4.656427548018002,4.576144413700747,4.616285800933838,262260,0.0,0.0
1991-04-25 00:00:00-04:00,4.616287528663534,4.656429290771484,4.596216827535163,4.656429290771484,149695,0.0,0.0
1991-04-26 00:00:00-04:00,4.596216827535163,4.676499991899855,4.596216827535163,4.656429290771484,101285,0.0,0.0
1991-04-29 00:00:00-04:00,4.6564286449182735,4.676499343262811,4.515933036804199,4.515933036804199,135360,0.0,0.0
1991-04-30 00:00:00-04:00,4.596214138301491,4.636355876922607,4.515931020910254,4.636355876922607,632738,0.0,0.0
1991-05-01 00:00:00-04:00,4.676496697075724,4.756780164727934,4.656426010088148,4.736709117889404,184240,0.0,0.0
1991-05-02 00:00:00-04:00,4.756783516115756,4.776854217244127,4.656429290771484,4.656429290771484,186590,0.0,0.0
1991-05-03 00:00:00-04:00,4.6564276944029155,4.716640136996535,4.6564276944029155,4.696569442749023,131600,0.0,0.0
1991-05-06 00:00:00-04:00,4.716639680711598,4.736710373017483,4.636356551637011,4.676497936248779,106220,0.0,0.0
1991-05-07 00:00:00-04:00,4.676499991899855,4.716641754007806,4.656429290771484,4.656429290771484,91885,0.0,0.0
1991-05-08 00:00:00-04:00,4.656426010088148,4.736709117889404,4.656426010088148,4.736709117889404,157333,0.0,0.0
1991-05-09 00:00:00-04:00,4.776851792165831,4.776851792165831,4.716639359497732,4.756781101226807,172373,0.0,0.0
1991-05-10 00:00:00-04:00,4.736712455136177,4.756783516115756,4.636358589643113,4.656429290771484,121965,0.0,0.0
1991-05-13 00:00:00-04:00,4.696565540979099,4.696565540979099,4.5962114334106445,4.5962114334106445,183888,0.0,0.0
1991-05-14 00:00:00-04:00,4.616284660938625,4.616284660938625,4.536001546447348,4.556072235107422,291165,0.0,0.0
1991-05-15 00:00:00-04:00,4.536001682281494,4.5761434206547005,4.536001682281494,4.536001682281494,168730,0.0,0.0
1991-05-16 00:00:00-04:00,4.576140755837267,4.5962114334106445,4.535999040839728,4.5962114334106445,176133,0.0,0.0
1991-05-17 00:00:00-04:00,4.596215107317293,4.636356854401457,4.576144413700747,4.616285800933838,109628,0.0,0.0
1991-05-20 00:00:00-04:00,4.596215107317293,4.616285800933838,4.596215107317293,4.616285800933838,59103,0.0,0.0
1991-05-21 00:00:00-04:00,4.616284827686551,4.636355876922607,4.596214138301491,4.636355876922607,92590,0.0,0.0
1991-05-22 00:00:00-04:00,4.616285499480076,4.676497936248779,4.616285499480076,4.676497936248779,264845,0.0,0.0
1991-05-23 00:00:00-04:00,4.676498241634548,4.696569295102167,4.616285800933838,4.616285800933838,155453,0.0,0.0
1991-05-24 00:00:00-04:00,4.616284827686551,4.676497255692727,4.616284827686551,4.636355876922607,61570,0.0,0.0
1991-05-28 00:00:00-04:00,4.636353148408183,4.636353148408183,4.576140755837267,4.5962114334106445,166615,0.0,0.0
1991-05-29 00:00:00-04:00,4.576140755837267,4.616282110984021,4.556069718413105,4.5962114334106445,165440,0.0,0.0
1991-05-30 00:00:00-04:00,4.576140755837267,4.5962114334106445,4.576140755837267,4.5962114334106445,241110,0.0,0.0
1991-05-31 00:00:00-04:00,4.616284827686551,4.636355876922607,4.596214138301491,4.636355876922607,148873,0.0,0.0
1991-06-03 00:00:00-04:00,4.636358589643113,4.656429290771484,4.616287528663534,4.656429290771484,279180,0.0,0.0
1991-06-04 00:00:00-04:00,4.656429290771484,4.676499991899855,4.616287528663534,4.656429290771484,142880,0.0,0.0
1991-06-05 00:00:00-04:00,4.656429290771484,4.676499991899855,4.636358589643113,4.656429290771484,166380,0.0,0.0
1991-06-06 00:00:00-04:00,4.676497936248779,4.676497936248779,4.636356551637011,4.676497936248779,165205,0.0,0.0
1991-06-07 00:00:00-04:00,4.636356854401457,4.636356854401457,4.596215107317293,4.616285800933838,303738,0.0,0.0
1991-06-10 00:00:00-04:00,4.616285800933838,4.636356854401457,4.596215107317293,4.616285800933838,92355,0.0,0.0
1991-06-11 00:00:00-04:00,4.656427243942895,4.676497936248779,4.636356551637011,4.676497936248779,383755,0.0,0.0
1991-06-12 00:00:00-04:00,4.676499991899855,4.676499991899855,4.636358589643113,4.656429290771484,252625,0.0,0.0
1991-06-13 00:00:00-04:00,4.651529936806898,4.671931266784668,4.631128241050015,4.671931266784668,758933,0.4,0.0
1991-06-14 00:00:00-04:00,4.671931266784668,4.712734292519322,4.671931266784668,4.671931266784668,481398,0.0,0.0
1991-06-17 00:00:00-04:00,4.712734292519322,4.712734292519322,4.671931266784668,4.671931266784668,76963,0.0,0.0
1991-06-18 00:00:00-04:00,4.692329561510191,4.692329561510191,4.651526927947998,4.651526927947998,124550,0.0,0.0
1991-06-19 00:00:00-04:00,4.631126247189166,4.651527934162413,4.569921917827333,4.610724925994873,145465,0.0,0.0
1991-06-20 00:00:00-04:00,4.610726911072244,4.671931266784668,4.590325581094473,4.671931266784668,234413,0.0,0.0
1991-06-21 00:00:00-04:00,4.651529936806898,4.692332596762439,4.651529936806898,4.671931266784668,201043,0.0,0.0
1991-06-24 00:00:00-04:00,4.712734292519322,4.712734292519322,4.651529936806898,4.671931266784668,153808,0.0,0.0
1991-06-25 00:00:00-04:00,4.671930464449927,4.692331790924072,4.651529137975781,4.692331790924072,106925,0.0,0.0
1991-06-26 00:00:00-04:00,4.671931266784668,4.733135622497092,4.651529936806898,4.671931266784668,186708,0.0,0.0
1991-06-27 00:00:00-04:00,4.671930464449927,4.712733483177267,4.671930464449927,4.692331790924072,270368,0.0,0.0
1991-06-28 00:00:00-04:00,4.671928244729095,4.671928244729095,4.610723928606928,4.651526927947998,276948,0.0,0.0
1991-07-01 00:00:00-04:00,4.651530481811324,4.733136177062988,4.651530481811324,4.733136177062988,213498,0.0,0.0
1991-07-02 00:00:00-04:00,4.7127338293192755,4.794339506988701,4.7127338293192755,4.773938179016113,123140,0.0,0.0
1991-07-03 00:00:00-04:00,4.692332596762439,4.712734292519322,4.671931266784668,4.671931266784668,127958,0.0,0.0
1991-07-05 00:00:00-04:00,4.631127445722586,4.692331790924072,4.610726119248441,4.692331790924072,91415,0.0,0.0
1991-07-08 00:00:00-04:00,4.651532880849684,4.7127372752995225,4.610729829290011,4.631131172180176,247338,0.0,0.0
1991-07-09 00:00:00-04:00,4.733135622497092,4.733135622497092,4.671931266784668,4.671931266784668,146523,0.0,0.0
1991-07-10 00:00:00-04:00,4.692329561510191,4.712731244070164,4.651526927947998,4.651526927947998,123845,0.0,0.0
1991-07-11 00:00:00-04:00,4.671931266784668,4.671931266784668,4.631128241050015,4.671931266784668,170140,0.0,0.0
1991-07-12 00:00:00-04:00,4.671930251867078,4.7331345942836345,4.6515289263212365,4.712733268737793,135008,0.0,0.0
1991-07-15 00:00:00-04:00,4.692331790924072,4.712733483177267,4.671930464449927,4.692331790924072,120673,0.0,0.0
1991-07-16 00:00:00-04:00,4.692331790924072,4.712733483177267,4.671930464449927,4.692331790924072,125725,0.0,0.0
1991-07-17 00:00:00-04:00,4.671934223739849,4.7127372752995225,4.631131172180176,4.631131172180176,194815,0.0,0.0
1991-07-18 00:00:00-04:00,4.651529936806898,4.692332596762439,4.631128241050015,4.671931266784668,133363,0.0,0.0
1991-07-19 00:00:00-04:00,4.712733268737793,4.7331345942836345,4.712733268737793,4.712733268737793,125725,0.0,0.0
1991-07-22 00:00:00-04:00,4.733136177062988,4.753537509431116,4.692333146547578,4.733136177062988,67210,0.0,0.0
1991-07-23 00:00:00-04:00,4.733135157291863,4.794339506988701,4.733135157291863,4.773938179016113,353323,0.0,0.0
1991-07-24 00:00:00-04:00,4.773940702260006,4.794342041015625,4.773940702260006,4.794342041015625,148638,0.0,0.0
1991-07-25 00:00:00-04:00,4.794342041015625,4.794342041015625,4.773940702260006,4.794342041015625,71910,0.0,0.0
1991-07-26 00:00:00-04:00,4.77393989454728,4.835144266238112,4.77393989454728,4.814742565155029,159918,0.0,0.0
1991-07-29 00:00:00-04:00,4.814741684426744,4.875946044921875,4.814741684426744,4.875946044921875,144760,0.0,0.0
1991-07-30 00:00:00-04:00,4.875946044921875,4.896347742273012,4.855544713349878,4.875946044921875,237938,0.0,0.0
1991-07-31 00:00:00-04:00,4.855544713349878,4.875946044921875,4.814741684426744,4.875946044921875,154278,0.0,0.0
1991-08-01 00:00:00-04:00,4.875947761817369,4.875947761817369,4.773940702260006,4.794342041015625,520408,0.0,0.0
1991-08-02 00:00:00-04:00,4.814742565155029,4.835144266238112,4.77393989454728,4.814742565155029,247690,0.0,0.0
1991-08-05 00:00:00-04:00,4.814743292478068,4.855546335028801,4.794341954092334,4.835144996643066,598310,0.0,0.0
1991-08-06 00:00:00-04:00,4.835141843615842,4.957550525665283,4.835141843615842,4.957550525665283,396093,0.0,0.0
1991-08-07 00:00:00-04:00,4.937152247080081,4.957553952041489,4.87594786375441,4.916750907897949,208915,0.0,0.0
1991-08-08 00:00:00-04:00,4.916750907897949,4.97795529122362,4.896349568715818,4.916750907897949,431108,0.0,0.0
1991-08-09 00:00:00-04:00,4.896347742273012,4.916749073845009,4.875946044921875,4.875946044921875,180950,0.0,0.0
1991-08-12 00:00:00-04:00,4.8555474281311035,4.8759487711096785,4.8351460851525285,4.8555474281311035,69678,0.0,0.0
1991-08-13 00:00:00-04:00,4.855544713349878,4.896347742273012,4.814741684426744,4.875946044921875,203158,0.0,0.0
1991-08-14 00:00:00-04:00,4.896347742273012,4.916749073845009,4.855544713349878,4.875946044921875,160740,0.0,0.0
1991-08-15 00:00:00-04:00,4.8555474281311035,4.896350479867599,4.8351460851525285,4.8555474281311035,183183,0.0,0.0
1991-08-16 00:00:00-04:00,4.855546335028801,4.855546335028801,4.794341954092334,4.835144996643066,144643,0.0,0.0
1991-08-19 00:00:00-04:00,4.733135157291863,4.814740834961288,4.733135157291863,4.773938179016113,194933,0.0,0.0
1991-08-20 00:00:00-04:00,4.794341229851154,4.855545601541987,4.77393989454728,4.814742565155029,126548,0.0,0.0
1991-08-21 00:00:00-04:00,4.855545723001316,4.9371514320373535,4.855545723001316,4.9371514320373535,182008,0.0,0.0
1991-08-22 00:00:00-04:00,4.957550828635361,4.998353481292725,4.937149136527632,4.998353481292725,383168,0.0,0.0
1991-08-23 00:00:00-04:00,4.957552972065042,5.018757343292236,4.957552972065042,5.018757343292236,309025,0.0,0.0
1991-08-26 00:00:00-04:00,5.018755173400454,5.018755173400454,4.977952154964043,4.998353481292725,226658,0.0,0.0
1991-08-27 00:00:00-04:00,4.977951850747182,4.998353175829081,4.9167475097224616,4.957550525665283,130895,0.0,0.0
1991-08-28 00:00:00-04:00,4.957550828635361,4.998353481292725,4.957550828635361,4.998353481292725,155335,0.0,0.0
1991-08-29 00:00:00-04:00,4.998355642363702,5.018757343292236,4.957552972065042,5.018757343292236,198928,0.0,0.0
1991-08-30 00:00:00-04:00,4.998353807978247,5.0187555014194025,4.957551152654077,4.977952480316162,248043,0.0,0.0
1991-09-03 00:00:00-04:00,4.998353807978247,5.0187555014194025,4.977952480316162,4.977952480316162,252625,0.0,0.0
1991-09-04 00:00:00-04:00,4.977951850747182,4.998353175829081,4.957550525665283,4.957550525665283,121848,0.0,0.0
1991-09-05 00:00:00-04:00,4.977954469444981,4.977954469444981,4.916750096223149,4.9371514320373535,125020,0.0,0.0
1991-09-06 00:00:00-04:00,4.937149459212923,4.998353807978247,4.896346803888753,4.977952480316162,411955,0.0,0.0
1991-09-09 00:00:00-04:00,4.977954307214373,5.039158678441566,4.977954307214373,5.018757343292236,81663,0.0,0.0
1991-09-10 00:00:00-04:00,5.059560013590895,5.059560013590895,4.998355642363702,5.018757343292236,240523,0.0,0.0
1991-09-11 00:00:00-04:00,4.998355642363702,5.018757343292236,4.998355642363702,5.018757343292236,45943,0.0,0.0
1991-09-12 00:00:00-04:00,5.018755173400454,5.018755173400454,4.998353481292725,4.998353481292725,366365,0.0,0.0
1991-09-13 00:00:00-04:00,5.034823850531655,5.034823850531655,4.951945825676841,4.993384838104248,673275,0.4,0.0
1991-09-16 00:00:00-04:00,4.97266383205327,5.034822143884447,4.97266383205327,5.014102458953857,619578,0.0,0.0
1991-09-17 00:00:00-04:00,5.014104158577741,5.034823850531655,4.993384838104248,4.993384838104248,97995,0.0,0.0
1991-09-18 00:00:00-04:00,5.0141004033671415,5.034820079803467,4.993381098410959,5.034820079803467,52875,0.0,0.0
1991-09-19 00:00:00-04:00,5.0555393847596495,5.0555393847596495,5.0141004033671415,5.034820079803467,119380,0.0,0.0
1991-09-20 00:00:00-04:00,5.0141008443841075,5.076259136199951,5.0141008443841075,5.076259136199951,337578,0.0,0.0
1991-09-23 00:00:00-04:00,5.055539829421395,5.096978814458683,5.055539829421395,5.076259136199951,117500,0.0,0.0
1991-09-24 00:00:00-04:00,5.096980111186106,5.1798577308654785,5.076260427656061,5.1798577308654785,286465,0.0,0.0
1991-09-25 00:00:00-04:00,5.179856046403123,5.200575351715088,5.159136741091158,5.200575351715088,151693,0.0,0.0
1991-09-26 00:00:00-04:00,5.2005770429152545,5.2005770429152545,5.1798577308654785,5.1798577308654785,426290,0.0,0.0
1991-09-27 00:00:00-04:00,5.200574421694897,5.221294094781706,5.11769684378791,5.159135818481445,214555,0.0,0.0
1991-09-30 00:00:00-04:00,5.1798566595619,5.283453941345215,5.159137351797314,5.283453941345215,210325,0.0,0.0
1991-10-01 00:00:00-04:00,5.2627368463712285,5.304175853729248,5.2627368463712285,5.304175853729248,309965,0.0,0.0
1991-10-02 00:00:00-04:00,5.304173249109801,5.345612236119165,5.2627342621004365,5.283453941345215,267195,0.0,0.0
1991-10-03 00:00:00-04:00,5.26273419243906,5.283453871409578,5.2212955774584,5.2420148849487305,87655,0.0,0.0
1991-10-04 00:00:00-04:00,5.2420149543358505,5.304173249109801,5.2212956465712645,5.283453941345215,146288,0.0,0.0
1991-10-07 00:00:00-04:00,5.28345469908852,5.3456130027771,5.2627350168721625,5.3456130027771,149460,0.0,0.0
1991-10-08 00:00:00-04:00,5.345614114779671,5.345614114779671,5.304175113207,5.324894428253174,417478,0.0,0.0
1991-10-09 00:00:00-04:00,5.304173249109801,5.324892556874387,5.2627342621004365,5.283453941345215,157803,0.0,0.0
1991-10-10 00:00:00-04:00,5.283456535790426,5.304175853729248,5.242017528432406,5.304175853729248,301270,0.0,0.0
1991-10-11 00:00:00-04:00,5.3041740098246315,5.3456130027771,5.28345469908852,5.3456130027771,159213,0.0,0.0
1991-10-14 00:00:00-04:00,5.324891066025095,5.38704934339613,5.324891066025095,5.366329669952393,134303,0.0,0.0
1991-10-15 00:00:00-04:00,5.366332801921389,5.428491115570068,5.366332801921389,5.428491115570068,226658,0.0,0.0
1991-10-16 00:00:00-04:00,5.4284911644964735,5.4284911644964735,5.387052536010742,5.387052536010742,163678,0.0,0.0
1991-10-17 00:00:00-04:00,5.387051624249322,5.387051624249322,5.3041740098246315,5.3456130027771,308320,0.0,0.0
1991-10-18 00:00:00-04:00,5.345610739468833,5.38704934339613,5.324891066025095,5.366329669952393,327590,0.0,0.0
1991-10-21 00:00:00-04:00,5.345614861087268,5.366333807545715,5.283456535790426,5.304175853729248,200925,0.0,0.0
1991-10-22 00:00:00-04:00,5.283453941345215,5.304173249109801,5.2627342621004365,5.283453941345215,228773,0.0,0.0
1991-10-23 00:00:00-04:00,5.304175853729248,5.324895171668071,5.2627368463712285,5.304175853729248,131600,0.0,0.0
1991-10-24 00:00:00-04:00,5.304175113207,5.345614114779671,5.26273611163433,5.324894428253174,87655,0.0,0.0
1991-10-25 00:00:00-04:00,5.3041740098246315,5.366331942032964,5.3041740098246315,5.3456130027771,60043,0.0,0.0
1991-10-28 00:00:00-05:00,5.345613859345569,5.449210801106499,5.324894173809139,5.428491115570068,258500,0.0,0.0
1991-10-29 00:00:00-05:00,5.449210850219648,5.449210850219648,5.366332850287567,5.387052536010742,267665,0.0,0.0
1991-10-30 00:00:00-05:00,5.3870494240749265,5.407768726348877,5.366329750320882,5.407768726348877,197753,0.0,0.0
1991-10-31 00:00:00-05:00,5.407771850253607,5.449210850219648,5.345613907525011,5.387052536010742,387633,0.0,0.0
1991-11-01 00:00:00-05:00,5.366332801921389,5.428491115570068,5.324894173809139,5.428491115570068,262848,0.0,0.0
1991-11-04 00:00:00-05:00,5.428488028622827,5.449207702376873,5.3870494240749265,5.407768726348877,161445,0.0,0.0
1991-11-05 00:00:00-05:00,5.407772059918193,5.407772059918193,5.324894428253174,5.324894428253174,151223,0.0,0.0
1991-11-06 00:00:00-05:00,5.345613907525011,5.387052536010742,5.324894221801836,5.387052536010742,150753,0.0,0.0
1991-11-07 00:00:00-05:00,5.428490698718919,5.4699296951293945,5.3870520737887215,5.4699296951293945,239818,0.0,0.0
1991-11-08 00:00:00-05:00,5.469930227916285,5.532088542846257,5.469930227916285,5.511369228363037,248160,0.0,0.0
1991-11-11 00:00:00-05:00,5.511368966226372,5.532088279724121,5.490649281248327,5.532088279724121,157450,0.0,0.0
1991-11-12 00:00:00-05:00,5.532090230381729,5.594248564272779,5.532090230381729,5.573529243469238,212440,0.0,0.0
1991-11-13 00:00:00-05:00,5.573527345602852,5.656404972076416,5.532088346625919,5.656404972076416,227245,0.0,0.0
1991-11-14 00:00:00-05:00,5.6356856583281,5.677124285824732,5.614965973099483,5.656404972076416,289990,0.0,0.0
1991-11-15 00:00:00-05:00,5.656406898163829,5.656406898163829,5.573529243469238,5.573529243469238,200455,0.0,0.0
1991-11-18 00:00:00-05:00,5.594244079823127,5.635683059692383,5.511366491564747,5.635683059692383,224308,0.0,0.0
1991-11-19 00:00:00-05:00,5.614965905195413,5.614965905195413,5.490649281248327,5.532088279724121,137240,0.0,0.0
1991-11-20 00:00:00-05:00,5.552809551185271,5.67712621896737,5.511370909578188,5.573529243469238,114798,0.0,0.0
1991-11-21 00:00:00-05:00,5.552809551185271,5.594248564272779,5.511370909578188,5.573529243469238,240405,0.0,0.0
1991-11-22 00:00:00-05:00,5.59424556101593,5.59424556101593,5.469928959972889,5.49064826965332,405375,0.0,0.0
1991-11-25 00:00:00-05:00,5.490648790220804,5.490648790220804,5.449210166931152,5.449210166931152,142293,0.0,0.0
1991-11-26 00:00:00-05:00,5.449210801106499,5.449210801106499,5.387052487457819,5.428491115570068,224425,0.0,0.0
1991-11-27 00:00:00-05:00,5.407771655777036,5.532088279724121,5.366332657301242,5.532088279724121,767275,0.0,0.0
1991-11-29 00:00:00-05:00,5.532085168218021,5.594243445230812,5.532085168218021,5.552804470062256,501020,0.0,0.0
1991-12-02 00:00:00-05:00,5.552808075148841,5.656405394589365,5.511369444556893,5.61496639251709,259793,0.0,0.0
1991-12-03 00:00:00-05:00,5.635683059692383,5.656402363886946,5.614963384017691,5.635683059692383,282940,0.0,0.0
1991-12-04 00:00:00-05:00,5.635683059692383,5.635683059692383,5.573524775628565,5.635683059692383,132893,0.0,0.0
1991-12-05 00:00:00-05:00,5.614963384017691,5.656402363886946,5.594244079823127,5.635683059692383,246398,0.0,0.0
1991-12-06 00:00:00-05:00,5.63568332648915,5.7392802238464355,5.63568332648915,5.7392802238464355,222310,0.0,0.0
1991-12-09 00:00:00-05:00,5.739283348615408,5.863599990312815,5.71856403215929,5.801441669464111,805345,0.0,0.0
1991-12-10 00:00:00-05:00,5.73928191427485,5.780720908311151,5.718562602996826,5.718562602996826,197518,0.0,0.0
1991-12-11 00:00:00-05:00,5.677120685577393,5.697840357666259,5.65640138496859,5.677120685577393,425820,0.0,0.0
1991-12-12 00:00:00-05:00,5.67208194732666,5.7561126877610675,5.6300663887850195,5.67208194732666,964205,0.4,0.0
1991-12-13 00:00:00-05:00,5.672080556199905,5.672080556199905,5.546034288137793,5.567041873931885,944348,0.0,0.0
1991-12-16 00:00:00-05:00,5.588052286938192,5.609059881944875,5.504021153613565,5.546036720275879,138768,0.0,0.0
1991-12-17 00:00:00-05:00,5.504018831872666,5.525026794666581,5.483011245727539,5.483011245727539,555305,0.0,0.0
1991-12-18 00:00:00-05:00,5.48301273023006,5.48301273023006,5.440997169915483,5.462005138397217,227480,0.0,0.0
1991-12-19 00:00:00-05:00,5.440997169915483,5.504020322062904,5.41998995473153,5.462005138397217,394330,0.0,0.0
1991-12-20 00:00:00-05:00,5.5460361782911916,5.630066926754992,5.4830130227811145,5.6090593338012695,588910,0.0,0.0
1991-12-23 00:00:00-05:00,5.630068203157887,5.756114542754235,5.609060605441494,5.735106945037842,264023,0.0,0.0
1991-12-24 00:00:00-05:00,5.735106945037842,5.777122517119623,5.735106945037842,5.735106945037842,184475,0.0,0.0
1991-12-26 00:00:00-05:00,5.7351021344129,5.777117671251893,5.714094554317743,5.756109714508057,78490,0.0,0.0
1991-12-27 00:00:00-05:00,5.7981272237772465,5.7981272237772465,5.735104085403632,5.7771196365356445,68973,0.0,0.0
1991-12-30 00:00:00-05:00,5.798129543144906,5.861152706729045,5.798129543144906,5.840145111083984,193640,0.0,0.0
1991-12-31 00:00:00-05:00,5.798129543144906,5.840145111083984,5.714098783915707,5.840145111083984,219608,0.0,0.0
1992-01-02 00:00:00-05:00,5.840145111083984,5.882160302374104,5.819137138789967,5.840145111083984,275420,0.0,0.0
1992-01-03 00:00:00-05:00,5.8401440417706,5.924174785614014,5.798128481524448,5.924174785614014,250158,0.0,0.0
1992-01-06 00:00:00-05:00,5.9031672015683725,5.924174793394594,5.86115164126704,5.882159233093262,164970,0.0,0.0
1992-01-07 00:00:00-05:00,5.86115164126704,5.882159233093262,5.86115164126704,5.882159233093262,300565,0.0,0.0
1992-01-08 00:00:00-05:00,5.840145111083984,5.861152706729045,5.819137138789967,5.840145111083984,229478,0.0,0.0
1992-01-09 00:00:00-05:00,5.840142774909259,5.840142774909259,5.7771196365356445,5.7771196365356445,300448,0.0,0.0
1992-01-10 00:00:00-05:00,5.756113116184407,5.777121085343272,5.672082369495652,5.693089962005615,243813,0.0,0.0
1992-01-13 00:00:00-05:00,5.69309008226507,5.714098051867702,5.6090593338012695,5.6090593338012695,339223,0.0,0.0
1992-01-14 00:00:00-05:00,5.609058797838636,5.6930895382730435,5.609058797838636,5.67208194732666,398208,0.0,0.0
1992-01-15 00:00:00-05:00,5.672083436457991,5.735106602491923,5.6090602704240595,5.651075839996338,246750,0.0,0.0
1992-01-16 00:00:00-05:00,5.630065591593291,5.651073556213916,5.504019310464824,5.525027275085449,204333,0.0,0.0
1992-01-17 00:00:00-05:00,5.462006208283475,5.462006208283475,5.398983043791209,5.4199910163879395,372945,0.0,0.0
1992-01-20 00:00:00-05:00,5.440997169915483,5.48301273023006,5.41998995473153,5.462005138397217,319483,0.0,0.0
1992-01-21 00:00:00-05:00,5.462005504436609,5.504020690917969,5.440997534547015,5.504020690917969,136770,0.0,0.0
1992-01-22 00:00:00-05:00,5.504018231048279,5.630064487457275,5.4830106471963616,5.630064487457275,205390,0.0,0.0
1992-01-23 00:00:00-05:00,5.630065591593291,5.630065591593291,5.48301172249302,5.525027275085449,192230,0.0,0.0
1992-01-24 00:00:00-05:00,5.525028585337469,5.630066926754992,5.525028585337469,5.6090593338012695,224543,0.0,0.0
1992-01-27 00:00:00-05:00,5.588051740847547,5.651074896357625,5.588051740847547,5.6090593338012695,270015,0.0,0.0
1992-01-28 00:00:00-05:00,5.567041873931885,5.588049836374758,5.546034288137793,5.567041873931885,179305,0.0,0.0
1992-01-29 00:00:00-05:00,5.58804992975075,5.58804992975075,5.462003659582412,5.483011245727539,408078,0.0,0.0
1992-01-30 00:00:00-05:00,5.462003655986873,5.504018828249468,5.440995693206787,5.440995693206787,213615,0.0,0.0
1992-01-31 00:00:00-05:00,5.440995693206787,5.483011242118171,5.440995693206787,5.440995693206787,215143,0.0,0.0
1992-02-03 00:00:00-05:00,5.440997287048143,5.440997287048143,5.35696691790778,5.377974510192871,156158,0.0,0.0
1992-02-04 00:00:00-05:00,5.377974091591852,5.398981682241793,5.314950942993164,5.314950942993164,277653,0.0,0.0
1992-02-05 00:00:00-05:00,5.335959366436986,5.4409977127291,5.272936208002148,5.398982524871826,315723,0.0,0.0
1992-02-06 00:00:00-05:00,5.377972934812893,5.440995693206787,5.377972934812893,5.440995693206787,178600,0.0,0.0
1992-02-07 00:00:00-05:00,5.419989111554402,5.46200428868387,5.314950415433069,5.335958003997803,267430,0.0,0.0
1992-02-10 00:00:00-05:00,5.335959879298943,5.4199910163879395,5.335959879298943,5.4199910163879395,211735,0.0,0.0
1992-02-11 00:00:00-05:00,5.398980524498243,5.483011245727539,5.398980524498243,5.483011245727539,156745,0.0,0.0
1992-02-12 00:00:00-05:00,5.483011245727539,5.504018831872666,5.440995696788497,5.483011245727539,153338,0.0,0.0
1992-02-13 00:00:00-05:00,5.462005138397217,5.504020322062904,5.440997169915483,5.462005138397217,379290,0.0,0.0
1992-02-14 00:00:00-05:00,5.4409982356867435,5.4409982356867435,5.398983043791209,5.4199910163879395,154160,0.0,0.0
1992-02-18 00:00:00-05:00,5.39897975446308,5.39897975446308,5.356964588165283,5.356964588165283,251333,0.0,0.0
1992-02-19 00:00:00-05:00,5.377974097127976,5.377974097127976,5.251927799800846,5.272935390472412,231358,0.0,0.0
1992-02-20 00:00:00-05:00,5.293942826868334,5.335958003997803,5.293942826868334,5.335958003997803,141705,0.0,0.0
1992-02-21 00:00:00-05:00,5.314950036809726,5.335957623877934,5.251926898956299,5.251926898956299,227480,0.0,0.0
1992-02-24 00:00:00-05:00,5.209912236445727,5.314950942993164,5.1889046457957875,5.314950942993164,229478,0.0,0.0
1992-02-25 00:00:00-05:00,5.314950942993164,5.335958533643105,5.272935385044415,5.314950942993164,154748,0.0,0.0
1992-02-26 00:00:00-05:00,5.314949045218753,5.356964588165283,5.293941462069854,5.356964588165283,180480,0.0,0.0
1992-02-27 00:00:00-05:00,5.335958003997803,5.356965969211369,5.314950415433069,5.335958003997803,210090,0.0,0.0
1992-02-28 00:00:00-05:00,5.335958003997803,5.356965969211369,5.314950415433069,5.335958003997803,144525,0.0,0.0
1992-03-02 00:00:00-05:00,5.356964588165283,5.39897975446308,5.335956628367651,5.356964588165283,99288,0.0,0.0
1992-03-03 00:00:00-05:00,5.335958003997803,5.356965969211369,5.314950415433069,5.335958003997803,227480,0.0,0.0
1992-03-04 00:00:00-05:00,5.356969449461477,5.356969449461477,5.272938287312545,5.293946266174316,246163,0.0,0.0
1992-03-05 00:00:00-05:00,5.293940569232277,5.314948148838189,5.230917453765869,5.230917453765869,236058,0.0,0.0
1992-03-06 00:00:00-05:00,5.209914684295654,5.230922661464946,5.188907083775408,5.209914684295654,310788,0.0,0.0
1992-03-09 00:00:00-05:00,5.209914684295654,5.230922661464946,5.167899483255162,5.209914684295654,160505,0.0,0.0
1992-03-10 00:00:00-05:00,5.230920209129281,5.3149509484644115,5.230920209129281,5.272935390472412,570933,0.0,0.0
1992-03-11 00:00:00-05:00,5.251925981766582,5.272933565166052,5.1678952715199635,5.188902854919434,225248,0.0,0.0
1992-03-12 00:00:00-05:00,5.209914684295654,5.209914684295654,5.167899483255162,5.209914684295654,200220,0.0,0.0
1992-03-13 00:00:00-05:00,5.209059152993796,5.209059152993796,5.1663618087768555,5.1663618087768555,146875,0.421277,0.0
1992-03-16 00:00:00-05:00,5.209058849524186,5.251756191253662,5.18771037003981,5.251756191253662,666343,0.0,0.0
1992-03-17 00:00:00-05:00,5.251756658146043,5.315802485053705,5.251756658146043,5.2944536209106445,640140,0.0,0.0
1992-03-18 00:00:00-05:00,5.294453150222413,5.315802012467514,5.230407329008561,5.251756191253662,334523,0.0,0.0
1992-03-19 00:00:00-05:00,5.2517527483960595,5.273101213885159,5.209055434657385,5.230403900146484,251450,0.0,0.0
1992-03-20 00:00:00-05:00,5.230404597435904,5.315799236297607,5.230404597435904,5.315799236297607,692310,0.0,0.0
1992-03-23 00:00:00-05:00,5.315799605877155,5.315799605877155,5.2517538136583735,5.273102283477783,160505,0.0,0.0
1992-03-24 00:00:00-05:00,5.315802485053705,5.315802485053705,5.273105139528344,5.2944536209106445,108100,0.0,0.0
1992-03-25 00:00:00-05:00,5.273102168229897,5.273102168229897,5.209056377410889,5.209056377410889,154630,0.0,0.0
1992-03-26 00:00:00-05:00,5.230406281933701,5.273103615115599,5.187709331512451,5.187709331512451,172373,0.0,0.0
1992-03-27 00:00:00-05:00,5.187707908058067,5.251753698877075,5.187707908058067,5.209056377410889,113975,0.0,0.0
1992-03-30 00:00:00-05:00,5.209058849524186,5.273104670738038,5.209058849524186,5.251756191253662,103988,0.0,0.0
1992-03-31 00:00:00-05:00,5.2517538136583735,5.294450753297192,5.230404961078412,5.273102283477783,150283,0.0,0.0
1992-04-01 00:00:00-05:00,5.273101916866756,5.337147704632771,5.251753448531593,5.315799236297607,262025,0.0,0.0
1992-04-02 00:00:00-05:00,5.315799236297607,5.358496172967933,5.294450385201919,5.315799236297607,103518,0.0,0.0
1992-04-03 00:00:00-05:00,5.29445134343421,5.358497142791748,5.29445134343421,5.358497142791748,170493,0.0,0.0
1992-04-06 00:00:00-04:00,5.337149620056152,5.358498096052965,5.31580114405934,5.337149620056152,289050,0.0,0.0
1992-04-07 00:00:00-04:00,5.315802012467514,5.315802012467514,5.16636150779471,5.251756191253662,241698,0.0,0.0
1992-04-08 00:00:00-04:00,5.251756191253662,5.273104670738038,5.209058849524186,5.251756191253662,559065,0.0,0.0
1992-04-09 00:00:00-04:00,5.273101916866756,5.358496172967933,5.251753448531593,5.315799236297607,291988,0.0,0.0
1992-04-10 00:00:00-04:00,5.358496777035537,5.443891425523846,5.358496777035537,5.422542572021484,213145,0.0,0.0
1992-04-13 00:00:00-04:00,5.443891900417554,5.443891900417554,5.37984609984462,5.4011945724487305,230888,0.0,0.0
1992-04-14 00:00:00-04:00,5.379845729109139,5.443891525268555,5.379845729109139,5.443891525268555,274245,0.0,0.0
1992-04-15 00:00:00-04:00,5.465241523513295,5.550635814666748,5.465241523513295,5.550635814666748,170845,0.0,0.0
1992-04-16 00:00:00-04:00,5.571984383076864,5.614681720733643,5.550635905628819,5.614681720733643,247808,0.0,0.0
1992-04-20 00:00:00-04:00,5.5506362864978955,5.5933332443237305,5.5506362864978955,5.5933332443237305,222663,0.0,0.0
1992-04-21 00:00:00-04:00,5.571984383076864,5.614681720733643,5.571984383076864,5.614681720733643,204685,0.0,0.0
1992-04-22 00:00:00-04:00,5.593333805944129,5.636031150817871,5.593333805944129,5.636031150817871,263905,0.0,0.0
1992-04-23 00:00:00-04:00,5.636030288459831,5.678727626800537,5.6146818106698255,5.678727626800537,190703,0.0,0.0
1992-04-24 00:00:00-04:00,5.678725257667488,5.742771047078647,5.678725257667488,5.72142219543457,289285,0.0,0.0
1992-04-27 00:00:00-04:00,5.721424582380548,5.721424582380548,5.636030288459831,5.678727626800537,154865,0.0,0.0
1992-04-28 00:00:00-04:00,5.700076663701641,5.764122486114502,5.678728183817599,5.764122486114502,248748,0.0,0.0
1992-04-29 00:00:00-04:00,5.72142219543457,5.742771047078647,5.678725257667488,5.72142219543457,167555,0.0,0.0
1992-04-30 00:00:00-04:00,5.721426083267046,5.7854719161987305,5.7000775998767494,5.7854719161987305,598193,0.0,0.0
1992-05-01 00:00:00-04:00,5.764122486114502,5.806819828643319,5.7427740062304595,5.764122486114502,350855,0.0,0.0
1992-05-04 00:00:00-04:00,5.764123432808434,5.7854719161987305,5.742774949418138,5.7854719161987305,166380,0.0,0.0
1992-05-05 00:00:00-04:00,5.7854719161987305,5.7854719161987305,5.742774949418138,5.7854719161987305,528280,0.0,0.0
1992-05-06 00:00:00-04:00,5.7854682023020265,5.828165524434493,5.764119732616068,5.806817054748535,401145,0.0,0.0
1992-05-07 00:00:00-04:00,5.806817054748535,5.806817054748535,5.7854682023020265,5.806817054748535,243930,0.0,0.0
1992-05-08 00:00:00-04:00,5.806817054748535,5.806817054748535,5.7854682023020265,5.806817054748535,90475,0.0,0.0
1992-05-11 00:00:00-04:00,5.806820862171954,5.828169345855713,5.785471995727395,5.828169345855713,136418,0.0,0.0
1992-05-12 00:00:00-04:00,5.828165524434493,5.828165524434493,5.7854682023020265,5.806817054748535,167438,0.0,0.0
1992-05-13 00:00:00-04:00,5.828165524434493,5.828165524434493,5.7854682023020265,5.806817054748535,147228,0.0,0.0
1992-05-14 00:00:00-04:00,5.806820314311241,5.806820314311241,5.721425622111407,5.742774486541748,190115,0.0,0.0
1992-05-15 00:00:00-04:00,5.742773921949801,5.764122401520535,5.6787281004768735,5.700076580047607,271778,0.0,0.0
1992-05-18 00:00:00-04:00,5.72142219543457,5.72142219543457,5.700073726551029,5.72142219543457,83425,0.0,0.0
1992-05-19 00:00:00-04:00,5.721422890032494,5.849514484405518,5.700074418557185,5.849514484405518,337578,0.0,0.0
1992-05-20 00:00:00-04:00,5.849516788411404,5.849516788411404,5.7427740062304595,5.764122486114502,654123,0.0,0.0
1992-05-21 00:00:00-04:00,5.764122968211324,5.764122968211324,5.700077140441831,5.742774486541748,137240,0.0,0.0
1992-05-22 00:00:00-04:00,5.742773921949801,5.785470881091268,5.700076580047607,5.700076580047607,226775,0.0,0.0
1992-05-26 00:00:00-04:00,5.657379063823198,5.657379063823198,5.5933332443237305,5.5933332443237305,235353,0.0,0.0
1992-05-27 00:00:00-04:00,5.5933318108439956,5.614680667046264,5.571983337402344,5.571983337402344,600543,0.0,0.0
1992-05-28 00:00:00-04:00,5.593333805944129,5.657379631874366,5.571985324887634,5.636031150817871,352148,0.0,0.0
1992-05-29 00:00:00-04:00,5.636030198181687,5.70007601328651,5.593332860524908,5.614681720733643,326180,0.0,0.0
1992-06-01 00:00:00-04:00,5.614682105997363,5.636030584910281,5.5933332443237305,5.5933332443237305,289990,0.0,0.0
1992-06-02 00:00:00-04:00,5.593334619517897,5.614683486440427,5.486591815948486,5.486591815948486,712873,0.0,0.0
1992-06-03 00:00:00-04:00,5.507938861846924,5.529286956189768,5.486590001982712,5.507938861846924,503488,0.0,0.0
1992-06-04 00:00:00-04:00,5.507938768433544,5.507938768433544,5.42254409594634,5.465241432189941,328413,0.0,0.0
1992-06-05 00:00:00-04:00,5.44389276556154,5.44389276556154,5.337149620056152,5.337149620056152,551780,0.0,0.0
1992-06-08 00:00:00-04:00,5.358497244479907,5.4011945724487305,5.294451443906974,5.4011945724487305,524403,0.0,0.0
1992-06-09 00:00:00-04:00,5.37984695481044,5.4011954308072525,5.337149620056152,5.337149620056152,472468,0.0,0.0
1992-06-10 00:00:00-04:00,5.358497142791748,5.4438917971088605,5.337148670592767,5.358497142791748,887948,0.0,0.0
1992-06-11 00:00:00-04:00,5.358496777035537,5.422542572021484,5.337148306293743,5.422542572021484,397385,0.0,0.0
1992-06-12 00:00:00-04:00,5.465050217308254,5.465050217308254,5.399990081787109,5.399990081787109,621340,0.421277,0.0
1992-06-15 00:00:00-04:00,5.356617880559072,5.44336462020874,5.356617880559072,5.44336462020874,665403,0.0,0.0
1992-06-16 00:00:00-04:00,5.421674728393555,5.443361302883932,5.378301190590309,5.421674728393555,147463,0.0,0.0
1992-06-17 00:00:00-04:00,5.378303110731641,5.399990081787109,5.334929946265965,5.399990081787109,171550,0.0,0.0
1992-06-18 00:00:00-04:00,5.378302564367218,5.3999895332195775,5.291555855425554,5.313242435455322,512183,0.0,0.0
1992-06-19 00:00:00-04:00,5.291558281663958,5.33493185043335,5.291558281663958,5.33493185043335,158625,0.0,0.0
1992-06-22 00:00:00-04:00,5.33493185043335,5.33493185043335,5.291558281663958,5.33493185043335,120203,0.0,0.0
1992-06-23 00:00:00-04:00,5.356614616099932,5.421674728393555,5.3349280416095555,5.421674728393555,295395,0.0,0.0
1992-06-24 00:00:00-04:00,5.4216780325020055,5.44336462020874,5.399991444795271,5.44336462020874,189528,0.0,0.0
1992-06-25 00:00:00-04:00,5.443361302883932,5.4650482661968,5.399988153903178,5.421674728393555,108100,0.0,0.0
1992-06-26 00:00:00-04:00,5.421677084484061,5.421677084484061,5.356616943917347,5.378303527832031,82720,0.0,0.0
1992-06-29 00:00:00-04:00,5.378301190590309,5.421674728393555,5.378301190590309,5.421674728393555,92238,0.0,0.0
1992-06-30 00:00:00-04:00,5.421674728393555,5.421674728393555,5.378301190590309,5.421674728393555,194698,0.0,0.0
1992-07-01 00:00:00-04:00,5.421675721070499,5.486735845276248,5.399989142609437,5.4650492668151855,240758,0.0,0.0
1992-07-02 00:00:00-04:00,5.486736306633426,5.573483016594412,5.486736306633426,5.5517964363098145,317603,0.0,0.0
1992-07-06 00:00:00-04:00,5.551797358274929,5.638544082641602,5.508423801680263,5.638544082641602,299273,0.0,0.0
1992-07-07 00:00:00-04:00,5.616858047351425,5.7036051750183105,5.616858047351425,5.7036051750183105,421120,0.0,0.0
1992-07-08 00:00:00-04:00,5.6819181986902265,5.7252917625236694,5.660231611184868,5.7036051750183105,297275,0.0,0.0
1992-07-09 00:00:00-04:00,5.703604641689108,5.725291227166611,5.681917667388916,5.681917667388916,363428,0.0,0.0
1992-07-10 00:00:00-04:00,5.7036051750183105,5.7252917625236694,5.660231611184868,5.7036051750183105,255445,0.0,0.0
1992-07-13 00:00:00-04:00,5.6819181986902265,5.7036051750183105,5.6819181986902265,5.7036051750183105,181890,0.0,0.0
1992-07-14 00:00:00-04:00,5.6819181986902265,5.7252917625236694,5.6819181986902265,5.7036051750183105,158743,0.0,0.0
1992-07-15 00:00:00-04:00,5.681917667388916,5.703604641689108,5.660231081911413,5.681917667388916,203275,0.0,0.0
1992-07-16 00:00:00-04:00,5.7036051750183105,5.7036051750183105,5.660231611184868,5.7036051750183105,172843,0.0,0.0
1992-07-17 00:00:00-04:00,5.7252917625236694,5.7252917625236694,5.6819181986902265,5.7036051750183105,161328,0.0,0.0
1992-07-20 00:00:00-04:00,5.66023063659668,5.681917220368005,5.638544052825353,5.66023063659668,149695,0.0,0.0
1992-07-21 00:00:00-04:00,5.660230727085518,5.660230727085518,5.595170974731445,5.595170974731445,181890,0.0,0.0
1992-07-22 00:00:00-04:00,5.595168957025752,5.616855144500732,5.595168957025752,5.616855144500732,164500,0.0,0.0
1992-07-23 00:00:00-04:00,5.616855144500732,5.616855144500732,5.595168957025752,5.616855144500732,98348,0.0,0.0
1992-07-24 00:00:00-04:00,5.595170914869596,5.638544082641602,5.595170914869596,5.638544082641602,107160,0.0,0.0
1992-07-27 00:00:00-04:00,5.616857522133719,5.703604641689108,5.616857522133719,5.681917667388916,171198,0.0,0.0
1992-07-28 00:00:00-04:00,5.7036051750183105,5.7036051750183105,5.638545023679509,5.7036051750183105,430050,0.0,0.0
1992-07-29 00:00:00-04:00,5.725291728973389,5.790351879930937,5.725291728973389,5.725291728973389,530630,0.0,0.0
1992-07-30 00:00:00-04:00,5.725291728973389,5.725291728973389,5.703605141595113,5.725291728973389,194345,0.0,0.0
1992-07-31 00:00:00-04:00,5.725291220638534,5.746977806091309,5.703604635185758,5.746977806091309,161210,0.0,0.0
1992-08-03 00:00:00-04:00,5.725291220638534,5.746977806091309,5.703604635185758,5.746977806091309,133598,0.0,0.0
1992-08-04 00:00:00-04:00,5.746977806091309,5.746977806091309,5.725291220638534,5.746977806091309,118440,0.0,0.0
1992-08-05 00:00:00-04:00,5.725291728973389,5.7469783163516635,5.703605141595113,5.725291728973389,178365,0.0,0.0
1992-08-06 00:00:00-04:00,5.725291728973389,5.725291728973389,5.703605141595113,5.725291728973389,189175,0.0,0.0
1992-08-07 00:00:00-04:00,5.703605141595113,5.7469783163516635,5.703605141595113,5.725291728973389,150635,0.0,0.0
1992-08-10 00:00:00-04:00,5.703605141595113,5.725291728973389,5.681918165394115,5.725291728973389,440390,0.0,0.0
1992-08-11 00:00:00-04:00,5.703606105443005,5.7686662673950195,5.703606105443005,5.7686662673950195,442975,0.0,0.0
1992-08-12 00:00:00-04:00,5.7686662673950195,5.812039449481169,5.746979287529156,5.7686662673950195,150870,0.0,0.0
1992-08-13 00:00:00-04:00,5.790351365819548,5.790351365819548,5.725291220638534,5.746977806091309,97643,0.0,0.0
1992-08-14 00:00:00-04:00,5.768664805292144,5.790351390838623,5.746977830922975,5.790351390838623,133715,0.0,0.0
1992-08-17 00:00:00-04:00,5.790352858438094,5.812039449481169,5.746979287529156,5.7686662673950195,118440,0.0,0.0
1992-08-18 00:00:00-04:00,5.746977328185781,5.812037467956543,5.746977328185781,5.812037467956543,255798,0.0,0.0
1992-08-19 00:00:00-04:00,5.812034200608394,5.833721160888672,5.790347629150554,5.833721160888672,71088,0.0,0.0
1992-08-20 00:00:00-04:00,5.812039449481169,5.833726429347033,5.746979287529156,5.7686662673950195,190585,0.0,0.0
1992-08-21 00:00:00-04:00,5.7686662673950195,5.790352858438094,5.72529269648608,5.7686662673950195,200808,0.0,0.0
1992-08-24 00:00:00-04:00,5.746978350029028,5.746978350029028,5.6819181986902265,5.7036051750183105,263788,0.0,0.0
1992-08-25 00:00:00-04:00,5.6819181986902265,5.7036051750183105,5.616858047351425,5.7036051750183105,404670,0.0,0.0
1992-08-26 00:00:00-04:00,5.725291220638534,5.746977806091309,5.681917660910294,5.746977806091309,80370,0.0,0.0
1992-08-27 00:00:00-04:00,5.746977806091309,5.746977806091309,5.703604635185758,5.746977806091309,183535,0.0,0.0
1992-08-28 00:00:00-04:00,5.746977806091309,5.746977806091309,5.725291220638534,5.746977806091309,82133,0.0,0.0
1992-08-31 00:00:00-04:00,5.725291220638534,5.746977806091309,5.703604635185758,5.746977806091309,339340,0.0,0.0
1992-09-01 00:00:00-04:00,5.725291728973389,5.725291728973389,5.703605141595113,5.725291728973389,106103,0.0,0.0
1992-09-02 00:00:00-04:00,5.725291728973389,5.725291728973389,5.703605141595113,5.725291728973389,95175,0.0,0.0
1992-09-03 00:00:00-04:00,5.725291728973389,5.725291728973389,5.703605141595113,5.725291728973389,194463,0.0,0.0
1992-09-04 00:00:00-04:00,5.725291728973389,5.7469783163516635,5.703605141595113,5.725291728973389,285173,0.0,0.0
1992-09-08 00:00:00-04:00,5.703605141595113,5.725291728973389,5.703605141595113,5.725291728973389,372828,0.0,0.0
1992-09-09 00:00:00-04:00,5.7252917625236694,5.746978350029028,5.7036051750183105,5.7036051750183105,327590,0.0,0.0
1992-09-10 00:00:00-04:00,5.725291220638534,5.768664780366772,5.725291220638534,5.746977806091309,246750,0.0,0.0
1992-09-11 00:00:00-04:00,5.7252917625236694,5.7252917625236694,5.6819181986902265,5.7036051750183105,284938,0.0,0.0
1992-09-14 00:00:00-04:00,5.703604641689108,5.703604641689108,5.573484351178713,5.681917667388916,668928,0.0,0.0
1992-09-15 00:00:00-04:00,5.636998139466078,5.636998139466078,5.526900362255596,5.548920154571533,1073833,0.421277,0.0
1992-09-16 00:00:00-04:00,5.504882319011048,5.548921519687477,5.4828629160677504,5.526901721954346,862685,0.0,0.0
1992-09-17 00:00:00-04:00,5.526901721954346,5.548921519687477,5.4828629160677504,5.526901721954346,327825,0.0,0.0
1992-09-18 00:00:00-04:00,5.526900853230236,5.659018039703369,5.526900853230236,5.659018039703369,456840,0.0,0.0
1992-09-21 00:00:00-04:00,5.681037306484971,5.681037306484971,5.592958927154541,5.592958927154541,158155,0.0,0.0
1992-09-22 00:00:00-04:00,5.614977769403097,5.614977769403097,5.5048800112619904,5.570938587188721,337343,0.0,0.0
1992-09-23 00:00:00-04:00,5.570939552097736,5.570939552097736,5.526900362255596,5.548920154571533,226188,0.0,0.0
1992-09-24 00:00:00-04:00,5.526897125972012,5.6369948387146,5.526897125972012,5.6369948387146,285408,0.0,0.0
1992-09-25 00:00:00-04:00,5.636996751877695,5.636996751877695,5.570938180770158,5.6149773597717285,239583,0.0,0.0
1992-09-28 00:00:00-04:00,5.570940046984537,5.659018039703369,5.570940046984537,5.659018039703369,200338,0.0,0.0
1992-09-29 00:00:00-04:00,5.659019533259895,5.681039333343506,5.637000127966159,5.681039333343506,99405,0.0,0.0
1992-09-30 00:00:00-04:00,5.681037332699608,5.725076127778301,5.659017540370525,5.703056335449219,106808,0.0,0.0
1992-10-01 00:00:00-04:00,5.703058343847366,5.703058343847366,5.637000127966159,5.681039333343506,235588,0.0,0.0
1992-10-02 00:00:00-04:00,5.681037833975405,5.681037833975405,5.636998640221104,5.659018039703369,115620,0.0,0.0
1992-10-05 00:00:00-04:00,5.659016143983661,5.659016143983661,5.570938180770158,5.6149773597717285,197165,0.0,0.0
1992-10-06 00:00:00-04:00,5.636997163115452,5.636997163115452,5.5048800112619904,5.570938587188721,338048,0.0,0.0
1992-10-07 00:00:00-04:00,5.570939552097736,5.592958949623937,5.526900362255596,5.548920154571533,446265,0.0,0.0
1992-10-08 00:00:00-04:00,5.592958927154541,5.636998116819756,5.5709395297168,5.592958927154541,634735,0.0,0.0
1992-10-09 00:00:00-04:00,5.592958949623937,5.592958949623937,5.526900362255596,5.548920154571533,185415,0.0,0.0
1992-10-12 00:00:00-04:00,5.526899001768587,5.6149773597717285,5.526899001768587,5.6149773597717285,196343,0.0,0.0
1992-10-13 00:00:00-04:00,5.614978719382015,5.636998116819756,5.5709395297168,5.592958927154541,285878,0.0,0.0
1992-10-14 00:00:00-04:00,5.592957980901075,5.614977769403097,5.548919193476366,5.570938587188721,243578,0.0,0.0
1992-10-15 00:00:00-04:00,5.570940922630775,5.570940922630775,5.4828629160677504,5.526901721954346,482103,0.0,0.0
1992-10-16 00:00:00-04:00,5.526899404974345,5.570938587188721,5.5048800112619904,5.570938587188721,265080,0.0,0.0
1992-10-19 00:00:00-04:00,5.570938180770158,5.6149773597717285,5.548918788664192,5.6149773597717285,173900,0.0,0.0
1992-10-20 00:00:00-04:00,5.614977769403097,5.614977769403097,5.548919193476366,5.570938587188721,341338,0.0,0.0
1992-10-21 00:00:00-04:00,5.570940922630775,5.570940922630775,5.504882319011048,5.526901721954346,149930,0.0,0.0
1992-10-22 00:00:00-04:00,5.526903678194045,5.526903678194045,5.460845051192962,5.482864856719971,225600,0.0,0.0
1992-10-23 00:00:00-04:00,5.482860083074014,5.52689886620577,5.482860083074014,5.504879474639893,130660,0.0,0.0
1992-10-26 00:00:00-05:00,5.4828629160677504,5.526901721954346,5.46084311833462,5.526901721954346,136300,0.0,0.0
1992-10-27 00:00:00-05:00,5.504882319011048,5.548921519687477,5.504882319011048,5.526901721954346,151928,0.0,0.0
1992-10-28 00:00:00-05:00,5.526900362255596,5.570939552097736,5.504880964729393,5.548920154571533,128075,0.0,0.0
1992-10-29 00:00:00-05:00,5.570938180770158,5.6149773597717285,5.548918788664192,5.6149773597717285,284820,0.0,0.0
1992-10-30 00:00:00-05:00,5.6149773597717285,5.636996751877695,5.592957572876124,5.6149773597717285,144290,0.0,0.0
1992-11-02 00:00:00-05:00,5.614975454081884,5.6369948387146,5.592955674659664,5.6369948387146,144878,0.0,0.0
1992-11-03 00:00:00-05:00,5.636998116819756,5.636998116819756,5.592958927154541,5.592958927154541,292105,0.0,0.0
1992-11-04 00:00:00-05:00,5.570939552097736,5.592958949623937,5.526900362255596,5.548920154571533,147815,0.0,0.0
1992-11-05 00:00:00-05:00,5.526900362255596,5.548920154571533,5.504880964729393,5.548920154571533,185415,0.0,0.0
1992-11-06 00:00:00-05:00,5.548919193476366,5.570938587188721,5.526899404974345,5.570938587188721,146758,0.0,0.0
1992-11-09 00:00:00-05:00,5.570940922630775,5.570940922630775,5.526901721954346,5.526901721954346,255680,0.0,0.0
1992-11-10 00:00:00-05:00,5.548920154571533,5.548920154571533,5.504880964729393,5.548920154571533,112448,0.0,0.0
1992-11-11 00:00:00-05:00,5.548918788664192,5.6149773597717285,5.526899001768587,5.6149773597717285,128545,0.0,0.0
1992-11-12 00:00:00-05:00,5.614975454081884,5.659014223347316,5.592955674659664,5.6369948387146,198810,0.0,0.0
1992-11-13 00:00:00-05:00,5.614978719382015,5.636998116819756,5.5709395297168,5.592958927154541,121613,0.0,0.0
1992-11-16 00:00:00-05:00,5.54892013227906,5.592958927154541,5.54892013227906,5.592958927154541,202805,0.0,0.0
1992-11-17 00:00:00-05:00,5.592957572876124,5.6149773597717285,5.570938180770158,5.6149773597717285,268840,0.0,0.0
1992-11-18 00:00:00-05:00,5.592958952962748,5.703056335449219,5.592958952962748,5.703056335449219,190115,0.0,0.0
1992-11-19 00:00:00-05:00,5.68103787612378,5.725076675415039,5.68103787612378,5.725076675415039,375648,0.0,0.0
1992-11-20 00:00:00-05:00,5.791134715186079,5.791134715186079,5.681037332699608,5.703056335449219,191408,0.0,0.0
1992-11-23 00:00:00-05:00,5.681037332699608,5.703056335449219,5.681037332699608,5.703056335449219,186120,0.0,0.0
1992-11-24 00:00:00-05:00,5.703056880979635,5.725076675415039,5.68103787612378,5.725076675415039,186003,0.0,0.0
1992-11-25 00:00:00-05:00,5.725076127778301,5.725076127778301,5.636998142831178,5.703056335449219,150165,0.0,0.0
1992-11-27 00:00:00-05:00,5.703054028628509,5.747093200683594,5.6810350347853324,5.747093200683594,201748,0.0,0.0
1992-11-30 00:00:00-05:00,5.747093200683594,5.747093200683594,5.703054028628509,5.747093200683594,383050,0.0,0.0
1992-12-01 00:00:00-05:00,5.747096589937405,5.813155189582194,5.725077188319078,5.791135787963867,383873,0.0,0.0
1992-12-02 00:00:00-05:00,5.769115924835205,5.835174523716018,5.747096523471535,5.769115924835205,296218,0.0,0.0
1992-12-03 00:00:00-05:00,5.747096523471535,5.791135720988679,5.747096523471535,5.769115924835205,309848,0.0,0.0
1992-12-04 00:00:00-05:00,5.747096523471535,5.769115924835205,5.725077122107866,5.769115924835205,199045,0.0,0.0
1992-12-07 00:00:00-05:00,5.747093200683594,5.7691125893163475,5.72507381205084,5.747093200683594,587383,0.0,0.0
1992-12-08 00:00:00-05:00,5.725077188319078,5.791135787963867,5.725077188319078,5.791135787963867,262260,0.0,0.0
1992-12-09 00:00:00-05:00,5.813155189582194,5.813155189582194,5.769115991555731,5.791135787963867,282705,0.0,0.0
1992-12-10 00:00:00-05:00,5.791135720988679,5.791135720988679,5.725077122107866,5.769115924835205,928955,0.0,0.0
1992-12-11 00:00:00-05:00,5.745864391326904,5.745864391326904,5.656434706093172,5.745864391326904,931188,0.421277,0.0
1992-12-14 00:00:00-05:00,5.723503112792969,5.7458604184306425,5.701145807155295,5.723503112792969,834368,0.0,0.0
1992-12-15 00:00:00-05:00,5.723507760404807,5.768222808837891,5.701150436612504,5.768222808837891,376588,0.0,0.0
1992-12-16 00:00:00-05:00,5.7682209726617355,5.812935606012501,5.745863255138004,5.7905778884887695,256738,0.0,0.0
1992-12-17 00:00:00-05:00,5.7905778884887695,5.7905778884887695,5.7682209726617355,5.7905778884887695,109158,0.0,0.0
1992-12-18 00:00:00-05:00,5.835294604100537,5.880009651184082,5.768222634747917,5.880009651184082,479988,0.0,0.0
1992-12-21 00:00:00-05:00,5.857651927218077,5.880009651184082,5.835294604100537,5.880009651184082,121730,0.0,0.0
1992-12-22 00:00:00-05:00,5.880005198114215,5.92471981048584,5.857647491080241,5.92471981048584,243930,0.0,0.0
1992-12-23 00:00:00-05:00,5.9023661613464355,5.947081202271209,5.880008841308254,5.9023661613464355,272835,0.0,0.0
1992-12-24 00:00:00-05:00,5.902362504300028,5.92471981048584,5.902362504300028,5.92471981048584,59925,0.0,0.0
1992-12-28 00:00:00-05:00,5.924723481384618,5.924723481384618,5.880008841308254,5.9023661613464355,50643,0.0,0.0
1992-12-29 00:00:00-05:00,5.9023661613464355,5.947081202271209,5.880008841308254,5.9023661613464355,218315,0.0,0.0
1992-12-30 00:00:00-05:00,5.902366974301622,5.902366974301622,5.835294604100537,5.880009651184082,91533,0.0,0.0
1992-12-31 00:00:00-05:00,5.880009912306289,5.9023672364166835,5.857652187347412,5.857652187347412,138650,0.0,0.0
1993-01-04 00:00:00-05:00,5.902366974301622,5.902366974301622,5.857651927218077,5.880009651184082,176368,0.0,0.0
1993-01-05 00:00:00-05:00,5.880006408071648,5.902363718858033,5.81293407486425,5.835291385650635,446265,0.0,0.0
1993-01-06 00:00:00-05:00,5.812937539126623,5.857652187347412,5.812937539126623,5.857652187347412,188000,0.0,0.0
1993-01-07 00:00:00-05:00,5.8352941040385184,5.880009147290158,5.790579060786879,5.812936782836914,221018,0.0,0.0
1993-01-08 00:00:00-05:00,5.812935606012501,5.812935606012501,5.723505938462621,5.7905778884887695,150400,0.0,0.0
1993-01-11 00:00:00-05:00,5.812937539126623,5.880009912306289,5.768222890905834,5.857652187347412,352853,0.0,0.0
1993-01-12 00:00:00-05:00,5.835294863237018,5.857652187347412,5.835294863237018,5.857652187347412,242638,0.0,0.0
1993-01-13 00:00:00-05:00,5.857651120421663,5.9023661613464355,5.857651120421663,5.9023661613464355,184828,0.0,0.0
1993-01-14 00:00:00-05:00,5.880008841308254,5.9023661613464355,5.857651120421663,5.9023661613464355,174723,0.0,0.0
1993-01-15 00:00:00-05:00,5.924723984968186,6.01415407441902,5.9023666630297,5.9694390296936035,529808,0.0,0.0
1993-01-18 00:00:00-05:00,5.9694390296936035,5.9694390296936035,5.947081707755117,5.9694390296936035,100110,0.0,0.0
1993-01-19 00:00:00-05:00,5.9694390296936035,5.9694390296936035,5.947081707755117,5.9694390296936035,111273,0.0,0.0
1993-01-20 00:00:00-05:00,5.947081707755117,5.99179635163209,5.947081707755117,5.9694390296936035,163090,0.0,0.0
1993-01-21 00:00:00-05:00,5.969437639646744,6.058867307424487,5.969437639646744,6.036509990692139,287993,0.0,0.0
1993-01-22 00:00:00-05:00,6.058870526765256,6.081228256225586,6.014155869541722,6.081228256225586,138180,0.0,0.0
1993-01-25 00:00:00-05:00,6.058864593505859,6.1035796077899205,6.058864593505859,6.058864593505859,225835,0.0,0.0
1993-01-26 00:00:00-05:00,6.058870526765256,6.103585584837353,6.058870526765256,6.081228256225586,177895,0.0,0.0
1993-01-27 00:00:00-05:00,6.058870526765256,6.103585584837353,6.058870526765256,6.081228256225586,173313,0.0,0.0
1993-01-28 00:00:00-05:00,6.1035796077899205,6.1035796077899205,6.058864593505859,6.058864593505859,115268,0.0,0.0
1993-01-29 00:00:00-05:00,6.081226965683626,6.103584289550781,6.0588692409679945,6.103584289550781,113270,0.0,0.0
1993-02-01 00:00:00-05:00,6.081223225055596,6.170652866363525,6.081223225055596,6.170652866363525,167203,0.0,0.0
1993-02-02 00:00:00-05:00,6.170654919993259,6.237727273508332,6.148297602437689,6.193012237548828,268135,0.0,0.0
1993-02-03 00:00:00-05:00,6.215372237026167,6.304801940917969,6.193014510416833,6.304801940917969,172490,0.0,0.0
1993-02-04 00:00:00-05:00,6.349515438079834,6.349515438079834,6.282443076377116,6.349515438079834,187648,0.0,0.0
1993-02-05 00:00:00-05:00,6.3271567264652155,6.3271567264652155,6.237727058477449,6.282442092895508,167790,0.0,0.0
1993-02-08 00:00:00-05:00,6.282442826138639,6.282442826138639,6.215370467107506,6.260085105895996,214320,0.0,0.0
1993-02-09 00:00:00-05:00,6.260084591063901,6.260084591063901,6.148297602437689,6.193012237548828,350620,0.0,0.0
1993-02-10 00:00:00-05:00,6.215373173951239,6.237730503082275,6.170658114840592,6.237730503082275,174605,0.0,0.0
1993-02-11 00:00:00-05:00,6.193011033653493,6.215368747711182,6.170653720444091,6.215368747711182,166263,0.0,0.0
1993-02-12 00:00:00-05:00,6.170652866363525,6.19301017647845,6.148295556248601,6.170652866363525,132423,0.0,0.0
1993-02-16 00:00:00-05:00,6.170652866363525,6.215367887441606,6.148295556248601,6.170652866363525,255210,0.0,0.0
1993-02-17 00:00:00-05:00,6.193012778655142,6.327157497406006,6.170655459146131,6.327157497406006,171198,0.0,0.0
1993-02-18 00:00:00-05:00,6.304802891323959,6.304802891323959,6.215373173951239,6.237730503082275,466005,0.0,0.0
1993-02-19 00:00:00-05:00,6.237729562786989,6.327159266678791,6.215372237026167,6.304801940917969,598075,0.0,0.0
1993-02-22 00:00:00-05:00,6.327157057368138,6.416587130881345,6.282442421459908,6.394229412078857,940940,0.0,0.0
1993-02-23 00:00:00-05:00,6.416587858780432,6.506017541590188,6.416587858780432,6.4836602210998535,412778,0.0,0.0
1993-02-24 00:00:00-05:00,6.5060206785260215,6.550735741914874,6.4836633472559,6.528378009796143,196930,0.0,0.0
1993-02-25 00:00:00-05:00,6.4836602210998535,6.528374862080522,6.461302499761101,6.4836602210998535,248395,0.0,0.0
1993-02-26 00:00:00-05:00,6.4613050099218166,6.5060200691223145,6.4165903515698925,6.5060200691223145,161328,0.0,0.0
1993-03-01 00:00:00-05:00,6.483661914954359,6.5060192412855375,6.43894686144348,6.461304187774658,142058,0.0,0.0
1993-03-02 00:00:00-05:00,6.4165903515698925,6.528377398298277,6.394232621545357,6.5060200691223145,259205,0.0,0.0
1993-03-03 00:00:00-05:00,6.5060206785260215,6.573093073184995,6.5060206785260215,6.528378009796143,316075,0.0,0.0
1993-03-04 00:00:00-05:00,6.550730854508252,6.5954454836875485,6.5283731390702915,6.5730881690979,491268,0.0,0.0
1993-03-05 00:00:00-05:00,6.528379168058853,6.573094239381039,6.528379168058853,6.550736904144287,401263,0.0,0.0
1993-03-08 00:00:00-05:00,6.550730055534671,6.617802391971309,6.528372342823616,6.595444679260254,714518,0.0,0.0
1993-03-09 00:00:00-05:00,6.5954454836875485,6.6401605137151565,6.5730881690979,6.5730881690979,638495,0.0,0.0
1993-03-10 00:00:00-05:00,6.573094239381039,6.5954515746177895,6.5060218328221024,6.550736904144287,460835,0.0,0.0
1993-03-11 00:00:00-05:00,6.528377398298277,6.550735128322812,6.483662739946352,6.5060200691223145,363545,0.0,0.0
1993-03-12 00:00:00-05:00,6.440704817428196,6.4633832252322465,6.349990373001492,6.395347595214844,507600,0.438298,0.0
1993-03-15 00:00:00-05:00,6.395349068851127,6.395349068851127,6.304635010127057,6.327313423156738,792538,0.0,0.0
1993-03-16 00:00:00-05:00,6.327308675554299,6.327308675554299,6.2819514769226945,6.304630279541016,1200733,0.0,0.0
1993-03-17 00:00:00-05:00,6.304630279541016,6.304630279541016,6.259273080909412,6.304630279541016,281883,0.0,0.0
1993-03-18 00:00:00-05:00,6.304635010127057,6.34999183618642,6.281956190492032,6.327313423156738,965380,0.0,0.0
1993-03-19 00:00:00-05:00,6.349987071567582,6.349987071567582,6.304630279541016,6.304630279541016,457663,0.0,0.0
1993-03-22 00:00:00-05:00,6.281952857971191,6.281952857971191,6.259274456972202,6.281952857971191,342043,0.0,0.0
1993-03-23 00:00:00-05:00,6.2819514769226945,6.304630279541016,6.259273080909412,6.304630279541016,285408,0.0,0.0
1993-03-24 00:00:00-05:00,6.281952857971191,6.304631665575308,6.281952857971191,6.281952857971191,181068,0.0,0.0
1993-03-25 00:00:00-05:00,6.2819514769226945,6.327308675554299,6.259273080909412,6.304630279541016,151810,0.0,0.0
1993-03-26 00:00:00-05:00,6.259275436401367,6.281953840948993,6.2365970318537425,6.259275436401367,485510,0.0,0.0
1993-03-29 00:00:00-05:00,6.281956190492032,6.327313423156738,6.2592777774623505,6.327313423156738,169435,0.0,0.0
1993-03-30 00:00:00-05:00,6.3273101037524535,6.395345713754313,6.30463170262021,6.37266731262207,246985,0.0,0.0
1993-03-31 00:00:00-05:00,6.37266731262207,6.395345713754313,6.3499885048846965,6.37266731262207,137475,0.0,0.0
1993-04-01 00:00:00-05:00,6.349986553192139,6.372665353959096,6.327308159030186,6.349986553192139,130778,0.0,0.0
1993-04-02 00:00:00-05:00,6.327311056649434,6.327311056649434,6.259275436401367,6.259275436401367,612645,0.0,0.0
1993-04-05 00:00:00-04:00,6.259275436401367,6.259275436401367,6.2365970318537425,6.259275436401367,143703,0.0,0.0
1993-04-06 00:00:00-04:00,6.259273080909412,6.304630279541016,6.236594684896129,6.304630279541016,283058,0.0,0.0
1993-04-07 00:00:00-04:00,6.327310066574297,6.349988467573286,6.281952857971191,6.281952857971191,300213,0.0,0.0
1993-04-08 00:00:00-04:00,6.304629764868234,6.372665353959096,6.304629764868234,6.349986553192139,445443,0.0,0.0
1993-04-12 00:00:00-04:00,6.372665353959096,6.395343748121049,6.349986553192139,6.349986553192139,506308,0.0,0.0
1993-04-13 00:00:00-04:00,6.395346624420309,6.4860606484716445,6.395346624420309,6.463382244110107,472938,0.0,0.0
1993-04-14 00:00:00-04:00,6.508739948272705,6.508739948272705,6.463382729537922,6.508739948272705,471763,0.0,0.0
1993-04-15 00:00:00-04:00,6.531416414148533,6.599452018737793,6.50873801482048,6.599452018737793,366718,0.0,0.0
1993-04-16 00:00:00-04:00,6.644809678302788,6.667488079181357,6.599452469940522,6.622130870819092,262143,0.0,0.0
1993-04-19 00:00:00-04:00,6.599453979137055,6.599453979137055,6.4860611356027045,6.508739948272705,259675,0.0,0.0
1993-04-20 00:00:00-04:00,6.554096268161443,6.554096268161443,6.440703839748571,6.463382244110107,374473,0.0,0.0
1993-04-21 00:00:00-04:00,6.4633832252322465,6.4860616330362975,6.372669187410793,6.395347595214844,318190,0.0,0.0
1993-04-22 00:00:00-04:00,6.395343748121049,6.418022142283001,6.304629764868234,6.349986553192139,342983,0.0,0.0
1993-04-23 00:00:00-04:00,6.327313423156738,6.372670655821445,6.304635010127057,6.327313423156738,344628,0.0,0.0
1993-04-26 00:00:00-04:00,6.327313423156738,6.34999183618642,6.281956190492032,6.327313423156738,155453,0.0,0.0
1993-04-27 00:00:00-04:00,6.304629764868234,6.372665353959096,6.304629764868234,6.349986553192139,239465,0.0,0.0
1993-04-28 00:00:00-04:00,6.37266731262207,6.37266731262207,6.3499885048846965,6.37266731262207,136770,0.0,0.0
1993-04-29 00:00:00-04:00,6.37266731262207,6.37266731262207,6.3499885048846965,6.37266731262207,201865,0.0,0.0
1993-04-30 00:00:00-04:00,6.37266731262207,6.44070292262393,6.3499885048846965,6.37266731262207,116560,0.0,0.0
1993-05-03 00:00:00-04:00,6.3499885048846965,6.37266731262207,6.3273101037524535,6.37266731262207,168730,0.0,0.0
1993-05-04 00:00:00-04:00,6.349990373001492,6.418026003018895,6.349990373001492,6.395347595214844,378820,0.0,0.0
1993-05-05 00:00:00-04:00,6.37266731262207,6.418024114886556,6.37266731262207,6.37266731262207,312550,0.0,0.0
1993-05-06 00:00:00-04:00,6.37266731262207,6.395345713754313,6.37266731262207,6.37266731262207,177190,0.0,0.0
1993-05-07 00:00:00-04:00,6.395347595214844,6.418026003018895,6.372669187410793,6.395347595214844,283410,0.0,0.0
1993-05-10 00:00:00-04:00,6.372669187410793,6.395347595214844,6.372669187410793,6.395347595214844,124903,0.0,0.0
1993-05-11 00:00:00-04:00,6.372665353959096,6.395343748121049,6.304629764868234,6.349986553192139,113270,0.0,0.0
1993-05-12 00:00:00-04:00,6.327308159030186,6.349986553192139,6.327308159030186,6.349986553192139,84600,0.0,0.0
1993-05-13 00:00:00-04:00,6.3046278023240285,6.3046278023240285,6.191235053601864,6.213913440704346,280473,0.0,0.0
1993-05-14 00:00:00-04:00,6.259274497676967,6.281952898823436,6.100524876441422,6.123203277587891,246515,0.0,0.0
1993-05-17 00:00:00-04:00,6.100521521109485,6.100521521109485,6.00980715320692,6.055164337158203,227363,0.0,0.0
1993-05-18 00:00:00-04:00,6.100524876441422,6.123203277587891,6.077846068689822,6.123203277587891,247455,0.0,0.0
1993-05-19 00:00:00-04:00,6.10052109858706,6.213913440704346,6.055163917777219,6.213913440704346,325358,0.0,0.0
1993-05-20 00:00:00-04:00,6.21391728127656,6.21391728127656,6.168560479038383,6.191238880157471,66505,0.0,0.0
1993-05-21 00:00:00-04:00,6.191235053601864,6.236592234411706,6.168556666499383,6.213913440704346,275890,0.0,0.0
1993-05-24 00:00:00-04:00,6.21391728127656,6.236596089000778,6.191238880157471,6.191238880157471,124550,0.0,0.0
1993-05-25 00:00:00-04:00,6.213918220700926,6.281953840948993,6.213918220700926,6.259275436401367,266960,0.0,0.0
1993-05-26 00:00:00-04:00,6.259273080909412,6.327308675554299,6.236594684896129,6.304630279541016,503605,0.0,0.0
1993-05-27 00:00:00-04:00,6.304631665575308,6.304631665575308,6.259274456972202,6.281952857971191,112800,0.0,0.0
1993-05-28 00:00:00-04:00,6.259275436401367,6.259275436401367,6.2365970318537425,6.259275436401367,185885,0.0,0.0
1993-06-01 00:00:00-04:00,6.28195474298409,6.440704817428196,6.259276335180039,6.395347595214844,480810,0.0,0.0
1993-06-02 00:00:00-04:00,6.349990373001492,6.418026003018895,6.349990373001492,6.395347595214844,267078,0.0,0.0
1993-06-03 00:00:00-04:00,6.418022142283001,6.418022142283001,6.349986553192139,6.349986553192139,147345,0.0,0.0
1993-06-04 00:00:00-04:00,6.395349068851127,6.395349068851127,6.327313423156738,6.327313423156738,161445,0.0,0.0
1993-06-07 00:00:00-04:00,6.372669187410793,6.395347595214844,6.349990373001492,6.395347595214844,251920,0.0,0.0
1993-06-08 00:00:00-04:00,6.418024114886556,6.463381323756173,6.3499885048846965,6.37266731262207,304560,0.0,0.0
1993-06-09 00:00:00-04:00,6.349986553192139,6.372665353959096,6.304629764868234,6.349986553192139,279298,0.0,0.0
1993-06-10 00:00:00-04:00,6.327310066574297,6.3726672751774025,6.281952857971191,6.281952857971191,280120,0.0,0.0
1993-06-11 00:00:00-04:00,6.215651931693176,6.261693947664684,6.192631130079467,6.238672733306885,639905,0.438298,0.0
1993-06-14 00:00:00-04:00,6.238672733306885,6.261693947664684,6.192631130079467,6.238672733306885,653653,0.0,0.0
1993-06-15 00:00:00-04:00,6.192633152008057,6.215653961138186,6.169611930133703,6.192633152008057,106925,0.0,0.0
1993-06-16 00:00:00-04:00,6.192632674107761,6.192632674107761,6.16961145401001,6.16961145401001,373885,0.0,0.0
1993-06-17 00:00:00-04:00,6.169611930133703,6.192633152008057,6.146591121003573,6.192633152008057,167555,0.0,0.0
1993-06-18 00:00:00-04:00,6.192629374746837,6.192629374746837,6.146587371826172,6.146587371826172,329000,0.0,0.0
1993-06-21 00:00:00-04:00,6.1696113925023335,6.215653419494629,6.14659058537828,6.215653419494629,204568,0.0,0.0
1993-06-22 00:00:00-04:00,6.238675590589317,6.261696815490723,6.2156547784321905,6.261696815490723,165323,0.0,0.0
1993-06-23 00:00:00-04:00,6.2386747702683145,6.261695992142669,6.192633152008057,6.192633152008057,213145,0.0,0.0
1993-06-24 00:00:00-04:00,6.215654173392184,6.330759048461914,6.215654173392184,6.330759048461914,257913,0.0,0.0
1993-06-25 00:00:00-04:00,6.353779858378164,6.353779858378164,6.307737825801425,6.330759048461914,140295,0.0,0.0
1993-06-28 00:00:00-04:00,6.3307573307131255,6.514924585560796,6.307736114299072,6.491903781890869,334170,0.0,0.0
1993-06-29 00:00:00-04:00,6.468881607055664,6.4919024058460275,6.422839596730898,6.468881607055664,157685,0.0,0.0
1993-06-30 00:00:00-04:00,6.445860495542474,6.4688817074341,6.3767976853556885,6.3998188972473145,203040,0.0,0.0
1993-07-01 00:00:00-04:00,6.422840647618779,6.422840647618779,6.353777827203777,6.376798629760742,435338,0.0,0.0
1993-07-02 00:00:00-04:00,6.3767976853556885,6.3998188972473145,6.3537768862081085,6.3998188972473145,285408,0.0,0.0
1993-07-06 00:00:00-04:00,6.376798629760742,6.399819845061814,6.376798629760742,6.376798629760742,217963,0.0,0.0
1993-07-07 00:00:00-04:00,6.3998227854720975,6.3998227854720975,6.353780746459961,6.353780746459961,201395,0.0,0.0
1993-07-08 00:00:00-04:00,6.353779190523141,6.422842025756836,6.353779190523141,6.422842025756836,143115,0.0,0.0
1993-07-09 00:00:00-04:00,6.422839596730898,6.468881607055664,6.422839596730898,6.468881607055664,145230,0.0,0.0
1993-07-12 00:00:00-04:00,6.4458617618068885,6.491903781890869,6.4458617618068885,6.491903781890869,274363,0.0,0.0
1993-07-13 00:00:00-04:00,6.4688817074341,6.49190250658168,6.3998188972473145,6.3998188972473145,245810,0.0,0.0
1993-07-14 00:00:00-04:00,6.422842025756836,6.468884053494031,6.399821218260336,6.422842025756836,277300,0.0,0.0
1993-07-15 00:00:00-04:00,6.399818797940535,6.468881607055664,6.376797586406132,6.468881607055664,218785,0.0,0.0
1993-07-16 00:00:00-04:00,6.468882978220942,6.514924585560796,6.4458617618068885,6.491903781890869,272718,0.0,0.0
1993-07-19 00:00:00-04:00,6.537949489741538,6.583991123051431,6.537949489741538,6.560970306396484,269780,0.0,0.0
1993-07-20 00:00:00-04:00,6.537946220941063,6.560967026086215,6.4919041979066066,6.514925003051758,150165,0.0,0.0
1993-07-21 00:00:00-04:00,6.4919041979066066,6.537946220941063,6.4228413697269975,6.514925003051758,398443,0.0,0.0
1993-07-22 00:00:00-04:00,6.4919041979066066,6.537946220941063,6.4919041979066066,6.514925003051758,166968,0.0,0.0
1993-07-23 00:00:00-04:00,6.4919041979066066,6.514925003051758,6.4919041979066066,6.514925003051758,167555,0.0,0.0
1993-07-26 00:00:00-04:00,6.4919041979066066,6.514925003051758,6.4919041979066066,6.514925003051758,263318,0.0,0.0
1993-07-27 00:00:00-04:00,6.4919041979066066,6.537946220941063,6.4919041979066066,6.514925003051758,300095,0.0,0.0
1993-07-28 00:00:00-04:00,6.468881607055664,6.4919024058460275,6.445860395521262,6.468881607055664,176485,0.0,0.0
1993-07-29 00:00:00-04:00,6.4919074436872855,6.560970306396484,6.468886627032338,6.560970306396484,152163,0.0,0.0
1993-07-30 00:00:00-04:00,6.583983898162842,6.583983898162842,6.537942315376356,6.583983898162842,158155,0.0,0.0
1993-08-02 00:00:00-04:00,6.583991123051431,6.583991123051431,6.537949489741538,6.560970306396484,141940,0.0,0.0
1993-08-03 00:00:00-04:00,6.514925003051758,6.560967026086215,6.514925003051758,6.514925003051758,155218,0.0,0.0
1993-08-04 00:00:00-04:00,6.537945801974851,6.537945801974851,6.491903781890869,6.491903781890869,684555,0.0,0.0
1993-08-05 00:00:00-04:00,6.491905621592568,6.537947654724121,6.491905621592568,6.537947654724121,159330,0.0,0.0
1993-08-06 00:00:00-04:00,6.537949489741538,6.583991123051431,6.537949489741538,6.560970306396484,395505,0.0,0.0
1993-08-09 00:00:00-04:00,6.560968464917775,6.58398927511143,6.514926431786223,6.537947654724121,265433,0.0,0.0
1993-08-10 00:00:00-04:00,6.583991123051431,6.583991123051431,6.560970306396484,6.560970306396484,49115,0.0,0.0
1993-08-11 00:00:00-04:00,6.560968464917775,6.58398927511143,6.537947654724121,6.537947654724121,311963,0.0,0.0
1993-08-12 00:00:00-04:00,6.5609666056447775,6.5609666056447775,6.468882978220942,6.491903781890869,240170,0.0,0.0
1993-08-13 00:00:00-04:00,6.514928260342232,6.560970306396484,6.4919074436872855,6.560970306396484,142293,0.0,0.0
1993-08-16 00:00:00-04:00,6.560970306396484,6.607012352450737,6.537949489741538,6.560970306396484,184945,0.0,0.0
1993-08-17 00:00:00-04:00,6.583991123051431,6.607012352450737,6.537949489741538,6.560970306396484,158038,0.0,0.0
1993-08-18 00:00:00-04:00,6.560964234458529,6.560964234458529,6.445859432220459,6.445859432220459,492795,0.0,0.0
1993-08-19 00:00:00-04:00,6.422840647618779,6.4458614501757445,6.330757024646812,6.376798629760742,720275,0.0,0.0
1993-08-20 00:00:00-04:00,6.422839696394894,6.422839696394894,6.3537768862081085,6.3998188972473145,315605,0.0,0.0
1993-08-23 00:00:00-04:00,6.399821218260336,6.422842025756836,6.37679999801964,6.422842025756836,70970,0.0,0.0
1993-08-24 00:00:00-04:00,6.422839596730898,6.468881607055664,6.376797586406132,6.468881607055664,285760,0.0,0.0
1993-08-25 00:00:00-04:00,6.468884811398913,6.560968464917775,6.445863588461014,6.537947654724121,357788,0.0,0.0
1993-08-26 00:00:00-04:00,6.4919041979066066,6.537946220941063,6.468883392761454,6.514925003051758,251803,0.0,0.0
1993-08-27 00:00:00-04:00,6.4919041979066066,6.537946220941063,6.4919041979066066,6.514925003051758,291165,0.0,0.0
1993-08-30 00:00:00-04:00,6.537942315376356,6.607005102299991,6.537942315376356,6.583983898162842,414658,0.0,0.0
1993-08-31 00:00:00-04:00,6.583983898162842,6.583983898162842,6.5609631067695995,6.583983898162842,318778,0.0,0.0
1993-09-01 00:00:00-04:00,6.560970306396484,6.560970306396484,6.4919074436872855,6.560970306396484,225130,0.0,0.0
1993-09-02 00:00:00-04:00,6.560967026086215,6.560967026086215,6.514925003051758,6.514925003051758,125020,0.0,0.0
1993-09-03 00:00:00-04:00,6.537947654724121,6.560968464917775,6.514926431786223,6.537947654724121,336990,0.0,0.0
1993-09-07 00:00:00-04:00,6.537942315376356,6.607005102299991,6.537942315376356,6.583983898162842,287993,0.0,0.0
1993-09-08 00:00:00-04:00,6.583983898162842,6.607005102299991,6.5609631067695995,6.583983898162842,205625,0.0,0.0
1993-09-09 00:00:00-04:00,6.537946220941063,6.560967026086215,6.514925003051758,6.514925003051758,267313,0.0,0.0
1993-09-10 00:00:00-04:00,6.514928260342232,6.560970306396484,6.514928260342232,6.560970306396484,216318,0.0,0.0
1993-09-13 00:00:00-04:00,6.560968332331352,6.607010364532471,6.514926300130232,6.607010364532471,298098,0.0,0.0
1993-09-14 00:00:00-04:00,6.607010364532471,6.630031174260912,6.560968332331352,6.607010364532471,920730,0.0,0.0
1993-09-15 00:00:00-04:00,6.5630997293172495,6.609811914664685,6.5630997293172495,6.586455821990967,574105,0.438298,0.0
1993-09-16 00:00:00-04:00,6.586453627817578,6.609809712710584,6.539741039276123,6.539741039276123,639905,0.0,0.0
1993-09-17 00:00:00-04:00,6.493032794117154,6.53974499213773,6.493032794117154,6.516388893127441,571050,0.0,0.0
1993-09-20 00:00:00-04:00,6.53974499213773,6.53974499213773,6.469676276351168,6.516388893127441,200220,0.0,0.0
1993-09-21 00:00:00-04:00,6.493029184683375,6.493029184683375,6.422960507847547,6.469672679901123,893470,0.0,0.0
1993-09-22 00:00:00-04:00,6.4696758139138755,6.4696758139138755,6.399607103135661,6.422963619232178,508775,0.0,0.0
1993-09-23 00:00:00-04:00,6.422956040692395,6.446312110475075,6.399599552154541,6.399599552154541,289638,0.0,0.0
1993-09-24 00:00:00-04:00,6.376248203451239,6.399604290527152,6.306179523468018,6.306179523468018,551545,0.0,0.0
1993-09-27 00:00:00-04:00,6.352894908453964,6.422963619232178,6.329538392357447,6.422963619232178,448850,0.0,0.0
1993-09-28 00:00:00-04:00,6.422960953732023,6.446317041380199,6.376248359680176,6.376248359680176,152750,0.0,0.0
1993-09-29 00:00:00-04:00,6.376248359680176,6.399604447328352,6.352892272031999,6.376248359680176,481633,0.0,0.0
1993-09-30 00:00:00-04:00,6.3762510057948125,6.422963619232178,6.3762510057948125,6.422963619232178,164265,0.0,0.0
1993-10-01 00:00:00-04:00,6.399599552154541,6.422956040692395,6.37624348237186,6.399599552154541,124198,0.0,0.0
1993-10-04 00:00:00-04:00,6.376249517358474,6.399605609247207,6.306180822936708,6.3295369148254395,145935,0.0,0.0
1993-10-05 00:00:00-04:00,6.329538217972509,6.329538217972509,6.259469509124756,6.259469509124756,174605,0.0,0.0
1993-10-06 00:00:00-04:00,6.259469509124756,6.306182121275143,6.259469509124756,6.259469509124756,235353,0.0,0.0
1993-10-07 00:00:00-04:00,6.236114642411199,6.259470743715219,6.166045919743399,6.212758541107178,201748,0.0,0.0
1993-10-08 00:00:00-04:00,6.212753175611286,6.259465337877484,6.212753175611286,6.236109256744385,299155,0.0,0.0
1993-10-11 00:00:00-04:00,6.236112861943802,6.282825469970703,6.236112861943802,6.282825469970703,120320,0.0,0.0
1993-10-12 00:00:00-04:00,6.282827263774977,6.282827263774977,6.189402021047419,6.212758541107178,315488,0.0,0.0
1993-10-13 00:00:00-04:00,6.212758541107178,6.236114642411199,6.166045919743399,6.212758541107178,225718,0.0,0.0
1993-10-14 00:00:00-04:00,6.212756767308161,6.306181564606344,6.212756767308161,6.282825469970703,220078,0.0,0.0
1993-10-15 00:00:00-04:00,6.329535610543931,6.352892116375327,6.282823436392105,6.306179523468018,478460,0.0,0.0
1993-10-18 00:00:00-04:00,6.282821837765959,6.282821837765959,6.236109256744385,6.236109256744385,177073,0.0,0.0
1993-10-19 00:00:00-04:00,6.2361134124273905,6.259469509124756,6.2361134124273905,6.259469509124756,292693,0.0,0.0
1993-10-20 00:00:00-04:00,6.236112861943802,6.329537659241986,6.236112861943802,6.282825469970703,138650,0.0,0.0
1993-10-21 00:00:00-04:00,6.306177918899058,6.306177918899058,6.236109256744385,6.236109256744385,264963,0.0,0.0
1993-10-22 00:00:00-04:00,6.236113584238384,6.493032330010392,6.236113584238384,6.422963619232178,675860,0.0,0.0
1993-10-25 00:00:00-04:00,6.399605609247207,6.399605609247207,6.306180822936708,6.3295369148254395,362723,0.0,0.0
1993-10-26 00:00:00-04:00,6.306179523468018,6.329535610543931,6.306179523468018,6.306179523468018,192348,0.0,0.0
1993-10-27 00:00:00-04:00,6.306181564606344,6.306181564606344,6.259468956579443,6.282825469970703,102813,0.0,0.0
1993-10-28 00:00:00-04:00,6.282825469970703,6.282825469970703,6.236112861943802,6.282825469970703,631328,0.0,0.0
1993-10-29 00:00:00-04:00,6.282825469970703,6.282825469970703,6.259468956579443,6.282825469970703,166380,0.0,0.0
1993-11-01 00:00:00-05:00,6.259467097430586,6.282823603884639,6.166042327880859,6.166042327880859,421825,0.0,0.0
1993-11-02 00:00:00-05:00,6.1660425249977315,6.189398613442941,6.072617752461389,6.119329929351807,314783,0.0,0.0
1993-11-03 00:00:00-05:00,6.025906010101534,6.049261681475421,5.885768631813902,5.932480812072754,673393,0.0,0.0
1993-11-04 00:00:00-05:00,5.932479215637397,5.932479215637397,5.768985791216563,5.862410545349121,561533,0.0,0.0
1993-11-05 00:00:00-05:00,5.839055996651416,5.88576859537662,5.698918619231339,5.745631217956543,620048,0.0,0.0
1993-11-08 00:00:00-05:00,5.745631217956543,5.792343397926212,5.722274709216173,5.745631217956543,357318,0.0,0.0
1993-11-09 00:00:00-05:00,5.815698525017128,5.815698525017128,5.69891726532589,5.722273349761963,459073,0.0,0.0
1993-11-10 00:00:00-05:00,5.722273349761963,5.722273349761963,5.675561180889816,5.722273349761963,511008,0.0,0.0
1993-11-11 00:00:00-05:00,5.768987307941377,5.792343397926212,5.745631217956543,5.745631217956543,262260,0.0,0.0
1993-11-12 00:00:00-05:00,5.79234504699707,5.815701562387001,5.7456328537285195,5.79234504699707,448263,0.0,0.0
1993-11-15 00:00:00-05:00,5.815701699274833,5.839057796458856,5.745632988967101,5.768989086151123,291283,0.0,0.0
1993-11-16 00:00:00-05:00,5.815699283868117,5.979192733764648,5.792342777628976,5.979192733764648,363780,0.0,0.0
1993-11-17 00:00:00-05:00,6.002547333422851,6.002547333422851,5.862410005745202,5.885766506195068,288933,0.0,0.0
1993-11-18 00:00:00-05:00,5.885766506195068,5.932478669584026,5.885766506195068,5.885766506195068,158155,0.0,0.0
1993-11-19 00:00:00-05:00,5.88576621062742,5.88576621062742,5.8156975503072585,5.839053630828857,163090,0.0,0.0
1993-11-22 00:00:00-05:00,5.885768631813902,5.955837320957718,5.839056032799513,5.932480812072754,228773,0.0,0.0
1993-11-23 00:00:00-05:00,5.955835819244385,6.025904490720981,5.932479316248564,5.955835819244385,155688,0.0,0.0
1993-11-24 00:00:00-05:00,6.002549648284912,6.049261829688258,5.97919355758324,6.002549648284912,127605,0.0,0.0
1993-11-26 00:00:00-05:00,6.025903701782227,6.025903701782227,5.979191120661842,6.025903701782227,25380,0.0,0.0
1993-11-29 00:00:00-05:00,6.072618007659912,6.119330186513384,6.072618007659912,6.072618007659912,193993,0.0,0.0
1993-11-30 00:00:00-05:00,6.049259364209353,6.049259364209353,6.0025472018443455,6.025903701782227,139473,0.0,0.0
1993-12-01 00:00:00-05:00,5.979191251728372,6.025903833872716,5.885766506195068,5.885766506195068,305030,0.0,0.0
1993-12-02 00:00:00-05:00,5.909124052558208,5.979192733764648,5.909124052558208,5.979192733764648,96820,0.0,0.0
1993-12-03 00:00:00-05:00,5.955836646280998,5.979192733764648,5.932480140041858,5.979192733764648,135713,0.0,0.0
1993-12-06 00:00:00-05:00,5.979192733764648,6.02590532748744,5.955836646280998,5.979192733764648,337930,0.0,0.0
1993-12-07 00:00:00-05:00,5.979194714821949,6.072619514466021,5.979194714821949,6.049263000488281,1016023,0.0,0.0
1993-12-08 00:00:00-05:00,6.025906157742133,6.025906157742133,5.97919355758324,6.002549648284912,332173,0.0,0.0
1993-12-09 00:00:00-05:00,5.9791919034847725,6.025904490720981,5.932479316248564,5.955835819244385,474583,0.0,0.0
1993-12-10 00:00:00-05:00,5.839989025810756,5.911208419746226,5.816248944077226,5.887468338012695,434868,0.438298,0.0
1993-12-13 00:00:00-05:00,5.887463500336857,5.934943199157715,5.839984227148211,5.934943199157715,482338,0.0,0.0
1993-12-14 00:00:00-05:00,5.911208419746226,5.958687731948164,5.839989025810756,5.887468338012695,184005,0.0,0.0
1993-12-15 00:00:00-05:00,5.863726998059497,5.982426095743339,5.839987348775704,5.9112067222595215,250040,0.0,0.0
1993-12-16 00:00:00-05:00,5.934944076508943,6.0061634224523415,5.911204436405235,5.982423782348633,144525,0.0,0.0
1993-12-17 00:00:00-05:00,5.958682835752038,5.958682835752038,5.911203562563392,5.934943199157715,575868,0.0,0.0
1993-12-20 00:00:00-05:00,5.934946371543314,5.934946371543314,5.887466647343289,5.9112067222595215,393978,0.0,0.0
1993-12-21 00:00:00-05:00,5.911208419746226,5.934948075847195,5.863728681911725,5.887468338012695,380935,0.0,0.0
1993-12-22 00:00:00-05:00,5.9112046853831055,5.982424034326238,5.863724977543586,5.958683967590332,467415,0.0,0.0
1993-12-23 00:00:00-05:00,5.958687731948164,5.958687731948164,5.887468338012695,5.887468338012695,228068,0.0,0.0
1993-12-27 00:00:00-05:00,5.911203645515988,5.934943282443451,5.768764972686768,5.768764972686768,555070,0.0,0.0
1993-12-28 00:00:00-05:00,5.6975456362721575,5.839984309101378,5.6975456362721575,5.768764972686768,1113548,0.0,0.0
1993-12-29 00:00:00-05:00,5.7925066115473465,5.7925066115473465,5.697547605386737,5.721287250518799,734845,0.0,0.0
1993-12-30 00:00:00-05:00,5.697547605386737,5.721287250518799,5.673807534622312,5.721287250518799,334875,0.0,0.0
1993-12-31 00:00:00-05:00,5.697545051574707,5.745024320557185,5.697545051574707,5.697545051574707,233238,0.0,0.0
1994-01-03 00:00:00-05:00,5.697545297966464,5.721284933484329,5.602585904630618,5.673805236816406,404788,0.0,0.0
1994-01-04 00:00:00-05:00,5.6738092030600935,5.6738092030600935,5.602589821088807,5.6263298988342285,259910,0.0,0.0
1994-01-05 00:00:00-05:00,5.626329352781393,5.626329352781393,5.531369902280794,5.555109977722168,439098,0.0,0.0
1994-01-06 00:00:00-05:00,5.555107975488185,5.555107975488185,5.412669276709081,5.483888626098633,401498,0.0,0.0
1994-01-07 00:00:00-05:00,5.507628267351052,5.555107975488185,5.388929209824367,5.483888626098633,648835,0.0,0.0
1994-01-10 00:00:00-05:00,5.483890602662943,5.578849627531094,5.483890602662943,5.555109977722168,493970,0.0,0.0
1994-01-11 00:00:00-05:00,5.555112479020343,5.578852139518515,5.460152985762373,5.507632732391357,505133,0.0,0.0
1994-01-12 00:00:00-05:00,5.507630252471869,5.578849627531094,5.4126712276037185,5.555109977722168,280943,0.0,0.0
1994-01-13 00:00:00-05:00,5.578847616740604,5.578847616740604,5.460148559213919,5.483888626098633,336403,0.0,0.0
1994-01-14 00:00:00-05:00,5.507628138082844,5.531367778778076,5.436408790364864,5.531367778778076,314078,0.0,0.0
1994-01-17 00:00:00-05:00,5.531370065826341,5.578849792480469,5.4838907648046735,5.578849792480469,293280,0.0,0.0
1994-01-18 00:00:00-05:00,5.578848531581956,5.626328247504999,5.555108886436618,5.602588176727295,238878,0.0,0.0
1994-01-19 00:00:00-05:00,5.602587126496056,5.602587126496056,5.507628138082844,5.531367778778076,342983,0.0,0.0
1994-01-20 00:00:00-05:00,5.555107845105593,5.555107845105593,5.531367778778076,5.531367778778076,337930,0.0,0.0
1994-01-21 00:00:00-05:00,5.555110979316114,5.555110979316114,5.3177127358938465,5.4364118576049805,740015,0.0,0.0
1994-01-24 00:00:00-05:00,5.412672203515764,5.483891591415939,5.388932123794022,5.4364118576049805,732965,0.0,0.0
1994-01-25 00:00:00-05:00,5.412672203515764,5.483891591415939,5.365192469704805,5.4364118576049805,861745,0.0,0.0
1994-01-26 00:00:00-05:00,5.507630252471869,5.578849627531094,5.483890602662943,5.555109977722168,641903,0.0,0.0
1994-01-27 00:00:00-05:00,5.555106633594887,5.673805236816406,5.53136657244483,5.673805236816406,1292148,0.0,0.0
1994-01-28 00:00:00-05:00,5.721286683375408,5.745026326154191,5.650067329406738,5.650067329406738,877490,0.0,0.0
1994-01-31 00:00:00-05:00,5.650069550947161,5.697549280805516,5.6263298988342285,5.6263298988342285,319953,0.0,0.0
1994-02-01 00:00:00-05:00,5.6500690025903175,5.6500690025903175,5.531369902280794,5.555109977722168,418065,0.0,0.0
1994-02-02 00:00:00-05:00,5.507630415315507,5.626329519134598,5.4838907648046735,5.578849792480469,869970,0.0,0.0
1994-02-03 00:00:00-05:00,5.555109977722168,5.578849627531094,5.531369902280794,5.555109977722168,235823,0.0,0.0
1994-02-04 00:00:00-05:00,5.531367908603471,5.555107975488185,5.483888626098633,5.483888626098633,327238,0.0,0.0
1994-02-07 00:00:00-05:00,5.460148334503174,5.483888400410873,5.436408694227753,5.460148334503174,512300,0.0,0.0
1994-02-08 00:00:00-05:00,5.460153754715325,5.460153754715325,5.388934337558344,5.412674427032471,349093,0.0,0.0
1994-02-09 00:00:00-05:00,5.4364089179615,5.483888626098633,5.412669276709081,5.483888626098633,222428,0.0,0.0
1994-02-10 00:00:00-05:00,5.460153754715325,5.483893844189452,5.412674427032471,5.412674427032471,719570,0.0,0.0
1994-02-11 00:00:00-05:00,5.412673664766028,5.507632732391357,5.388933578635216,5.507632732391357,176603,0.0,0.0
1994-02-14 00:00:00-05:00,5.483893844189452,5.507633508030879,5.388934337558344,5.412674427032471,244753,0.0,0.0
1994-02-15 00:00:00-05:00,5.4364089179615,5.507628267351052,5.4364089179615,5.483888626098633,134303,0.0,0.0
1994-02-16 00:00:00-05:00,5.483893844189452,5.507633508030879,5.388934337558344,5.412674427032471,158625,0.0,0.0
1994-02-17 00:00:00-05:00,5.436410834148203,5.436410834148203,5.341451810035763,5.365191459655762,453550,0.0,0.0
1994-02-18 00:00:00-05:00,5.317708194132457,5.341448253578231,5.22274923324585,5.22274923324585,516530,0.0,0.0
1994-02-22 00:00:00-05:00,5.293971705385036,5.412670796234699,5.246491983918687,5.317711353302002,400793,0.0,0.0
1994-02-23 00:00:00-05:00,5.341451168060303,5.341451168060303,5.270231802127536,5.341451168060303,339458,0.0,0.0
1994-02-24 00:00:00-05:00,5.341450777399971,5.365190422430504,5.293971061706543,5.293971061706543,746008,0.0,0.0
1994-02-25 00:00:00-05:00,5.317711353302002,5.36519107476835,5.293971705385036,5.317711353302002,213850,0.0,0.0
1994-02-28 00:00:00-05:00,5.341451168060303,5.43641018075986,5.341451168060303,5.341451168060303,997458,0.0,0.0
1994-03-01 00:00:00-05:00,5.317711353302002,5.341451426851384,5.2702320574680686,5.317711353302002,426995,0.0,0.0
1994-03-02 00:00:00-05:00,5.317711095661118,5.365190814827093,5.293971448894327,5.341451168060303,1436085,0.0,0.0
1994-03-03 00:00:00-05:00,5.341450605378585,5.341450605378585,5.270231246948242,5.270231246948242,368363,0.0,0.0
1994-03-04 00:00:00-05:00,5.270233427715413,5.4364118576049805,5.270233427715413,5.4364118576049805,1040463,0.0,0.0
1994-03-07 00:00:00-05:00,5.507632732391357,5.555112479020343,5.507632732391357,5.507632732391357,761048,0.0,0.0
1994-03-08 00:00:00-05:00,5.531367908603471,5.555107975488185,5.460148559213919,5.483888626098633,421825,0.0,0.0
1994-03-09 00:00:00-05:00,5.483888497387612,5.578847485800824,5.460148431060096,5.531367778778076,413953,0.0,0.0
1994-03-10 00:00:00-05:00,5.531367908603471,5.531367908603471,5.4364089179615,5.483888626098633,205390,0.0,0.0
1994-03-11 00:00:00-05:00,5.412673664766028,5.53137239288953,5.388933578635216,5.507632732391357,223015,0.0,0.0
1994-03-14 00:00:00-05:00,5.507632732391357,5.555112479020343,5.483893071893185,5.507632732391357,1795400,0.0,0.0
1994-03-15 00:00:00-05:00,5.48635773572813,5.48635773572813,5.413850784301758,5.413850784301758,640610,0.438298,0.0
1994-03-16 00:00:00-05:00,5.413850784301758,5.4380200569955255,5.3171749935090835,5.413850784301758,533685,0.0,0.0
1994-03-17 00:00:00-05:00,5.365516185760498,5.4138538922424155,5.341346899191826,5.365516185760498,1870953,0.0,0.0
1994-03-18 00:00:00-05:00,5.365516185760498,5.4138538922424155,5.365516185760498,5.365516185760498,2007018,0.0,0.0
1994-03-21 00:00:00-05:00,5.317178362878285,5.365516505569084,5.293009508196755,5.3413472175598145,279298,0.0,0.0
1994-03-22 00:00:00-05:00,5.341343832875386,5.4380200569955255,5.3171749935090835,5.413850784301758,415010,0.0,0.0
1994-03-23 00:00:00-05:00,5.438023502941412,5.462192357622942,5.3413472175598145,5.3413472175598145,317368,0.0,0.0
1994-03-24 00:00:00-05:00,5.365514045221094,5.365514045221094,5.220500116972345,5.244668960571289,389160,0.0,0.0
1994-03-25 00:00:00-05:00,5.244668960571289,5.293007081096719,5.196330840045859,5.244668960571289,476815,0.0,0.0
1994-03-28 00:00:00-05:00,5.268837745189024,5.31717586517334,5.220500058532243,5.31717586517334,509950,0.0,0.0
1994-03-29 00:00:00-05:00,5.293007206270032,5.293007206270032,5.220500240430955,5.268837928771973,216318,0.0,0.0
1994-03-30 00:00:00-05:00,5.220499695757359,5.244668537406245,5.17216157913208,5.17216157913208,206565,0.0,0.0
1994-03-31 00:00:00-05:00,5.196332054309785,5.196332054309785,5.027149676255581,5.1238250732421875,257090,0.0,0.0
1994-04-04 00:00:00-04:00,5.075488567352295,5.172164420382772,5.051319712426612,5.075488567352295,203863,0.0,0.0
1994-04-05 00:00:00-04:00,5.099655465650081,5.268837804170234,5.075486188723596,5.244668960571289,948930,0.0,0.0
1994-04-06 00:00:00-04:00,5.220499695757359,5.220499695757359,5.147992737483193,5.17216157913208,514768,0.0,0.0
1994-04-07 00:00:00-04:00,5.17216157913208,5.196330420780966,5.1238234625068015,5.17216157913208,335933,0.0,0.0
1994-04-08 00:00:00-04:00,5.0754870161793235,5.0754870161793235,4.930473064288977,5.051318168640137,495028,0.0,0.0
1994-04-11 00:00:00-04:00,5.051317881055584,5.051317881055584,4.978810909238419,5.002979755401611,731908,0.0,0.0
1994-04-12 00:00:00-04:00,5.002980471923826,5.002980471923826,4.930473489722279,4.9546427726745605,546023,0.0,0.0
1994-04-13 00:00:00-04:00,4.954642063075227,5.027149034892391,4.954642063075227,5.002979755401611,142410,0.0,0.0
1994-04-14 00:00:00-04:00,4.9788111926949625,5.0754870161793235,4.9788111926949625,5.051318168640137,171198,0.0,0.0
1994-04-15 00:00:00-04:00,5.027149034892391,5.0754867272187765,4.978810909238419,5.002979755401611,292928,0.0,0.0
1994-04-18 00:00:00-04:00,5.027149034892391,5.051317881055584,4.978810909238419,5.002979755401611,198928,0.0,0.0
1994-04-19 00:00:00-04:00,5.00298004023415,5.0754870161793235,5.00298004023415,5.051318168640137,233943,0.0,0.0
1994-04-20 00:00:00-04:00,5.051316937560142,5.220499695757359,5.051316937560142,5.17216157913208,336168,0.0,0.0
1994-04-21 00:00:00-04:00,5.1963300704956055,5.244668183862405,5.172161230475944,5.1963300704956055,322068,0.0,0.0
1994-04-22 00:00:00-04:00,5.220501336884079,5.2446701861307305,5.1238250732421875,5.1238250732421875,462480,0.0,0.0
1994-04-25 00:00:00-04:00,5.1238234625068015,5.220499695757359,5.1238234625068015,5.17216157913208,196578,0.0,0.0
1994-04-26 00:00:00-04:00,5.172162889213599,5.172162889213599,5.075487064803072,5.147994041442871,234413,0.0,0.0
1994-04-28 00:00:00-04:00,5.147995242370687,5.147995242370687,5.051319395407553,5.0996575355529785,248630,0.0,0.0
1994-04-29 00:00:00-04:00,5.075487458358052,5.22050142288208,5.075487458358052,5.22050142288208,725445,0.0,0.0
1994-05-02 00:00:00-04:00,5.220499695757359,5.220499695757359,5.147992737483193,5.17216157913208,266255,0.0,0.0
1994-05-03 00:00:00-04:00,5.172161230475944,5.1963300704956055,5.123823117109145,5.1963300704956055,298215,0.0,0.0
1994-05-04 00:00:00-04:00,5.196332949188395,5.196332949188395,5.0754882488164075,5.0996575355529785,181068,0.0,0.0
1994-05-05 00:00:00-04:00,5.123825955634116,5.123825955634116,5.0754882488164075,5.0996575355529785,131600,0.0,0.0
1994-05-06 00:00:00-04:00,5.051317757240847,5.051317757240847,4.978810787200928,4.978810787200928,233355,0.0,0.0
1994-05-09 00:00:00-04:00,4.954642200180691,4.978811047012687,4.8096282525335186,4.85796594619751,439450,0.0,0.0
1994-05-10 00:00:00-04:00,4.930472249305914,4.954641526177649,4.785458321385662,4.906303405761719,507248,0.0,0.0
1994-05-11 00:00:00-04:00,4.882133527883393,4.906302366307151,4.785457307533461,4.809626579284668,431225,0.0,0.0
1994-05-12 00:00:00-04:00,4.809627842859205,4.833796687632549,4.737120875211615,4.785458564758301,287875,0.0,0.0
1994-05-13 00:00:00-04:00,4.7612897199849575,4.785458564758301,4.7129515971107105,4.785458564758301,178248,0.0,0.0
1994-05-16 00:00:00-04:00,4.73712237642799,4.785460081293122,4.688784238235159,4.712953090667725,335110,0.0,0.0
1994-05-17 00:00:00-04:00,4.688783033990714,4.857965824221981,4.688783033990714,4.833796977996826,242520,0.0,0.0
1994-05-18 00:00:00-04:00,4.882138252258301,4.882138252258301,4.785461938356092,4.882138252258301,320305,0.0,0.0
1994-05-19 00:00:00-04:00,4.882138252258301,4.930475975881538,4.857968957118815,4.882138252258301,129133,0.0,0.0
1994-05-20 00:00:00-04:00,4.8821352263571045,4.906304073189101,4.833797099365514,4.85796594619751,206213,0.0,0.0
1994-05-23 00:00:00-04:00,4.882133527883393,4.906302366307151,4.809626579284668,4.809626579284668,170493,0.0,0.0
1994-05-24 00:00:00-04:00,4.833795417708426,4.857964256132186,4.761288469109703,4.809626579284668,505485,0.0,0.0
1994-05-25 00:00:00-04:00,4.833800095307197,4.906307114069919,4.809631233495578,4.882138252258301,200103,0.0,0.0
1994-05-26 00:00:00-04:00,4.930474348949453,5.0513194847874345,4.906305495112946,5.027150630950928,402438,0.0,0.0
1994-05-27 00:00:00-04:00,5.002981343786697,5.027150630950928,4.97881248995019,5.027150630950928,129838,0.0,0.0
1994-05-31 00:00:00-04:00,5.002979632771709,5.002979632771709,4.833796847121088,4.978810787200928,100698,0.0,0.0
1994-06-01 00:00:00-04:00,4.978812714321819,5.075488567352295,4.9546438593961355,5.075488567352295,397268,0.0,0.0
1994-06-02 00:00:00-04:00,5.0754882488164075,5.0996575355529785,5.051319395407553,5.0996575355529785,317250,0.0,0.0
1994-06-03 00:00:00-04:00,5.0996566573231785,5.1238250732421875,5.075487374748884,5.1238250732421875,185415,0.0,0.0
1994-06-06 00:00:00-04:00,5.123825955634116,5.147995242370687,5.0996575355529785,5.0996575355529785,142880,0.0,0.0
1994-06-07 00:00:00-04:00,5.123825955634116,5.123825955634116,5.0754882488164075,5.0996575355529785,715105,0.0,0.0
1994-06-08 00:00:00-04:00,5.1238250732421875,5.147994355816482,5.0996566573231785,5.1238250732421875,228890,0.0,0.0
1994-06-09 00:00:00-04:00,5.123824760344528,5.147994041442871,5.123824760344528,5.147994041442871,92120,0.0,0.0
1994-06-10 00:00:00-04:00,5.147994355816482,5.147994355816482,5.0996566573231785,5.1238250732421875,393273,0.0,0.0
1994-06-13 00:00:00-04:00,5.123824760344528,5.147994041442871,5.0996563459014155,5.147994041442871,389983,0.0,0.0
1994-06-14 00:00:00-04:00,5.147992737483193,5.17216157913208,5.1238234625068015,5.17216157913208,340515,0.0,0.0
1994-06-15 00:00:00-04:00,5.1258368492126465,5.15048015328149,5.1258368492126465,5.1258368492126465,1437378,0.438298,0.0
1994-06-16 00:00:00-04:00,5.125835738089142,5.150479036816076,5.076548698801142,5.101191997528076,1007563,0.0,0.0
1994-06-17 00:00:00-04:00,5.125835814045494,5.125835814045494,5.027261734008789,5.027261734008789,362958,0.0,0.0
1994-06-20 00:00:00-04:00,4.977975368499756,5.002618668743713,4.9286883261776815,4.977975368499756,223838,0.0,0.0
1994-06-21 00:00:00-04:00,4.92868439528598,4.953327675875592,4.830110831093726,4.879397392272949,250040,0.0,0.0
1994-06-22 00:00:00-04:00,4.904043801550775,4.92868709564209,4.879400065625411,4.92868709564209,358845,0.0,0.0
1994-06-23 00:00:00-04:00,4.9533316264216385,5.051905711065787,4.9533316264216385,4.977975368499756,166380,0.0,0.0
1994-06-24 00:00:00-04:00,4.92868439528598,4.97797139829901,4.879397392272949,4.879397392272949,137358,0.0,0.0
1994-06-27 00:00:00-04:00,4.879400065625411,4.953330389733404,4.830113477442781,4.92868709564209,193288,0.0,0.0
1994-06-28 00:00:00-04:00,4.953327675875592,4.97797139829901,4.879397392272949,4.879397392272949,355438,0.0,0.0
1994-06-29 00:00:00-04:00,4.879398990300316,4.9533292981154995,4.854755701639904,4.904042720794678,490210,0.0,0.0
1994-06-30 00:00:00-04:00,4.904041114696368,4.92868439528598,4.830110831093726,4.879397392272949,237468,0.0,0.0
1994-07-01 00:00:00-04:00,4.904042899398277,4.904042899398277,4.854755878448486,4.854755878448486,78255,0.0,0.0
1994-07-05 00:00:00-04:00,4.879397392272949,4.904041114696368,4.854754111683338,4.879397392272949,185180,0.0,0.0
1994-07-06 00:00:00-04:00,4.879398990300316,4.9533292981154995,4.879398990300316,4.904042720794678,188353,0.0,0.0
1994-07-07 00:00:00-04:00,4.904045025933724,4.977975368499756,4.904045025933724,4.977975368499756,142998,0.0,0.0
1994-07-08 00:00:00-04:00,4.9286889151099915,5.00261926651001,4.9286889151099915,5.00261926651001,161915,0.0,0.0
1994-07-11 00:00:00-04:00,4.977974732582316,5.027261326774055,4.953330993652344,4.953330993652344,339223,0.0,0.0
1994-07-12 00:00:00-04:00,4.953330389733404,5.002617419750083,4.904043801550775,4.92868709564209,267195,0.0,0.0
1994-07-13 00:00:00-04:00,4.953330993652344,4.977974732582316,4.928687696556475,4.953330993652344,115855,0.0,0.0
1994-07-14 00:00:00-04:00,4.977972471455481,5.051902770996094,4.977972471455481,5.051902770996094,307498,0.0,0.0
1994-07-15 00:00:00-04:00,5.027261659513142,5.101191997528076,5.027261659513142,5.101191997528076,207505,0.0,0.0
1994-07-18 00:00:00-04:00,5.051905474935035,5.076548774027142,5.002618434916682,5.027261734008789,201983,0.0,0.0
1994-07-19 00:00:00-04:00,5.027261734008789,5.051905474935035,5.002618434916682,5.027261734008789,117970,0.0,0.0
1994-07-20 00:00:00-04:00,5.027262569698612,5.0519063147214265,4.977975963321408,5.00261926651001,92120,0.0,0.0
1994-07-21 00:00:00-04:00,4.977975963321408,5.00261926651001,4.953332218298594,5.00261926651001,174370,0.0,0.0
1994-07-22 00:00:00-04:00,5.027259043259955,5.051902770996094,5.0026157573577175,5.051902770996094,165793,0.0,0.0
1994-07-25 00:00:00-04:00,5.051902770996094,5.051902770996094,5.027259043259955,5.051902770996094,113153,0.0,0.0
1994-07-26 00:00:00-04:00,5.027259043259955,5.051902770996094,5.027259043259955,5.051902770996094,164618,0.0,0.0
1994-07-27 00:00:00-04:00,5.027262569698612,5.0519063147214265,4.977975963321408,5.00261926651001,246163,0.0,0.0
1994-07-28 00:00:00-04:00,5.002615853757982,5.150476455688477,5.002615853757982,5.150476455688477,131365,0.0,0.0
1994-07-29 00:00:00-04:00,5.1504767573965236,5.249050350513192,5.1258334695758405,5.199763774871826,166850,0.0,0.0
1994-08-01 00:00:00-04:00,5.2244104381105965,5.298340797424316,5.199767574118369,5.298340797424316,268370,0.0,0.0
1994-08-02 00:00:00-04:00,5.298340797424316,5.322984545085062,5.249054185771342,5.298340797424316,146170,0.0,0.0
1994-08-03 00:00:00-04:00,5.273695468902588,5.273695468902588,5.249052172527894,5.273695468902588,249100,0.0,0.0
1994-08-04 00:00:00-04:00,5.273694932151101,5.347625255584717,5.273694932151101,5.347625255584717,322185,0.0,0.0
1994-08-05 00:00:00-04:00,5.3229828604831155,5.3229828604831155,5.224408784705083,5.24905252456665,214203,0.0,0.0
1994-08-08 00:00:00-04:00,5.249051638284578,5.347625255584717,5.2244079025840096,5.347625255584717,265903,0.0,0.0
1994-08-09 00:00:00-04:00,5.322979927062988,5.322979927062988,5.2736929163353565,5.322979927062988,271543,0.0,0.0
1994-08-10 00:00:00-04:00,5.322979927062988,5.347623211509865,5.24904963188848,5.322979927062988,165205,0.0,0.0
1994-08-11 00:00:00-04:00,5.3229828604831155,5.347626158510564,5.224408784705083,5.24905252456665,174605,0.0,0.0
1994-08-12 00:00:00-04:00,5.249051638284578,5.372268549451241,5.2244079025840096,5.347625255584717,185063,0.0,0.0
1994-08-15 00:00:00-04:00,5.347626158510564,5.347626158510564,5.24905252456665,5.24905252456665,159565,0.0,0.0
1994-08-16 00:00:00-04:00,5.24905222857183,5.372269153594971,5.2244084900999255,5.372269153594971,191878,0.0,0.0
1994-08-17 00:00:00-04:00,5.347627850911549,5.372271156738036,5.298340797424316,5.298340797424316,99993,0.0,0.0
1994-08-18 00:00:00-04:00,5.249050928412718,5.273694218946529,5.224407196044922,5.224407196044922,138063,0.0,0.0
1994-08-19 00:00:00-04:00,5.2736929163353565,5.322979927062988,5.24904963188848,5.322979927062988,187648,0.0,0.0
1994-08-22 00:00:00-04:00,5.273695468902588,5.322982503486066,5.273695468902588,5.273695468902588,86715,0.0,0.0
1994-08-23 00:00:00-04:00,5.298338226017625,5.396912285151809,5.298338226017625,5.347625255584717,209738,0.0,0.0
1994-08-24 00:00:00-04:00,5.347623211509865,5.372266495956743,5.298336200782234,5.322979927062988,92003,0.0,0.0
1994-08-25 00:00:00-04:00,5.347627850911549,5.396914904398783,5.298340797424316,5.298340797424316,232533,0.0,0.0
1994-08-26 00:00:00-04:00,5.3229819617181935,5.396912285151809,5.298338226017625,5.347625255584717,296805,0.0,0.0
1994-08-29 00:00:00-04:00,5.322982560319352,5.396912892066875,5.322982560319352,5.372269153594971,212793,0.0,0.0
1994-08-30 00:00:00-04:00,5.396912892066875,5.396912892066875,5.372269153594971,5.372269153594971,75200,0.0,0.0
1994-08-31 00:00:00-04:00,5.347625856957161,5.421556188704685,5.347625856957161,5.372269153594971,258618,0.0,0.0
1994-09-01 00:00:00-04:00,5.34762579986076,5.34762579986076,5.249052172527894,5.273695468902588,204568,0.0,0.0
1994-09-02 00:00:00-04:00,5.273695822594099,5.3229828604831155,5.224408784705083,5.24905252456665,171198,0.0,0.0
1994-09-06 00:00:00-04:00,5.199763605714489,5.2244064508995605,5.125833302823584,5.175119876861572,241463,0.0,0.0
1994-09-07 00:00:00-04:00,5.15048015328149,5.15048015328149,5.101193103309575,5.1258368492126465,264845,0.0,0.0
1994-09-08 00:00:00-04:00,5.101189573970668,5.199763605714489,5.101189573970668,5.175119876861572,331585,0.0,0.0
1994-09-09 00:00:00-04:00,5.1258368492126465,5.15048015328149,5.101193103309575,5.1258368492126465,444385,0.0,0.0
1994-09-12 00:00:00-04:00,5.101190916183742,5.125834651520859,5.076547622680664,5.076547622680664,215143,0.0,0.0
1994-09-13 00:00:00-04:00,5.076548698801142,5.125835738089142,5.051905400074208,5.101191997528076,543438,0.0,0.0
1994-09-14 00:00:00-04:00,5.125835814045494,5.125835814045494,5.002618434916682,5.027261734008789,4813858,0.0,0.0
1994-09-15 00:00:00-04:00,5.030279159545898,5.030279159545898,4.979976205611568,5.030279159545898,685260,0.438298,0.0
1994-09-16 00:00:00-04:00,4.97997810121143,5.005129813223103,4.929675579071045,4.929675579071045,1371460,0.0,0.0
1994-09-19 00:00:00-04:00,4.979974781044891,5.030277720589613,4.954823536743121,5.005126476287842,188588,0.0,0.0
1994-09-20 00:00:00-04:00,4.97997810121143,4.97997810121143,4.929675579071045,4.929675579071045,224543,0.0,0.0
1994-09-21 00:00:00-04:00,4.929675579071045,4.954826840141238,4.879372605989179,4.929675579071045,273188,0.0,0.0
1994-09-22 00:00:00-04:00,4.979974781044891,5.055428964891383,4.979974781044891,5.005126476287842,345333,0.0,0.0
1994-09-23 00:00:00-04:00,4.979974781044891,5.030277720589613,4.979974781044891,5.005126476287842,192348,0.0,0.0
1994-09-26 00:00:00-04:00,4.979976205611568,5.030279159545898,4.979976205611568,5.030279159545898,88008,0.0,0.0
1994-09-27 00:00:00-04:00,5.030277720589613,5.055428964891383,5.005126476287842,5.005126476287842,185768,0.0,0.0
1994-09-28 00:00:00-04:00,5.005127908049388,5.055430411042409,5.005127908049388,5.030279159545898,504310,0.0,0.0
1994-09-29 00:00:00-04:00,5.0051284057790735,5.080582618713379,5.0051284057790735,5.080582618713379,203393,0.0,0.0
1994-09-30 00:00:00-04:00,5.130885124206543,5.130885124206543,5.080582616235773,5.130885124206543,152985,0.0,0.0
1994-10-03 00:00:00-04:00,5.105734825134277,5.105734825134277,5.055431856814113,5.105734825134277,150753,0.0,0.0
1994-10-04 00:00:00-04:00,5.0805821134802285,5.105733364976739,5.030279159545898,5.030279159545898,211970,0.0,0.0
1994-10-05 00:00:00-04:00,5.005126476287842,5.030277720589613,4.979974781044891,5.005126476287842,166380,0.0,0.0
1994-10-06 00:00:00-04:00,5.005127908049388,5.055430411042409,4.979976205611568,5.030279159545898,127253,0.0,0.0
1994-10-07 00:00:00-04:00,5.030278686324903,5.080581635527008,5.005127437194484,5.055429935455322,172960,0.0,0.0
1994-10-10 00:00:00-04:00,5.080582618713379,5.130885126708679,5.055430913774375,5.080582618713379,145113,0.0,0.0
1994-10-11 00:00:00-04:00,5.130885615990971,5.2063398361206055,5.105734359594892,5.2063398361206055,213028,0.0,0.0
1994-10-12 00:00:00-04:00,5.181187152862549,5.206338402332153,5.156035903392944,5.181187152862549,202100,0.0,0.0
1994-10-13 00:00:00-04:00,5.231488714631946,5.2566399574279785,5.206337020894761,5.2566399574279785,137005,0.0,0.0
1994-10-14 00:00:00-04:00,5.256640002790986,5.306942939758301,5.231488759777907,5.306942939758301,115503,0.0,0.0
1994-10-17 00:00:00-04:00,5.281791200224011,5.357245379553261,5.231488714631946,5.2566399574279785,217845,0.0,0.0
1994-10-18 00:00:00-04:00,5.281791200224011,5.306942893961196,5.231488714631946,5.2566399574279785,364603,0.0,0.0
1994-10-19 00:00:00-04:00,5.256642799854161,5.256642799854161,5.181188579724526,5.2063398361206055,128780,0.0,0.0
1994-10-20 00:00:00-04:00,5.23148816415704,5.256639404306574,5.105731061527162,5.156033992767334,214555,0.0,0.0
1994-10-21 00:00:00-04:00,5.156035903392944,5.181187152862549,5.130884202982067,5.181187152862549,156040,0.0,0.0
1994-10-24 00:00:00-04:00,5.156035833859533,5.181187082989951,5.030278686324903,5.055429935455322,266373,0.0,0.0
1994-10-25 00:00:00-04:00,5.055431856814113,5.130886083823642,5.030280598124749,5.105734825134277,510068,0.0,0.0
1994-10-26 00:00:00-04:00,5.156036829133281,5.181188083118667,5.105733870221158,5.130885124206543,89653,0.0,0.0
1994-10-27 00:00:00-04:00,5.181188579724526,5.2063398361206055,5.130885615990971,5.2063398361206055,273305,0.0,0.0
1994-10-28 00:00:00-04:00,5.206337065823671,5.332093731830223,5.206337065823671,5.306942939758301,337225,0.0,0.0
1994-10-31 00:00:00-05:00,5.306942939758301,5.332093731830223,5.281791245804065,5.306942939758301,351325,0.0,0.0
1994-11-01 00:00:00-05:00,5.256642799854161,5.281794056250241,5.156037323328447,5.2063398361206055,184828,0.0,0.0
1994-11-02 00:00:00-05:00,5.2063398361206055,5.256642799854161,5.181188579724526,5.2063398361206055,175310,0.0,0.0
1994-11-03 00:00:00-05:00,5.206337065823671,5.332093731830223,5.206337065823671,5.306942939758301,699243,0.0,0.0
1994-11-04 00:00:00-05:00,5.306946269869458,5.306946269869458,5.206340332804559,5.231492042541504,192583,0.0,0.0
1994-11-07 00:00:00-05:00,5.181189074009054,5.256643301337009,5.1560378152135495,5.231492042541504,120085,0.0,0.0
1994-11-08 00:00:00-05:00,5.231488724487729,5.2817912101745605,5.20633703070316,5.2817912101745605,362488,0.0,0.0
1994-11-09 00:00:00-05:00,5.281794056250241,5.306945763587716,5.156037323328447,5.2063398361206055,143820,0.0,0.0
1994-11-10 00:00:00-05:00,5.231488724487729,5.2817912101745605,5.181185787859745,5.2817912101745605,1516338,0.0,0.0
1994-11-11 00:00:00-05:00,5.256643301337009,5.281794560132514,5.231492042541504,5.231492042541504,1128470,0.0,0.0
1994-11-14 00:00:00-05:00,5.2566399574279785,5.2566399574279785,5.231488714631946,5.2566399574279785,118205,0.0,0.0
1994-11-15 00:00:00-05:00,5.2063398361206055,5.256642799854161,5.2063398361206055,5.2063398361206055,129133,0.0,0.0
1994-11-16 00:00:00-05:00,5.206337020894761,5.2566399574279785,5.206337020894761,5.2566399574279785,137240,0.0,0.0
1994-11-17 00:00:00-05:00,5.256639404306574,5.256639404306574,5.156033992767334,5.156033992767334,103283,0.0,0.0
1994-11-18 00:00:00-05:00,5.181188579724526,5.231491543458081,5.156037323328447,5.2063398361206055,664110,0.0,0.0
1994-11-21 00:00:00-05:00,5.206336473066401,5.256639404306574,5.156033992767334,5.156033992767334,100815,0.0,0.0
1994-11-22 00:00:00-05:00,5.130884202982067,5.231490102743031,5.1057329535124625,5.181187152862549,313255,0.0,0.0
1994-11-23 00:00:00-05:00,5.13088332913401,5.332094192504883,5.10573208394795,5.332094192504883,470118,0.0,0.0
1994-11-25 00:00:00-05:00,5.332093731830223,5.357245425784458,5.281791245804065,5.306942939758301,117265,0.0,0.0
1994-11-28 00:00:00-05:00,5.281795475564143,5.407552242279053,5.231492949254786,5.407552242279053,466710,0.0,0.0
1994-11-29 00:00:00-05:00,5.407547986028928,5.457850923686648,5.357245499312372,5.432699680328369,368010,0.0,0.0
1994-11-30 00:00:00-05:00,5.432702041706238,5.432702041706238,5.357247827893317,5.382399082183838,177543,0.0,0.0
1994-12-01 00:00:00-05:00,5.332093695861391,5.332093695861391,5.2817912101745605,5.2817912101745605,131483,0.0,0.0
1994-12-02 00:00:00-05:00,5.281795475564143,5.407552242279053,5.281795475564143,5.407552242279053,141823,0.0,0.0
1994-12-05 00:00:00-05:00,5.3823986334541845,5.508155796305153,5.3823986334541845,5.483004093170166,205273,0.0,0.0
1994-12-06 00:00:00-05:00,5.483003170178562,5.5333061170393725,5.457851922218779,5.50815486907959,285760,0.0,0.0
1994-12-07 00:00:00-05:00,5.483006482684606,5.508158196780801,5.407552242279053,5.407552242279053,142410,0.0,0.0
1994-12-08 00:00:00-05:00,5.407550336474358,5.483004550287279,5.357247827893317,5.382399082183838,512770,0.0,0.0
1994-12-09 00:00:00-05:00,5.382396742670649,5.432699680328369,5.33209380501293,5.432699680328369,860218,0.0,0.0
1994-12-12 00:00:00-05:00,5.432700674258997,5.5333061170393725,5.432700674258997,5.50815486907959,2073170,0.0,0.0
1994-12-13 00:00:00-05:00,5.459966333700237,5.5881342834696115,5.459966333700237,5.511233329772949,838480,0.438298,0.0
1994-12-14 00:00:00-05:00,5.536865045374404,5.536865045374404,5.485597610473633,5.485597610473633,1080648,0.0,0.0
1994-12-15 00:00:00-05:00,5.485597610473633,5.536865045374404,5.485597610473633,5.485597610473633,803818,0.0,0.0
1994-12-16 00:00:00-05:00,5.511230422870326,5.511230422870326,5.408696484806503,5.434329509735107,727913,0.0,0.0
1994-12-19 00:00:00-05:00,5.434328367250396,5.434328367250396,5.331794450742767,5.383061408996582,3573293,0.0,0.0
1994-12-20 00:00:00-05:00,5.357427929869675,5.408695347710744,5.331794450742767,5.383061408996582,218080,0.0,0.0
1994-12-21 00:00:00-05:00,5.408696174621582,5.4343291980801505,5.383062231988363,5.408696174621582,881838,0.0,0.0
1994-12-22 00:00:00-05:00,5.434329509735107,5.459963453838414,5.408696484806503,5.434329509735107,231828,0.0,0.0
1994-12-23 00:00:00-05:00,5.459963453838414,5.459963453838414,5.408696484806503,5.434329509735107,697950,0.0,0.0
1994-12-27 00:00:00-05:00,5.459963453838414,5.459963453838414,5.408696484806503,5.434329509735107,113505,0.0,0.0
1994-12-28 00:00:00-05:00,5.434329509735107,5.459963453838414,5.408696484806503,5.434329509735107,196578,0.0,0.0
1994-12-29 00:00:00-05:00,5.434328367250396,5.434328367250396,5.383061408996582,5.383061408996582,93530,0.0,0.0
1994-12-30 00:00:00-05:00,5.383062032817682,5.408695974502456,5.331795068622748,5.357428550720215,166263,0.0,0.0
1995-01-03 00:00:00-05:00,5.357428550720215,5.383062032817682,5.2805276448405065,5.357428550720215,350033,0.0,0.0
1995-01-04 00:00:00-05:00,5.35742874894247,5.4343291980801505,5.35742874894247,5.408696174621582,291870,0.0,0.0
1995-01-05 00:00:00-05:00,5.383061408996582,5.408695347710744,5.357427929869675,5.383061408996582,87890,0.0,0.0
1995-01-06 00:00:00-05:00,5.408697147503587,5.485597610473633,5.383063200259498,5.485597610473633,203980,0.0,0.0
1995-01-09 00:00:00-05:00,5.4855969383543695,5.4855969383543695,5.434329509735107,5.434329509735107,104340,0.0,0.0
1995-01-10 00:00:00-05:00,5.4599641228169515,5.5624985330310865,5.434330175572862,5.485597610473633,782668,0.0,0.0
1995-01-11 00:00:00-05:00,5.5368642329597035,5.5368642329597035,5.434329378202927,5.459963321685791,391628,0.0,0.0
1995-01-12 00:00:00-05:00,5.4599641228169515,5.485597610473633,5.4599641228169515,5.485597610473633,116795,0.0,0.0
1995-01-13 00:00:00-05:00,5.511233329772949,5.562500785433255,5.511233329772949,5.511233329772949,125960,0.0,0.0
1995-01-16 00:00:00-05:00,5.562497811465203,5.665032208378601,5.536864327133691,5.613765239715576,257090,0.0,0.0
1995-01-17 00:00:00-05:00,5.613767288387165,5.613767288387165,5.588133335113525,5.588133335113525,238290,0.0,0.0
1995-01-18 00:00:00-05:00,5.562499523162842,5.588133015382317,5.536866030943367,5.562499523162842,299625,0.0,0.0
1995-01-19 00:00:00-05:00,5.536862373352051,5.588129323924608,5.536862373352051,5.536862373352051,149225,0.0,0.0
1995-01-20 00:00:00-05:00,5.562499841427401,5.588133335113525,5.511232394467639,5.588133335113525,248513,0.0,0.0
1995-01-23 00:00:00-05:00,5.562497050224147,5.6906653735162624,5.536863569400638,5.665031433105469,208093,0.0,0.0
1995-01-24 00:00:00-05:00,5.665034628048533,5.716302078196443,5.6394011327683495,5.69066858291626,225248,0.0,0.0
1995-01-25 00:00:00-05:00,5.716299057006836,5.74193253873916,5.690665575274511,5.716299057006836,112095,0.0,0.0
1995-01-26 00:00:00-05:00,5.716302078196443,5.741935573476626,5.665034628048533,5.69066858291626,536858,0.0,0.0
1995-01-27 00:00:00-05:00,5.69066858291626,5.69066858291626,5.665034628048533,5.69066858291626,391158,0.0,0.0
1995-01-30 00:00:00-05:00,5.665031433105469,5.6906653735162624,5.63939795228196,5.665031433105469,502078,0.0,0.0
1995-01-31 00:00:00-05:00,5.716297961625715,5.7931988516739175,5.690664484805385,5.741931438446045,274598,0.0,0.0
1995-02-01 00:00:00-05:00,5.793203023624536,5.793203023624536,5.69066858291626,5.69066858291626,822500,0.0,0.0
1995-02-02 00:00:00-05:00,5.716297961625715,5.741931438446045,5.690664484805385,5.741931438446045,782080,0.0,0.0
1995-02-03 00:00:00-05:00,5.818835758951285,5.947004137788201,5.818835758951285,5.8957366943359375,600895,0.0,0.0
1995-02-06 00:00:00-05:00,5.895736372920192,5.895736372920192,5.870102882385254,5.870102882385254,165440,0.0,0.0
1995-02-07 00:00:00-05:00,5.921369552612305,5.921369552612305,5.8701021186253834,5.921369552612305,303150,0.0,0.0
1995-02-08 00:00:00-05:00,5.947003039812065,5.972636527011826,5.921369552612305,5.921369552612305,265785,0.0,0.0
1995-02-09 00:00:00-05:00,5.921369651329973,5.94700313895708,5.767567806392513,5.8188347816467285,428170,0.0,0.0
1995-02-10 00:00:00-05:00,5.818837808517416,5.818837808517416,5.741936846045978,5.793204307556152,242755,0.0,0.0
1995-02-13 00:00:00-05:00,5.793204307556152,5.818837808517416,5.767570806594889,5.793204307556152,181655,0.0,0.0
1995-02-14 00:00:00-05:00,5.818834684638462,5.921369552612305,5.818834684638462,5.921369552612305,288933,0.0,0.0
1995-02-15 00:00:00-05:00,5.921374451236487,5.972641468048096,5.8957404832429035,5.972641468048096,284585,0.0,0.0
1995-02-16 00:00:00-05:00,5.99827543604168,5.99827543604168,5.947007959642292,5.972641468048096,221605,0.0,0.0
1995-02-17 00:00:00-05:00,5.972641468048096,5.99827543604168,5.947007959642292,5.972641468048096,264140,0.0,0.0
1995-02-21 00:00:00-05:00,5.972641468048096,6.023908944447484,5.972641468048096,5.972641468048096,358258,0.0,0.0
1995-02-22 00:00:00-05:00,5.998270360027163,6.023903846740723,5.972636413726214,6.023903846740723,158038,0.0,0.0
1995-02-23 00:00:00-05:00,6.023904772952194,6.075172213849379,5.9470038414001465,5.9470038414001465,915560,0.0,0.0
1995-02-24 00:00:00-05:00,5.972637304112464,5.972637304112464,5.870102882385254,5.870102882385254,192935,0.0,0.0
1995-02-27 00:00:00-05:00,5.895736372920192,5.895736372920192,5.818835441727919,5.870102882385254,268135,0.0,0.0
1995-02-28 00:00:00-05:00,5.870102882385254,5.895736372920192,5.844469391850317,5.870102882385254,137005,0.0,0.0
1995-03-01 00:00:00-05:00,5.844468728861243,5.870102216488351,5.8188347816467285,5.8188347816467285,779848,0.0,0.0
1995-03-02 00:00:00-05:00,5.818832328494247,5.870099741722121,5.741931438446045,5.741931438446045,493030,0.0,0.0
1995-03-03 00:00:00-05:00,5.741931438446045,5.741931438446045,5.716297961625715,5.741931438446045,309025,0.0,0.0
1995-03-06 00:00:00-05:00,5.7162988543397715,5.741932335163281,5.665031433105469,5.665031433105469,233473,0.0,0.0
1995-03-07 00:00:00-05:00,5.665034628048533,5.716302078196443,5.6394011327683495,5.69066858291626,674568,0.0,0.0
1995-03-08 00:00:00-05:00,5.7162988543397715,5.741932335163281,5.665031433105469,5.665031433105469,336403,0.0,0.0
1995-03-09 00:00:00-05:00,5.665034628048533,5.716302078196443,5.665034628048533,5.69066858291626,136770,0.0,0.0
1995-03-10 00:00:00-05:00,5.7163033450847145,5.793204307556152,5.690669844123451,5.793204307556152,152868,0.0,0.0
1995-03-13 00:00:00-05:00,5.793203516228143,5.793203516228143,5.7163025642610625,5.7675700187683105,86833,0.0,0.0
1995-03-14 00:00:00-05:00,5.7675700187683105,5.793203516228143,5.7675700187683105,5.7675700187683105,160388,0.0,0.0
1995-03-15 00:00:00-05:00,5.74193253873916,5.767566480058787,5.690665575274511,5.716299057006836,268253,0.0,0.0
1995-03-16 00:00:00-05:00,5.667205223809139,5.745553704702286,5.667205223809139,5.693321228027344,813100,0.438298,0.0
1995-03-17 00:00:00-05:00,5.693317985192508,5.693317985192508,5.588853559582644,5.667201995849609,1769550,0.0,0.0
1995-03-20 00:00:00-05:00,5.641088485717773,5.667204486538436,5.588856015837975,5.641088485717773,132540,0.0,0.0
1995-03-21 00:00:00-05:00,5.562738418579102,5.6149704052304825,5.536621957015073,5.562738418579102,194580,0.0,0.0
1995-03-22 00:00:00-05:00,5.588852882385254,5.614968868563698,5.5366204417901566,5.588852882385254,211618,0.0,0.0
1995-03-23 00:00:00-05:00,5.614972747134197,5.693321228027344,5.562740738697789,5.693321228027344,236880,0.0,0.0
1995-03-24 00:00:00-05:00,5.69332065252817,5.823901596896716,5.69332065252817,5.719437122344971,459895,0.0,0.0
1995-03-27 00:00:00-05:00,5.7716691255016,5.7716691255016,5.69332065252817,5.719437122344971,112565,0.0,0.0
1995-03-28 00:00:00-05:00,5.745553704702286,5.745553704702286,5.693321228027344,5.693321228027344,119145,0.0,0.0
1995-03-29 00:00:00-05:00,5.693321228027344,5.797786181377228,5.693321228027344,5.693321228027344,188588,0.0,0.0
1995-03-30 00:00:00-05:00,5.745552435693053,5.771668434143066,5.693319970554596,5.771668434143066,223250,0.0,0.0
1995-03-31 00:00:00-05:00,5.7716691255016,5.7716691255016,5.69332065252817,5.719437122344971,186590,0.0,0.0
1995-04-03 00:00:00-04:00,5.693315821219974,5.771664227707491,5.667199841803498,5.745548248291016,442858,0.0,0.0
1995-04-04 00:00:00-04:00,5.745548475334645,5.876129314053294,5.745548475334645,5.823896884918213,313138,0.0,0.0
1995-04-05 00:00:00-04:00,5.82389686276438,6.006709661684592,5.797780882415237,5.980593681335449,247925,0.0,0.0
1995-04-06 00:00:00-04:00,5.980595289354786,6.03282773233506,5.90224685900349,5.928362846374512,188235,0.0,0.0
1995-04-07 00:00:00-04:00,5.954477700986306,6.006709661684592,5.876129291700772,5.980593681335449,148873,0.0,0.0
1995-04-10 00:00:00-04:00,5.954477700986306,6.006709661684592,5.928361252399058,5.980593681335449,108335,0.0,0.0
1995-04-11 00:00:00-04:00,5.980596449398641,5.980596449398641,5.876132011413574,5.876132011413574,196930,0.0,0.0
1995-04-12 00:00:00-04:00,5.876129314053294,5.902245294501781,5.823896884918213,5.823896884918213,117148,0.0,0.0
1995-04-13 00:00:00-04:00,5.850016117095947,5.928364570229474,5.823900122130894,5.850016117095947,176250,0.0,0.0
1995-04-17 00:00:00-04:00,5.876129314053294,5.902245294501781,5.823896884918213,5.823896884918213,535213,0.0,0.0
1995-04-18 00:00:00-04:00,5.850016117095947,5.850016117095947,5.7977841271658415,5.850016117095947,160270,0.0,0.0
1995-04-19 00:00:00-04:00,5.823900402500206,5.902248859405518,5.7977844062778985,5.902248859405518,118793,0.0,0.0
1995-04-20 00:00:00-04:00,5.928363996286946,5.928363996286946,5.876132011413574,5.876132011413574,83073,0.0,0.0
1995-04-21 00:00:00-04:00,5.928363313327851,5.928363313327851,5.797782897949219,5.797782897949219,235823,0.0,0.0
1995-04-24 00:00:00-04:00,5.823900402500206,5.928364855627825,5.7977844062778985,5.902248859405518,210678,0.0,0.0
1995-04-25 00:00:00-04:00,5.90224685900349,5.928362846374512,5.876130871632469,5.928362846374512,121495,0.0,0.0
1995-04-26 00:00:00-04:00,5.928364855627825,5.928364855627825,5.902248859405518,5.902248859405518,228185,0.0,0.0
1995-04-27 00:00:00-04:00,5.90224800385026,5.928363996286946,5.876132011413574,5.876132011413574,71088,0.0,0.0
1995-04-28 00:00:00-04:00,5.87613286318321,5.902248859405518,5.850016398722513,5.902248859405518,92120,0.0,0.0
1995-05-01 00:00:00-04:00,5.928364855627825,5.954481320088522,5.902248859405518,5.902248859405518,264375,0.0,0.0
1995-05-02 00:00:00-04:00,5.90224857526442,5.90224857526442,5.7977841271658415,5.850016117095947,215025,0.0,0.0
1995-05-03 00:00:00-04:00,5.87613286318321,5.902248859405518,5.87613286318321,5.902248859405518,154865,0.0,0.0
1995-05-04 00:00:00-04:00,5.928364570229474,5.980597028397947,5.850016117095947,5.850016117095947,183888,0.0,0.0
1995-05-05 00:00:00-04:00,5.902247247944216,5.980595683458444,5.8761312588522285,5.954479694366455,115738,0.0,0.0
1995-05-08 00:00:00-04:00,5.954479694366455,5.954479694366455,5.928363237036205,5.954479694366455,99053,0.0,0.0
1995-05-09 00:00:00-04:00,5.980598410331377,6.111179351806641,5.954482409331716,6.111179351806641,327708,0.0,0.0
1995-05-10 00:00:00-04:00,6.111178313069698,6.111178313069698,5.980597393789701,6.006713390350342,186590,0.0,0.0
1995-05-11 00:00:00-04:00,6.032828141345666,6.085060119628906,6.006711683965783,6.085060119628906,245458,0.0,0.0
1995-05-12 00:00:00-04:00,6.058944130487286,6.085060119628906,5.980595694824164,6.085060119628906,229830,0.0,0.0
1995-05-15 00:00:00-04:00,6.085058778184184,6.111175229806722,6.0328268114154255,6.058942794799805,132423,0.0,0.0
1995-05-16 00:00:00-04:00,6.0850628825685025,6.111179351806641,6.032830880569178,6.111179351806641,146640,0.0,0.0
1995-05-17 00:00:00-04:00,6.085058868022072,6.111175320030187,6.006710448474063,6.032826900482178,223485,0.0,0.0
1995-05-18 00:00:00-04:00,6.032829776993833,6.0589457732161405,5.902248859405518,5.902248859405518,122905,0.0,0.0
1995-05-19 00:00:00-04:00,5.87613286318321,5.928364855627825,5.87613286318321,5.902248859405518,161210,0.0,0.0
1995-05-22 00:00:00-04:00,5.928361252399058,6.006709661684592,5.902245272049915,5.980593681335449,254153,0.0,0.0
1995-05-23 00:00:00-04:00,5.980594464704116,6.032826900482178,5.928362028926054,6.032826900482178,227245,0.0,0.0
1995-05-24 00:00:00-04:00,6.0328281298806825,6.085060108064658,5.928363237036205,5.954479694366455,173665,0.0,0.0
1995-05-25 00:00:00-04:00,5.98059496444006,6.163407802581787,5.98059496444006,6.163407802581787,741543,0.0,0.0
1995-05-26 00:00:00-04:00,6.163407196575481,6.163407196575481,6.058942794799805,6.058942794799805,520408,0.0,0.0
1995-05-30 00:00:00-04:00,6.085061906065849,6.241758823394775,6.085061906065849,6.241758823394775,175428,0.0,0.0
1995-05-31 00:00:00-04:00,6.24175398139057,6.2939864027273495,6.189522028291827,6.2678704261779785,253330,0.0,0.0
1995-06-01 00:00:00-04:00,6.241760047281127,6.293992519378662,6.215644045351604,6.293992519378662,189175,0.0,0.0
1995-06-02 00:00:00-04:00,6.320105845003665,6.424570744962154,6.320105845003665,6.37233829498291,193170,0.0,0.0
1995-06-05 00:00:00-04:00,6.372337075245685,6.450685501098633,6.372337075245685,6.450685501098633,180950,0.0,0.0
1995-06-06 00:00:00-04:00,6.424570744962154,6.424570744962154,6.346222304112435,6.37233829498291,143938,0.0,0.0
1995-06-07 00:00:00-04:00,6.346218824064129,6.346218824064129,6.24175398139057,6.2678704261779785,127605,0.0,0.0
1995-06-08 00:00:00-04:00,6.241758926316468,6.267875391794196,6.189526931837829,6.215642929077148,129485,0.0,0.0
1995-06-09 00:00:00-04:00,6.189525310977333,6.189525310977333,6.08506041289962,6.137292861938477,196460,0.0,0.0
1995-06-12 00:00:00-04:00,6.1372918166296,6.267872682866951,6.1372918166296,6.163407802581787,140883,0.0,0.0
1995-06-13 00:00:00-04:00,6.189525603107711,6.320106029510498,6.189525603107711,6.320106029510498,567055,0.0,0.0
1995-06-14 00:00:00-04:00,6.2939864027273495,6.2939864027273495,6.24175398139057,6.2678704261779785,186825,0.0,0.0
1995-06-15 00:00:00-04:00,6.241758926316468,6.241758926316468,6.189526931837829,6.215642929077148,283998,0.0,0.0
1995-06-16 00:00:00-04:00,6.215640242724369,6.215640242724369,6.1372918166296,6.163407802581787,1589188,0.0,0.0
1995-06-19 00:00:00-04:00,6.140017509460449,6.166597519175538,6.0868570134725015,6.140017509460449,626628,0.438298,0.0
1995-06-20 00:00:00-04:00,6.1666000779832295,6.1666000779832295,6.113439559936523,6.113439559936523,850230,0.0,0.0
1995-06-21 00:00:00-04:00,6.1400194107065245,6.219759941101074,6.060278880311976,6.219759941101074,348388,0.0,0.0
1995-06-22 00:00:00-04:00,6.272916682761539,6.379237651824951,6.272916682761539,6.379237651824951,425938,0.0,0.0
1995-06-23 00:00:00-04:00,6.352658748626709,6.352658748626709,6.272918240308651,6.352658748626709,190820,0.0,0.0
1995-06-26 00:00:00-04:00,6.352657918804434,6.352657918804434,6.246337413787842,6.246337413787842,112683,0.0,0.0
1995-06-27 00:00:00-04:00,6.246339163448993,6.326079683686974,6.219759148888952,6.272919178009033,217493,0.0,0.0
1995-06-28 00:00:00-04:00,6.299498727453195,6.352658748626709,6.272918240308651,6.352658748626709,118205,0.0,0.0
1995-06-29 00:00:00-04:00,6.352659698247015,6.352659698247015,6.272919178009033,6.272919178009033,134068,0.0,0.0
1995-06-30 00:00:00-04:00,6.2994996691269325,6.326079683686974,6.219759148888952,6.272919178009033,199515,0.0,0.0
1995-07-03 00:00:00-04:00,6.246339163448993,6.272919178009033,6.219759148888952,6.272919178009033,40068,0.0,0.0
1995-07-05 00:00:00-04:00,6.219759941101074,6.299500471495623,6.193179446597611,6.219759941101074,136065,0.0,0.0
1995-07-06 00:00:00-04:00,6.219757901442809,6.326078414916992,6.166597406426836,6.326078414916992,288815,0.0,0.0
1995-07-07 00:00:00-04:00,6.272917420902559,6.299497904575,6.219757406673125,6.246337413787842,127370,0.0,0.0
1995-07-10 00:00:00-04:00,6.246339163448993,6.272919178009033,6.219759148888952,6.272919178009033,128545,0.0,0.0
1995-07-11 00:00:00-04:00,6.272917420902559,6.272917420902559,6.166596915885966,6.246337413787842,236175,0.0,0.0
1995-07-12 00:00:00-04:00,6.193179446597611,6.246339959046617,6.166599428652068,6.219759941101074,872320,0.0,0.0
1995-07-13 00:00:00-04:00,6.219760581468625,6.246340602150767,6.166600063546375,6.193180084228516,195403,0.0,0.0
1995-07-14 00:00:00-04:00,6.166600063546375,6.193180084228516,6.140020042864234,6.193180084228516,148285,0.0,0.0
1995-07-17 00:00:00-04:00,6.193176923000683,6.246337413787842,6.193176923000683,6.246337413787842,229830,0.0,0.0
1995-07-18 00:00:00-04:00,6.246340602150767,6.246340602150767,6.140020042864234,6.193180084228516,167203,0.0,0.0
1995-07-19 00:00:00-04:00,6.166597519175538,6.166597519175538,6.0071165077694655,6.140017509460449,419710,0.0,0.0
1995-07-20 00:00:00-04:00,6.11343702318759,6.193177528890626,6.11343702318759,6.140017509460449,368128,0.0,0.0
1995-07-21 00:00:00-04:00,6.1400200572388615,6.1400200572388615,6.113439559936523,6.113439559936523,134890,0.0,0.0
1995-07-24 00:00:00-04:00,6.140017509460449,6.166597519175538,6.11343702318759,6.140017509460449,338400,0.0,0.0
1995-07-25 00:00:00-04:00,6.1400194107065245,6.246339959046617,6.113438916203062,6.219759941101074,391980,0.0,0.0
1995-07-26 00:00:00-04:00,6.219760581468625,6.219760581468625,6.166600063546375,6.193180084228516,121730,0.0,0.0
1995-07-27 00:00:00-04:00,6.219757581069548,6.299498081207275,6.193177096651813,6.299498081207275,397503,0.0,0.0
1995-07-28 00:00:00-04:00,6.2994996691269325,6.2994996691269325,6.246339163448993,6.272919178009033,192935,0.0,0.0
1995-07-31 00:00:00-04:00,6.272919178009033,6.272919178009033,6.219759148888952,6.272919178009033,985825,0.0,0.0
1995-08-01 00:00:00-04:00,6.272917420902559,6.272917420902559,6.219757406673125,6.246337413787842,36190,0.0,0.0
1995-08-02 00:00:00-04:00,6.272920622832907,6.272920622832907,6.193180084228516,6.193180084228516,167908,0.0,0.0
1995-08-03 00:00:00-04:00,6.140020042864234,6.193180084228516,6.113439545624124,6.193180084228516,83660,0.0,0.0
1995-08-04 00:00:00-04:00,6.193179446597611,6.219759941101074,6.1400194107065245,6.219759941101074,212205,0.0,0.0
1995-08-07 00:00:00-04:00,6.246337413787842,6.272917420902559,6.219757406673125,6.246337413787842,55930,0.0,0.0
1995-08-08 00:00:00-04:00,6.272917420902559,6.272917420902559,6.246337413787842,6.246337413787842,53580,0.0,0.0
1995-08-09 00:00:00-04:00,6.246337413787842,6.272917420902559,6.246337413787842,6.246337413787842,107748,0.0,0.0
1995-08-10 00:00:00-04:00,6.272917420902559,6.272917420902559,6.246337413787842,6.246337413787842,174958,0.0,0.0
1995-08-11 00:00:00-04:00,6.246339163448993,6.272919178009033,6.219759148888952,6.272919178009033,128663,0.0,0.0
1995-08-14 00:00:00-04:00,6.272917596789541,6.299498081207275,6.246337588929545,6.299498081207275,235235,0.0,0.0
1995-08-15 00:00:00-04:00,6.326078414916992,6.352658424146097,6.272917919901019,6.326078414916992,292693,0.0,0.0
1995-08-16 00:00:00-04:00,6.299499363247789,6.405819892883301,6.299499363247789,6.405819892883301,274950,0.0,0.0
1995-08-17 00:00:00-04:00,6.40581924635801,6.40581924635801,6.326078738039952,6.352658748626709,104810,0.0,0.0
1995-08-18 00:00:00-04:00,6.379237651824951,6.379237651824951,6.3526571712802635,6.379237651824951,128193,0.0,0.0
1995-08-21 00:00:00-04:00,6.379239100007409,6.458979606628418,6.352658613428554,6.458979606628418,123610,0.0,0.0
1995-08-22 00:00:00-04:00,6.458977366091335,6.458977366091335,6.43239688873291,6.43239688873291,669868,0.0,0.0
1995-08-23 00:00:00-04:00,6.4589781403436755,6.4589781403436755,6.379237651824951,6.379237651824951,228890,0.0,0.0
1995-08-24 00:00:00-04:00,6.379236887131284,6.485557366892149,6.326076408972045,6.43239688873291,295278,0.0,0.0
1995-08-25 00:00:00-04:00,6.432399441085009,6.538720439591261,6.432399441085009,6.485559940338135,138885,0.0,0.0
1995-08-28 00:00:00-04:00,6.485564060511594,6.512144088745117,6.485564060511594,6.512144088745117,285290,0.0,0.0
1995-08-29 00:00:00-04:00,6.512144088745117,6.512144088745117,6.458984032278072,6.512144088745117,118910,0.0,0.0
1995-08-30 00:00:00-04:00,6.512141543864811,6.538722038269043,6.485561526018495,6.538722038269043,383755,0.0,0.0
1995-08-31 00:00:00-04:00,6.512141543864811,6.5653020561153586,6.512141543864811,6.538722038269043,124433,0.0,0.0
1995-09-01 00:00:00-04:00,6.538722038269043,6.552011808913242,6.512141543864811,6.538722038269043,141823,0.0,0.0
1995-09-05 00:00:00-04:00,6.565301895141602,6.591881912336206,6.538721877946998,6.565301895141602,144878,0.0,0.0
1995-09-06 00:00:00-04:00,6.5653020561153586,6.591882073961673,6.512141543864811,6.538722038269043,399853,0.0,0.0
1995-09-07 00:00:00-04:00,6.538720439591261,6.538720439591261,6.458979928990472,6.485559940338135,158273,0.0,0.0
1995-09-08 00:00:00-04:00,6.485559940338135,6.485559940338135,6.432399441085009,6.485559940338135,435573,0.0,0.0
1995-09-11 00:00:00-04:00,6.485559940338135,6.512139951685797,6.432399441085009,6.485559940338135,201630,0.0,0.0
1995-09-12 00:00:00-04:00,6.512141384194489,6.565301895141602,6.485561366999886,6.565301895141602,114680,0.0,0.0
1995-09-13 00:00:00-04:00,6.538722038269043,6.5653020561153586,6.538722038269043,6.538722038269043,668223,0.0,0.0
1995-09-14 00:00:00-04:00,6.565299212314342,6.618459701538086,6.538719205981325,6.618459701538086,308908,0.0,0.0
1995-09-15 00:00:00-04:00,6.618460330080553,6.618460330080553,6.565299835808259,6.591879844665527,364720,0.0,0.0
1995-09-18 00:00:00-04:00,6.565299835808259,6.591879844665527,6.538719826950989,6.591879844665527,1280750,0.0,0.0
1995-09-19 00:00:00-04:00,6.595123771245146,6.595123771245146,6.541065204900716,6.568094730377197,981360,0.438298,0.0
1995-09-20 00:00:00-04:00,6.568098034260281,6.622156143188477,6.541068495187408,6.622156143188477,962090,0.0,0.0
1995-09-21 00:00:00-04:00,6.622156143188477,6.649185682261351,6.595127088724379,6.622156143188477,117500,0.0,0.0
1995-09-22 00:00:00-04:00,6.568098034260281,6.649185682261351,6.541068495187408,6.622156143188477,184358,0.0,0.0
1995-09-25 00:00:00-04:00,6.622156143188477,6.649185682261351,6.595127088724379,6.622156143188477,99405,0.0,0.0
1995-09-26 00:00:00-04:00,6.649182763096582,6.7843284606933585,6.649182763096582,6.784328460693359,348270,0.0,0.0
1995-09-27 00:00:00-04:00,6.784326550549527,6.838385105133057,6.730268480574424,6.838385105133057,609473,0.0,0.0
1995-09-28 00:00:00-04:00,6.811361190342406,7.0275946020053945,6.811361190342406,6.973536491394043,496438,0.0,0.0
1995-09-29 00:00:00-04:00,7.000565062090928,7.054623657311071,6.9194778961739,6.973536491394043,308790,0.0,0.0
1995-10-02 00:00:00-04:00,6.946499824523925,6.973529336706709,6.919470796949436,6.946499824523926,126783,0.0,0.0
1995-10-03 00:00:00-04:00,6.946508330236429,7.054625057527148,6.946508330236429,7.0275959968566895,257090,0.0,0.0
1995-10-04 00:00:00-04:00,7.000561209964081,7.108678340911864,7.000561209964081,7.108678340911865,197048,0.0,0.0
1995-10-05 00:00:00-04:00,7.108678340911864,7.135707381344548,7.081648815870657,7.108678340911865,1554525,0.0,0.0
1995-10-06 00:00:00-04:00,7.108682659595805,7.108682659595805,7.000565462964402,7.081653118133545,1046103,0.0,0.0
1995-10-09 00:00:00-04:00,7.054621696472167,7.054621696472167,6.946505020691807,7.054621696472168,218785,0.0,0.0
1995-10-10 00:00:00-04:00,7.027590735005289,7.135707381344548,7.027590735005289,7.108678340911865,466358,0.0,0.0
1995-10-11 00:00:00-04:00,7.135707381344548,7.135707381344548,7.054619775437973,7.108678340911865,218080,0.0,0.0
1995-10-12 00:00:00-04:00,7.108682659595805,7.108682659595805,7.054624061280103,7.081653118133545,126078,0.0,0.0
1995-10-13 00:00:00-04:00,7.108682659595805,7.135711716449245,7.0275950044266615,7.081653118133545,809223,0.0,0.0
1995-10-16 00:00:00-04:00,7.054621696472167,7.081650744265094,6.973534553093389,7.054621696472168,171080,0.0,0.0
1995-10-17 00:00:00-04:00,7.108678340911864,7.135707381344548,7.054619775437973,7.108678340911865,156040,0.0,0.0
1995-10-18 00:00:00-04:00,7.135706900414888,7.1897654622453615,7.081648338584414,7.162735939025879,232415,0.0,0.0
1995-10-19 00:00:00-04:00,7.162740642967725,7.243828296661377,7.162740642967725,7.243828296661377,332408,0.0,0.0
1995-10-20 00:00:00-04:00,7.243824938319894,7.32491255442016,7.216795894489334,7.2978835105896,359550,0.0,0.0
1995-10-23 00:00:00-04:00,7.27085304049671,7.3519406406907,7.27085304049671,7.324911117553711,197870,0.0,0.0
1995-10-24 00:00:00-04:00,7.324912058930025,7.351941585540771,7.270853974925637,7.3519415855407715,268723,0.0,0.0
1995-10-25 00:00:00-04:00,7.351941576553637,7.405999660491943,7.324912049975932,7.405999660491943,137710,0.0,0.0
1995-10-26 00:00:00-04:00,7.378970627542965,7.405999669545158,7.297883016927831,7.3519415855407715,242285,0.0,0.0
1995-10-27 00:00:00-04:00,7.351942082859305,7.351942082859305,7.189766850658773,7.2978835105896,260850,0.0,0.0
1995-10-30 00:00:00-05:00,7.297883016927831,7.351941585540771,7.297883016927831,7.3519415855407715,298920,0.0,0.0
1995-10-31 00:00:00-05:00,7.351942082859305,7.378971126689866,7.2978835105896,7.2978835105896,178248,0.0,0.0
1995-11-01 00:00:00-05:00,7.297883016927831,7.378970627542965,7.297883016927831,7.3519415855407715,197870,0.0,0.0
1995-11-02 00:00:00-05:00,7.351939205578185,7.405997272082948,7.351939205578185,7.378968238830566,128663,0.0,0.0
1995-11-03 00:00:00-05:00,7.378970627542965,7.405999669545158,7.297883016927831,7.3519415855407715,289050,0.0,0.0
1995-11-06 00:00:00-05:00,7.2978868939934145,7.2978868939934145,7.243828296661377,7.243828296661377,346625,0.0,0.0
1995-11-07 00:00:00-05:00,7.270854500324702,7.270854500324702,7.162737355286171,7.189766883850098,272835,0.0,0.0
1995-11-08 00:00:00-05:00,7.21679495421328,7.270853519439696,7.189765913904333,7.270853519439697,325240,0.0,0.0
1995-11-09 00:00:00-05:00,7.270853519439696,7.297882559748643,7.162736388986864,7.270853519439697,182948,0.0,0.0
1995-11-10 00:00:00-05:00,7.216795927805436,7.243824971760775,7.135708311330832,7.189766883850098,383403,0.0,0.0
1995-11-13 00:00:00-05:00,7.189765943838942,7.189765943838942,7.108678337965969,7.135707378387451,810868,0.0,0.0
1995-11-14 00:00:00-05:00,7.135707381344548,7.135707381344548,7.054619775437973,7.108678340911865,215613,0.0,0.0
1995-11-15 00:00:00-05:00,7.081648815870657,7.108678340911864,7.054619775437973,7.108678340911865,288228,0.0,0.0
1995-11-16 00:00:00-05:00,7.135711716449245,7.135711716449245,7.0275950044266615,7.081653118133545,458720,0.0,0.0
1995-11-17 00:00:00-05:00,7.108678340911864,7.108678340911864,7.081648815870657,7.108678340911865,332290,0.0,0.0
1995-11-20 00:00:00-05:00,7.108682659595805,7.108682659595805,7.0275950044266615,7.081653118133545,148050,0.0,0.0
1995-11-21 00:00:00-05:00,7.054621696472167,7.081650744265094,7.054621696472167,7.054621696472168,243578,0.0,0.0
1995-11-22 00:00:00-05:00,7.054621696472167,7.081650744265094,7.000563116277659,7.054621696472168,102930,0.0,0.0
1995-11-24 00:00:00-05:00,7.000563116277659,7.054621696472167,7.000563116277659,7.054621696472168,60748,0.0,0.0
1995-11-27 00:00:00-05:00,7.054621696472167,7.081650744265094,7.027592648679241,7.054621696472168,584210,0.0,0.0
1995-11-28 00:00:00-05:00,7.081648815870657,7.108678340911864,7.054619775437973,7.108678340911865,275538,0.0,0.0
1995-11-29 00:00:00-05:00,7.135706900414888,7.162735939025879,7.135706900414888,7.162735939025879,248160,0.0,0.0
1995-11-30 00:00:00-05:00,7.1627383722525275,7.1627383722525275,7.054621696472167,7.054621696472168,382463,0.0,0.0
1995-12-01 00:00:00-05:00,7.081648815870657,7.135707381344548,7.081648815870657,7.108678340911865,216905,0.0,0.0
1995-12-04 00:00:00-05:00,7.135708311330832,7.216795927805436,7.135708311330832,7.189766883850098,208328,0.0,0.0
1995-12-05 00:00:00-05:00,7.189765913904333,7.324911600057591,7.189765913904333,7.270853519439697,276243,0.0,0.0
1995-12-06 00:00:00-05:00,7.297883008006779,7.433029187069648,7.297883008006779,7.405999660491943,895703,0.0,0.0
1995-12-07 00:00:00-05:00,7.297882559748643,7.297882559748643,7.243823994522227,7.270853519439697,206095,0.0,0.0
1995-12-08 00:00:00-05:00,7.324912058930025,7.378970627542965,7.297883016927831,7.3519415855407715,241463,0.0,0.0
1995-12-11 00:00:00-05:00,7.297883016927831,7.405999669545158,7.297883016927831,7.3519415855407715,660820,0.0,0.0
1995-12-12 00:00:00-05:00,7.351939205578185,7.378968238830567,7.324909687717408,7.378968238830566,2739630,0.0,0.0
1995-12-13 00:00:00-05:00,7.382265567779541,7.409708776897889,7.327378657508614,7.382265567779541,575045,0.438298,0.0
1995-12-14 00:00:00-05:00,7.437152093129898,7.54692591525277,7.4097088836162985,7.464595794677734,903340,0.0,0.0
1995-12-15 00:00:00-05:00,7.492034912109376,7.546921793192092,7.464591717585002,7.492034912109375,733905,0.0,0.0
1995-12-18 00:00:00-05:00,7.4645925983939225,7.546922683715819,7.4371489085972735,7.54692268371582,363780,0.0,0.0
1995-12-19 00:00:00-05:00,7.519483464028394,7.574370384216308,7.492040249951595,7.574370384216309,394213,0.0,0.0
1995-12-20 00:00:00-05:00,7.574367605312092,7.574367605312092,7.464594297244505,7.5194807052612305,156628,0.0,0.0
1995-12-21 00:00:00-05:00,7.546922683715819,7.574365881478443,7.51947899391917,7.54692268371582,360020,0.0,0.0
1995-12-22 00:00:00-05:00,7.54692717013951,7.6018135982931065,7.54692717013951,7.574370384216309,96585,0.0,0.0
1995-12-26 00:00:00-05:00,7.574370384216308,7.6018135982931065,7.54692717013951,7.574370384216309,203158,0.0,0.0
1995-12-27 00:00:00-05:00,7.574368202823336,7.601811408996581,7.574368202823336,7.601811408996582,131483,0.0,0.0
1995-12-28 00:00:00-05:00,7.60181233427997,7.6566992453414064,7.464595794677734,7.464595794677734,156393,0.0,0.0
1995-12-29 00:00:00-05:00,7.492040249951595,7.6018135982931065,7.382266901610084,7.574370384216309,313138,0.0,0.0
1996-01-02 00:00:00-05:00,7.546925851442539,7.684142389884591,7.519482150126742,7.656699180603027,493030,0.0,0.0
1996-01-03 00:00:00-05:00,7.656698615154049,7.739028728952875,7.656698615154049,7.711585521697998,170963,0.0,0.0
1996-01-04 00:00:00-05:00,7.6841415195504945,7.766471630104408,7.574368202823336,7.601811408996582,648013,0.0,0.0
1996-01-05 00:00:00-05:00,7.546925294100346,7.711585521697998,7.546925294100346,7.711585521697998,603833,0.0,0.0
1996-01-08 00:00:00-05:00,7.656698615154049,7.711585521697998,7.629255407899172,7.711585521697998,88713,0.0,0.0
1996-01-09 00:00:00-05:00,7.684141822408926,7.766471936207752,7.629255407899172,7.711585521697998,258500,0.0,0.0
1996-01-10 00:00:00-05:00,7.656701755245264,7.73903190280852,7.6292585367356445,7.684144973754883,366483,0.0,0.0
1996-01-11 00:00:00-05:00,7.711585521697998,7.711585521697998,7.574368501355223,7.711585521697998,286230,0.0,0.0
1996-01-12 00:00:00-05:00,7.766472509763515,7.766472509763515,7.629255971321463,7.656699180603027,227245,0.0,0.0
1996-01-15 00:00:00-05:00,7.629255971321463,7.684142389884591,7.629255971321463,7.656699180603027,123375,0.0,0.0
1996-01-16 00:00:00-05:00,7.711583081465527,7.766469478607178,7.684139390860662,7.766469478607178,653300,0.0,0.0
1996-01-17 00:00:00-05:00,7.766473195790946,7.903690238387874,7.766473195790946,7.821360111236572,398560,0.0,0.0
1996-01-18 00:00:00-05:00,7.793913169212043,7.793913169212043,7.739026280036352,7.766469478607178,324770,0.0,0.0
1996-01-19 00:00:00-05:00,7.711583081465527,7.821356367782869,7.711583081465527,7.766469478607178,267665,0.0,0.0
1996-01-22 00:00:00-05:00,7.739028728952875,7.766471936207752,7.684141822408926,7.711585521697998,260850,0.0,0.0
1996-01-23 00:00:00-05:00,7.684139390860662,7.793913169212043,7.684139390860662,7.766469478607178,420885,0.0,0.0
1996-01-24 00:00:00-05:00,7.766473195790946,7.848803322942247,7.73902998408527,7.821360111236572,283058,0.0,0.0
1996-01-25 00:00:00-05:00,7.821362208486864,7.84880542755127,7.766475278323644,7.8488054275512695,374003,0.0,0.0
1996-01-26 00:00:00-05:00,7.821362208486864,7.876249138650084,7.821362208486864,7.8488054275512695,173783,0.0,0.0
1996-01-29 00:00:00-05:00,7.84880542755127,7.876249138650084,7.821362208486864,7.8488054275512695,199045,0.0,0.0
1996-01-30 00:00:00-05:00,7.848803700944207,7.903690619033212,7.848803700944207,7.876247406005859,492560,0.0,0.0
1996-01-31 00:00:00-05:00,7.876249501990165,7.931135942650949,7.8213625692949496,7.903692722320557,131718,0.0,0.0
1996-02-01 00:00:00-05:00,7.848803322942247,7.876247026682198,7.793916899530896,7.821360111236572,121025,0.0,0.0
1996-02-02 00:00:00-05:00,7.793913169212043,7.821356367782869,7.711583081465527,7.766469478607178,123258,0.0,0.0
1996-02-05 00:00:00-05:00,7.739026280036352,7.766469478607178,7.711583081465527,7.766469478607178,244988,0.0,0.0
1996-02-06 00:00:00-05:00,7.739032059259237,7.84880542755127,7.739032059259237,7.8488054275512695,173665,0.0,0.0
1996-02-07 00:00:00-05:00,7.821359176199827,7.958576202392579,7.793915967774964,7.958576202392578,397268,0.0,0.0
1996-02-08 00:00:00-05:00,7.931135576778896,7.931135576778896,7.821362208486864,7.8488054275512695,354615,0.0,0.0
1996-02-09 00:00:00-05:00,7.848805789625342,7.903692722320557,7.8213625692949496,7.903692722320557,235118,0.0,0.0
1996-02-12 00:00:00-05:00,7.958576782814754,8.068350116554237,7.903689869927886,8.04090690612793,299978,0.0,0.0
1996-02-13 00:00:00-05:00,8.013464540684716,8.178124814784033,8.013464540684716,8.095794677734375,401850,0.0,0.0
1996-02-14 00:00:00-05:00,8.095792736551113,8.095792736551113,7.958576202392579,7.958576202392578,152045,0.0,0.0
1996-02-15 00:00:00-05:00,7.986018744053556,7.986018744053556,7.9036886336186045,7.931131839752197,217493,0.0,0.0
1996-02-16 00:00:00-05:00,7.903690619033212,7.931133832060565,7.848803700944207,7.876247406005859,311140,0.0,0.0
1996-02-20 00:00:00-05:00,7.73903190280852,7.793918831862157,7.656701755245264,7.684144973754883,405493,0.0,0.0
1996-02-21 00:00:00-05:00,7.711583081465527,7.766469478607178,7.656696192289837,7.766469478607178,790540,0.0,0.0
1996-02-22 00:00:00-05:00,7.766470148276343,7.821357042184693,7.739026947339209,7.793913841247559,622398,0.0,0.0
1996-02-23 00:00:00-05:00,7.8488020500065785,7.87624574929565,7.684141822408926,7.711585521697998,168848,0.0,0.0
1996-02-26 00:00:00-05:00,7.684140053430858,7.7939138412475595,7.546923556711106,7.793913841247559,1297200,0.0,0.0
1996-02-27 00:00:00-05:00,7.766475278323644,7.84880542755127,7.739032059259237,7.8488054275512695,840595,0.0,0.0
1996-02-28 00:00:00-05:00,7.876249501990165,7.931135942650949,7.876249501990165,7.903692722320557,635088,0.0,0.0
1996-02-29 00:00:00-05:00,7.876247026682198,7.903690238387874,7.821360111236571,7.821360111236572,260380,0.0,0.0
1996-03-01 00:00:00-05:00,7.876249138650084,7.876249138650084,7.711588840194831,7.8488054275512695,375413,0.0,0.0
1996-03-04 00:00:00-05:00,7.84880542755127,7.90369235771449,7.821362208486864,7.8488054275512695,205743,0.0,0.0
1996-03-05 00:00:00-05:00,7.7939138412475595,7.848800243121827,7.766470148276343,7.793913841247559,260145,0.0,0.0
1996-03-06 00:00:00-05:00,7.766471936207752,7.766471936207752,7.684141822408926,7.711585521697998,248043,0.0,0.0
1996-03-07 00:00:00-05:00,7.684140053430858,7.7939138412475595,7.62925365155659,7.793913841247559,590438,0.0,0.0
1996-03-08 00:00:00-05:00,7.73903190280852,7.73903190280852,7.6292585367356445,7.684144973754883,986060,0.0,0.0
1996-03-11 00:00:00-05:00,7.574369060724103,7.766472509763515,7.519482150126742,7.656699180603027,268018,0.0,0.0
1996-03-12 00:00:00-05:00,7.60180818224084,7.60180818224084,7.382261641977911,7.492034912109375,572695,0.0,0.0
1996-03-13 00:00:00-05:00,7.49203668767866,7.519479888706915,7.38226339153156,7.4097065925598145,432753,0.0,0.0
1996-03-14 00:00:00-05:00,7.4097065925598145,7.437149793588069,7.4097065925598145,7.4097065925598145,254153,0.0,0.0
1996-03-15 00:00:00-05:00,7.382268543263921,7.382268543263921,7.272494678476804,7.327381610870361,299155,0.0,0.0
1996-03-18 00:00:00-05:00,7.382261641977911,7.51947810663375,7.382261641977911,7.492034912109375,1312240,0.0,0.0
1996-03-19 00:00:00-05:00,7.495379397262051,7.495379397262051,7.3839235812535735,7.4396514892578125,2087270,0.438298,0.0
1996-03-20 00:00:00-05:00,7.467516936774097,7.523244857788086,7.439653226053842,7.523244857788086,1381918,0.0,0.0
1996-03-21 00:00:00-05:00,7.523250101817249,7.5789780616760245,7.495386371674774,7.578978061676025,3695493,0.0,0.0
1996-03-22 00:00:00-05:00,7.6068367601241125,7.6068367601241125,7.551108837127686,7.5511088371276855,240758,0.0,0.0
1996-03-25 00:00:00-05:00,7.6068384876187105,7.662566423270816,7.6068384876187105,7.634702205657959,243578,0.0,0.0
1996-03-26 00:00:00-05:00,7.6068384876187105,7.634702205657959,7.578974769579463,7.634702205657959,153338,0.0,0.0
1996-03-27 00:00:00-05:00,7.634705521960974,7.718297211962225,7.5789780616760245,7.578978061676025,237115,0.0,0.0
1996-03-28 00:00:00-05:00,7.5789780616760245,7.634705521960974,7.5789780616760245,7.578978061676025,173195,0.0,0.0
1996-03-29 00:00:00-05:00,7.634698469529478,7.634698469529478,7.495379447937012,7.495379447937012,410545,0.0,0.0
1996-04-01 00:00:00-05:00,7.523250101817249,7.634705521960974,7.495386371674774,7.578978061676025,406315,0.0,0.0
1996-04-02 00:00:00-05:00,7.606836489522331,7.606836489522331,7.495381147067831,7.523244857788086,488095,0.0,0.0
1996-04-03 00:00:00-05:00,7.495381413704756,7.551108837127686,7.467517202419795,7.5511088371276855,358845,0.0,0.0
1996-04-04 00:00:00-05:00,7.523243152340832,7.523243152340832,7.495379447937012,7.495379447937012,145700,0.0,0.0
1996-04-08 00:00:00-04:00,7.439654454985797,7.439654454985797,7.1052883723894675,7.244607448577881,425585,0.0,0.0
1996-04-09 00:00:00-04:00,7.244605770331305,7.272469479199518,7.188878352594879,7.216741561889648,497730,0.0,0.0
1996-04-10 00:00:00-04:00,7.2167418764329465,7.244606086089072,7.049559116363525,7.049559116363525,477050,0.0,0.0
1996-04-11 00:00:00-04:00,7.049562709279406,7.0774264335632315,6.910243088712833,7.077426433563232,916853,0.0,0.0
1996-04-12 00:00:00-04:00,7.133151796374145,7.244607152687433,7.105288082189208,7.161015510559082,332760,0.0,0.0
1996-04-15 00:00:00-04:00,7.161015510559082,7.161015510559082,7.077423868430731,7.161015510559082,291400,0.0,0.0
1996-04-16 00:00:00-04:00,7.133151796374145,7.188879724317559,7.105288082189208,7.161015510559082,240053,0.0,0.0
1996-04-17 00:00:00-04:00,7.133147239685059,7.161010936070531,7.105283543299587,7.133147239685059,687023,0.0,0.0
1996-04-18 00:00:00-04:00,7.10528703610231,7.1331507461849695,7.049559116363525,7.049559116363525,210913,0.0,0.0
1996-04-19 00:00:00-04:00,7.049561993582007,7.1331536575206735,7.049561993582007,7.105289936065674,310318,0.0,0.0
1996-04-22 00:00:00-04:00,7.1331536575206735,7.161017378975672,7.0774257150370055,7.105289936065674,197870,0.0,0.0
1996-04-23 00:00:00-04:00,7.077422826446185,7.077422826446185,7.021695406280867,7.049559116363525,231358,0.0,0.0
1996-04-24 00:00:00-04:00,6.993834253050763,7.049562197143619,6.993834253050763,7.021698474884033,355673,0.0,0.0
1996-04-25 00:00:00-04:00,6.993834972381592,7.049562922206186,6.910243297431568,6.993834972381592,183183,0.0,0.0
1996-04-26 00:00:00-04:00,7.021696537573527,7.021696537573527,6.9381048942843115,6.965968608856201,97878,0.0,0.0
1996-04-29 00:00:00-04:00,6.9381048942843115,6.993832323428091,6.910240680138875,6.965968608856201,254858,0.0,0.0
1996-04-30 00:00:00-04:00,6.9659647331916466,7.021692630903557,6.910236835479736,6.910236835479736,442975,0.0,0.0
1996-05-01 00:00:00-04:00,6.910240680138875,6.965968608856201,6.910240680138875,6.965968608856201,471293,0.0,0.0
1996-05-02 00:00:00-04:00,6.9102432475274975,6.938107472025434,6.826651573181152,6.826651573181152,616758,0.0,0.0
1996-05-03 00:00:00-04:00,6.854514295382395,6.854514295382395,6.687330983331096,6.7151947021484375,823440,0.0,0.0
1996-05-06 00:00:00-04:00,6.743055985112561,6.743055985112561,6.575872733454334,6.659464359283447,1324695,0.0,0.0
1996-05-07 00:00:00-04:00,6.659464775263329,6.659464775263329,6.6037373542785645,6.6037373542785645,911800,0.0,0.0
1996-05-08 00:00:00-04:00,6.603739327305446,6.7151947021484375,6.548011390097138,6.7151947021484375,561768,0.0,0.0
1996-05-09 00:00:00-04:00,6.715192276360671,6.7987839021897845,6.631600650531557,6.659464359283447,364485,0.0,0.0
1996-05-10 00:00:00-04:00,6.715193096776837,6.798784732818603,6.6873293846207496,6.7987847328186035,554248,0.0,0.0
1996-05-13 00:00:00-04:00,6.798784732818603,6.8266484449746905,6.770921020662516,6.7987847328186035,120085,0.0,0.0
1996-05-14 00:00:00-04:00,6.854512691497803,6.854512691497803,6.770921055031726,6.854512691497803,1176880,0.0,0.0
1996-05-15 00:00:00-04:00,6.854512656704282,6.854512656704282,6.743056808932924,6.7987847328186035,532863,0.0,0.0
1996-05-16 00:00:00-04:00,6.743052869353955,6.743052869353955,6.687325477600098,6.687325477600098,264845,0.0,0.0
1996-05-17 00:00:00-04:00,6.743056406313949,6.743056406313949,6.6037373542785645,6.6037373542785645,1898330,0.0,0.0
1996-05-20 00:00:00-04:00,6.631601810455322,6.659465524080814,6.60373809682983,6.631601810455322,185063,0.0,0.0
1996-05-21 00:00:00-04:00,6.631601810455322,6.6873297372798355,6.60373809682983,6.631601810455322,411485,0.0,0.0
1996-05-22 00:00:00-04:00,6.603733890396101,6.687325477600098,6.575869694945961,6.687325477600098,385400,0.0,0.0
1996-05-23 00:00:00-04:00,6.687328985329184,6.687328985329184,6.575873144212709,6.6037373542785645,246750,0.0,0.0
1996-05-24 00:00:00-04:00,6.631600650531557,6.68732856760878,6.631600650531557,6.659464359283447,159330,0.0,0.0
1996-05-28 00:00:00-04:00,6.659464775263329,6.687328985329184,6.589805249245637,6.6037373542785645,234530,0.0,0.0
1996-05-29 00:00:00-04:00,6.6037373542785645,6.687328985329184,6.6037373542785645,6.6037373542785645,796768,0.0,0.0
1996-05-30 00:00:00-04:00,6.6037373542785645,6.631601064770947,6.548009433720327,6.6037373542785645,254740,0.0,0.0
1996-05-31 00:00:00-04:00,6.6037409069785475,6.6037409069785475,6.492285005900698,6.520149230957031,531570,0.0,0.0
1996-06-03 00:00:00-04:00,6.492282867431641,6.520147083309883,6.436555434822312,6.492282867431641,273775,0.0,0.0
1996-06-04 00:00:00-04:00,6.520145951998904,6.603737585982486,6.520145951998904,6.575873374938965,310670,0.0,0.0
1996-06-05 00:00:00-04:00,6.548010170005317,6.631601810455322,6.520146456379825,6.631601810455322,264493,0.0,0.0
1996-06-06 00:00:00-04:00,6.659465008922546,6.687329219966068,6.575873374938965,6.575873374938965,396563,0.0,0.0
1996-06-07 00:00:00-04:00,6.436557554935515,6.520149230957031,6.408693329879181,6.520149230957031,421238,0.0,0.0
1996-06-10 00:00:00-04:00,6.4922816080103685,6.5758732402822115,6.408689975738525,6.408689975738525,713225,0.0,0.0
1996-06-11 00:00:00-04:00,6.436551029416721,6.4644147266504755,6.352959438142222,6.380823135375977,423705,0.0,0.0
1996-06-12 00:00:00-04:00,6.380826918475061,6.408690632228804,6.325098991394043,6.325098991394043,284468,0.0,0.0
1996-06-13 00:00:00-04:00,6.325095241335232,6.380823135375977,6.325095241335232,6.380823135375977,182713,0.0,0.0
1996-06-14 00:00:00-04:00,6.3808262648390714,6.4644178971109145,6.3529625539396175,6.408689975738525,479635,0.0,0.0
1996-06-17 00:00:00-04:00,6.408689975738525,6.436554186211461,6.3529625539396175,6.408689975738525,1400953,0.0,0.0
1996-06-18 00:00:00-04:00,6.383725028774335,6.44046892569344,6.383725028774335,6.412096977233887,877608,0.438298,0.0
1996-06-19 00:00:00-04:00,6.412096157478823,6.412096157478823,6.355351759128447,6.383724212646484,1045398,0.0,0.0
1996-06-20 00:00:00-04:00,6.412096977233888,6.44046892569344,6.383725028774335,6.412096977233887,3882318,0.0,0.0
1996-06-21 00:00:00-04:00,6.440470233720888,6.5255866050720215,6.4120982794991335,6.5255866050720215,463185,0.0,0.0
1996-06-24 00:00:00-04:00,6.553959067979644,6.582331022201399,6.497214650850266,6.5255866050720215,290578,0.0,0.0
1996-06-25 00:00:00-04:00,6.553956851758937,6.639073194327976,6.553956851758937,6.582328796386719,546963,0.0,0.0
1996-06-26 00:00:00-04:00,6.610699968216185,6.66744435952396,6.582328026905116,6.639072418212891,581743,0.0,0.0
1996-06-27 00:00:00-04:00,6.667443813059691,6.780932077688096,6.667443813059691,6.752560138702393,962325,0.0,0.0
1996-06-28 00:00:00-04:00,6.780935022453991,7.036284110272894,6.780935022453991,7.0079121589660645,957860,0.0,0.0
1996-07-01 00:00:00-04:00,7.007909906052964,7.007909906052964,6.951165512995762,6.9795379638671875,997458,0.0,0.0
1996-07-02 00:00:00-04:00,7.007909906052964,7.007909906052964,6.922793570809986,6.9795379638671875,790893,0.0,0.0
1996-07-03 00:00:00-04:00,6.951161499473579,6.979533933963082,6.922789573669434,6.922789573669434,148638,0.0,0.0
1996-07-05 00:00:00-04:00,6.8093045253593925,6.8093045253593925,6.7525601387023935,6.752560138702393,190115,0.0,0.0
1996-07-08 00:00:00-04:00,6.695815752045394,6.7525601387023935,6.695815752045394,6.752560138702393,305500,0.0,0.0
1996-07-09 00:00:00-04:00,6.752561271699185,6.837677611623363,6.752561271699185,6.809305667877197,183535,0.0,0.0
1996-07-10 00:00:00-04:00,6.837677611623363,6.866049555369529,6.780933215445351,6.809305667877197,508423,0.0,0.0
1996-07-11 00:00:00-04:00,6.83768018182026,6.83768018182026,6.7241918554910995,6.780935764312744,246280,0.0,0.0
1996-07-12 00:00:00-04:00,6.809301621235591,6.922789837461994,6.7525572587797,6.8660454750061035,858690,0.0,0.0
1996-07-15 00:00:00-04:00,6.8660454750061035,6.95116176434725,6.837673548120847,6.8660454750061035,778555,0.0,0.0
1996-07-16 00:00:00-04:00,6.922792368742262,6.951164306001559,6.8376760482788095,6.837676048278809,493265,0.0,0.0
1996-07-17 00:00:00-04:00,6.894424599327776,7.036284880067759,6.780935764312745,6.780935764312744,322068,0.0,0.0
1996-07-18 00:00:00-04:00,6.809304111019513,6.866047985538106,6.72418779055606,6.837676048278809,182008,0.0,0.0
1996-07-19 00:00:00-04:00,6.837681443429598,6.837681443429598,6.695820627829239,6.724193096160889,139943,0.0,0.0
1996-07-22 00:00:00-04:00,6.724193096160889,6.7809370154522615,6.5823322805605295,6.724193096160889,236763,0.0,0.0
1996-07-23 00:00:00-04:00,6.6958160400390625,6.752560429136694,6.639072159627046,6.6958160400390625,183653,0.0,0.0
1996-07-24 00:00:00-04:00,6.66744435952396,6.7525606921428025,6.582328026905116,6.639072418212891,680325,0.0,0.0
1996-07-25 00:00:00-04:00,6.667443334609584,6.667443334609584,6.525582632489686,6.553955078125,237703,0.0,0.0
1996-07-26 00:00:00-04:00,6.553956851758937,6.582328796386719,6.525584398445461,6.582328796386719,141940,0.0,0.0
1996-07-29 00:00:00-04:00,6.553956326529791,6.553956326529791,6.497211933135986,6.497211933135986,210678,0.0,0.0
1996-07-30 00:00:00-04:00,6.497211933135986,6.525583875490062,6.468839990781911,6.497211933135986,205155,0.0,0.0
1996-07-31 00:00:00-04:00,6.497214650850266,6.5255866050720215,6.468842696628511,6.5255866050720215,162973,0.0,0.0
1996-08-01 00:00:00-04:00,6.5255866050720215,6.639075439330777,6.497214650850266,6.5255866050720215,504075,0.0,0.0
1996-08-02 00:00:00-04:00,6.582326956672041,6.667443275451661,6.582326956672041,6.66744327545166,445795,0.0,0.0
1996-08-05 00:00:00-04:00,6.639072159627046,6.752560429136694,6.639072159627046,6.6958160400390625,285055,0.0,0.0
1996-08-06 00:00:00-04:00,6.667444099833054,6.6958160400390625,6.639072159627046,6.6958160400390625,133950,0.0,0.0
1996-08-07 00:00:00-04:00,6.695815212149683,6.695815212149683,6.582326956672041,6.66744327545166,286465,0.0,0.0
1996-08-08 00:00:00-04:00,6.63907241821289,6.66744435952396,6.63907241821289,6.639072418212891,108805,0.0,0.0
1996-08-09 00:00:00-04:00,6.695815212149683,6.724187657533258,6.667443275451661,6.66744327545166,197870,0.0,0.0
1996-08-12 00:00:00-04:00,6.667443813059691,6.7525601387023935,6.667443813059691,6.752560138702393,222898,0.0,0.0
1996-08-13 00:00:00-04:00,6.7525601387023935,6.7525601387023935,6.72418819971669,6.752560138702393,114798,0.0,0.0
1996-08-14 00:00:00-04:00,6.752563809901922,6.809308227409438,6.752563809901922,6.780935764312744,397150,0.0,0.0
1996-08-15 00:00:00-04:00,6.7525601387023935,6.8093045253593925,6.7525601387023935,6.752560138702393,205978,0.0,0.0
1996-08-16 00:00:00-04:00,6.752561271699185,6.837677611623363,6.752561271699185,6.809305667877197,188118,0.0,0.0
1996-08-19 00:00:00-04:00,6.809308227409438,6.809308227409438,6.752563809901922,6.780935764312744,241933,0.0,0.0
1996-08-20 00:00:00-04:00,6.809309483783911,6.809309483783911,6.724193096160889,6.724193096160889,431578,0.0,0.0
1996-08-21 00:00:00-04:00,6.724193096160889,6.752565055806575,6.667448668183552,6.724193096160889,368245,0.0,0.0
1996-08-22 00:00:00-04:00,6.72418819971669,6.780932077688096,6.695815752045394,6.752560138702393,342630,0.0,0.0
1996-08-23 00:00:00-04:00,6.695815212149683,6.724187657533258,6.639071338753639,6.66744327545166,166850,0.0,0.0
1996-08-26 00:00:00-04:00,6.667445485023488,6.667445485023488,6.610701084136963,6.610701084136963,150518,0.0,0.0
1996-08-27 00:00:00-04:00,6.6106988933700634,6.667443275451661,6.6106988933700634,6.66744327545166,299390,0.0,0.0
1996-08-28 00:00:00-04:00,6.639073538923086,6.639073538923086,6.610701084136963,6.610701084136963,69795,0.0,0.0
1996-08-29 00:00:00-04:00,6.610700211237941,6.724188998025551,6.468839990781911,6.497211933135986,230535,0.0,0.0
1996-08-30 00:00:00-04:00,6.4972149387246905,6.4972149387246905,6.412098563602276,6.46884298324585,116443,0.0,0.0
1996-09-03 00:00:00-04:00,6.412096977233888,6.4688413828387565,6.326980623169465,6.412096977233887,252625,0.0,0.0
1996-09-04 00:00:00-04:00,6.383725028774335,6.44046892569344,6.355352571629019,6.412096977233887,389043,0.0,0.0
1996-09-05 00:00:00-04:00,6.38372437915432,6.440468270299059,6.355351924896239,6.35535192489624,392920,0.0,0.0
1996-09-06 00:00:00-04:00,6.355354143958703,6.468842983245849,6.326982188479861,6.46884298324585,245693,0.0,0.0
1996-09-09 00:00:00-04:00,6.497211933135986,6.525583875490062,6.468839990781911,6.497211933135986,197283,0.0,0.0
1996-09-10 00:00:00-04:00,6.468842983245849,6.4972149387246905,6.440470519081118,6.46884298324585,133480,0.0,0.0
1996-09-11 00:00:00-04:00,6.44046892569344,6.44046892569344,6.355352571629019,6.412096977233887,308320,0.0,0.0
1996-09-12 00:00:00-04:00,6.440470519081118,6.553959358368264,6.440470519081118,6.46884298324585,688903,0.0,0.0
1996-09-13 00:00:00-04:00,6.525586894203533,6.525586894203533,6.440470519081118,6.46884298324585,466240,0.0,0.0
1996-09-16 00:00:00-04:00,6.468842983245849,6.4972149387246905,6.440470519081118,6.46884298324585,510185,0.0,0.0
1996-09-17 00:00:00-04:00,6.4688405091898975,6.582328796386719,6.4688405091898975,6.582328796386719,1661803,0.0,0.0
1996-09-18 00:00:00-04:00,6.556908142523738,6.585793554040492,6.470252943738371,6.499138355255127,639670,0.438298,0.0
1996-09-19 00:00:00-04:00,6.528024673461913,6.528024673461913,6.470254355703975,6.528024673461914,890180,0.0,0.0
1996-09-20 00:00:00-04:00,6.556909561157227,6.585794978923545,6.556909561157227,6.556909561157227,2380668,0.0,0.0
1996-09-23 00:00:00-04:00,6.5280252206718075,6.5569101230307645,6.441369995712332,6.470254898071289,441683,0.0,0.0
1996-09-24 00:00:00-04:00,6.470252943738371,6.528023248889432,6.4413680501040655,6.499138355255127,449085,0.0,0.0
1996-09-25 00:00:00-04:00,6.528024673461913,6.556909573399601,6.499139773524226,6.528024673461914,435455,0.0,0.0
1996-09-26 00:00:00-04:00,6.499138355255126,6.556908142523738,6.499138355255126,6.499138355255127,224073,0.0,0.0
1996-09-27 00:00:00-04:00,6.528023785776692,6.528023785776692,6.412483683854602,6.441368579864502,198340,0.0,0.0
1996-09-30 00:00:00-04:00,6.441369995712332,6.470254898071289,6.383599673111813,6.470254898071289,202570,0.0,0.0
1996-10-01 00:00:00-04:00,6.499138355255126,6.499138355255126,6.4413680501040655,6.499138355255127,290460,0.0,0.0
1996-10-02 00:00:00-04:00,6.499138889766793,6.499138889766793,6.441368579864502,6.441368579864502,237350,0.0,0.0
1996-10-03 00:00:00-04:00,6.470252943738371,6.528023248889432,6.4413680501040655,6.499138355255127,241933,0.0,0.0
1996-10-04 00:00:00-04:00,6.5569095081568625,6.585794925689696,6.528024608506587,6.585794925689697,577160,0.0,0.0
1996-10-07 00:00:00-04:00,6.585794925689696,6.614679825339973,6.5569095081568625,6.585794925689697,292340,0.0,0.0
1996-10-08 00:00:00-04:00,6.556909573399601,6.585794991219851,6.499139773524226,6.528024673461914,405493,0.0,0.0
1996-10-09 00:00:00-04:00,6.528024673461913,6.528024673461913,6.470254355703975,6.528024673461914,694660,0.0,0.0
1996-10-10 00:00:00-04:00,6.528023248889432,6.528023248889432,6.4413680501040655,6.499138355255127,379408,0.0,0.0
1996-10-11 00:00:00-04:00,6.52802466127347,6.585794978923545,6.52802466127347,6.556909561157227,184828,0.0,0.0
1996-10-14 00:00:00-04:00,6.556909561157227,6.585794978923545,6.52802466127347,6.556909561157227,170493,0.0,0.0
1996-10-15 00:00:00-04:00,6.614679878807301,6.643564778691059,6.52802466127347,6.556909561157227,202688,0.0,0.0
1996-10-16 00:00:00-04:00,6.6724501425230835,6.6724501425230835,6.5569095081568625,6.585794925689697,301270,0.0,0.0
1996-10-17 00:00:00-04:00,6.614679825339973,6.64356472499025,6.585794925689696,6.585794925689697,366953,0.0,0.0
1996-10-18 00:00:00-04:00,6.614681225825897,6.643566131591797,6.5857963200599965,6.643566131591797,594550,0.0,0.0
1996-10-21 00:00:00-04:00,6.6435642340636765,6.6724496494620205,6.614679336547852,6.614679336547852,272013,0.0,0.0
1996-10-22 00:00:00-04:00,6.614679336547852,6.6580069417628485,6.614679336547852,6.614679336547852,108923,0.0,0.0
1996-10-23 00:00:00-04:00,6.614679336547852,6.6435642340636765,6.556909023633682,6.614679336547852,235353,0.0,0.0
1996-10-24 00:00:00-04:00,6.585794439032027,6.6435642340636765,6.556909023633682,6.614679336547852,130543,0.0,0.0
1996-10-25 00:00:00-04:00,6.614679336547852,6.6724496494620205,6.585794439032027,6.614679336547852,159448,0.0,0.0
1996-10-28 00:00:00-05:00,6.614679825339973,6.6724501425230835,6.585794925689696,6.585794925689697,120790,0.0,0.0
1996-10-29 00:00:00-05:00,6.585795760242244,6.730220794677735,6.585795760242244,6.730220794677734,564353,0.0,0.0
1996-10-30 00:00:00-05:00,6.730220183776217,6.874645722984837,6.730220183776217,6.845760822296143,441918,0.0,0.0
1996-10-31 00:00:00-05:00,6.87464280571526,6.9612979888916025,6.845757917283932,6.961297988891602,885245,0.0,0.0
1996-11-01 00:00:00-05:00,6.9612979888916025,6.990182877322931,6.932413100460273,6.961297988891602,692075,0.0,0.0
1996-11-04 00:00:00-05:00,6.961295591298134,7.076835623111771,6.932410712815269,7.047950744628906,362135,0.0,0.0
1996-11-05 00:00:00-05:00,7.076839858587978,7.163495063781738,7.076839858587978,7.163495063781738,466593,0.0,0.0
1996-11-06 00:00:00-05:00,7.163495889742951,7.279036521911621,7.105726091541163,7.279036521911621,334993,0.0,0.0
1996-11-07 00:00:00-05:00,7.279036521911621,7.336806320113409,7.163495889742951,7.279036521911621,360020,0.0,0.0
1996-11-08 00:00:00-05:00,7.307924248050304,7.336809158325195,7.279039337775411,7.336809158325195,252743,0.0,0.0
1996-11-11 00:00:00-05:00,7.307924248050304,7.336809158325195,7.279039337775411,7.336809158325195,284350,0.0,0.0
1996-11-12 00:00:00-05:00,7.3368071803465,7.394577503204346,7.30792227785888,7.394577503204346,383520,0.0,0.0
1996-11-13 00:00:00-05:00,7.365692586039535,7.423462390899659,7.336807165726866,7.423462390899658,250863,0.0,0.0
1996-11-14 00:00:00-05:00,7.423460942192606,7.510116150454417,7.307920837137694,7.481230735778809,339810,0.0,0.0
1996-11-15 00:00:00-05:00,7.5101156377256535,7.5101156377256535,7.394575540558867,7.452345848083496,546963,0.0,0.0
1996-11-18 00:00:00-05:00,7.481230225022103,7.481230225022103,7.423460435379946,7.452345848083496,215730,0.0,0.0
1996-11-19 00:00:00-05:00,7.452345848083495,7.452345848083495,7.423460435379946,7.452345848083496,213145,0.0,0.0
1996-11-20 00:00:00-05:00,7.394575540558867,7.481230225022103,7.3656906457377875,7.452345848083496,354733,0.0,0.0
1996-11-21 00:00:00-05:00,7.481232110837972,7.567887335027113,7.4523477266183935,7.510117530822754,1080413,0.0,0.0
1996-11-22 00:00:00-05:00,7.481232110837972,7.539002432924933,7.481232110837972,7.510117530822754,316663,0.0,0.0
1996-11-25 00:00:00-05:00,7.481230735778809,7.510116150454417,7.452346356868214,7.481230735778809,173313,0.0,0.0
1996-11-26 00:00:00-05:00,7.481232210667203,7.481232210667203,7.3368071803465,7.394577503204346,448380,0.0,0.0
1996-11-27 00:00:00-05:00,7.394577503204346,7.394577503204346,7.3368071803465,7.394577503204346,819563,0.0,0.0
1996-11-29 00:00:00-05:00,7.394577503204346,7.4523478260621925,7.394577503204346,7.394577503204346,131718,0.0,0.0
1996-12-02 00:00:00-05:00,7.394577488469597,7.423462390899659,7.394577488469597,7.423462390899658,945053,0.0,0.0
1996-12-03 00:00:00-05:00,7.423459586208427,7.423459586208427,7.307919502258301,7.307919502258301,518763,0.0,0.0
1996-12-04 00:00:00-05:00,7.279039337775411,7.365694586482836,7.192384089067986,7.336809158325195,1210250,0.0,0.0
1996-12-05 00:00:00-05:00,7.365692600716727,7.394577503204346,7.3368071803465,7.394577503204346,277065,0.0,0.0
1996-12-06 00:00:00-05:00,7.3368071803465,7.394577503204346,7.30792227785888,7.394577503204346,717808,0.0,0.0
1996-12-09 00:00:00-05:00,7.394577503204346,7.394577503204346,7.3368071803465,7.394577503204346,481163,0.0,0.0
1996-12-10 00:00:00-05:00,7.394577488469597,7.423462390899659,7.336807165726866,7.423462390899658,488095,0.0,0.0
1996-12-11 00:00:00-05:00,7.3368071803465,7.394577503204346,7.279037375371262,7.394577503204346,1932405,0.0,0.0
1996-12-12 00:00:00-05:00,7.3687357491687395,7.3687357491687395,7.163233280181886,7.163233280181885,1081588,0.438298,0.0
1996-12-13 00:00:00-05:00,7.192596106486405,7.310026629412413,7.163238738931662,7.28066873550415,1013203,0.0,0.0
1996-12-16 00:00:00-05:00,7.310029447304758,7.310029447304758,7.221956784336493,7.251314163208008,329588,0.0,0.0
1996-12-17 00:00:00-05:00,7.192597389221191,7.251312661155534,7.07516737170612,7.192597389221191,430520,0.0,0.0
1996-12-18 00:00:00-05:00,7.192598879111257,7.280671542079522,7.192598879111257,7.251314163208008,309495,0.0,0.0
1996-12-19 00:00:00-05:00,7.280670773998412,7.398101329803467,7.2513133982239815,7.398101329803467,468943,0.0,0.0
1996-12-20 00:00:00-05:00,7.6329588890075675,7.691673621328087,7.544886264173294,7.632958889007568,1297553,0.0,0.0
1996-12-23 00:00:00-05:00,7.603600996493814,7.6329588890075675,7.574244156687048,7.632958889007568,205390,0.0,0.0
1996-12-24 00:00:00-05:00,7.603602955870904,7.662318229675293,7.574246108499155,7.662318229675293,80958,0.0,0.0
1996-12-26 00:00:00-05:00,7.662315438938474,7.691672801971436,7.6329580759055125,7.6916728019714355,128780,0.0,0.0
1996-12-27 00:00:00-05:00,7.691671472663364,7.750386714935304,7.662314114704068,7.750386714935303,197165,0.0,0.0
1996-12-30 00:00:00-05:00,7.750388054390799,7.779745417423761,7.662315438938474,7.6916728019714355,340163,0.0,0.0
1996-12-31 00:00:00-05:00,7.662317678947027,7.676996627931484,7.603602409362792,7.603602409362793,138063,0.0,0.0
1997-01-02 00:00:00-05:00,7.6329588890075675,7.662316255167827,7.603600996493814,7.632958889007568,392803,0.0,0.0
1997-01-03 00:00:00-05:00,7.632960307331706,7.632960307331706,7.574245564101063,7.603602409362793,218315,0.0,0.0
1997-01-06 00:00:00-05:00,7.60360022140847,7.60360022140847,7.456812879216684,7.486170768737793,237350,0.0,0.0
1997-01-07 00:00:00-05:00,7.456813037659498,7.5742435455322275,7.339383056140221,7.574243545532227,370830,0.0,0.0
1997-01-08 00:00:00-05:00,7.603602222082221,7.632960119328034,7.427457470375235,7.515530109405518,176485,0.0,0.0
1997-01-09 00:00:00-05:00,7.544888851477931,7.603603603933001,7.4568161964416495,7.45681619644165,322538,0.0,0.0
1997-01-10 00:00:00-05:00,7.368743541405369,7.4568161964416495,7.251313510141553,7.45681619644165,365308,0.0,0.0
1997-01-13 00:00:00-05:00,7.427455516049014,7.486170768737794,7.398098152881345,7.486170768737793,424645,0.0,0.0
1997-01-14 00:00:00-05:00,7.515528291595863,7.603600382970231,7.515528291595863,7.574243545532227,301623,0.0,0.0
1997-01-15 00:00:00-05:00,7.544887480297752,7.574245377543566,7.515530109405518,7.515530109405518,316898,0.0,0.0
1997-01-16 00:00:00-05:00,7.48617409902286,7.48617409902286,7.368743541405369,7.45681619644165,511948,0.0,0.0
1997-01-17 00:00:00-05:00,7.398098152881345,7.515528131905462,7.368740263360235,7.486170768737793,657178,0.0,0.0
1997-01-20 00:00:00-05:00,7.48617409902286,7.544888851477931,7.4568161964416495,7.45681619644165,387515,0.0,0.0
1997-01-21 00:00:00-05:00,7.427457470375235,7.515530109405518,7.398100099483,7.515530109405518,338753,0.0,0.0
1997-01-22 00:00:00-05:00,7.515528291595863,7.5742435455322275,7.456813037659498,7.574243545532227,314313,0.0,0.0
1997-01-23 00:00:00-05:00,7.574246108499155,7.721033503479681,7.544888208420145,7.662318229675293,390570,0.0,0.0
1997-01-24 00:00:00-05:00,7.603602222082221,7.603602222082221,7.515530109405518,7.515530109405518,377880,0.0,0.0
1997-01-27 00:00:00-05:00,7.515531475250396,7.603603603933001,7.4568161964416495,7.45681619644165,353440,0.0,0.0
1997-01-28 00:00:00-05:00,7.544882980970828,7.544882980970828,7.398095687691433,7.42745304107666,448263,0.0,0.0
1997-01-29 00:00:00-05:00,7.398101329803467,7.456816081352327,7.398101329803467,7.398101329803467,398795,0.0,0.0
1997-01-30 00:00:00-05:00,7.456810394461885,7.456810394461885,7.368737807952942,7.42745304107666,492795,0.0,0.0
1997-01-31 00:00:00-05:00,7.427456774939095,7.486172037579607,7.339384144155093,7.368741512298584,505955,0.0,0.0
1997-02-03 00:00:00-05:00,7.368741512298584,7.3980994067956045,7.310026776011602,7.368741512298584,234060,0.0,0.0
1997-02-04 00:00:00-05:00,7.36874342767537,7.398101329803467,7.33938605190094,7.398101329803467,87538,0.0,0.0
1997-02-05 00:00:00-05:00,7.427456157996718,7.427456157996718,7.280668276764759,7.310026168823242,174018,0.0,0.0
1997-02-06 00:00:00-05:00,7.280668276764759,7.310026168823243,7.280668276764759,7.310026168823242,121848,0.0,0.0
1997-02-07 00:00:00-05:00,7.368737138161818,7.368737138161818,7.221949858224848,7.339379787445068,204920,0.0,0.0
1997-02-10 00:00:00-05:00,7.368740900233237,7.398098792291721,7.310026168823243,7.310026168823242,106925,0.0,0.0
1997-02-11 00:00:00-05:00,7.33938605190094,7.398101329803467,7.310028676126509,7.398101329803467,230300,0.0,0.0
1997-02-12 00:00:00-05:00,7.368737138161818,7.398095015231787,7.280664559658349,7.339379787445068,587970,0.0,0.0
1997-02-13 00:00:00-05:00,7.368737138161818,7.368737138161818,7.280664559658349,7.339379787445068,518058,0.0,0.0
1997-02-14 00:00:00-05:00,7.339386826176272,7.339386826176272,7.251314163208007,7.251314163208008,190115,0.0,0.0
1997-02-18 00:00:00-05:00,7.251314163208007,7.280671542079522,7.221956784336493,7.251314163208008,162620,0.0,0.0
1997-02-19 00:00:00-05:00,7.221952269468951,7.221952269468951,7.104521774688166,7.133879661560059,330175,0.0,0.0
1997-02-20 00:00:00-05:00,7.163240016430827,7.192597389221191,7.1338826436404625,7.192597389221191,166145,0.0,0.0
1997-02-21 00:00:00-05:00,7.163237022078558,7.163237022078558,7.104521774688166,7.133879661560059,226540,0.0,0.0
1997-02-24 00:00:00-05:00,7.104521774688166,7.163237022078558,7.104521774688166,7.133879661560059,136535,0.0,0.0
1997-02-25 00:00:00-05:00,7.163233280181886,7.192590625364831,7.13387593499894,7.163233280181885,295513,0.0,0.0
1997-02-26 00:00:00-05:00,7.13387593499894,7.192590625364831,7.075160718279931,7.163233280181885,518998,0.0,0.0
1997-02-27 00:00:00-05:00,7.163240016430827,7.192597389221191,7.1338826436404625,7.192597389221191,174605,0.0,0.0
1997-02-28 00:00:00-05:00,7.133879638179484,7.192594359024051,7.0751643909815245,7.104521751403809,273893,0.0,0.0
1997-03-03 00:00:00-05:00,7.07516950949349,7.104526891154291,7.016454219818115,7.016454219818115,345920,0.0,0.0
1997-03-04 00:00:00-05:00,6.957737786889408,6.957737786889408,6.810949861101687,6.840307235717773,1022250,0.0,0.0
1997-03-05 00:00:00-05:00,6.810949325561524,6.810949325561524,6.752234054592447,6.810949325561523,593963,0.0,0.0
1997-03-06 00:00:00-05:00,6.78159181857007,6.810949190294764,6.693519177042397,6.72287654876709,752588,0.0,0.0
1997-03-07 00:00:00-05:00,6.752234458923341,6.781592359342663,6.722877084857654,6.75223445892334,295983,0.0,0.0
1997-03-10 00:00:00-05:00,6.752234458923341,6.781592359342663,6.693519710791968,6.75223445892334,326298,0.0,0.0
1997-03-11 00:00:00-05:00,6.722876965831079,6.781592239276551,6.693519592285156,6.693519592285156,195638,0.0,0.0
1997-03-12 00:00:00-05:00,6.693518624107696,6.722875993407251,6.66416072845459,6.66416072845459,435573,0.0,0.0
1997-03-13 00:00:00-05:00,6.664159784111921,6.693517675604875,6.605445053832963,6.678838729858398,323830,0.0,0.0
1997-03-14 00:00:00-05:00,6.664161692385607,6.722876965831079,6.664161692385607,6.693519592285156,235823,0.0,0.0
1997-03-17 00:00:00-05:00,6.6348043188396835,6.693519592285156,6.6348043188396835,6.693519592285156,3883493,0.0,0.0
1997-03-18 00:00:00-05:00,6.69710373564329,6.69710373564329,6.577512741088866,6.577512741088867,923668,0.438298,0.0
1997-03-19 00:00:00-05:00,6.547614746013396,6.637308120727538,6.547614746013396,6.637308120727539,1064315,0.0,0.0
1997-03-20 00:00:00-05:00,6.637308506385931,6.637308506385931,6.547615126460188,6.577512741088867,298685,0.0,0.0
1997-03-21 00:00:00-05:00,6.607410355717546,6.607410355717546,6.577512741088866,6.577512741088867,270250,0.0,0.0
1997-03-24 00:00:00-05:00,6.547615126460188,6.607410355717546,6.547615126460188,6.577512741088867,187295,0.0,0.0
1997-03-25 00:00:00-05:00,6.607409971796374,6.756899108333171,6.577512358904885,6.637308120727539,526635,0.0,0.0
1997-03-26 00:00:00-05:00,6.637308913534442,6.667206529997112,6.5476155281066895,6.5476155281066895,265198,0.0,0.0
1997-03-27 00:00:00-05:00,6.577517244831776,6.6074148799318975,6.278539285710345,6.368232727050781,405258,0.0,0.0
1997-03-31 00:00:00-05:00,6.3682285838577855,6.547615349828968,6.338330432169439,6.428023815155029,669985,0.0,0.0
1997-04-01 00:00:00-05:00,6.428023815155029,6.457921966843377,6.3682285838577855,6.428023815155029,503253,0.0,0.0
1997-04-02 00:00:00-05:00,6.428023355424327,6.487819118484717,6.428023355424327,6.457921504974365,429110,0.0,0.0
1997-04-03 00:00:00-05:00,6.428023355424327,6.487819118484717,6.398125741913975,6.457921504974365,392920,0.0,0.0
1997-04-04 00:00:00-05:00,6.457921504974365,6.457921504974365,6.428023355424327,6.457921504974365,309848,0.0,0.0
1997-04-07 00:00:00-04:00,6.4878195072815075,6.4878195072815075,6.3981261253356925,6.398126125335693,256855,0.0,0.0
1997-04-08 00:00:00-04:00,6.428025793241656,6.517719203828465,6.398128168392684,6.487821578979492,768685,0.0,0.0
1997-04-09 00:00:00-04:00,6.487819118484717,6.517716731995069,6.398125741913975,6.457921504974365,420533,0.0,0.0
1997-04-10 00:00:00-04:00,6.42802914924417,6.517722606658935,6.42802914924417,6.5177226066589355,695600,0.0,0.0
1997-04-11 00:00:00-04:00,6.487821578979492,6.547617364717327,6.428025793241656,6.487821578979492,334875,0.0,0.0
1997-04-14 00:00:00-04:00,6.487821578979492,6.517719203828465,6.457923954130519,6.487821578979492,307968,0.0,0.0
1997-04-15 00:00:00-04:00,6.547617364717327,6.547617364717327,6.457923954130519,6.487821578979492,124433,0.0,0.0
1997-04-16 00:00:00-04:00,6.487819118484717,6.487819118484717,6.457921504974365,6.457921504974365,169083,0.0,0.0
1997-04-17 00:00:00-04:00,6.487821578979492,6.487821578979492,6.457923954130519,6.487821578979492,164265,0.0,0.0
1997-04-18 00:00:00-04:00,6.487821578979492,6.517719203828465,6.457923954130519,6.487821578979492,196578,0.0,0.0
1997-04-21 00:00:00-04:00,6.517722606658935,6.547620783157303,6.4579273257425385,6.5177226066589355,146758,0.0,0.0
1997-04-22 00:00:00-04:00,6.487821578979492,6.517719203828465,6.457923954130519,6.487821578979492,118558,0.0,0.0
1997-04-23 00:00:00-04:00,6.487821578979492,6.547617364717327,6.457923954130519,6.487821578979492,193758,0.0,0.0
1997-04-24 00:00:00-04:00,6.457921966843377,6.487819582491999,6.428023815155029,6.428023815155029,268958,0.0,0.0
1997-04-25 00:00:00-04:00,6.428023740637725,6.457921891979475,6.3981261253356925,6.398126125335693,106690,0.0,0.0
1997-04-28 00:00:00-04:00,6.398126199506407,6.457921966843377,6.398126199506407,6.428023815155029,313373,0.0,0.0
1997-04-29 00:00:00-04:00,6.547617364717327,6.547617364717327,6.368230543543711,6.487821578979492,658470,0.0,0.0
1997-04-30 00:00:00-04:00,6.4878195072815075,6.4878195072815075,6.368228510033661,6.398126125335693,319013,0.0,0.0
1997-05-01 00:00:00-04:00,6.368228510033661,6.428023740637725,6.33833035869191,6.398126125335693,370360,0.0,0.0
1997-05-02 00:00:00-04:00,6.398126373713856,6.5476155281066895,6.398126373713856,6.5476155281066895,463890,0.0,0.0
1997-05-05 00:00:00-04:00,6.577514457527219,6.756901264190675,6.577514457527219,6.756901264190674,330293,0.0,0.0
1997-05-06 00:00:00-04:00,6.697105483289573,6.786798886621302,6.697105483289573,6.756901264190674,455900,0.0,0.0
1997-05-07 00:00:00-04:00,6.756899108333171,6.756899108333171,6.607409971796374,6.637308120727539,305970,0.0,0.0
1997-05-08 00:00:00-04:00,6.577511391900687,6.667204753428406,6.547613783404647,6.6074090003967285,541088,0.0,0.0
1997-05-09 00:00:00-04:00,6.637308913534442,6.637308913534442,6.5476155281066895,6.5476155281066895,252743,0.0,0.0
1997-05-12 00:00:00-04:00,6.517719203828465,6.547617364717327,6.457923954130519,6.487821578979492,252155,0.0,0.0
1997-05-13 00:00:00-04:00,6.487819118484717,6.517716731995069,6.368228128403624,6.457921504974365,259675,0.0,0.0
1997-05-14 00:00:00-04:00,6.457923954130519,6.517719203828465,6.428025793241656,6.487821578979492,308203,0.0,0.0
1997-05-15 00:00:00-04:00,6.487819582491999,6.487819582491999,6.338330432169439,6.428023815155029,227128,0.0,0.0
1997-05-16 00:00:00-04:00,6.428023355424327,6.457921504974365,6.428023355424327,6.457921504974365,274950,0.0,0.0
1997-05-19 00:00:00-04:00,6.457921504974365,6.457921504974365,6.398125741913975,6.457921504974365,164148,0.0,0.0
1997-05-20 00:00:00-04:00,6.428023740637725,6.457921891979475,6.3981261253356925,6.398126125335693,334523,0.0,0.0
1997-05-21 00:00:00-04:00,6.398129885341264,6.428027518213316,6.338334083557129,6.338334083557129,279298,0.0,0.0
1997-05-22 00:00:00-04:00,6.338334083557129,6.368232252469213,6.308436986725111,6.338334083557129,337460,0.0,0.0
1997-05-23 00:00:00-04:00,6.338334083557129,6.368232252469213,6.308436986725111,6.338334083557129,197283,0.0,0.0
1997-05-27 00:00:00-04:00,6.308434955856824,6.338332043064102,6.278536796569824,6.278536796569824,346273,0.0,0.0
1997-05-28 00:00:00-04:00,6.278536796569824,6.338332043064102,6.248639173322686,6.278536796569824,484453,0.0,0.0
1997-05-29 00:00:00-04:00,6.338334083557129,6.368232252469213,6.308436986725111,6.338334083557129,229830,0.0,0.0
1997-05-30 00:00:00-04:00,6.3383345559105875,6.398130362150902,6.3383345559105875,6.368232727050781,264375,0.0,0.0
1997-06-02 00:00:00-04:00,6.398130362150902,6.398130362150902,6.3383345559105875,6.368232727050781,292693,0.0,0.0
1997-06-03 00:00:00-04:00,6.368232252469213,6.368232252469213,6.338334083557129,6.338334083557129,415010,0.0,0.0
1997-06-04 00:00:00-04:00,6.338332050468522,6.368230209790449,6.308434963226318,6.308434963226318,298803,0.0,0.0
1997-06-05 00:00:00-04:00,6.308433352560542,6.457921966843377,6.308433352560542,6.428023815155029,610765,0.0,0.0
1997-06-06 00:00:00-04:00,6.398128168392684,6.487821578979492,6.368230543543711,6.487821578979492,251685,0.0,0.0
1997-06-09 00:00:00-04:00,6.517722606658935,6.6074160640737,6.487824966200737,6.5177226066589355,289638,0.0,0.0
1997-06-10 00:00:00-04:00,6.517722606658935,6.577518423615501,6.487824966200737,6.5177226066589355,210443,0.0,0.0
1997-06-11 00:00:00-04:00,6.487824966200737,6.547620783157303,6.487824966200737,6.5177226066589355,175663,0.0,0.0
1997-06-12 00:00:00-04:00,6.547613783404647,6.6373071449323655,6.547613783404647,6.6074090003967285,257560,0.0,0.0
1997-06-13 00:00:00-04:00,6.637311108687776,6.69710636138916,6.637311108687776,6.69710636138916,180598,0.0,0.0
1997-06-16 00:00:00-04:00,6.697102361924446,6.697102361924446,6.607409000396728,6.6074090003967285,188353,0.0,0.0
1997-06-17 00:00:00-04:00,6.607409971796374,6.637308120727538,6.547614746013396,6.637308120727539,1508583,0.0,0.0
1997-06-18 00:00:00-04:00,6.610505104064941,6.640968087557567,6.5495785909033835,6.610505104064941,1513048,0.438298,0.0
1997-06-19 00:00:00-04:00,6.610505104064941,6.671431617226499,6.610505104064941,6.610505104064941,1319643,0.0,0.0
1997-06-20 00:00:00-04:00,6.610505104064941,6.640968087557567,6.610505104064941,6.610505104064941,417478,0.0,0.0
1997-06-23 00:00:00-04:00,6.549574375152587,6.61050084909773,6.5191114112679935,6.549574375152588,360373,0.0,0.0
1997-06-24 00:00:00-04:00,6.549576782323738,6.610503278661244,6.519113807243063,6.595272064208984,247808,0.0,0.0
1997-06-25 00:00:00-04:00,6.564810438931075,6.580042203958567,6.458189176091256,6.48865270614624,424645,0.0,0.0
1997-06-26 00:00:00-04:00,6.503880423927706,6.564806353771954,6.503880423927706,6.519111633300781,433340,0.0,0.0
1997-06-27 00:00:00-04:00,6.549574229804818,6.580037739189322,6.503880058079947,6.56480598449707,340868,0.0,0.0
1997-06-30 00:00:00-04:00,6.58003691366546,6.7475840095561965,6.58003691366546,6.732352256774902,708995,0.0,0.0
1997-07-01 00:00:00-04:00,6.732354870321537,6.762818387710272,6.701891899108887,6.701891899108887,336520,0.0,0.0
1997-07-02 00:00:00-04:00,6.717124644949974,6.838977093884059,6.701892884017151,6.80851411819458,479400,0.0,0.0
1997-07-03 00:00:00-04:00,6.86943678402115,6.960826206289311,6.86943678402115,6.930362701416016,283645,0.0,0.0
1997-07-07 00:00:00-04:00,6.915136900980719,6.945600432074605,6.884673916063165,6.899905681610107,390218,0.0,0.0
1997-07-08 00:00:00-04:00,6.884673129704887,7.006525601633608,6.869441912073966,6.9912943840026855,336050,0.0,0.0
1997-07-09 00:00:00-04:00,7.036988562259195,7.052220324839123,6.930367316552152,6.94559907913208,273423,0.0,0.0
1997-07-10 00:00:00-04:00,6.960828629211501,7.189301718232856,6.960828629211501,7.158838748931885,653770,0.0,0.0
1997-07-11 00:00:00-04:00,7.158840097518958,7.204534833166444,7.143608883087232,7.174071311950684,426878,0.0,0.0
1997-07-14 00:00:00-04:00,7.158839783863266,7.204534517508694,7.128376810158358,7.143608570098877,269428,0.0,0.0
1997-07-15 00:00:00-04:00,7.189300867355233,7.204532623291016,7.158837901659656,7.204532623291016,279063,0.0,0.0
1997-07-16 00:00:00-04:00,7.265462076045061,7.280693839363246,7.189304351806641,7.189304351806641,197753,0.0,0.0
1997-07-17 00:00:00-04:00,7.189302909451349,7.219766429975969,7.0979134402297746,7.1283769607543945,417948,0.0,0.0
1997-07-18 00:00:00-04:00,7.128376537797375,7.128376537797375,7.067450046539307,7.067450046539307,324065,0.0,0.0
1997-07-21 00:00:00-04:00,7.067448215920578,7.097911180571004,7.006521740443757,7.05221700668335,172608,0.0,0.0
1997-07-22 00:00:00-04:00,7.052217983161538,7.143607435942933,7.052217983161538,7.1131439208984375,326180,0.0,0.0
1997-07-23 00:00:00-04:00,7.128377562874573,7.143609324423481,7.006524562835693,7.006524562835693,291753,0.0,0.0
1997-07-24 00:00:00-04:00,7.03698749153282,7.1283769607543945,7.0065239710082,7.1283769607543945,286700,0.0,0.0
1997-07-25 00:00:00-04:00,7.128376810158358,7.158839783863266,7.113145050217838,7.143608570098877,404435,0.0,0.0
1997-07-28 00:00:00-04:00,7.143608297155919,7.143608297155919,7.067450046539307,7.067450046539307,371770,0.0,0.0
1997-07-29 00:00:00-04:00,7.128378390886406,7.189304351806641,7.067451883789919,7.189304351806641,276595,0.0,0.0
1997-07-30 00:00:00-04:00,7.143607412511549,7.234996318817139,7.128375655039262,7.234996318817139,164383,0.0,0.0
1997-07-31 00:00:00-04:00,7.219768518390092,7.295926249378994,7.219768518390092,7.280694484710693,216553,0.0,0.0
1997-08-01 00:00:00-04:00,7.26545913914668,7.295922653468859,7.143607266562087,7.250227928161621,214438,0.0,0.0
1997-08-04 00:00:00-04:00,7.219767878443011,7.250230858903128,7.143610154204591,7.189304351806641,164265,0.0,0.0
1997-08-05 00:00:00-04:00,7.143610154204591,7.204536115124826,7.128378390886406,7.189304351806641,138650,0.0,0.0
1997-08-06 00:00:00-04:00,7.204533202854384,7.280690896307769,7.174069688532204,7.250227928161621,222075,0.0,0.0
1997-08-07 00:00:00-04:00,7.189303095508283,7.265460806438486,7.189303095508283,7.219766616821289,255328,0.0,0.0
1997-08-08 00:00:00-04:00,7.158837656047826,7.158837656047826,6.991290531206528,7.05221700668335,250745,0.0,0.0
1997-08-11 00:00:00-04:00,7.09791214009469,7.250228076289425,7.067449171326159,7.234996318817139,300213,0.0,0.0
1997-08-12 00:00:00-04:00,7.250231109041069,7.372083581261785,7.250231109041069,7.326388835906982,499258,0.0,0.0
1997-08-13 00:00:00-04:00,7.387312231583801,7.387312231583801,7.326385748063919,7.35684871673584,597605,0.0,0.0
1997-08-14 00:00:00-04:00,7.341613163733169,7.402539611221774,7.265454967828483,7.2959184646606445,792538,0.0,0.0
1997-08-15 00:00:00-04:00,7.250229753198499,7.295924490008073,7.1893032553936775,7.265460968017578,260615,0.0,0.0
1997-08-18 00:00:00-04:00,7.250227928161621,7.250227928161621,7.143607266562087,7.250227928161621,489388,0.0,0.0
1997-08-19 00:00:00-04:00,7.250227928161621,7.26545913914668,7.174069688532204,7.250227928161621,280473,0.0,0.0
1997-08-20 00:00:00-04:00,7.250229591958139,7.250229591958139,7.189303095508283,7.219766616821289,541558,0.0,0.0
1997-08-21 00:00:00-04:00,7.189300867355233,7.2349955889865925,7.158837901659656,7.204532623291016,535095,0.0,0.0
1997-08-22 00:00:00-04:00,7.021756069150629,7.265460968017577,7.021756069150629,7.265460968017578,359433,0.0,0.0
1997-08-25 00:00:00-04:00,7.31115625100332,7.341619226817647,7.234997992203251,7.265460968017578,255680,0.0,0.0
1997-08-26 00:00:00-04:00,7.265454967828483,7.2959184646606445,7.25022376558812,7.2959184646606445,195050,0.0,0.0
1997-08-27 00:00:00-04:00,7.265462885193218,7.35685238292779,7.234999901340465,7.311158180236816,334993,0.0,0.0
1997-08-28 00:00:00-04:00,7.280690896307769,7.311154410629949,7.219764960015473,7.250227928161621,172725,0.0,0.0
1997-08-29 00:00:00-04:00,7.250227928161621,7.280690896307769,7.204533202854384,7.250227928161621,192113,0.0,0.0
1997-09-02 00:00:00-04:00,7.250226609996213,7.417773723602294,7.219763647388543,7.417773723602295,393508,0.0,0.0
1997-09-03 00:00:00-04:00,7.433006763458252,7.463469731334187,7.417775006432271,7.433006763458252,478695,0.0,0.0
1997-09-04 00:00:00-04:00,7.433006624506175,7.631016731262207,7.433006624506175,7.631016731262207,1299315,0.0,0.0
1997-09-05 00:00:00-04:00,7.631017968620863,7.64624972783191,7.539628505706787,7.539628505706787,298920,0.0,0.0
1997-09-08 00:00:00-04:00,7.570088149626,7.676709317180554,7.554856398210828,7.661477565765381,346155,0.0,0.0
1997-09-09 00:00:00-04:00,7.6310204005459,7.798568166734799,7.6005574185916815,7.752873420715332,1218358,0.0,0.0
1997-09-10 00:00:00-04:00,7.752873731377556,7.844263227078521,7.707178983527073,7.722410202026367,450848,0.0,0.0
1997-09-11 00:00:00-04:00,7.707174339584481,7.707174339584481,7.585321934130553,7.646247863769531,861863,0.0,0.0
1997-09-12 00:00:00-04:00,7.676709885113427,7.768099308013915,7.615783421121146,7.768099308013916,234648,0.0,0.0
1997-09-15 00:00:00-04:00,7.783336399315015,7.8747258913145615,7.752873417373926,7.8137993812561035,301388,0.0,0.0
1997-09-16 00:00:00-04:00,7.874721663041047,8.011805827434038,7.874721663041047,7.981342315673828,987705,0.0,0.0
1997-09-17 00:00:00-04:00,7.966115223732858,7.966115223732858,7.874725733564072,7.889956951141357,2803550,0.0,0.0
1997-09-18 00:00:00-04:00,7.800799508554183,7.847232293868553,7.754365613230843,7.769843578338623,2236260,0.438298,0.0
1997-09-19 00:00:00-04:00,7.769849139486113,7.816282513038925,7.754371163300214,7.80080509185791,422648,0.0,0.0
1997-09-22 00:00:00-04:00,7.800804296325269,7.862715084745382,7.785326321717826,7.8472371101379395,174253,0.0,0.0
1997-09-23 00:00:00-04:00,7.847236948274384,7.847236948274384,7.738892793271567,7.754370212554932,162385,0.0,0.0
1997-09-24 00:00:00-04:00,7.738892472379687,7.769847864667672,7.692459106445313,7.6924591064453125,441683,0.0,0.0
1997-09-25 00:00:00-04:00,7.676982485909328,7.692460462283795,7.584115737672304,7.646027088165283,332408,0.0,0.0
1997-09-26 00:00:00-04:00,7.6150695418848136,7.6150695418848136,7.568635625862403,7.584113597869873,310083,0.0,0.0
1997-09-29 00:00:00-04:00,7.5222017805397625,7.56863458013729,7.506723810670816,7.537679195404053,272130,0.0,0.0
1997-09-30 00:00:00-04:00,7.4757678709329225,7.584112550006236,7.444812486199686,7.537679195404053,317720,0.0,0.0
1997-10-01 00:00:00-04:00,7.568630922246178,7.568630922246178,7.475764257923924,7.5531535148620605,951750,0.0,0.0
1997-10-02 00:00:00-04:00,7.5531597917878255,7.59959316253662,7.506726421039031,7.599593162536621,189528,0.0,0.0
1997-10-03 00:00:00-04:00,7.661502347897757,7.692458291912698,7.50672484784199,7.584113597869873,314548,0.0,0.0
1997-10-06 00:00:00-04:00,7.599593322216095,7.646026693940529,7.553159950491661,7.568637371063232,252860,0.0,0.0
1997-10-07 00:00:00-04:00,7.584113685109579,7.646025018846889,7.584113685109579,7.630547046661377,259205,0.0,0.0
1997-10-08 00:00:00-04:00,7.5995895238514946,7.615067491691855,7.4448115104616415,7.460289478302002,226775,0.0,0.0
1997-10-09 00:00:00-04:00,7.398382976213005,7.444816354944582,7.320994196662027,7.4293389320373535,219255,0.0,0.0
1997-10-10 00:00:00-04:00,7.367422207771324,7.429333519308859,7.351944241135805,7.41385555267334,859160,0.0,0.0
1997-10-13 00:00:00-04:00,7.429333519308859,7.491244275841852,7.382899619402302,7.41385555267334,405610,0.0,0.0
1997-10-14 00:00:00-04:00,7.429338932037353,7.429338932037353,7.398382976213005,7.4293389320373535,436513,0.0,0.0
1997-10-15 00:00:00-04:00,7.398377586037821,7.429333519308859,7.351944241135805,7.41385555267334,260498,0.0,0.0
1997-10-16 00:00:00-04:00,7.429333519308859,7.429333519308859,7.398377586037821,7.41385555267334,209973,0.0,0.0
1997-10-17 00:00:00-04:00,7.351947706203886,7.4138590469210355,7.320992313347712,7.382903099060059,283645,0.0,0.0
1997-10-20 00:00:00-04:00,7.382903258949642,7.4602925752732805,7.351947865423075,7.398381233215332,448145,0.0,0.0
1997-10-21 00:00:00-04:00,7.429334097625865,7.460289478302002,7.398378161945144,7.460289478302002,1008268,0.0,0.0
1997-10-22 00:00:00-04:00,7.475769680345992,7.506725627576371,7.398380922279626,7.491247653961182,692428,0.0,0.0
1997-10-23 00:00:00-04:00,7.537681173350534,7.537681173350534,7.351947706203886,7.382903099060059,356025,0.0,0.0
1997-10-24 00:00:00-04:00,7.429338932037353,7.460294332856755,7.367427575393603,7.4293389320373535,273658,0.0,0.0
1997-10-27 00:00:00-05:00,7.382902754993467,7.429336674620964,7.1197805404663095,7.119780540466309,222545,0.0,0.0
1997-10-28 00:00:00-05:00,7.057870086558228,7.3983810729905475,6.949525379054415,7.382903099060059,342160,0.0,0.0
1997-10-29 00:00:00-05:00,7.3674258396887655,7.429337181746714,7.228125736311994,7.398381233215332,399030,0.0,0.0
1997-10-30 00:00:00-05:00,7.33646982870512,7.52220328424232,7.33646982870512,7.506725311279297,992288,0.0,0.0
1997-10-31 00:00:00-05:00,7.553157584597872,7.676979685409646,7.475768285961412,7.6150689125061035,516295,0.0,0.0
1997-11-03 00:00:00-05:00,7.66150450953486,7.66150450953486,7.55316033992826,7.646027088165283,379408,0.0,0.0
1997-11-04 00:00:00-05:00,7.599592374576565,7.7079370800917015,7.599592374576565,7.6924591064453125,699948,0.0,0.0
1997-11-05 00:00:00-05:00,7.692457363113317,7.723412748385923,7.6615014228360465,7.707935333251953,541558,0.0,0.0
1997-11-06 00:00:00-05:00,7.676982090088531,7.769848833537398,7.553159950491661,7.568637371063232,922493,0.0,0.0
1997-11-07 00:00:00-05:00,7.553159950491661,7.599593322216095,7.475770627614365,7.568637371063232,524403,0.0,0.0
1997-11-10 00:00:00-05:00,7.568637371063232,7.615071297792527,7.553159950491661,7.568637371063232,632385,0.0,0.0
1997-11-11 00:00:00-05:00,7.56863458013729,7.56863458013729,7.491245840801869,7.537679195404053,115268,0.0,0.0
1997-11-12 00:00:00-05:00,7.506720182700934,7.584108884634683,7.4912422203124285,7.5531535148620605,221840,0.0,0.0
1997-11-13 00:00:00-05:00,7.553157584597872,7.646024298957874,7.506724227417871,7.6150689125061035,633325,0.0,0.0
1997-11-14 00:00:00-05:00,7.615071137787836,7.6305485580342,7.5531597917878255,7.599593162536621,297628,0.0,0.0
1997-11-17 00:00:00-05:00,7.661500244034418,7.769844908325579,7.63054486352462,7.723411560058594,208680,0.0,0.0
1997-11-18 00:00:00-05:00,7.769843578338623,7.816276918657478,7.723410238019768,7.769843578338623,441683,0.0,0.0
1997-11-19 00:00:00-05:00,7.785321543446403,7.800799508554183,7.738888203127548,7.769843578338623,297980,0.0,0.0
1997-11-20 00:00:00-05:00,7.800801240429854,7.955578705852251,7.785323271885771,7.909145355224609,443093,0.0,0.0
1997-11-21 00:00:00-05:00,7.909147349031777,7.955580711364746,7.878191959144713,7.955580711364746,415245,0.0,0.0
1997-11-24 00:00:00-05:00,7.878191105348114,8.017490622245731,7.878191105348114,8.002013206481934,492208,0.0,0.0
1997-11-25 00:00:00-05:00,8.017490570543233,8.172268612215905,8.017490570543233,8.110357284545898,456958,0.0,0.0
1997-11-26 00:00:00-05:00,8.110355544005548,8.141311478699528,8.094878131663124,8.125833511352539,260733,0.0,0.0
1997-11-28 00:00:00-05:00,8.141311478699528,8.172266858388943,8.125833511352539,8.125833511352539,117030,0.0,0.0
1997-12-01 00:00:00-05:00,8.1567928106689,8.327048301696777,8.125836863205798,8.327048301696777,356730,0.0,0.0
1997-12-02 00:00:00-05:00,8.311568140219578,8.311568140219578,8.156790663663308,8.187746047973633,835425,0.0,0.0
1997-12-03 00:00:00-05:00,8.218704063339764,8.218704063339764,8.017492613397161,8.04844856262207,261790,0.0,0.0
1997-12-04 00:00:00-05:00,8.094877926584441,8.094877926584441,8.002011234864352,8.032966613769531,137710,0.0,0.0
1997-12-05 00:00:00-05:00,7.9710563613467755,7.986534329282988,7.909145044606512,7.924623012542725,621928,0.0,0.0
1997-12-08 00:00:00-05:00,7.909145044606512,7.924623012542725,7.878189663738674,7.924623012542725,702650,0.0,0.0
1997-12-09 00:00:00-05:00,7.909147816490807,7.909147816490807,7.831759059696821,7.87819242477417,238643,0.0,0.0
1997-12-10 00:00:00-05:00,7.909144633195872,7.986533913846784,7.878189253938242,7.893667221069336,572108,0.0,0.0
1997-12-11 00:00:00-05:00,7.909144633195872,7.924622600326966,7.847233319676054,7.893667221069336,548373,0.0,0.0
1997-12-12 00:00:00-05:00,7.955582454645405,8.032971223823385,7.9246270579751865,8.01749324798584,766923,0.0,0.0
1997-12-15 00:00:00-05:00,8.079404426327446,8.24966049194336,8.063927005820442,8.24966049194336,398208,0.0,0.0
1997-12-16 00:00:00-05:00,8.311574074012524,8.32705205472004,8.249663261192554,8.280618667602539,2412745,0.0,0.0
1997-12-17 00:00:00-05:00,8.315822316646976,8.315822316646976,8.25294254929222,8.300102233886719,822970,0.438298,0.0
1997-12-18 00:00:00-05:00,8.268665759907329,8.315825462341309,8.221506057473349,8.315825462341309,251685,0.0,0.0
1997-12-19 00:00:00-05:00,8.268667221069336,8.315826931836941,8.048588758716038,8.268667221069336,374120,0.0,0.0
1997-12-22 00:00:00-05:00,8.30011069518235,8.425869794406882,8.284391160083564,8.394430160522461,551193,0.0,0.0
1997-12-23 00:00:00-05:00,8.362986052144576,8.41014575958252,8.300106254331805,8.41014575958252,343335,0.0,0.0
1997-12-24 00:00:00-05:00,8.425863265991211,8.441583352596815,8.410143743072016,8.425863265991211,101873,0.0,0.0
1997-12-26 00:00:00-05:00,8.425863265991211,8.45730343920242,8.425863265991211,8.425863265991211,57810,0.0,0.0
1997-12-29 00:00:00-05:00,8.441585468436893,8.535904884338379,8.315826435130427,8.535904884338379,277065,0.0,0.0
1997-12-30 00:00:00-05:00,8.520185231234114,8.583065032958984,8.504465703567833,8.583065032958984,235470,0.0,0.0
1997-12-31 00:00:00-05:00,8.583064449965924,8.740263661757265,8.56734492336737,8.724543571472168,530160,0.0,0.0
1998-01-02 00:00:00-05:00,8.708824157714844,8.740264340727405,8.677384538388868,8.708824157714844,265668,0.0,0.0
1998-01-05 00:00:00-05:00,8.677384008190609,8.724543716141353,8.441585468436893,8.535904884338379,317133,0.0,0.0
1998-01-06 00:00:00-05:00,8.520184516906738,8.614503929743067,8.504464990558372,8.520184516906738,319365,0.0,0.0
1998-01-07 00:00:00-05:00,8.488744900523473,8.520184516906738,8.410145577722043,8.520184516906738,413365,0.0,0.0
1998-01-08 00:00:00-05:00,8.52018405556595,8.645943641662598,8.504464530068747,8.645943641662598,817095,0.0,0.0
1998-01-09 00:00:00-05:00,8.630227740097135,8.677387466844918,8.56734848022461,8.56734848022461,247338,0.0,0.0
1998-01-12 00:00:00-05:00,8.457309635923849,8.70882782378395,8.457309635923849,8.677388191223145,403143,0.0,0.0
1998-01-13 00:00:00-05:00,8.677379892496232,8.755979744258477,8.59878060442027,8.693099975585938,204333,0.0,0.0
1998-01-14 00:00:00-05:00,8.724539578079066,8.724539578079066,8.59878060442027,8.693099975585938,396210,0.0,0.0
1998-01-15 00:00:00-05:00,8.693107563656438,8.693107563656438,8.53590828660157,8.56734848022461,451083,0.0,0.0
1998-01-16 00:00:00-05:00,8.693104230239665,8.787423647567952,8.630224430791955,8.740263938903809,544848,0.0,0.0
1998-01-20 00:00:00-05:00,8.708820238343632,8.755980491638184,8.645941027990228,8.755980491638184,351795,0.0,0.0
1998-01-21 00:00:00-05:00,8.75598921938108,8.787428855895996,8.693109382664353,8.787428855895996,381053,0.0,0.0
1998-01-22 00:00:00-05:00,8.75598921938108,8.787428855895996,8.693109382664353,8.787428855895996,378468,0.0,0.0
1998-01-23 00:00:00-05:00,8.787424766552443,8.803144295651164,8.740265051883014,8.77170467376709,350620,0.0,0.0
1998-01-26 00:00:00-05:00,8.740263938903809,8.771703556784384,8.66166461235909,8.740263938903809,246045,0.0,0.0
1998-01-27 00:00:00-05:00,8.75598642356157,8.976064372581154,8.74026632848015,8.913185119628906,899815,0.0,0.0
1998-01-28 00:00:00-05:00,8.928905898441956,9.070384510261608,8.834586448104348,8.897465705871582,695013,0.0,0.0
1998-01-29 00:00:00-05:00,8.897460608964833,9.180418797885167,8.834581387217938,9.148979187011719,695130,0.0,0.0
1998-01-30 00:00:00-05:00,9.164694716676712,9.164694716676712,9.023216247558594,9.023216247558594,456370,0.0,0.0
1998-02-02 00:00:00-05:00,9.054665185767103,9.14898463827246,9.054665185767103,9.133264541625977,318778,0.0,0.0
1998-02-03 00:00:00-05:00,9.101822950047849,9.321901437225048,9.101822950047849,9.306181907653809,1041050,0.0,0.0
1998-02-04 00:00:00-05:00,9.27474377293596,9.337623596191406,9.259023676200405,9.337623596191406,803230,0.0,0.0
1998-02-05 00:00:00-05:00,9.306176607923659,9.306176607923659,9.18041706085205,9.18041706085205,876080,0.0,0.0
1998-02-06 00:00:00-05:00,9.19613950383275,9.243299205158795,9.133259714169201,9.227579116821289,762223,0.0,0.0
1998-02-09 00:00:00-05:00,9.227577317300815,9.227577317300815,9.164697539899795,9.211857795715332,813218,0.0,0.0
1998-02-10 00:00:00-05:00,9.21186462246782,9.290463979702938,9.196144525546085,9.243304252624512,1032825,0.0,0.0
1998-02-11 00:00:00-05:00,9.259016924158143,9.259016924158143,9.148978018314311,9.211857795715332,502900,0.0,0.0
1998-02-12 00:00:00-05:00,9.211857795715332,9.211857795715332,9.180417625171641,9.211857795715332,572813,0.0,0.0
1998-02-13 00:00:00-05:00,9.196138723693117,9.290458118343771,9.164698549685282,9.259017944335938,489740,0.0,0.0
1998-02-17 00:00:00-05:00,9.274742305103041,9.384781837463379,9.274742305103041,9.384781837463379,663758,0.0,0.0
1998-02-18 00:00:00-05:00,9.369061898812804,9.416221618652344,9.35334180430406,9.416221618652344,930718,0.0,0.0
1998-02-19 00:00:00-05:00,9.384781563821043,9.400501657610347,9.337621846139799,9.369061470031738,717690,0.0,0.0
1998-02-20 00:00:00-05:00,9.447665214538574,9.494824954197863,9.416225575994691,9.447665214538574,379408,0.0,0.0
1998-02-23 00:00:00-05:00,9.463381745015054,9.463381745015054,9.369061743215706,9.384781837463379,316310,0.0,0.0
1998-02-24 00:00:00-05:00,9.369057425990508,9.369057425990508,9.243298421018444,9.259017944335938,338753,0.0,0.0
1998-02-25 00:00:00-05:00,9.274741533985383,9.274741533985383,9.180422103714596,9.196142196655273,600895,0.0,0.0
1998-02-26 00:00:00-05:00,9.180424428624349,9.243304252624512,9.054665344310804,9.243304252624512,1334683,0.0,0.0
1998-02-27 00:00:00-05:00,9.196144525546085,9.243304252624512,9.164704331702612,9.243304252624512,846823,0.0,0.0
1998-03-02 00:00:00-05:00,9.243302098308902,9.321901437225048,9.211862475479773,9.306181907653809,387515,0.0,0.0
1998-03-03 00:00:00-05:00,9.29045890648484,9.306178994822345,9.211859592170256,9.227579116821289,334993,0.0,0.0
1998-03-04 00:00:00-05:00,9.227584155702775,9.259023785859467,9.180424428624349,9.243304252624512,519350,0.0,0.0
1998-03-05 00:00:00-05:00,9.180418797885167,9.211858972445048,9.133259099731777,9.148979187011719,454373,0.0,0.0
1998-03-06 00:00:00-05:00,9.148979802506707,9.306178994822345,9.148979802506707,9.227579116821289,504780,0.0,0.0
1998-03-09 00:00:00-05:00,9.164702772742706,9.384781837463379,9.164702772742706,9.384781837463379,1059028,0.0,0.0
1998-03-10 00:00:00-05:00,9.384778525195957,9.52625763243126,9.36905843649654,9.479097366333008,435220,0.0,0.0
1998-03-11 00:00:00-05:00,9.463381130442755,9.541980469203338,9.41622085076243,9.526260375976562,786193,0.0,0.0
1998-03-12 00:00:00-05:00,9.494820462372648,9.541980743408203,9.494820462372648,9.541980743408203,756113,0.0,0.0
1998-03-13 00:00:00-05:00,9.557702779330606,9.71490149331387,9.557702779330606,9.589141845703125,424880,0.0,0.0
1998-03-16 00:00:00-05:00,9.557697909012386,9.652016187441713,9.494817553562193,9.636297225952148,837188,0.0,0.0
1998-03-17 00:00:00-05:00,9.6205771370896,9.636297225952148,9.60485704822705,9.636297225952148,2467500,0.0,0.0
1998-03-18 00:00:00-05:00,9.592321082023089,9.735727332714626,9.57638622886064,9.671991348266602,661408,0.438298,0.0
1998-03-19 00:00:00-05:00,9.624185941655144,9.687923051875128,9.592318529278769,9.656054496765137,1306013,0.0,0.0
1998-03-20 00:00:00-05:00,9.656060549782302,9.911005722276824,9.624191974695112,9.863204002380371,567290,0.0,0.0
1998-03-23 00:00:00-05:00,9.863204002380371,9.895071434733229,9.783532564662396,9.863204002380371,391040,0.0,0.0
1998-03-24 00:00:00-05:00,9.847264653018012,9.942869186401367,9.847264653018012,9.942869186401367,536975,0.0,0.0
1998-03-25 00:00:00-05:00,9.92693584046793,10.006606101989746,9.92693584046793,10.006606101989746,585620,0.0,0.0
1998-03-26 00:00:00-05:00,10.02253944043187,10.05440799913757,9.926934907048516,9.942869186401367,599015,0.0,0.0
1998-03-27 00:00:00-05:00,9.92693838650871,9.92693838650871,9.751663537659809,9.847268104553223,309143,0.0,0.0
1998-03-30 00:00:00-05:00,9.799466807264611,9.974741683971661,9.799466807264611,9.926939964294434,530513,0.0,0.0
1998-03-31 00:00:00-05:00,9.942866048880827,10.102206506661167,9.926931774556117,10.022536277770996,415128,0.0,0.0
1998-04-01 00:00:00-05:00,10.022540966369275,10.022540966369275,9.926936418430076,9.974738121032715,248160,0.0,0.0
1998-04-02 00:00:00-05:00,10.022540446037889,10.13407926996528,9.974737603183067,10.118144989013672,276595,0.0,0.0
1998-04-03 00:00:00-05:00,10.134080828914497,10.261552810668945,10.118146545511683,10.261552810668945,764690,0.0,0.0
1998-04-06 00:00:00-04:00,10.245614051818848,10.245614051818848,10.197811227823076,10.245614051818848,595725,0.0,0.0
1998-04-07 00:00:00-04:00,10.22967977715359,10.261547183750695,10.197811227823076,10.245614051818848,736373,0.0,0.0
1998-04-08 00:00:00-04:00,10.22968762629947,10.22968762629947,10.150017334576305,10.181884765625,377528,0.0,0.0
1998-04-09 00:00:00-04:00,10.181878756570084,10.197813034057617,10.134077066841096,10.197813034057617,268840,0.0,0.0
1998-04-13 00:00:00-04:00,10.261555057348163,10.261555057348163,10.118148760793325,10.181884765625,587735,0.0,0.0
1998-04-14 00:00:00-04:00,10.165942678492561,10.245614051818848,10.118140997230197,10.245614051818848,375883,0.0,0.0
1998-04-15 00:00:00-04:00,10.29342113276141,10.404959971195384,10.261552566713414,10.389025688171387,779495,0.0,0.0
1998-04-16 00:00:00-04:00,10.42089590912259,10.42089590912259,10.277488481866628,10.341225624084473,571403,0.0,0.0
1998-04-17 00:00:00-04:00,10.357152653172683,10.420889757767101,10.293416691311782,10.373086929321289,355438,0.0,0.0
1998-04-20 00:00:00-04:00,10.309355660877392,10.373091651754615,10.245619670000167,10.261552810668945,285643,0.0,0.0
1998-04-21 00:00:00-04:00,10.197811120048957,10.229679669042675,10.070338066807489,10.134075164794922,351325,0.0,0.0
1998-04-22 00:00:00-04:00,10.070338344605332,10.102206894478167,10.02253666252951,10.054405212402344,339575,0.0,0.0
1998-04-23 00:00:00-04:00,9.942874251764954,9.958808539235472,9.81540109473513,9.926939964294434,380230,0.0,0.0
1998-04-24 00:00:00-04:00,9.879131036029792,10.022538392477049,9.799460790329595,9.831329345703125,488448,0.0,0.0
1998-04-27 00:00:00-04:00,9.751667080967316,9.751667080967316,9.60825960715244,9.687931060791016,564940,0.0,0.0
1998-04-28 00:00:00-04:00,9.815397598958139,9.815397598958139,9.656057066471114,9.671991348266602,580215,0.0,0.0
1998-04-29 00:00:00-04:00,9.687931060791016,9.783534519688184,9.624193897880154,9.687931060791016,651655,0.0,0.0
1998-04-30 00:00:00-04:00,9.783530607695987,10.006608303216177,9.735728897361149,9.990674018859863,495498,0.0,0.0
1998-05-01 00:00:00-04:00,10.05441115628512,10.134081435332588,9.911003739812395,9.990674018859863,419828,0.0,0.0
1998-05-04 00:00:00-04:00,10.054404833745805,10.086272239685059,10.006602010736843,10.086272239685059,258853,0.0,0.0
1998-05-05 00:00:00-04:00,10.070336986225456,10.070336986225456,9.942865089395562,9.958799362182617,370008,0.0,0.0
1998-05-06 00:00:00-04:00,9.942865089395562,10.00660103781051,9.942865089395562,9.958799362182617,137945,0.0,0.0
1998-05-07 00:00:00-04:00,9.942870121319064,10.006606101989746,9.863199859797248,10.006606101989746,580685,0.0,0.0
1998-05-08 00:00:00-04:00,10.006607472748271,10.18188230065312,9.990673189714375,10.150014877319336,481163,0.0,0.0
1998-05-11 00:00:00-04:00,10.1181407883577,10.213745291642235,10.022536285073164,10.086272239685059,327003,0.0,0.0
1998-05-12 00:00:00-04:00,10.07034346214985,10.165948017619222,9.974738906680479,10.150014877319336,196225,0.0,0.0
1998-05-13 00:00:00-04:00,10.086277745183747,10.150014877319336,9.974738906680479,10.150014877319336,216905,0.0,0.0
1998-05-14 00:00:00-04:00,10.134080146899933,10.197816133487782,10.022541313320728,10.070343017578125,261908,0.0,0.0
1998-05-15 00:00:00-04:00,10.086276950750769,10.19781578046882,9.958804981987782,9.974738121032715,337225,0.0,0.0
1998-05-18 00:00:00-04:00,9.974738466329372,10.070343017578125,9.974738466329372,10.070343017578125,146875,0.0,0.0
1998-05-19 00:00:00-04:00,10.03847371978472,10.03847371978472,9.911000627695666,9.942869186401367,170493,0.0,0.0
1998-05-20 00:00:00-04:00,9.942871679489434,9.942871679489434,9.815398555437609,9.911003112792969,187295,0.0,0.0
1998-05-21 00:00:00-04:00,9.958802424463617,9.958802424463617,9.81539506801636,9.831329345703125,396563,0.0,0.0
1998-05-22 00:00:00-04:00,9.831335427293181,9.863204002380371,9.815401139749586,9.863204002380371,125373,0.0,0.0
1998-05-26 00:00:00-04:00,9.926934461007253,9.942868739644137,9.735725402832031,9.735725402832031,216670,0.0,0.0
1998-05-27 00:00:00-04:00,9.75166217736924,9.799463882780861,9.656057623812012,9.703859329223633,408783,0.0,0.0
1998-05-28 00:00:00-04:00,9.671988854302729,9.847263623389889,9.656054576615965,9.831329345703125,161563,0.0,0.0
1998-05-29 00:00:00-04:00,9.767591323892196,10.13407506269402,9.703854226546916,10.086272239685059,532980,0.0,0.0
1998-06-01 00:00:00-04:00,10.022544161470218,10.516501340414374,10.022544161470218,10.357159614562988,530513,0.0,0.0
1998-06-02 00:00:00-04:00,10.293421745300293,10.341224597216929,10.26155317735587,10.293421745300293,569640,0.0,0.0
1998-06-03 00:00:00-04:00,10.29342113276141,10.42089425421938,10.261552566713414,10.389025688171387,385048,0.0,0.0
1998-06-04 00:00:00-04:00,10.389027338013667,10.42089590912259,10.325291338530013,10.341225624084473,323713,0.0,0.0
1998-06-05 00:00:00-04:00,10.357152653172683,10.373086929321289,10.277482415163178,10.373086929321289,213145,0.0,0.0
1998-06-08 00:00:00-04:00,10.373087310484406,10.436824417420869,10.341219899749733,10.404955863952637,348505,0.0,0.0
1998-06-09 00:00:00-04:00,10.420889757767101,10.420889757767101,10.373086929321289,10.373086929321289,163678,0.0,0.0
1998-06-10 00:00:00-04:00,10.389020181546046,10.691767970330687,10.373085906967896,10.61209774017334,706293,0.0,0.0
1998-06-11 00:00:00-04:00,10.564300584970782,10.6758394241333,10.484630312064418,10.6758394241333,330528,0.0,0.0
1998-06-12 00:00:00-04:00,10.675833695752537,10.707702244908837,10.516493235437844,10.61209774017334,214320,0.0,0.0
1998-06-15 00:00:00-04:00,10.548366254053489,10.659905092710682,10.548366254053489,10.564300537109375,194463,0.0,0.0
1998-06-16 00:00:00-04:00,10.628033658754694,10.628033658754694,10.468693156659928,10.500561714172363,271425,0.0,0.0
1998-06-17 00:00:00-04:00,10.4527587890625,10.4527587890625,10.325286845563593,10.4527587890625,2234850,0.0,0.0
1998-06-18 00:00:00-04:00,10.537316165004526,10.601862907409668,10.48890524024806,10.601862907409668,415010,0.438298,0.0
1998-06-19 00:00:00-04:00,10.601859879680172,10.601859879680172,10.44049249111631,10.50503921508789,633560,0.0,0.0
1998-06-22 00:00:00-04:00,10.47277445769112,10.666414778004777,10.47277445769112,10.553458213806152,419005,0.0,0.0
1998-06-23 00:00:00-04:00,10.55345314908441,10.601862916612752,10.48890524935309,10.52117919921875,306205,0.0,0.0
1998-06-24 00:00:00-04:00,10.569588355142733,10.569588355142733,10.408219790090433,10.45663070678711,216553,0.0,0.0
1998-06-25 00:00:00-04:00,10.521179887619022,10.521179887619022,10.32753849029541,10.32753849029541,412308,0.0,0.0
1998-06-26 00:00:00-04:00,10.392089031303044,10.488909765315697,10.34367924293204,10.408226013183594,497025,0.0,0.0
1998-06-29 00:00:00-04:00,10.408219790090433,10.505040466213831,10.392082817858208,10.45663070678711,625688,0.0,0.0
1998-06-30 00:00:00-04:00,10.424361228942871,10.472772166382619,10.392087270649705,10.424361228942871,367070,0.0,0.0
1998-07-01 00:00:00-04:00,10.424363324739845,10.61800479888916,10.424363324739845,10.61800479888916,533685,0.0,0.0
1998-07-02 00:00:00-04:00,10.601868004566892,10.618004987244039,10.488910283097566,10.553458213806152,447205,0.0,0.0
1998-07-06 00:00:00-04:00,10.521179347166912,10.553453297486406,10.488905396847418,10.53731632232666,162738,0.0,0.0
1998-07-07 00:00:00-04:00,10.53731936024431,10.53731936024431,10.472772598266602,10.472772598266602,825673,0.0,0.0
1998-07-08 00:00:00-04:00,10.505042372007166,10.569590272646154,10.472769578957834,10.53731632232666,1125650,0.0,0.0
1998-07-09 00:00:00-04:00,10.505042372007166,10.585726090535736,10.505042372007166,10.53731632232666,210325,0.0,0.0
1998-07-10 00:00:00-04:00,10.521182313948362,10.634140014648438,10.521182313948362,10.634140014648438,423705,0.0,0.0
1998-07-13 00:00:00-04:00,10.585725941679923,10.585725941679923,10.52117919921875,10.52117919921875,250158,0.0,0.0
1998-07-14 00:00:00-04:00,10.456629461426658,10.61799684999052,10.456629461426658,10.50503921508789,434515,0.0,0.0
1998-07-15 00:00:00-04:00,10.505042224285921,10.585725941679923,10.456632456757578,10.52117919921875,264140,0.0,0.0
1998-07-16 00:00:00-04:00,10.569589966878967,10.585725784301758,10.521179042800203,10.585725784301758,265550,0.0,0.0
1998-07-17 00:00:00-04:00,10.601863065695484,10.601863065695484,10.488905396847418,10.53731632232666,300448,0.0,0.0
1998-07-20 00:00:00-04:00,10.537316017493124,10.650273683073442,10.537316017493124,10.585725784301758,735903,0.0,0.0
1998-07-21 00:00:00-04:00,10.52117618539824,10.569587096329288,10.456629461426658,10.50503921508789,207388,0.0,0.0
1998-07-22 00:00:00-04:00,10.505042372007166,10.650273991174725,10.472769578957834,10.53731632232666,307145,0.0,0.0
1998-07-23 00:00:00-04:00,10.472772310788965,10.553456050363955,10.440498352050781,10.440498352050781,301270,0.0,0.0
1998-07-24 00:00:00-04:00,10.424361372681691,10.472772310788965,10.2791308729008,10.440498352050781,521465,0.0,0.0
1998-07-27 00:00:00-04:00,10.408220091468989,10.569588661193848,10.375947303340007,10.569588661193848,389983,0.0,0.0
1998-07-28 00:00:00-04:00,10.553451688494363,10.714819100949235,10.553451688494363,10.569588661193848,709818,0.0,0.0
1998-07-29 00:00:00-04:00,10.55345314908441,10.601862916612752,10.48890524935309,10.52117919921875,174605,0.0,0.0
1998-07-30 00:00:00-04:00,10.537321044205392,10.65027876367094,10.521184061814502,10.61800479888916,427700,0.0,0.0
1998-07-31 00:00:00-04:00,10.569598899665626,10.585734730725447,10.295272412582046,10.359820365905762,208915,0.0,0.0
1998-08-03 00:00:00-04:00,10.424361658830447,10.521182380432258,10.295266977604534,10.472772598266602,1028478,0.0,0.0
1998-08-04 00:00:00-04:00,10.456637094415187,10.456637094415187,10.150037906521042,10.16617488861084,431930,0.0,0.0
1998-08-05 00:00:00-04:00,10.230714150025657,10.392081537933436,10.133893485827027,10.262988090515137,398090,0.0,0.0
1998-08-06 00:00:00-04:00,10.262991610555508,10.262991610555508,10.15003393736948,10.230717658996582,192465,0.0,0.0
1998-08-07 00:00:00-04:00,10.166171189543716,10.408222361005839,10.117760260889147,10.34367561340332,453433,0.0,0.0
1998-08-10 00:00:00-04:00,10.311401660966942,10.35981258962151,10.246854913364423,10.34367561340332,131248,0.0,0.0
1998-08-11 00:00:00-04:00,10.295264684748751,10.35981258962151,10.230717937146235,10.34367561340332,287758,0.0,0.0
1998-08-12 00:00:00-04:00,10.34367150740793,10.682543244391358,10.279124785427701,10.650270462036133,490210,0.0,0.0
1998-08-13 00:00:00-04:00,10.650273683073442,10.666409500496234,10.48890509341436,10.585725784301758,457193,0.0,0.0
1998-08-14 00:00:00-04:00,10.569587096329288,10.650270790611218,10.456629461426658,10.50503921508789,317603,0.0,0.0
1998-08-17 00:00:00-04:00,10.472769422599384,10.698683599652453,10.359811755437777,10.601862907409668,369068,0.0,0.0
1998-08-18 00:00:00-04:00,10.569595008987172,10.65027876367094,10.569595008987172,10.61800479888916,325710,0.0,0.0
1998-08-19 00:00:00-04:00,10.585726090535736,10.634137016014979,10.53731632232666,10.53731632232666,340515,0.0,0.0
1998-08-20 00:00:00-04:00,10.53731632232666,10.569590272646154,10.488905396847418,10.53731632232666,202570,0.0,0.0
1998-08-21 00:00:00-04:00,10.472767203331536,10.779365032737898,10.440493260333014,10.747092247009277,350150,0.0,0.0
1998-08-24 00:00:00-04:00,10.811645649460244,10.87619241803029,10.730961899430037,10.82778263092041,194580,0.0,0.0
1998-08-25 00:00:00-04:00,10.843916620382464,10.92460034815083,10.682548007575436,10.730958938598633,288345,0.0,0.0
1998-08-26 00:00:00-04:00,10.730963460516481,10.940741935474907,10.698689492901098,10.87619400024414,524520,0.0,0.0
1998-08-27 00:00:00-04:00,10.9407377243042,11.069831230535124,10.86005283632195,10.9407377243042,624278,0.0,0.0
1998-08-28 00:00:00-04:00,10.876191673909258,11.037560320199864,10.827781890111453,11.02142333984375,415598,0.0,0.0
1998-08-31 00:00:00-04:00,11.021425697242583,11.263476982545608,10.87619400024414,10.87619400024414,609825,0.0,0.0
1998-09-01 00:00:00-04:00,10.892326791514849,11.053694252938673,10.585727688993314,10.9407377243042,542968,0.0,0.0
1998-09-02 00:00:00-04:00,10.989148757909932,10.989148757909932,10.650276818670266,10.698686599731445,606418,0.0,0.0
1998-09-03 00:00:00-04:00,10.682548007575436,10.843916620382464,10.585727302799336,10.730958938598633,342513,0.0,0.0
1998-09-04 00:00:00-04:00,10.795504570007324,10.86005131407531,10.601863180533194,10.795504570007324,478930,0.0,0.0
1998-09-08 00:00:00-04:00,10.730959330091027,10.9407377243042,10.585727688993314,10.9407377243042,819798,0.0,0.0
1998-09-09 00:00:00-04:00,10.87619400024414,10.908467967859524,10.650279698748806,10.87619400024414,377410,0.0,0.0
1998-09-10 00:00:00-04:00,10.811648443621557,10.908469200134277,10.747101658370049,10.908469200134277,384578,0.0,0.0
1998-09-11 00:00:00-04:00,10.92460394738294,11.053697491435509,10.876193000410218,10.956876754760742,346743,0.0,0.0
1998-09-14 00:00:00-04:00,11.021421925735703,11.069831703322272,10.940738191577829,11.053694725036621,440038,0.0,0.0
1998-09-15 00:00:00-04:00,11.069830894470215,11.085967871576768,10.973010189101197,11.069830894470215,468708,0.0,0.0
1998-09-16 00:00:00-04:00,11.037558904021356,11.069831703322272,10.908464235006523,11.053694725036621,407608,0.0,0.0
1998-09-17 00:00:00-04:00,10.9432795515608,11.090278280153061,10.9432795515608,11.073945999145508,709700,0.438298,0.0
1998-09-18 00:00:00-04:00,11.106611379998403,11.188277467886541,11.041278743960007,11.122944831848145,863978,0.0,0.0
1998-09-21 00:00:00-04:00,11.155612463770902,11.253612009906062,11.024946011803806,11.188278198242188,417595,0.0,0.0
1998-09-22 00:00:00-04:00,11.204618421383424,11.302618026733398,11.204618421383424,11.302618026733398,267078,0.0,0.0
1998-09-23 00:00:00-04:00,11.351616958740127,11.482282301535554,11.302616576670935,11.465950012207031,1144803,0.0,0.0
1998-09-24 00:00:00-04:00,11.449610679911041,11.482276413177603,11.237278142555645,11.351611137390137,233003,0.0,0.0
1998-09-25 00:00:00-04:00,11.286280056156704,11.563945298520647,11.269947771256028,11.433279991149902,485980,0.0,0.0
1998-09-28 00:00:00-04:00,11.498615762225285,11.498615762225285,11.40061616944811,11.465950012207031,228303,0.0,0.0
1998-09-29 00:00:00-04:00,11.449612413222688,11.727277630506459,11.449612413222688,11.710944175720215,266255,0.0,0.0
1998-09-30 00:00:00-04:00,11.678277281374594,11.8416106580892,11.661943826567054,11.808943748474121,512418,0.0,0.0
1998-10-01 00:00:00-04:00,11.743608981682662,11.988607245507879,11.694608626101273,11.874274253845215,360608,0.0,0.0
1998-10-02 00:00:00-04:00,11.87427737694253,12.119276876566541,11.841611635990644,12.102943420410156,323243,0.0,0.0
1998-10-05 00:00:00-04:00,12.086613238664603,12.347945093882101,12.02128056770053,12.331611633300781,289285,0.0,0.0
1998-10-06 00:00:00-04:00,12.331611633300783,12.347945093882101,12.119280159827241,12.331611633300781,578335,0.0,0.0
1998-10-07 00:00:00-04:00,12.315276157897937,12.543941032793095,12.102943567997443,12.511275291442871,704413,0.0,0.0
1998-10-08 00:00:00-04:00,12.576612039736313,12.87061083576306,12.560278578063503,12.821610450744629,1008620,0.0,0.0
1998-10-09 00:00:00-04:00,12.658269857334744,12.658269857334744,12.200939087874303,12.282605171203613,868560,0.0,0.0
1998-10-12 00:00:00-04:00,12.364271419112066,12.380604870267444,11.645608939159713,11.743608474731445,421120,0.0,0.0
1998-10-13 00:00:00-04:00,11.743607143085836,11.972271919250488,11.694606795176014,11.972271919250488,1505293,0.0,0.0
1998-10-14 00:00:00-04:00,12.151942855037055,12.26627587900559,11.939611434936523,11.939611434936523,715693,0.0,0.0
1998-10-15 00:00:00-04:00,11.906945465555838,12.249943393281546,11.743613230577978,12.233611106872559,509715,0.0,0.0
1998-10-16 00:00:00-04:00,12.494940650865264,12.494940650865264,11.808943748474121,11.808943748474121,487155,0.0,0.0
1998-10-19 00:00:00-04:00,11.808942898864325,11.95594163883459,11.661942987533358,11.727276802062988,388573,0.0,0.0
1998-10-20 00:00:00-04:00,11.678275170533587,11.72727552609942,11.433276906786142,11.49860954284668,626745,0.0,0.0
1998-10-21 00:00:00-04:00,11.498615762225285,11.531282683604745,11.351616958740127,11.465950012207031,444385,0.0,0.0
1998-10-22 00:00:00-04:00,11.433281067042733,11.596613302306473,11.269948831778995,11.449614524841309,427818,0.0,0.0
1998-10-23 00:00:00-04:00,11.400610743428475,11.416944196344444,11.106612105022997,11.188278198242188,308555,0.0,0.0
1998-10-26 00:00:00-05:00,11.139280068112123,11.253613078014887,11.073947421608015,11.106613159179688,309495,0.0,0.0
1998-10-27 00:00:00-05:00,11.106619032646261,11.18828517680375,10.94328674433128,11.02495288848877,762340,0.0,0.0
1998-10-28 00:00:00-05:00,11.008612189672847,11.302610818217982,11.008612189672847,11.073945999145508,616170,0.0,0.0
1998-10-29 00:00:00-05:00,11.09028148651123,11.171948771963228,10.877950058418882,11.09028148651123,397033,0.0,0.0
1998-10-30 00:00:00-05:00,11.122945214663753,11.171945571899414,11.041279123964932,11.171945571899414,327120,0.0,0.0
1998-11-02 00:00:00-05:00,11.204611651158157,11.286277744377347,11.106612105022997,11.188278198242188,694895,0.0,0.0
1998-11-03 00:00:00-05:00,11.237285346953868,11.44961802043904,11.220951884168647,11.302618026733398,593728,0.0,0.0
1998-11-04 00:00:00-05:00,11.33528149161229,11.514947184674604,11.318948033813717,11.449614524841309,519233,0.0,0.0
1998-11-05 00:00:00-05:00,11.449614524841309,11.531280642473178,11.384280693647012,11.449614524841309,192348,0.0,0.0
1998-11-06 00:00:00-05:00,11.400612002738336,11.482278104978354,11.384278548018179,11.416945457458496,125725,0.0,0.0
1998-11-09 00:00:00-05:00,11.40061269698746,11.40061269698746,11.237280482561186,11.286279678344727,468355,0.0,0.0
1998-11-10 00:00:00-05:00,11.28628075523809,11.531280271615262,11.28628075523809,11.400613784790039,640140,0.0,0.0
1998-11-11 00:00:00-05:00,11.384275481718776,11.4006089320396,11.18827642058982,11.204609870910645,199633,0.0,0.0
1998-11-12 00:00:00-05:00,11.171945504661911,11.384276870656699,11.139278600034741,11.351611137390137,377058,0.0,0.0
1998-11-13 00:00:00-05:00,11.302613512418269,11.48227918857371,11.286280056156704,11.433279991149902,175545,0.0,0.0
1998-11-16 00:00:00-05:00,11.449609666229462,11.563941479581072,11.449609666229462,11.531275749206543,592670,0.0,0.0
1998-11-17 00:00:00-05:00,11.580274930448589,11.710941366028221,11.531275749206543,11.531275749206543,292693,0.0,0.0
1998-11-18 00:00:00-05:00,11.54761504061273,11.743614207434145,11.54761504061273,11.645614624023438,391393,0.0,0.0
1998-11-19 00:00:00-05:00,11.645616175233613,11.645616175233613,11.514949656160699,11.5966157913208,195520,0.0,0.0
1998-11-20 00:00:00-05:00,11.661942987533358,11.759942537967103,11.645610705261653,11.727276802062988,376823,0.0,0.0
1998-11-23 00:00:00-05:00,11.694608121265317,11.792607656837049,11.629275488004337,11.743608474731445,259323,0.0,0.0
1998-11-24 00:00:00-05:00,11.743610255695398,11.825276352496733,11.72727680206299,11.727276802062988,433928,0.0,0.0
1998-11-25 00:00:00-05:00,11.661943826567054,11.89060985115103,11.661943826567054,11.808943748474121,165440,0.0,0.0
1998-11-27 00:00:00-05:00,11.759943008422852,11.80894337128033,11.727277271211948,11.759943008422852,235235,0.0,0.0
1998-11-30 00:00:00-05:00,11.71094595889934,11.71094595889934,11.400613784790039,11.400613784790039,691605,0.0,0.0
1998-12-01 00:00:00-05:00,11.335277367015049,11.514942994701958,11.302610463304493,11.49860954284668,454373,0.0,0.0
1998-12-02 00:00:00-05:00,11.433278678380507,11.498611324564381,11.416945223994349,11.482277870178223,333230,0.0,0.0
1998-12-03 00:00:00-05:00,11.41694377528387,11.41694377528387,11.30261078044938,11.351611137390137,794065,0.0,0.0
1998-12-04 00:00:00-05:00,11.367948871342875,11.433281533843589,11.220948916514958,11.384281158447266,1177468,0.0,0.0
1998-12-07 00:00:00-05:00,11.416948469655154,11.416948469655154,11.073950515479881,11.139283180236816,606183,0.0,0.0
1998-12-08 00:00:00-05:00,11.139280458079494,11.269946927022886,11.106613548003446,11.253613471984863,1256898,0.0,0.0
1998-12-09 00:00:00-05:00,11.220944757774461,11.269945115010122,11.155612119487527,11.171945571899414,346860,0.0,0.0
1998-12-10 00:00:00-05:00,11.171950108476947,11.204615855204638,11.024950148438519,11.04128360748291,277888,0.0,0.0
1998-12-11 00:00:00-05:00,11.073945647659492,11.171945187397373,11.00861184026052,11.122944831848145,412543,0.0,0.0
1998-12-14 00:00:00-05:00,11.106613363128128,11.106613363128128,10.828948146186002,10.845281600952148,522288,0.0,0.0
1998-12-15 00:00:00-05:00,10.861620484821627,11.0412862343323,10.861620484821627,11.00861930847168,232768,0.0,0.0
1998-12-16 00:00:00-05:00,10.992285962281223,11.057619814696318,10.94328674433128,11.02495288848877,581743,0.0,0.0
1998-12-17 00:00:00-05:00,11.111587638459339,11.276938284998003,11.078517034817073,11.210798263549805,2709080,0.438298,0.0
1998-12-18 00:00:00-05:00,11.111588667814663,11.243868722965221,11.111588667814663,11.144658088684082,509715,0.0,0.0
1998-12-21 00:00:00-05:00,11.177731061858548,11.310012330851183,11.161195755004883,11.161195755004883,205390,0.0,0.0
1998-12-22 00:00:00-05:00,11.161193392037012,11.161193392037012,11.012378033533524,11.144658088684082,858220,0.0,0.0
1998-12-23 00:00:00-05:00,11.177726411731761,11.27693702574374,11.14465581178237,11.260401725769043,264728,0.0,0.0
1998-12-24 00:00:00-05:00,11.227332379534605,11.243867681355738,11.17772765990754,11.210798263549805,215965,0.0,0.0
1998-12-28 00:00:00-05:00,11.194268611455398,11.21080392162187,11.061987315960542,11.111593246459961,217493,0.0,0.0
1998-12-29 00:00:00-05:00,11.161199058512503,11.376155739559962,11.161199058512503,11.310015678405762,662818,0.0,0.0
1998-12-30 00:00:00-05:00,11.310015678405762,11.376155739559962,11.260409743162327,11.310015678405762,713225,0.0,0.0
1998-12-31 00:00:00-05:00,11.310016235270998,11.409226924805605,11.310016235270998,11.392691612243652,246750,0.0,0.0
1999-01-04 00:00:00-05:00,11.32654331101283,11.524964566561138,11.310009194580775,11.34307861328125,948343,0.0,0.0
1999-01-05 00:00:00-05:00,11.409226530283593,11.541506654530858,11.376155906303245,11.475366592407227,849173,0.0,0.0
1999-01-06 00:00:00-05:00,11.475367209175523,11.558042587732896,11.458831896296624,11.524971961975098,403730,0.0,0.0
1999-01-07 00:00:00-05:00,11.491896629333496,11.541501356697163,11.442290716133313,11.491896629333496,266255,0.0,0.0
1999-01-08 00:00:00-05:00,11.475363360717067,11.574574018881355,11.39268800988628,11.558038711547852,289050,0.0,0.0
1999-01-11 00:00:00-05:00,11.475359535178931,11.508430138821197,11.194262961728672,11.210798263549805,415950,0.0,0.0
1999-01-12 00:00:00-05:00,11.144658192613498,11.310010041848345,11.012378136229364,11.243868827819824,716633,0.0,0.0
1999-01-13 00:00:00-05:00,11.04544794875777,11.210799803851188,10.863561975407855,11.12812328338623,1012968,0.0,0.0
1999-01-14 00:00:00-05:00,11.061988770156054,11.11159470717661,10.92970745727166,11.095059394836426,943408,0.0,0.0
1999-01-15 00:00:00-05:00,11.095058498901983,11.095058498901983,10.97931250770435,11.06198787689209,416185,0.0,0.0
1999-01-19 00:00:00-05:00,11.095055175050895,11.095055175050895,10.995844524579685,11.045449256896973,500550,0.0,0.0
1999-01-20 00:00:00-05:00,11.012380599975584,11.111591257377828,10.979309985562598,11.012380599975586,378115,0.0,0.0
1999-01-21 00:00:00-05:00,10.979310116258082,11.095056082244636,10.962774808854755,11.078520774841309,399970,0.0,0.0
1999-01-22 00:00:00-05:00,11.045452005794067,11.177733301288923,11.045452005794067,11.111593246459961,401733,0.0,0.0
1999-01-25 00:00:00-05:00,11.045452565887143,11.111593809906928,10.995847818709295,11.06198787689209,413600,0.0,0.0
1999-01-26 00:00:00-05:00,10.995846803037233,11.012382112514835,10.896636132008508,10.962776184082031,311258,0.0,0.0
1999-01-27 00:00:00-05:00,10.929705371888893,10.929705371888893,10.764354651710056,10.797425270080566,445090,0.0,0.0
1999-01-28 00:00:00-05:00,10.615535041638354,10.896631629086633,10.615535041638354,10.780885696411133,538738,0.0,0.0
1999-01-29 00:00:00-05:00,10.747819218372246,10.780889836360746,10.549397882114945,10.731285095214844,453433,0.0,0.0
1999-02-01 00:00:00-05:00,10.714748481954192,10.747817910080427,10.615537825902086,10.64860725402832,378115,0.0,0.0
1999-02-02 00:00:00-05:00,10.582469940185547,10.632075873918764,10.483259258556123,10.582469940185547,509128,0.0,0.0
1999-02-03 00:00:00-05:00,10.632074409743637,10.731285077710462,10.532863741776815,10.599003791809082,479635,0.0,0.0
1999-02-04 00:00:00-05:00,10.632076209048602,10.665145646742774,10.516330212526384,10.532865524291992,277418,0.0,0.0
1999-02-05 00:00:00-05:00,10.499791145324707,10.615537100448336,10.483255839473243,10.499791145324707,311845,0.0,0.0
1999-02-08 00:00:00-05:00,10.450189638444181,10.648611020735506,10.317909507474711,10.549400329589844,364603,0.0,0.0
1999-02-09 00:00:00-05:00,10.499792068195106,10.499792068195106,10.334441366820345,10.367510795593262,715105,0.0,0.0
1999-02-10 00:00:00-05:00,10.367512198697092,10.499793489201437,10.33444276544867,10.384047508239746,371065,0.0,0.0
1999-02-11 00:00:00-05:00,10.284831467569358,10.40057738810527,10.235226750674691,10.334437370300293,258618,0.0,0.0
1999-02-12 00:00:00-05:00,10.367514865554929,10.384050179350997,10.03681333298234,10.119488716125488,238878,0.0,0.0
1999-02-16 00:00:00-05:00,10.05334462070367,10.301370670805827,10.05334462070367,10.26830005645752,291048,0.0,0.0
1999-02-17 00:00:00-05:00,10.202158756537429,10.565930726199738,10.202158756537429,10.483255386352539,318778,0.0,0.0
1999-02-18 00:00:00-05:00,10.433651283038065,10.731283235854697,10.417115976908812,10.698212623596191,611470,0.0,0.0
1999-02-19 00:00:00-05:00,10.681681522849626,10.69821683548884,10.582470832851458,10.615541458129883,673980,0.0,0.0
1999-02-22 00:00:00-05:00,10.615537825902086,10.64860725402832,10.549396597976212,10.64860725402832,243695,0.0,0.0
1999-02-23 00:00:00-05:00,10.64860999932616,10.64860999932616,10.483259258556123,10.582469940185547,717808,0.0,0.0
1999-02-24 00:00:00-05:00,10.582470273751774,10.681680958508382,10.516330212526384,10.532865524291992,1004508,0.0,0.0
1999-02-25 00:00:00-05:00,10.5163364454622,10.5163364454622,10.384055058772413,10.417125701904297,421825,0.0,0.0
1999-02-26 00:00:00-05:00,10.433650656778847,10.483255386352539,10.317904706658137,10.483255386352539,282588,0.0,0.0
1999-03-01 00:00:00-05:00,10.450186227295992,10.483256842162016,10.268300217206333,10.466721534729004,252273,0.0,0.0
1999-03-02 00:00:00-05:00,10.499796063406414,10.714752768487461,10.466725436213276,10.665146827697754,409018,0.0,0.0
1999-03-03 00:00:00-05:00,10.64860910593271,10.813961018667115,10.64860910593271,10.681679725646973,307380,0.0,0.0
1999-03-04 00:00:00-05:00,10.747814218951486,10.9627707642145,10.698209500879564,10.913166046142578,362135,0.0,0.0
1999-03-05 00:00:00-05:00,11.045445197770391,11.293472325718437,11.028909897795694,11.260401725769043,958565,0.0,0.0
1999-03-08 00:00:00-05:00,11.21080167556588,11.24387110343652,11.111591020280578,11.161195755004883,376235,0.0,0.0
1999-03-09 00:00:00-05:00,11.144664268108583,11.144664268108583,10.91317345032129,11.028918266296387,465418,0.0,0.0
1999-03-10 00:00:00-05:00,10.979312955818147,11.061988328380231,10.913172894935887,10.946242332458496,165088,0.0,0.0
1999-03-11 00:00:00-05:00,10.946242889526847,11.128128955587254,10.863567512757307,11.028918266296387,469060,0.0,0.0
1999-03-12 00:00:00-05:00,10.9627706602081,11.26040252332481,10.929700057916373,11.194262504577637,620988,0.0,0.0
1999-03-15 00:00:00-05:00,11.045452565887143,11.14466324607983,10.995847818709295,11.06198787689209,318778,0.0,0.0
1999-03-16 00:00:00-05:00,11.078524082496239,11.128128833679709,11.045453457815869,11.095059394836426,134303,0.0,0.0
1999-03-17 00:00:00-05:00,11.028918266296387,11.061988891339043,10.99584882709083,11.028918266296387,200455,0.0,0.0
1999-03-18 00:00:00-05:00,10.99584322231529,11.210799803851188,10.99584322231529,11.12812328338623,538855,0.0,0.0
1999-03-19 00:00:00-05:00,11.194266607573578,11.194266607573578,10.979309985562598,11.012380599975586,443093,0.0,0.0
1999-03-22 00:00:00-05:00,10.847029311386777,10.946239974255237,10.847029311386777,10.929704666137695,361430,0.0,0.0
1999-03-23 00:00:00-05:00,10.929707242113151,10.929707242113151,10.797427117669864,10.830497741699219,271895,0.0,0.0
1999-03-24 00:00:00-05:00,10.847028842868202,11.111591389647963,10.830494721301609,11.078520774841309,2436245,0.0,0.0
1999-03-25 00:00:00-05:00,11.13275965089447,11.166240842228994,11.015572479718337,11.149500846862793,2060715,0.438298,0.0
1999-03-26 00:00:00-05:00,11.049056541139805,11.049056541139805,10.781199766378405,10.89838695526123,252508,0.0,0.0
1999-03-29 00:00:00-05:00,10.915126873255867,10.948609266323643,10.730976112587406,10.781198501586914,249100,0.0,0.0
1999-03-30 00:00:00-05:00,10.71423757998888,10.71423757998888,10.34593596707926,10.429640769958496,349445,0.0,0.0
1999-03-31 00:00:00-05:00,10.4296389451959,10.479861337895583,10.178524580492994,10.295710563659668,962560,0.0,0.0
1999-04-01 00:00:00-05:00,10.278973568041007,10.613794058458478,10.245492359421178,10.496606826782227,413835,0.0,0.0
1999-04-05 00:00:00-04:00,10.563568665754275,10.680754663775271,10.530086265975477,10.630532264709473,296570,0.0,0.0
1999-04-06 00:00:00-04:00,10.580304505107783,10.630528085029221,10.446377359854475,10.463118553161621,554013,0.0,0.0
1999-04-07 00:00:00-04:00,10.446381970654835,10.597050375716966,10.412899569262157,10.429640769958496,1060320,0.0,0.0
1999-04-08 00:00:00-04:00,10.463121181995133,10.697494345375068,10.463121181995133,10.613789558410645,232415,0.0,0.0
1999-04-09 00:00:00-04:00,10.597048120401961,10.664012908935547,10.546825729603976,10.664012908935547,222898,0.0,0.0
1999-04-12 00:00:00-04:00,10.597051899362294,10.73098032358679,10.597051899362294,10.714239120483398,158978,0.0,0.0
1999-04-13 00:00:00-04:00,10.714236348956119,10.730977547728946,10.46312196917068,10.530085563659668,278005,0.0,0.0
1999-04-14 00:00:00-04:00,10.51334093248113,10.563564512402568,10.446377359854475,10.463118553161621,237115,0.0,0.0
1999-04-15 00:00:00-04:00,10.4966039684638,10.580308768123924,10.429640368856186,10.446381568908691,511948,0.0,0.0
1999-04-16 00:00:00-04:00,10.513343335337183,10.697494102600135,10.479860941070388,10.664012908935547,351325,0.0,0.0
1999-04-19 00:00:00-04:00,10.647271330520121,10.915126873255867,10.647271330520121,10.781198501586914,441330,0.0,0.0
1999-04-20 00:00:00-04:00,10.814680529302715,11.182982038197316,10.781198137366072,11.149500846862793,890180,0.0,0.0
1999-04-21 00:00:00-04:00,11.14950355638448,11.14950355638448,10.864906757567438,11.116021156311035,682910,0.0,0.0
1999-04-22 00:00:00-04:00,11.06579700543707,11.132761802251006,10.948611012217388,11.049057006835938,1115898,0.0,0.0
1999-04-23 00:00:00-04:00,11.01557390076471,11.149502285186381,10.931869110727021,10.998832702636719,192348,0.0,0.0
1999-04-26 00:00:00-04:00,10.965353012084961,11.015575412760182,10.898388210381414,10.965353012084961,247808,0.0,0.0
1999-04-27 00:00:00-04:00,10.982091747148305,11.065796539035377,10.864905758867781,10.89838695526123,229008,0.0,0.0
1999-04-28 00:00:00-04:00,10.915128153759104,11.015574144144054,10.848164560369906,10.89838695526123,327003,0.0,0.0
1999-04-29 00:00:00-04:00,10.881644728890677,11.099277887600973,10.881644728890677,11.03231430053711,329235,0.0,0.0
1999-04-30 00:00:00-04:00,10.982093011908407,11.116021414713062,10.848165809706193,10.965353012084961,787720,0.0,0.0
1999-05-03 00:00:00-04:00,10.898385308542204,11.166240842228994,10.898385308542204,11.149500846862793,244988,0.0,0.0
1999-05-04 00:00:00-04:00,11.08253614084912,11.166240920676671,11.03231375319344,11.065794944763184,285525,0.0,0.0
1999-05-05 00:00:00-04:00,11.132763162156081,11.14950436340456,10.96535355087629,11.082539558410645,367070,0.0,0.0
1999-05-06 00:00:00-04:00,11.015575954019228,11.16624436405054,10.948612349627812,11.082539558410645,751883,0.0,0.0
1999-05-07 00:00:00-04:00,11.065800388854205,11.16624641418457,11.065800388854205,11.16624641418457,315018,0.0,0.0
1999-05-10 00:00:00-04:00,11.116021708067855,11.166244110068458,11.065798105464781,11.132762908935547,170140,0.0,0.0
1999-05-11 00:00:00-04:00,11.099277336935057,11.132759729106928,10.998831361021569,11.065794944763184,203863,0.0,0.0
1999-05-12 00:00:00-04:00,11.065795432506848,11.333652180483806,11.032314239461364,11.266687393188477,2021353,0.0,0.0
1999-05-13 00:00:00-04:00,11.283428678310266,11.501061837518805,11.249947485002776,11.484320640563965,249453,0.0,0.0
1999-05-14 00:00:00-04:00,11.417356964000788,11.417356964000788,11.21646500331916,11.266687393188477,215613,0.0,0.0
1999-05-17 00:00:00-04:00,11.216469223198866,11.434102462582686,11.182986816954392,11.41736125946045,147580,0.0,0.0
1999-05-18 00:00:00-04:00,11.383873531604182,11.417355922196666,11.300168755725045,11.35039234161377,190468,0.0,0.0
1999-05-19 00:00:00-04:00,11.41736044517271,11.517806456139677,11.333655636133996,11.501065254211426,213028,0.0,0.0
1999-05-20 00:00:00-04:00,11.434099598034182,11.53454559100056,11.36713480232171,11.467580795288086,292928,0.0,0.0
1999-05-21 00:00:00-04:00,11.400612402668855,11.651727879713677,11.400612402668855,11.551281929016113,141705,0.0,0.0
1999-05-24 00:00:00-04:00,11.48432339339746,11.718697805741225,11.450842192064407,11.61825180053711,151223,0.0,0.0
1999-05-25 00:00:00-04:00,11.618250599418477,11.785660190584032,11.618250599418477,11.718696594238281,263318,0.0,0.0
1999-05-26 00:00:00-04:00,11.701953498248514,11.768917083740234,11.634989912756794,11.768917083740234,268018,0.0,0.0
1999-05-27 00:00:00-04:00,11.735440800576843,11.735440800576843,11.46758394535321,11.53454875946045,319600,0.0,0.0
1999-05-28 00:00:00-04:00,11.517804604598673,11.768918991347006,11.517804604598673,11.718696594238281,157215,0.0,0.0
1999-06-01 00:00:00-04:00,11.651732782895055,11.651732782895055,11.417358399106064,11.467580795288086,514768,0.0,0.0
1999-06-02 00:00:00-04:00,11.40062005633821,11.484324871346764,11.40062005633821,11.41736125946045,255915,0.0,0.0
1999-06-03 00:00:00-04:00,11.383876001249828,11.517804392072442,11.383876001249828,11.467580795288086,162033,0.0,0.0
1999-06-04 00:00:00-04:00,11.467575969599954,11.568021920297518,11.467575969599954,11.551281929016113,138533,0.0,0.0
1999-06-07 00:00:00-04:00,11.51780224847987,11.634989418564514,11.51780224847987,11.568024635314941,176133,0.0,0.0
1999-06-08 00:00:00-04:00,11.501058353366417,11.551281929016113,11.484317161483187,11.551281929016113,207975,0.0,0.0
1999-06-09 00:00:00-04:00,11.517809439205896,11.601514269923825,11.501068232941739,11.584773063659668,382345,0.0,0.0
1999-06-10 00:00:00-04:00,11.51780134118693,11.568023724065828,11.316909408467307,11.383872985839844,199163,0.0,0.0
1999-06-11 00:00:00-04:00,11.333657116452155,11.517807960510254,11.31691591233729,11.517807960510254,442858,0.0,0.0
1999-06-14 00:00:00-04:00,11.51779954524965,11.685209062878313,11.501058353366417,11.551281929016113,370948,0.0,0.0
1999-06-15 00:00:00-04:00,11.584770885589444,11.71869930991976,11.568029682472826,11.685216903686523,592553,0.0,0.0
1999-06-16 00:00:00-04:00,11.785656156833051,11.969806884208325,11.768914963325855,11.86936092376709,382815,0.0,0.0
1999-06-17 00:00:00-04:00,11.772079227569197,11.856770261510604,11.721263878355396,11.789017677307129,1651110,0.439149,0.0
1999-06-18 00:00:00-04:00,11.78901767730713,11.822893362034737,11.65351129415192,11.789017677307129,289168,0.0,0.0
1999-06-21 00:00:00-04:00,11.73819722557683,11.789012552701545,11.534938346573433,11.568815231323242,193053,0.0,0.0
1999-06-22 00:00:00-04:00,11.534941435901082,11.653509349532952,11.534941435901082,11.5518798828125,237115,0.0,0.0
1999-06-23 00:00:00-04:00,11.51799488067627,11.61962427585276,11.51799488067627,11.51799488067627,141940,0.0,0.0
1999-06-24 00:00:00-04:00,11.46718808408476,11.501063760858505,11.365558624267578,11.365558624267578,174135,0.0,0.0
1999-06-25 00:00:00-04:00,11.4163667261673,11.433305162995358,11.263923224209451,11.314737319946289,147463,0.0,0.0
1999-06-28 00:00:00-04:00,11.246986454879227,11.416368418777997,11.246986454879227,11.331677436828613,217610,0.0,0.0
1999-06-29 00:00:00-04:00,11.399434292196828,11.399434292196828,11.179238141720422,11.297804832458496,192700,0.0,0.0
1999-06-30 00:00:00-04:00,11.297797899798171,11.314736335151968,10.84046621898181,11.04372501373291,549665,0.0,0.0
1999-07-01 00:00:00-04:00,11.077605969106028,11.196172630807444,10.975976534256475,11.094544410705566,225365,0.0,0.0
1999-07-02 00:00:00-04:00,11.263932228088379,11.348623265179524,11.179241190997233,11.263932228088379,334170,0.0,0.0
1999-07-06 00:00:00-04:00,11.196168816263409,11.196168816263409,11.009848451643343,11.111477851867676,162620,0.0,0.0
1999-07-07 00:00:00-04:00,11.162293434143066,11.246984400623694,11.128416561651898,11.162293434143066,152280,0.0,0.0
1999-07-08 00:00:00-04:00,11.04372906045699,11.179235378193349,11.009852177335981,11.026790618896484,116325,0.0,0.0
1999-07-09 00:00:00-04:00,11.00984917127288,11.162293888947154,10.992911949084485,11.128417015075684,163208,0.0,0.0
1999-07-12 00:00:00-04:00,11.196172630807444,11.196172630807444,10.992914975856014,11.094544410705566,209973,0.0,0.0
1999-07-13 00:00:00-04:00,11.043731218778799,11.187706785433148,11.026792773907946,11.077608108520508,150870,0.0,0.0
1999-07-14 00:00:00-04:00,11.145358520756506,11.196172630807444,10.92516120945786,11.094544410705566,269075,0.0,0.0
1999-07-15 00:00:00-04:00,11.16230034706532,11.331682384926536,11.12842345359386,11.14536190032959,192230,0.0,0.0
1999-07-16 00:00:00-04:00,11.213114472524467,11.28086825946739,11.094547774870444,11.14536190032959,473878,0.0,0.0
1999-07-19 00:00:00-04:00,11.111478578139948,11.213107985007017,11.060664482080085,11.128417015075684,160975,0.0,0.0
1999-07-20 00:00:00-04:00,10.925161667903389,11.145358988442034,10.925161667903389,11.060667991638184,250863,0.0,0.0
1999-07-21 00:00:00-04:00,11.094546553391362,11.145360673256013,11.026792773907946,11.077608108520508,550018,0.0,0.0
1999-07-22 00:00:00-04:00,11.111481637557429,11.162296962356043,11.026790644307413,11.094544410705566,283528,0.0,0.0
1999-07-23 00:00:00-04:00,11.077601884440503,11.077601884440503,10.959034051711157,11.04372501373291,246633,0.0,0.0
1999-07-26 00:00:00-04:00,11.009854041542981,11.077607819257182,10.92516303414811,10.94210147857666,590085,0.0,0.0
1999-07-27 00:00:00-04:00,10.925162315368652,10.959039201996951,10.874348200174003,10.925162315368652,290930,0.0,0.0
1999-07-28 00:00:00-04:00,10.908222632982213,10.925161074372314,10.85740852355957,10.85740852355957,144995,0.0,0.0
1999-07-29 00:00:00-04:00,10.840472862487795,10.840472862487795,10.586399820715695,10.620275497436523,240875,0.0,0.0
1999-07-30 00:00:00-04:00,10.671086114995212,10.73883865321902,10.586395138528594,10.704961776733398,799940,0.0,0.0
1999-08-02 00:00:00-04:00,10.738839872517088,10.8235308585996,10.671087326600592,10.755778312683105,432283,0.0,0.0
1999-08-03 00:00:00-04:00,10.755776178063792,10.874344020947058,10.755776178063792,10.772714614868164,361548,0.0,0.0
1999-08-04 00:00:00-04:00,10.806592650520994,10.806592650520994,10.671087555777833,10.738840103149414,347918,0.0,0.0
1999-08-05 00:00:00-04:00,10.704961776733398,10.772715529704643,10.671086114995212,10.704961776733398,240640,0.0,0.0
1999-08-06 00:00:00-04:00,10.721904719013674,10.721904719013674,10.603336816253654,10.637213706970215,501138,0.0,0.0
1999-08-09 00:00:00-04:00,10.569458961486816,10.688026839805143,10.518643635887093,10.569458961486816,631093,0.0,0.0
1999-08-10 00:00:00-04:00,10.43395258847591,10.65414990213115,10.43395258847591,10.48476791381836,586090,0.0,0.0
1999-08-11 00:00:00-04:00,10.501707592043688,10.620275497436523,10.48477036105726,10.620275497436523,283058,0.0,0.0
1999-08-12 00:00:00-04:00,10.60333463047227,10.620273072338845,10.48476796690164,10.569458961486816,328178,0.0,0.0
1999-08-13 00:00:00-04:00,10.552522623100305,10.569461068343292,10.433954721147325,10.4678316116333,155453,0.0,0.0
1999-08-16 00:00:00-04:00,10.48477005687629,10.48477005687629,10.298449588699293,10.4678316116333,426173,0.0,0.0
1999-08-17 00:00:00-04:00,10.535582053332357,10.55252049515967,10.41701417528887,10.501705169677734,505485,0.0,0.0
1999-08-18 00:00:00-04:00,10.55252049515967,10.569458936986981,10.467829500770804,10.501705169677734,334288,0.0,0.0
1999-08-19 00:00:00-04:00,10.51864481808684,10.569460149397743,10.450892257753466,10.552521705627441,255798,0.0,0.0
1999-08-20 00:00:00-04:00,10.552519686816865,10.789655424738799,10.518642805757274,10.738840103149414,684085,0.0,0.0
1999-08-23 00:00:00-04:00,10.688025996307628,10.772716984209003,10.688025996307628,10.738840103149414,233590,0.0,0.0
1999-08-24 00:00:00-04:00,10.840468835328632,10.840468835328632,10.671086870404793,10.789654731750488,203393,0.0,0.0
1999-08-25 00:00:00-04:00,10.840467754870488,10.942097166644999,10.840467754870488,10.908220291137695,247220,0.0,0.0
1999-08-26 00:00:00-04:00,10.908221844682114,10.925160284848133,10.755778312683105,10.755778312683105,212793,0.0,0.0
1999-08-27 00:00:00-04:00,10.823530395886744,10.874345714212408,10.7727162923086,10.789654731750488,161798,0.0,0.0
1999-08-30 00:00:00-04:00,10.857407240298764,10.857407240298764,10.688025275912704,10.721900939941406,225600,0.0,0.0
1999-08-31 00:00:00-04:00,10.755782629835211,10.82353520294621,10.620276268865153,10.806596755981445,265198,0.0,0.0
1999-09-01 00:00:00-04:00,10.688026893057211,10.789656330015323,10.620273125253336,10.654150009155273,352148,0.0,0.0
1999-09-02 00:00:00-04:00,10.467829500770804,10.586397378814292,10.38313850638194,10.501705169677734,506543,0.0,0.0
1999-09-03 00:00:00-04:00,10.56945812734666,10.789655424738799,10.53558124628707,10.738840103149414,328413,0.0,0.0
1999-09-07 00:00:00-04:00,10.755788824282966,10.806602979693967,10.603343928552448,10.671097755432129,411838,0.0,0.0
1999-09-08 00:00:00-04:00,10.637211567204304,10.671088451106241,10.535582130246194,10.654150009155273,379408,0.0,0.0
1999-09-09 00:00:00-04:00,10.637210353241331,10.637210353241331,10.467828382557627,10.603333473205566,275773,0.0,0.0
1999-09-10 00:00:00-04:00,10.654145883141002,10.654145883141002,10.552516485540748,10.586393356323242,439803,0.0,0.0
1999-09-13 00:00:00-04:00,10.586396185207176,10.603333410377138,10.501703985619592,10.51864242553711,218080,0.0,0.0
1999-09-14 00:00:00-04:00,10.450891058943492,10.518643611505047,10.433952617116182,10.501705169677734,158038,0.0,0.0
1999-09-15 00:00:00-04:00,10.450893166390312,10.620275189324321,10.450893166390312,10.4678316116333,229243,0.0,0.0
1999-09-16 00:00:00-04:00,10.43761684861431,10.54061843554854,10.351780140896894,10.403282165527344,671395,0.438298,0.0
1999-09-17 00:00:00-04:00,10.368943933465754,10.471946716308594,10.351776597798128,10.471946716308594,187883,0.0,0.0
1999-09-20 00:00:00-04:00,10.197275145625959,10.368946075439453,10.111439065137628,10.368946075439453,317368,0.0,0.0
1999-09-21 00:00:00-04:00,10.300278096009313,10.300278096009313,10.111439208718764,10.145773887634277,154160,0.0,0.0
1999-09-22 00:00:00-04:00,10.180112478887086,10.231613904585611,10.111443706095097,10.162945747375488,184123,0.0,0.0
1999-09-23 00:00:00-04:00,10.162941619773553,10.231609749094634,9.939768660526,9.991270065307617,915795,0.0,0.0
1999-09-24 00:00:00-04:00,10.025604971326452,10.111440447972006,9.92260215311912,9.956936836242676,264845,0.0,0.0
1999-09-27 00:00:00-04:00,9.956931488805797,10.059934251694804,9.905429491779955,9.974098205566406,193875,0.0,0.0
1999-09-28 00:00:00-04:00,9.939763517066172,10.025598942091674,9.665089910752043,9.81959342956543,294455,0.0,0.0
1999-09-29 00:00:00-04:00,9.85393696133326,9.939772463617242,9.802434921264648,9.802434921264648,201630,0.0,0.0
1999-09-30 00:00:00-04:00,9.836765850962761,9.991270065307617,9.750930381520602,9.991270065307617,1101445,0.0,0.0
1999-10-01 00:00:00-04:00,9.922600946160607,10.111439218043712,9.819598140482258,10.059938430786133,214908,0.0,0.0
1999-10-04 00:00:00-04:00,10.094276974583499,10.248781251679075,10.077109627490035,10.162945747375488,773268,0.0,0.0
1999-10-05 00:00:00-04:00,9.888268903879966,9.922602974263167,9.029912219646196,9.098580360412598,2255060,0.0,0.0
1999-10-06 00:00:00-04:00,9.270250702108713,9.270250702108713,8.926908197508695,9.201581954956055,1585898,0.0,0.0
1999-10-07 00:00:00-04:00,9.270249492399845,9.30458355370498,9.132912631597756,9.218748092651367,669750,0.0,0.0
1999-10-08 00:00:00-04:00,9.184412962025952,9.304582470393635,9.184412962025952,9.270248413085938,601013,0.0,0.0
1999-10-11 00:00:00-04:00,9.270249747938,9.270249747938,9.115745544433594,9.115745544433594,416538,0.0,0.0
1999-10-12 00:00:00-04:00,9.081411482182029,9.132912883350164,9.064244143265459,9.115745544433594,460600,0.0,0.0
1999-10-13 00:00:00-04:00,9.132913271830175,9.132913271830175,8.94407499804173,8.961241722106934,410193,0.0,0.0
1999-10-14 00:00:00-04:00,8.978409061753737,9.098578592536567,8.875406255036113,8.961241722106934,923668,0.0,0.0
1999-10-15 00:00:00-04:00,8.961238958197878,8.961238958197878,8.789568077004574,8.823902130126953,370243,0.0,0.0
1999-10-18 00:00:00-04:00,8.944072967768923,8.995573743855642,8.806735512932805,8.926905632019043,520878,0.0,0.0
1999-10-19 00:00:00-04:00,8.92690658550628,8.944073923089812,8.652232877658934,8.75523567199707,576455,0.0,0.0
1999-10-20 00:00:00-04:00,8.77240313846835,8.77240313846835,8.635066272889595,8.703734397888184,687258,0.0,0.0
1999-10-21 00:00:00-04:00,8.703730003753343,8.841067415577989,8.652229243795684,8.789566040039062,771035,0.0,0.0
1999-10-22 00:00:00-04:00,8.823906195716289,8.858240880239682,8.755238057832884,8.80673885345459,942115,0.0,0.0
1999-10-25 00:00:00-04:00,8.823904279979073,8.926907080023176,8.720901479934971,8.892572402954102,641903,0.0,0.0
1999-10-26 00:00:00-04:00,8.875405680001125,9.029909880067278,8.858238957048147,8.892572402954102,685965,0.0,0.0
1999-10-27 00:00:00-04:00,8.926904217882385,9.064241035381121,8.892569551821678,9.047074317932129,809575,0.0,0.0
1999-10-28 00:00:00-04:00,9.115746482701459,9.304584767894225,9.098579142017886,9.201581954956055,793948,0.0,0.0
1999-10-29 00:00:00-04:00,9.201580704862906,9.201580704862906,9.08141118314859,9.120037078857422,379995,0.0,0.0
1999-11-01 00:00:00-05:00,9.115745863376754,9.407586941679977,9.081411799923902,9.2874174118042,555893,0.0,0.0
1999-11-02 00:00:00-05:00,9.338918874566204,9.682261358037733,9.321751534939068,9.562091827392578,1214598,0.0,0.0
1999-11-03 00:00:00-05:00,9.59642589106525,9.59642589106525,9.459089020792959,9.562091827392578,618403,0.0,0.0
1999-11-04 00:00:00-05:00,9.613591565612495,9.613591565612495,9.304583179547523,9.373251914978027,501960,0.0,0.0
1999-11-05 00:00:00-05:00,9.493423084465633,9.579258551438114,9.424754341538687,9.562091827392578,547198,0.0,0.0
1999-11-08 00:00:00-05:00,9.51058980851117,9.579258551438114,9.459089020792959,9.562091827392578,290930,0.0,0.0
1999-11-09 00:00:00-05:00,9.510591558800282,9.544926244373366,9.338920593261719,9.338920593261719,1805858,0.0,0.0
1999-11-10 00:00:00-05:00,9.270249492399845,9.373252291896803,9.218748092651367,9.218748092651367,533920,0.0,0.0
1999-11-11 00:00:00-05:00,9.081409810888823,9.287415377649221,9.081409810888823,9.253081321716309,559653,0.0,0.0
1999-11-12 00:00:00-05:00,9.235915431094712,9.373252291896803,9.16724669290289,9.218748092651367,538150,0.0,0.0
1999-11-15 00:00:00-05:00,9.218748218996799,9.27024961945112,9.115745418088162,9.16724681854248,242638,0.0,0.0
1999-11-16 00:00:00-05:00,9.235916636323203,9.253083977006776,9.167247889170545,9.201581954956055,305030,0.0,0.0
1999-11-17 00:00:00-05:00,9.218749295639629,9.235916636323203,9.167247889170545,9.201581954956055,374003,0.0,0.0
1999-11-18 00:00:00-05:00,9.235916636323203,9.270250702108713,9.167247889170545,9.201581954956055,309613,0.0,0.0
1999-11-19 00:00:00-05:00,9.15008284065535,9.201583640979386,9.081414080920386,9.132915496826172,485980,0.0,0.0
1999-11-22 00:00:00-05:00,9.064241878702353,9.098575932376077,8.944072383053609,9.021324157714844,416655,0.0,0.0
1999-11-23 00:00:00-05:00,8.909735505909044,8.926902836282443,8.789566040039062,8.789566040039062,342160,0.0,0.0
1999-11-24 00:00:00-05:00,8.858239286016744,9.047077554583302,8.789570544910003,8.978408813476562,908158,0.0,0.0
1999-11-26 00:00:00-05:00,9.150076607431348,9.150076607431348,9.012739181518555,9.012739181518555,189645,0.0,0.0
1999-11-29 00:00:00-05:00,8.944076360384786,8.944076360384786,8.652235235426083,8.80673885345459,467415,0.0,0.0
1999-11-30 00:00:00-05:00,8.806735170921943,9.081409454345703,8.789568451420196,9.081409454345703,1360180,0.0,0.0
1999-12-01 00:00:00-05:00,9.064244528824558,9.081411868471362,8.926907658394924,8.961241722106934,727090,0.0,0.0
1999-12-02 00:00:00-05:00,8.97840560139208,9.081408368411473,8.97840560139208,9.047074317932129,127488,0.0,0.0
1999-12-03 00:00:00-05:00,9.115741386452136,9.270245519482259,9.115741386452136,9.184410095214844,249805,0.0,0.0
1999-12-06 00:00:00-05:00,9.13291275676679,9.201580880318172,9.081411356312472,9.16724681854248,556363,0.0,0.0
1999-12-07 00:00:00-05:00,9.167247889170545,9.270250702108713,9.167247889170545,9.201581954956055,871145,0.0,0.0
1999-12-08 00:00:00-05:00,9.184412357428204,9.218746412475737,9.167245022113717,9.19299602508545,493030,0.0,0.0
1999-12-09 00:00:00-05:00,9.184410095214844,9.235911472891551,9.167242764128844,9.184410095214844,724623,0.0,0.0
1999-12-10 00:00:00-05:00,9.184414675188986,9.184414675188986,8.961241722106934,8.961241722106934,529338,0.0,0.0
1999-12-13 00:00:00-05:00,9.029910475513184,9.029910475513184,8.858239541173813,8.875406265258789,576690,0.0,0.0
1999-12-14 00:00:00-05:00,8.892572402954102,8.90973974148864,8.789570218491559,8.892572402954102,452728,0.0,0.0
1999-12-15 00:00:00-05:00,8.892572989343767,8.978409072095053,8.823904861840658,8.875406265258789,7624105,0.0,0.0
1999-12-16 00:00:00-05:00,8.93193095360713,9.071492198820783,8.79236970839348,8.844704627990723,1596825,0.438298,0.0
1999-12-17 00:00:00-05:00,8.792365881339121,8.897036926077144,8.757475116058723,8.809810638427734,529220,0.0,0.0
1999-12-20 00:00:00-05:00,8.792365881339121,8.931927065805956,8.740029733418524,8.809810638427734,385165,0.0,0.0
1999-12-21 00:00:00-05:00,8.897041527591634,9.054047550349972,8.792370428718135,8.984267234802246,1063258,0.0,0.0
1999-12-22 00:00:00-05:00,8.949371822894568,8.984262588174966,8.740029733418524,8.809810638427734,445913,0.0,0.0
1999-12-23 00:00:00-05:00,8.844703126385848,8.984264973457318,8.809812977393857,8.949374198913574,199633,0.0,0.0
1999-12-27 00:00:00-05:00,8.931925319624069,9.019150964669372,8.827254295349121,8.827254295349121,388690,0.0,0.0
1999-12-28 00:00:00-05:00,8.809813698041486,8.94937493097739,8.809813698041486,8.862149238586426,112448,0.0,0.0
1999-12-29 00:00:00-05:00,8.827259449662986,8.862149602943479,8.705142974853516,8.705142974853516,141235,0.0,0.0
1999-12-30 00:00:00-05:00,8.774922192648559,8.809812339112717,8.722586660176464,8.757476806640625,277653,0.0,0.0
1999-12-31 00:00:00-05:00,8.862144428256949,8.862144428256949,8.670247758936698,8.827254295349121,216083,0.0,0.0
2000-01-03 00:00:00-05:00,8.757477287457574,8.757477287457574,8.33879300469356,8.391128540039062,672453,0.0,0.0
2000-01-04 00:00:00-05:00,8.25156843082903,8.408575057983398,8.25156843082903,8.408575057983398,659410,0.0,0.0
2000-01-05 00:00:00-05:00,8.460908768426409,8.774921954745537,8.460908768426409,8.67025089263916,444385,0.0,0.0
2000-01-06 00:00:00-05:00,8.652804193310955,8.757475239524666,8.565578529983394,8.635358810424805,338988,0.0,0.0
2000-01-07 00:00:00-05:00,8.652808551656781,8.722589492797852,8.617918393862201,8.722589492797852,666578,0.0,0.0
2000-01-10 00:00:00-05:00,8.91447874094377,8.966814246039458,8.74002684877435,8.774917602539062,743540,0.0,0.0
2000-01-11 00:00:00-05:00,8.74002684877435,8.774917602539062,8.652801215465331,8.774917602539062,422648,0.0,0.0
2000-01-12 00:00:00-05:00,8.740029733418524,8.914481683165755,8.72258497632991,8.809810638427734,1200498,0.0,0.0
2000-01-13 00:00:00-05:00,8.844703803574076,8.86214919218164,8.705142571368954,8.79236888885498,377645,0.0,0.0
2000-01-14 00:00:00-05:00,8.809814060246826,8.862149602943479,8.65280743215686,8.705142974853516,481633,0.0,0.0
2000-01-18 00:00:00-05:00,8.705143542474763,8.74003369803028,8.513246748591623,8.600472450256348,295160,0.0,0.0
2000-01-19 00:00:00-05:00,8.65280370792978,8.966816828956269,8.617913569666245,8.8970365524292,683263,0.0,0.0
2000-01-20 00:00:00-05:00,8.931931186420428,9.507622198066093,8.89704103059556,9.455286026000977,1158315,0.0,0.0
2000-01-21 00:00:00-05:00,9.699519397675791,10.467107236676672,9.455286420067225,10.379880905151367,1446778,0.0,0.0
2000-01-24 00:00:00-05:00,10.885788061006702,11.53125857425211,10.43221366272337,10.484548568725586,2141555,0.0,0.0
2000-01-25 00:00:00-05:00,10.501991579530443,10.606662612733455,9.839074618877024,9.978635787963867,908745,0.0,0.0
2000-01-26 00:00:00-05:00,9.996085343198038,10.013530731201172,9.873968878279669,10.013530731201172,520878,0.0,0.0
2000-01-27 00:00:00-05:00,9.978634878752553,9.978634878752553,9.629731675050282,9.769292831420898,1132230,0.0,0.0
2000-01-28 00:00:00-05:00,9.62973860651456,9.682074156018484,9.280835151672363,9.280835151672363,463303,0.0,0.0
2000-01-31 00:00:00-05:00,9.38550402742162,9.76929754916862,9.315723102762274,9.699517250061035,1064550,0.0,0.0
2000-02-01 00:00:00-05:00,9.734407399614827,9.85652323582898,9.68207186250826,9.699517250061035,748475,0.0,0.0
2000-02-02 00:00:00-05:00,9.612290504890009,9.64718065060168,9.38550299388492,9.402948379516602,453550,0.0,0.0
2000-02-03 00:00:00-05:00,9.402948669922095,9.647180948550169,9.402948669922095,9.559954643249512,732730,0.0,0.0
2000-02-04 00:00:00-05:00,9.577403057010635,9.594848448695913,9.245944368301805,9.280835151672363,642255,0.0,0.0
2000-02-07 00:00:00-05:00,9.28083286491344,9.28083286491344,9.106380867700638,9.211051940917969,438040,0.0,0.0
2000-02-08 00:00:00-05:00,9.263387477526633,9.28083286491344,9.193607179082917,9.211051940917969,682205,0.0,0.0
2000-02-09 00:00:00-05:00,9.211051141309401,9.315722205440267,9.036599159240723,9.036599159240723,613115,0.0,0.0
2000-02-10 00:00:00-05:00,9.10638309978672,9.123828491449608,8.897041527591634,8.984267234802246,778438,0.0,0.0
2000-02-11 00:00:00-05:00,8.984257994560823,9.123819107670634,8.984257994560823,9.071483612060547,384460,0.0,0.0
2000-02-14 00:00:00-05:00,9.141268877319808,9.315720833700436,9.054043211905299,9.123824119567871,599015,0.0,0.0
2000-02-15 00:00:00-05:00,9.158716404309303,9.28083286491344,9.106380867700638,9.211051940917969,608180,0.0,0.0
2000-02-16 00:00:00-05:00,9.228496102274576,9.280831631930326,9.071489513307323,9.088934898376465,443915,0.0,0.0
2000-02-17 00:00:00-05:00,9.211044725170359,9.263380220780446,9.036592864619644,9.071483612060547,558595,0.0,0.0
2000-02-18 00:00:00-05:00,9.071492767390854,9.088938158717925,8.931931513429983,8.966821670532227,385400,0.0,0.0
2000-02-22 00:00:00-05:00,9.036601772580712,9.071492554415707,8.844704974695764,8.879595756530762,381640,0.0,0.0
2000-02-23 00:00:00-05:00,8.809814812277681,8.82726020318303,8.58302785826755,8.617918014526367,354968,0.0,0.0
2000-02-24 00:00:00-05:00,8.670251603732318,8.705141752112073,8.321347617727813,8.391128540039062,728618,0.0,0.0
2000-02-25 00:00:00-05:00,8.391127734619351,8.426017879650187,8.129450083008889,8.216675758361816,530043,0.0,0.0
2000-02-28 00:00:00-05:00,8.199232499902445,8.426019422455099,8.1294515715122,8.303903579711914,881955,0.0,0.0
2000-02-29 00:00:00-05:00,8.303901942562929,8.460908531322627,8.234121027930284,8.426017761230469,514533,0.0,0.0
2000-03-01 00:00:00-05:00,8.373683127196928,8.478354189745078,8.146895616492039,8.199231147766113,424763,0.0,0.0
2000-03-02 00:00:00-05:00,8.303902210314263,8.303902210314263,8.146895616492039,8.199231147766113,714988,0.0,0.0
2000-03-03 00:00:00-05:00,8.164346704607667,8.269017840264898,8.129455909020502,8.234127044677734,583505,0.0,0.0
2000-03-06 00:00:00-05:00,8.652801853846663,8.652801853846663,8.269008538530596,8.321343421936035,1341968,0.0,0.0
2000-03-07 00:00:00-05:00,8.32134697037116,8.495798949801975,8.199231147766113,8.199231147766113,978893,0.0,0.0
2000-03-08 00:00:00-05:00,8.181787736968731,8.37368450810216,8.1294515715122,8.303903579711914,672218,0.0,0.0
2000-03-09 00:00:00-05:00,8.303904932557865,8.443466186523438,8.286459541230206,8.443466186523438,1032708,0.0,0.0
2000-03-10 00:00:00-05:00,8.513243118059037,8.705139830106472,8.478352977382668,8.583024024963379,991230,0.0,0.0
2000-03-13 00:00:00-05:00,8.373685140824676,8.670253014176485,8.356239751020977,8.530691146850586,1053623,0.0,0.0
2000-03-14 00:00:00-05:00,8.530692827422884,8.635363935761912,8.303905843056302,8.373686790466309,1288153,0.0,0.0
2000-03-15 00:00:00-05:00,8.391123689986891,8.91447874094377,8.373678938655916,8.774917602539062,1263360,0.0,0.0
2000-03-16 00:00:00-05:00,8.672765752170607,9.16936619379138,8.65503045366387,9.04521656036377,2837273,0.438298,0.0
2000-03-17 00:00:00-05:00,8.885591736032204,8.974270745640013,8.566348827771897,8.63729190826416,681735,0.0,0.0
2000-03-20 00:00:00-05:00,8.690496003086752,8.779174345535381,8.619553583515728,8.708231925964355,533685,0.0,0.0
2000-03-21 00:00:00-05:00,8.779179871081185,8.779179871081185,8.388994409951847,8.530879974365234,467415,0.0,0.0
2000-03-22 00:00:00-05:00,8.513147451953145,8.513147451953145,8.06975404413679,8.300318717956543,866445,0.0,0.0
2000-03-23 00:00:00-05:00,8.353522313948659,8.584086906303392,8.353522313948659,8.477672576904297,809928,0.0,0.0
2000-03-24 00:00:00-05:00,8.459935001175085,8.495406861402666,8.318050104144588,8.44219970703125,636733,0.0,0.0
2000-03-27 00:00:00-05:00,8.495406861402666,8.637292394403119,8.44219970703125,8.44219970703125,410780,0.0,0.0
2000-03-28 00:00:00-05:00,8.442202340164894,8.58408791741964,8.406731104843747,8.513145446777344,748005,0.0,0.0
2000-03-29 00:00:00-05:00,8.459935001175085,8.584085240031705,8.44219970703125,8.44219970703125,679503,0.0,0.0
2000-03-30 00:00:00-05:00,8.495405198428468,8.619555412982702,8.371254983874234,8.406726837158203,955745,0.0,0.0
2000-03-31 00:00:00-05:00,8.442200907815218,8.442200907815218,8.19390103075478,8.28257942199707,2122990,0.0,0.0
2000-04-03 00:00:00-04:00,8.264842592386637,8.335785679263124,8.193900141480128,8.318050384521484,662700,0.0,0.0
2000-04-04 00:00:00-04:00,8.300312549245955,8.495405198428468,8.24710540528983,8.406726837158203,945875,0.0,0.0
2000-04-05 00:00:00-04:00,8.406728482773627,8.637292394403119,8.353520692432257,8.44219970703125,749063,0.0,0.0
2000-04-06 00:00:00-04:00,8.513141125070453,8.513141125070453,8.24710540528983,8.406726837158203,629565,0.0,0.0
2000-04-07 00:00:00-04:00,8.318052655228298,8.42446636063745,8.24710954898538,8.353523254394531,409135,0.0,0.0
2000-04-10 00:00:00-04:00,8.31805057721094,8.566349797105605,8.300314646088468,8.548614501953125,490563,0.0,0.0
2000-04-11 00:00:00-04:00,8.548612277511964,8.672761855154237,8.459933280944824,8.459933280944824,441800,0.0,0.0
2000-04-12 00:00:00-04:00,8.424462063899865,8.708233708169022,8.424462063899865,8.459933280944824,946345,0.0,0.0
2000-04-13 00:00:00-04:00,8.477671413433226,8.619557590473024,8.40672896088332,8.548614501953125,650715,0.0,0.0
2000-04-14 00:00:00-04:00,8.477673531327099,8.619559743812934,8.229373613432113,8.353523254394531,726738,0.0,0.0
2000-04-17 00:00:00-04:00,8.211640290781393,8.477675572306842,8.15843247131194,8.300318717956543,1327985,0.0,0.0
2000-04-18 00:00:00-04:00,8.335783332464604,8.655026179576415,8.318048042716036,8.601819038391113,1048335,0.0,0.0
2000-04-19 00:00:00-04:00,8.548614501953125,8.60182165935055,8.388993029760847,8.548614501953125,694190,0.0,0.0
2000-04-20 00:00:00-04:00,8.58408524007106,8.796913857557694,8.56634930995719,8.743706703186035,361430,0.0,0.0
2000-04-24 00:00:00-04:00,8.74370693683535,9.15162888856519,8.708235711629701,9.098421096801758,642373,0.0,0.0
2000-04-25 00:00:00-04:00,9.027481475388921,9.364459810368531,9.027481475388921,9.346724510192871,704883,0.0,0.0
2000-04-26 00:00:00-04:00,9.222575252157329,9.719175159625918,9.187103375930828,9.70143985748291,824145,0.0,0.0
2000-04-27 00:00:00-04:00,9.630491219807958,9.630491219807958,9.293512404668713,9.328984260559082,782668,0.0,0.0
2000-04-28 00:00:00-04:00,9.258042335510254,9.29351355983977,9.133892732371967,9.258042335510254,1108143,0.0,0.0
2000-05-01 00:00:00-04:00,9.187099477800867,9.275778494769948,9.08068580218392,9.098421096801758,824615,0.0,0.0
2000-05-02 00:00:00-04:00,9.06295180376064,9.16936613803443,8.867859069582064,8.885594367980957,368245,0.0,0.0
2000-05-03 00:00:00-04:00,8.88559223618714,8.88559223618714,8.72597140904212,8.743706703186035,426760,0.0,0.0
2000-05-04 00:00:00-04:00,8.814650772726766,9.453136696538772,8.814650772726766,8.867857933044434,1077475,0.0,0.0
2000-05-05 00:00:00-04:00,8.903327494381369,9.045213652644511,8.850120344025168,8.921063423156738,1058323,0.0,0.0
2000-05-08 00:00:00-04:00,8.885596659579159,9.32899004539461,8.85012541766322,9.240311622619629,834250,0.0,0.0
2000-05-09 00:00:00-04:00,9.240305908525725,9.311248348487652,9.116155684637537,9.151627540588379,902048,0.0,0.0
2000-05-10 00:00:00-04:00,9.151629367253808,9.151629367253808,8.95653602849318,8.9920072555542,906865,0.0,0.0
2000-05-11 00:00:00-04:00,8.956534240768386,9.151627540588379,8.956534240768386,9.151627540588379,931188,0.0,0.0
2000-05-12 00:00:00-04:00,9.169365751154814,9.258044147318028,9.027480190099656,9.102856636047363,1229285,0.0,0.0
2000-05-15 00:00:00-04:00,9.187098343487019,9.470870018005371,9.187098343487019,9.470870018005371,1204375,0.0,0.0
2000-05-16 00:00:00-04:00,9.435400512469538,9.470871739744045,9.240307808504738,9.453136444091797,1481558,0.0,0.0
2000-05-17 00:00:00-04:00,9.382198086961091,9.399933391560932,9.080690913090164,9.293519020080566,790893,0.0,0.0
2000-05-18 00:00:00-04:00,9.311248125832586,9.595019786804242,9.258040979148518,9.57728385925293,596078,0.0,0.0
2000-05-19 00:00:00-04:00,9.506345338223698,9.612759682560576,9.435402865979224,9.559553146362305,363780,0.0,0.0
2000-05-22 00:00:00-04:00,9.559549740090967,9.612756257330622,9.399927644492237,9.41766357421875,508540,0.0,0.0
2000-05-23 00:00:00-04:00,9.559548259455838,9.559548259455838,9.133891099707178,9.311247825622559,596665,0.0,0.0
2000-05-24 00:00:00-04:00,9.311250987805614,9.595022735999393,9.29351505480286,9.3555908203125,939295,0.0,0.0
2000-05-25 00:00:00-04:00,9.293512872197448,9.61275577545166,9.080684905997883,9.61275577545166,669280,0.0,0.0
2000-05-26 00:00:00-04:00,9.470871024479857,9.896528263507259,9.453135730167022,9.807849884033203,834133,0.0,0.0
2000-05-30 00:00:00-04:00,9.754647035852418,9.967475749330456,9.630496741000151,9.70143985748291,915678,0.0,0.0
2000-05-31 00:00:00-04:00,9.719170868589186,9.896528263507259,9.683699643993558,9.807849884033203,504193,0.0,0.0
2000-06-01 00:00:00-04:00,9.79011605001462,9.985209416988969,9.79011605001462,9.949737548828125,599250,0.0,0.0
2000-06-02 00:00:00-04:00,9.931999189718407,10.144827802838154,9.683699353068684,10.02067756652832,759990,0.0,0.0
2000-06-05 00:00:00-04:00,10.03841502516525,10.03841502516525,9.648229598999023,9.648229598999023,583505,0.0,0.0
2000-06-06 00:00:00-04:00,9.648228145882568,9.967471066102977,9.577285062732496,9.931999206542969,598663,0.0,0.0
2000-06-07 00:00:00-04:00,9.861056327819824,9.985206558906858,9.79011324777439,9.861056327819824,428640,0.0,0.0
2000-06-08 00:00:00-04:00,9.807852061327488,9.843323293797555,9.648230561257035,9.772380828857422,330528,0.0,0.0
2000-06-09 00:00:00-04:00,9.807849589378517,10.05614942602824,9.807849589378517,10.02067756652832,264963,0.0,0.0
2000-06-12 00:00:00-04:00,10.091618537902832,10.198032822195684,10.056147321795152,10.091618537902832,320540,0.0,0.0
2000-06-13 00:00:00-04:00,10.056147321795152,10.198032822195684,10.020675469717663,10.091618537902832,263200,0.0,0.0
2000-06-14 00:00:00-04:00,10.091625347766112,10.109361285773128,9.68370386136664,9.790118217468262,597723,0.0,0.0
2000-06-15 00:00:00-04:00,9.7369065228427,10.00294228969304,9.7369065228427,9.931999206542969,1760973,0.0,0.0
2000-06-16 00:00:00-04:00,9.846320594893324,9.990325103124723,9.792318823623075,9.864320755004883,2134505,0.438298,0.0
2000-06-19 00:00:00-04:00,9.810317287246379,10.080325433672469,9.57630945244928,9.612310409545898,633795,0.0,0.0
2000-06-20 00:00:00-04:00,9.64830995817742,9.684311555486138,9.468304553503971,9.594308853149414,505955,0.0,0.0
2000-06-21 00:00:00-04:00,9.612310160264549,9.702313518873437,9.540307602470962,9.576309204101562,243930,0.0,0.0
2000-06-22 00:00:00-04:00,9.522313520382498,9.540313687210555,9.342307333825762,9.432310104370117,348388,0.0,0.0
2000-06-23 00:00:00-04:00,9.36030101776123,9.558307220353907,9.288299114346186,9.36030101776123,563060,0.0,0.0
2000-06-26 00:00:00-04:00,9.414306640625,9.468308413133645,9.306303095607712,9.414306640625,279180,0.0,0.0
2000-06-27 00:00:00-04:00,9.46830826631537,9.486309072028392,9.16229844200073,9.198299407958984,488918,0.0,0.0
2000-06-28 00:00:00-04:00,9.198296526364214,9.360301790625874,9.000290307422492,9.333300590515137,473525,0.0,0.0
2000-06-29 00:00:00-04:00,9.252297481058875,9.342300182710163,9.108293029323308,9.126293182373047,590790,0.0,0.0
2000-06-30 00:00:00-04:00,9.054291901746275,9.468305132367776,8.730281378963994,8.80228328704834,1181345,0.0,0.0
2000-07-03 00:00:00-04:00,8.802284430148928,9.018291473388672,8.802284430148928,9.018291473388672,714048,0.0,0.0
2000-07-05 00:00:00-04:00,9.090295433258305,9.216299776334647,8.856288197432214,8.892289161682129,375765,0.0,0.0
2000-07-06 00:00:00-04:00,8.928288311332826,9.054292628799855,8.766283036932771,9.000290870666504,475288,0.0,0.0
2000-07-07 00:00:00-04:00,9.000293561715981,9.108297110275286,8.96429259401882,9.072296142578125,258030,0.0,0.0
2000-07-10 00:00:00-04:00,9.018288292724876,9.198294313760817,8.98228734670466,9.108291625976562,336168,0.0,0.0
2000-07-11 00:00:00-04:00,9.126298697745264,9.162300316536962,8.982294158982233,9.144299507141113,221370,0.0,0.0
2000-07-12 00:00:00-04:00,9.072296142578125,9.144298077972447,9.036294529413144,9.072296142578125,200808,0.0,0.0
2000-07-13 00:00:00-04:00,9.108291691987656,9.18029423001735,9.018288358083682,9.162293434143066,256268,0.0,0.0
2000-07-14 00:00:00-04:00,9.198295730974596,9.270298279576146,9.090292230806039,9.126293182373047,463068,0.0,0.0
2000-07-17 00:00:00-04:00,9.0722920777563,9.198295730974596,9.0722920777563,9.126293182373047,289285,0.0,0.0
2000-07-18 00:00:00-04:00,9.198297053526025,9.288300413585725,9.090293537828483,9.180296897888184,389748,0.0,0.0
2000-07-19 00:00:00-04:00,9.234296214060437,9.396301456094305,9.180295112183314,9.288298606872559,445090,0.0,0.0
2000-07-20 00:00:00-04:00,9.324299420586174,9.36030101776123,9.25229751717113,9.36030101776123,296335,0.0,0.0
2000-07-21 00:00:00-04:00,9.360300506353724,9.414302253698345,9.270297809268518,9.288298606872559,329118,0.0,0.0
2000-07-24 00:00:00-04:00,9.252298552983122,9.30630030932377,9.144295040301825,9.234297752380371,355203,0.0,0.0
2000-07-25 00:00:00-04:00,9.288302791056307,9.360304722972817,9.144297636287707,9.198299407958984,313020,0.0,0.0
2000-07-26 00:00:00-04:00,9.144288632519817,9.198290351019223,9.018284407532153,9.13528823852539,440273,0.0,0.0
2000-07-27 00:00:00-04:00,9.198295474080904,9.396301670370754,9.018289430338077,9.090291976928711,580685,0.0,0.0
2000-07-28 00:00:00-04:00,9.144292571996777,9.198294313760817,9.036289088468699,9.108291625976562,518998,0.0,0.0
2000-07-31 00:00:00-04:00,9.144298077972447,9.252301626531752,8.96429259401882,9.072296142578125,427583,0.0,0.0
2000-08-01 00:00:00-04:00,9.03629439518643,9.41430680952893,9.018293588871325,9.342304229736328,504898,0.0,0.0
2000-08-02 00:00:00-04:00,9.270301892914945,9.450307366379288,9.252301087381397,9.378305435180664,367070,0.0,0.0
2000-08-03 00:00:00-04:00,9.41430682813645,9.576312148889157,9.396306021785767,9.418807029724121,263670,0.0,0.0
2000-08-04 00:00:00-04:00,9.396301331071653,9.504304824323855,9.144293395305677,9.450303077697754,459308,0.0,0.0
2000-08-07 00:00:00-04:00,9.450303561115613,9.756313259161212,9.396301811727122,9.724812507629395,1024365,0.0,0.0
2000-08-08 00:00:00-04:00,9.79231663560261,9.810317437159808,9.684313117194698,9.77431583404541,742953,0.0,0.0
2000-08-09 00:00:00-04:00,9.702312721721645,9.828316380673318,9.648310323712636,9.738313674926758,674215,0.0,0.0
2000-08-10 00:00:00-04:00,9.810315828986832,9.900318531083697,9.756313433167671,9.886817932128906,637320,0.0,0.0
2000-08-11 00:00:00-04:00,9.91831793543296,10.080322518246676,9.882316343281072,9.958818435668945,351560,0.0,0.0
2000-08-14 00:00:00-04:00,9.990321969659792,10.098325478324984,9.774314952329412,10.062324523925781,501138,0.0,0.0
2000-08-15 00:00:00-04:00,10.026324765656279,10.224331006675197,9.972322359413672,10.098326683044434,527575,0.0,0.0
2000-08-16 00:00:00-04:00,10.206327633178013,10.404333824310589,10.170326038086637,10.188326835632324,653888,0.0,0.0
2000-08-17 00:00:00-04:00,10.260331049445206,10.27833120445157,10.116326582056292,10.152327537536621,220783,0.0,0.0
2000-08-18 00:00:00-04:00,10.224331855773926,10.332335386293174,10.134329128830457,10.224331855773926,362135,0.0,0.0
2000-08-21 00:00:00-04:00,10.206329293490914,10.206329293490914,10.026323870621672,10.152327537536621,177543,0.0,0.0
2000-08-22 00:00:00-04:00,10.098322926043867,10.1343245168115,9.972318649291992,9.972318649291992,240993,0.0,0.0
2000-08-23 00:00:00-04:00,9.90032015401052,9.972322069304035,9.756315032488212,9.77431583404541,1054093,0.0,0.0
2000-08-24 00:00:00-04:00,9.846314481062173,9.864314629996976,9.684309267844654,9.72031021118164,405728,0.0,0.0
2000-08-25 00:00:00-04:00,9.792314604189318,9.792314604189318,9.468304116181482,9.66631031036377,413483,0.0,0.0
2000-08-28 00:00:00-04:00,9.630312382773427,9.918322010998143,9.612311579300725,9.882320404052734,503840,0.0,0.0
2000-08-29 00:00:00-04:00,9.810319188210123,9.900321921125482,9.738316614597181,9.846320152282715,288228,0.0,0.0
2000-08-30 00:00:00-04:00,9.82832151177356,9.990326853976502,9.792320539773316,9.936325073242188,282470,0.0,0.0
2000-08-31 00:00:00-04:00,9.936320161880586,10.080324624170391,9.936320161880586,10.008322715759277,303738,0.0,0.0
2000-09-01 00:00:00-04:00,10.02632103544344,10.08032213066005,9.918317554075381,9.972318649291992,170845,0.0,0.0
2000-09-05 00:00:00-04:00,9.972323855463957,10.27833366394043,9.95432369615036,10.27833366394043,657413,0.0,0.0
2000-09-06 00:00:00-04:00,10.206327930813675,10.494336827138577,10.206327930813675,10.458335876464844,365895,0.0,0.0
2000-09-07 00:00:00-04:00,10.42233880572399,10.584344112266917,10.278333658485106,10.566343307495117,1151030,0.0,0.0
2000-09-08 00:00:00-04:00,10.584341297683357,10.998354533598475,10.53033954319584,10.989354133605957,738018,0.0,0.0
2000-09-11 00:00:00-04:00,10.926352551965813,11.250363076737221,10.890350952235048,11.070356369018555,657765,0.0,0.0
2000-09-12 00:00:00-04:00,11.016350070332317,11.268357276916504,10.764342218280852,11.268357276916504,1006153,0.0,0.0
2000-09-13 00:00:00-04:00,11.268357276916504,11.592367649040074,11.268357276916504,11.268357276916504,742013,0.0,0.0
2000-09-14 00:00:00-04:00,11.232358841925116,11.28635993407213,10.926349210599327,10.998351097106934,618638,0.0,0.0
2000-09-15 00:00:00-04:00,10.94435658347696,11.484372993283337,10.94435658347696,11.254866600036621,1043988,0.0,0.0
2000-09-18 00:00:00-04:00,11.106358528137207,11.214362041834097,10.998355014440317,11.106358528137207,440625,0.0,0.0
2000-09-19 00:00:00-04:00,11.034359067819857,11.052358581656145,10.440339610495789,10.566343307495117,518645,0.0,0.0
2000-09-20 00:00:00-04:00,10.63834588111456,10.63834588111456,10.350336232104548,10.566343307495117,2489238,0.0,0.0
2000-09-21 00:00:00-04:00,10.552463299855951,10.789802721841713,10.479436288981256,10.662004470825195,2185500,0.438298,0.0
2000-09-22 00:00:00-04:00,10.625492799079353,10.899345773762564,10.534208037746739,10.735033988952637,566350,0.0,0.0
2000-09-25 00:00:00-04:00,10.57072103033568,10.881087482293454,10.552463949165018,10.844573974609375,347095,0.0,0.0
2000-09-26 00:00:00-04:00,10.808064024519968,11.008888710214704,10.7715498501596,10.862833976745605,485863,0.0,0.0
2000-09-27 00:00:00-04:00,10.917604030225464,11.027144577213255,10.570723340129945,10.976938247680664,493500,0.0,0.0
2000-09-28 00:00:00-04:00,10.899342554448312,11.100168446336719,10.881085476642879,10.99062728881836,491268,0.0,0.0
2000-09-29 00:00:00-04:00,10.917605618169702,11.209714440614515,10.862834354723356,11.177765846252441,574223,0.0,0.0
2000-10-02 00:00:00-04:00,10.99063148090791,11.246226739731394,10.789805512419678,11.19145679473877,567525,0.0,0.0
2000-10-03 00:00:00-04:00,11.191461165726162,11.264488224009686,10.881093876719495,10.954121589660645,619225,0.0,0.0
2000-10-04 00:00:00-04:00,10.954116368699207,11.15494166524779,10.552465120944724,10.735033988952637,701240,0.0,0.0
2000-10-05 00:00:00-04:00,10.716773528861099,10.917599416786043,10.442920640469909,10.515948295593262,398913,0.0,0.0
2000-10-06 00:00:00-04:00,10.588975950716616,10.771544106539336,10.47943479536014,10.515948295593262,350033,0.0,0.0
2000-10-09 00:00:00-04:00,10.442917823791504,10.625486585028632,10.369890843022198,10.442917823791504,360373,0.0,0.0
2000-10-10 00:00:00-04:00,10.515952876378554,10.716778197126592,10.442925189444088,10.55246639251709,420180,0.0,0.0
2000-10-11 00:00:00-04:00,10.588975501664805,10.80805780308703,10.442920197611937,10.643745422363281,442740,0.0,0.0
2000-10-12 00:00:00-04:00,10.57072290461734,10.88108941160581,10.315126341537555,10.753291130065918,506543,0.0,0.0
2000-10-13 00:00:00-04:00,10.808061667087266,10.935859285501222,10.66200631081801,10.735033988952637,486450,0.0,0.0
2000-10-16 00:00:00-04:00,10.753293090791084,10.899348483370106,10.698523136895798,10.771550178527832,303973,0.0,0.0
2000-10-17 00:00:00-04:00,10.808062383289322,10.954117094579656,10.643749932933828,10.753291130065918,359080,0.0,0.0
2000-10-18 00:00:00-04:00,10.826315422461768,10.917600161254924,10.4611784312606,10.534205436706543,717925,0.0,0.0
2000-10-19 00:00:00-04:00,10.4611830051944,10.735036031996078,10.351641794473727,10.680265426635742,565410,0.0,0.0
2000-10-20 00:00:00-04:00,10.753288561747166,10.844573307326336,10.5889774599505,10.662004470825195,639318,0.0,0.0
2000-10-23 00:00:00-04:00,10.6072340064305,10.881086936979857,10.6072340064305,10.698518753051758,693250,0.0,0.0
2000-10-24 00:00:00-04:00,10.7715516218103,10.808065802176337,10.497698542352849,10.625496864318848,409723,0.0,0.0
2000-10-25 00:00:00-04:00,10.662001185277056,10.75328524806939,10.424661836428582,10.479433059692383,273775,0.0,0.0
2000-10-26 00:00:00-04:00,10.515953468834896,10.515953468834896,10.260357532150387,10.351641654968262,290460,0.0,0.0
2000-10-27 00:00:00-04:00,10.351634848057513,10.643744110855788,10.205580216658374,10.479433059692383,377410,0.0,0.0
2000-10-30 00:00:00-05:00,10.479438287773545,10.64374942091004,10.461181204244012,10.6072359085083,553073,0.0,0.0
2000-10-31 00:00:00-05:00,10.625494079451556,10.680264680988056,10.442925189444088,10.55246639251709,597018,0.0,0.0
2000-11-01 00:00:00-05:00,10.607237282417165,10.899347383438807,10.588980851180283,10.826319694519043,961738,0.0,0.0
2000-11-02 00:00:00-05:00,10.8080599252715,10.881086936979857,10.6072340064305,10.698518753051758,412073,0.0,0.0
2000-11-03 00:00:00-05:00,10.662006000362402,10.9176025390625,10.570721896345107,10.9176025390625,942468,0.0,0.0
2000-11-06 00:00:00-05:00,10.844574839511202,11.081914295029668,10.333382417878079,10.461180686950684,1234925,0.0,0.0
2000-11-07 00:00:00-05:00,10.461182274842054,10.588980563313019,10.461182274842054,10.55246639251709,548490,0.0,0.0
2000-11-08 00:00:00-05:00,10.515949012673634,10.643746599532607,10.44292135257054,10.534205436706543,546728,0.0,0.0
2000-11-09 00:00:00-05:00,10.534208229047492,10.64374942091004,10.369897095910998,10.6072359085083,672100,0.0,0.0
2000-11-10 00:00:00-05:00,10.607233885340573,10.844573307326336,10.570720379903227,10.662004470825195,545318,0.0,0.0
2000-11-13 00:00:00-05:00,10.716779569975067,10.789807266264578,10.625495440606286,10.771550178527832,883483,0.0,0.0
2000-11-14 00:00:00-05:00,10.698517835602793,10.753287762358672,10.515949012673634,10.534205436706543,608063,0.0,0.0
2000-11-15 00:00:00-05:00,10.570720500576321,10.716775178650243,10.479436408612273,10.698518753051758,578923,0.0,0.0
2000-11-16 00:00:00-05:00,10.73503633045669,10.881091063925789,10.716779243276505,10.862833976745605,511595,0.0,0.0
2000-11-17 00:00:00-05:00,10.881088373729746,10.990630215070713,10.789804269712452,10.9176025390625,556128,0.0,0.0
2000-11-20 00:00:00-05:00,10.972376823425293,11.100175798048218,10.862835593357135,10.972376823425293,340750,0.0,0.0
2000-11-21 00:00:00-05:00,10.990632079457459,10.990632079457459,10.735035497399448,10.899347305297852,343923,0.0,0.0
2000-11-22 00:00:00-05:00,10.972374417701158,11.008887934832334,10.789806177387867,10.826319694519043,486568,0.0,0.0
2000-11-24 00:00:00-05:00,10.771546304583975,10.917601644634775,10.607234538019759,10.844573974609375,176955,0.0,0.0
2000-11-27 00:00:00-05:00,10.789807372837318,10.862834415190653,10.534210760628198,10.808064460754395,566703,0.0,0.0
2000-11-28 00:00:00-05:00,10.808063185795652,11.008887855906048,10.808063185795652,10.899347305297852,494440,0.0,0.0
2000-11-29 00:00:00-05:00,10.899346801602231,11.100172771746596,10.862832631762869,11.027144432067871,497495,0.0,0.0
2000-11-30 00:00:00-05:00,11.027144599815477,11.15494288688259,10.990631738735425,11.081915855407715,1092750,0.0,0.0
2000-12-01 00:00:00-05:00,11.027144655363474,11.154942943074357,10.935860538231351,11.100172996520996,341808,0.0,0.0
2000-12-04 00:00:00-05:00,11.100175311526645,11.319256452745508,11.008889866041635,11.118431091308594,479283,0.0,0.0
2000-12-05 00:00:00-05:00,11.173198423105301,11.173198423105301,10.844574863054287,10.9176025390625,712873,0.0,0.0
2000-12-06 00:00:00-05:00,10.89933890372562,10.990623607519947,10.735027222484115,10.78979778289795,1060555,0.0,0.0
2000-12-07 00:00:00-05:00,10.862834415190653,10.881091503107728,10.698523242566909,10.808064460754395,680325,0.0,0.0
2000-12-08 00:00:00-05:00,10.75329176994271,10.75329176994271,10.51595293180519,10.570723533630371,380113,0.0,0.0
2000-12-11 00:00:00-05:00,10.643746599532607,10.643746599532607,10.406407849847568,10.534205436706543,507130,0.0,0.0
2000-12-12 00:00:00-05:00,10.570718809160425,10.588975886494811,10.424663499799538,10.49769115447998,590438,0.0,0.0
2000-12-13 00:00:00-05:00,10.534210042569887,10.735036031996078,10.406412399834062,10.680265426635742,444150,0.0,0.0
2000-12-14 00:00:00-05:00,10.716773074389716,10.735030151060593,10.570718424993927,10.643745422363281,404435,0.0,0.0
2000-12-15 00:00:00-05:00,10.716779569975067,10.862834307896613,10.607238352869539,10.771550178527832,880780,0.0,0.0
2000-12-18 00:00:00-05:00,10.771552634636583,10.954121589660645,10.771552634636583,10.954121589660645,1017433,0.0,0.0
2000-12-19 00:00:00-05:00,10.972378026902712,11.08191992364325,10.917608060518884,10.954121589660645,1852388,0.0,0.0
2000-12-20 00:00:00-05:00,10.94004584807462,11.19920075210347,10.884512606941794,11.143668174743652,2170108,0.438298,0.0
2000-12-21 00:00:00-05:00,11.254737900610342,11.254737900610342,10.99558225812016,11.180692672729492,7711995,0.0,0.0
2000-12-22 00:00:00-05:00,11.162179635581362,11.384312629699707,11.06962510639618,11.384312629699707,615935,0.0,0.0
2000-12-26 00:00:00-05:00,11.384314195184238,11.62495852649506,11.328781602791327,11.606447219848633,439098,0.0,0.0
2000-12-27 00:00:00-05:00,11.62496300193832,11.643474315711337,11.439852519301915,11.532407760620117,697480,0.0,0.0
2000-12-28 00:00:00-05:00,11.569430388166154,11.606451688165302,11.40282989175588,11.532407760620117,492090,0.0,0.0
2000-12-29 00:00:00-05:00,11.532407760620117,11.62496300193832,11.421341205528897,11.532407760620117,530983,0.0,0.0
2001-01-02 00:00:00-05:00,11.458365693553517,11.47687568278509,11.236232547303633,11.328787803649902,629683,0.0,0.0
2001-01-03 00:00:00-05:00,11.402821401015718,11.5138878734049,10.884511639048162,10.958556175231934,1579553,0.0,0.0
2001-01-04 00:00:00-05:00,10.865998844568637,10.884510142011806,10.167205995136158,10.329177856445312,1280045,0.0,0.0
2001-01-05 00:00:00-05:00,10.329183539370806,10.569827219665411,10.218117021150768,10.514294624328613,1228110,0.0,0.0
2001-01-08 00:00:00-05:00,10.532800715333128,10.754933655755254,10.495778779853751,10.717911720275879,1005330,0.0,0.0
2001-01-09 00:00:00-05:00,10.662383978723453,10.847495079040527,10.606850715005658,10.847495079040527,1343965,0.0,0.0
2001-01-10 00:00:00-05:00,10.921538052651055,10.940049360229137,10.736427631963117,10.810471534729004,783843,0.0,0.0
2001-01-11 00:00:00-05:00,10.810471324771148,10.810471324771148,9.99598376375259,10.033005714416504,1326458,0.0,0.0
2001-01-12 00:00:00-05:00,10.144076929224754,10.292166128026222,10.014499709990364,10.218121528625488,1250435,0.0,0.0
2001-01-16 00:00:00-05:00,10.292161683379401,10.292161683379401,9.810872990778341,9.995984077453613,932245,0.0,0.0
2001-01-17 00:00:00-05:00,10.051517803151787,10.236628898410366,9.940451278751292,10.014495849609375,698303,0.0,0.0
2001-01-18 00:00:00-05:00,10.088536466492823,10.329180065863552,10.070025165090074,10.292158126831055,961385,0.0,0.0
2001-01-19 00:00:00-05:00,10.2921557408525,10.458754759763425,10.12555605816873,10.310667037963867,1115663,0.0,0.0
2001-01-22 00:00:00-05:00,10.310669517931226,10.810468022423416,10.255135613239865,10.773446083068848,993345,0.0,0.0
2001-01-23 00:00:00-05:00,10.754938275767978,10.95856066780722,10.643871757845927,10.810471534729004,1046103,0.0,0.0
2001-01-24 00:00:00-05:00,10.810471831990203,11.032604873942413,10.810471831990203,10.921538352966309,468943,0.0,0.0
2001-01-25 00:00:00-05:00,10.99558356103022,11.069628133911705,10.810472460713145,10.847495079040527,596665,0.0,0.0
2001-01-26 00:00:00-05:00,10.95856297379522,10.95856297379522,10.384718955854058,10.62536334991455,853755,0.0,0.0
2001-01-29 00:00:00-05:00,10.623878712101005,10.955596676457134,10.617954536956274,10.64164924621582,456840,0.0,0.0
2001-01-30 00:00:00-05:00,10.715694331777845,10.863783460107044,10.535026551049627,10.783815383911133,593845,0.0,0.0
2001-01-31 00:00:00-05:00,10.709767136684679,10.709767136684679,10.404705044435792,10.452093124389648,1223880,0.0,0.0
2001-02-01 00:00:00-05:00,10.573530180653426,10.6564600191505,10.262544447892582,10.39582347869873,957625,0.0,0.0
2001-02-02 00:00:00-05:00,10.45505701605931,10.499484013868448,10.271427504937268,10.298083305358887,649423,0.0,0.0
2001-02-05 00:00:00-05:00,10.30697033431714,10.561682687217331,10.30697033431714,10.360281944274902,1167715,0.0,0.0
2001-02-06 00:00:00-05:00,10.43432829222469,10.647576096010066,10.292163310958882,10.47579288482666,1447483,0.0,0.0
2001-02-07 00:00:00-05:00,10.588341593065575,11.011875495746628,10.588341593065575,10.961524963378906,3494568,0.0,0.0
2001-02-08 00:00:00-05:00,10.92893638111042,11.373202206383223,10.92893638111042,11.242883682250977,2310873,0.0,0.0
2001-02-09 00:00:00-05:00,11.242887453542917,11.393938309618497,11.106646702320294,11.364320755004883,2453283,0.0,0.0
2001-02-12 00:00:00-05:00,11.388016404727777,11.586455376170639,11.136265827461969,11.26362133026123,817448,0.0,0.0
2001-02-13 00:00:00-05:00,11.263618119394113,11.385051403365187,11.142186162968999,11.16588020324707,1071130,0.0,0.0
2001-02-14 00:00:00-05:00,11.165888284803959,11.168850041982354,10.810475432076094,10.920061111450195,1487785,0.0,0.0
2001-02-15 00:00:00-05:00,10.90821186835281,10.934867677547201,10.662384744902331,10.66830825805664,1351133,0.0,0.0
2001-02-16 00:00:00-05:00,10.742353080048758,10.884518062751834,10.573531623773016,10.662384986877441,1741938,0.0,0.0
2001-02-20 00:00:00-05:00,10.760121325600528,10.816394689844724,10.656459201377492,10.683115005493164,666225,0.0,0.0
2001-02-21 00:00:00-05:00,10.899324629647488,11.005948510936667,10.69200037915335,10.715694427490234,684555,0.0,0.0
2001-02-22 00:00:00-05:00,10.789736561859264,10.884513397630915,10.588335868816138,10.603144645690918,1003568,0.0,0.0
2001-02-23 00:00:00-05:00,10.617957533294758,10.766046686921205,10.351398118804452,10.425442695617676,895468,0.0,0.0
2001-02-26 00:00:00-05:00,10.499485207365892,10.837127375739518,10.419517133237795,10.487637519836426,531805,0.0,0.0
2001-02-27 00:00:00-05:00,10.487632807900441,10.686071694208943,10.443206488774456,10.5646390914917,467415,0.0,0.0
2001-02-28 00:00:00-05:00,10.603146814575146,10.958560187362261,10.514294135151559,10.674229621887207,3173323,0.0,0.0
2001-03-01 00:00:00-05:00,10.958564792581043,11.225123606643466,10.84009317601679,11.062226295471191,3591505,0.0,0.0
2001-03-02 00:00:00-05:00,11.106644255914127,11.358394742224144,11.077026044051296,11.296197891235352,1566745,0.0,0.0
2001-03-05 00:00:00-05:00,11.296200600627518,11.447250132115224,11.296200600627518,11.429479598999023,1376983,0.0,0.0
2001-03-06 00:00:00-05:00,11.40875074988871,11.544992872400215,11.40875074988871,11.450215339660645,1068545,0.0,0.0
2001-03-07 00:00:00-05:00,11.450211992828288,11.624956897622496,11.417632681815947,11.485753059387207,1454533,0.0,0.0
2001-03-08 00:00:00-05:00,11.544989317993078,11.672344804511662,11.491677718985299,11.66938304901123,848585,0.0,0.0
2001-03-09 00:00:00-05:00,11.672344243552766,11.672344243552766,11.467981796298192,11.482791900634766,663875,0.0,0.0
2001-03-12 00:00:00-05:00,11.376165626994547,11.580528042754437,11.376165626994547,11.417630195617676,867973,0.0,0.0
2001-03-13 00:00:00-05:00,11.41763381856318,11.722695997778949,11.41763381856318,11.577569961547852,1427743,0.0,0.0
2001-03-14 00:00:00-05:00,11.491678040053536,11.562760174049885,11.399862289428711,11.399862289428711,1242210,0.0,0.0
2001-03-15 00:00:00-05:00,11.402827043023198,11.639768879520236,11.29916557035736,11.562763214111328,1339265,0.0,0.0
2001-03-16 00:00:00-05:00,11.402823178420128,11.69900004177561,11.402823178420128,11.482791900634766,1163603,0.0,0.0
2001-03-19 00:00:00-05:00,11.485755034504953,11.604226604286856,11.485755034504953,11.568685531616211,914268,0.0,0.0
2001-03-20 00:00:00-05:00,11.537170375110009,11.729256706137035,11.480145144967453,11.51315975189209,749768,0.438298,0.0
2001-03-21 00:00:00-05:00,11.450128298670949,11.777274283376812,11.450128298670949,11.507153511047363,591260,0.0,0.0
2001-03-22 00:00:00-05:00,11.50716115029778,11.555182413652497,11.014940510343616,11.270054817199707,2247188,0.0,0.0
2001-03-23 00:00:00-05:00,11.210021079006216,11.330074840569411,11.044947409097455,11.291057586669922,1601408,0.0,0.0
2001-03-26 00:00:00-05:00,11.291062401951415,11.666231155395508,11.27005310243035,11.666231155395508,1504470,0.0,0.0
2001-03-27 00:00:00-05:00,11.66623321870528,11.945358164135627,11.657229231603791,11.810297012329102,1990685,0.0,0.0
2001-03-28 00:00:00-05:00,11.738259049068672,11.930345353245855,11.471139557823642,11.795284271240234,1162075,0.0,0.0
2001-03-29 00:00:00-05:00,11.738259692979288,11.849308815931378,11.579187982385966,11.828299522399902,743893,0.0,0.0
2001-03-30 00:00:00-05:00,11.903336818539684,12.065408549071536,11.867320878421493,11.945355415344238,942350,0.0,0.0
2001-04-02 00:00:00-04:00,11.945359079958365,12.230486705316439,11.942357750694432,12.185466766357422,1778833,0.0,0.0
2001-04-03 00:00:00-04:00,12.14044274660686,12.389554337063336,11.966364362527681,12.356539726257324,1611865,0.0,0.0
2001-04-04 00:00:00-04:00,12.326523984865123,12.64766876971597,12.245488129298282,12.599647521972656,1759445,0.0,0.0
2001-04-05 00:00:00-04:00,12.74071294644485,12.74071294644485,12.440578731876789,12.695693016052246,1591773,0.0,0.0
2001-04-06 00:00:00-04:00,12.620657804434579,12.74071093317758,12.365543560571878,12.509607315063477,2777113,0.0,0.0
2001-04-09 00:00:00-04:00,12.650670955663474,12.818745334163806,12.590644391913354,12.701693534851074,1104735,0.0,0.0
2001-04-10 00:00:00-04:00,12.818743139800103,13.073857337350454,12.818743139800103,13.037842750549316,1040463,0.0,0.0
2001-04-11 00:00:00-04:00,12.980812437548575,12.980812437548575,12.620651875239544,12.704689025878906,1046573,0.0,0.0
2001-04-12 00:00:00-04:00,12.674680028994217,12.740709241033263,12.461584408493641,12.617654800415039,734140,0.0,0.0
2001-04-16 00:00:00-04:00,12.650668689392083,13.025835990905762,12.620655412893674,13.025835990905762,1090048,0.0,0.0
2001-04-17 00:00:00-04:00,13.025841317867402,13.175909107013744,12.839758927478249,12.88778018951416,889240,0.0,0.0
2001-04-18 00:00:00-04:00,12.890776706633673,13.025836455695735,12.545621324018942,12.938797950744629,1327985,0.0,0.0
2001-04-19 00:00:00-04:00,12.938800688731767,13.055853841305527,12.515610694885254,12.515610694885254,933655,0.0,0.0
2001-04-20 00:00:00-04:00,12.515607261387599,12.66567498510471,12.320519624140415,12.530613899230957,898053,0.0,0.0
2001-04-23 00:00:00-04:00,12.5306157473658,12.641666229068967,12.329525425322553,12.596646308898926,529103,0.0,0.0
2001-04-24 00:00:00-04:00,12.671680105203128,12.752715965320776,12.536618993056585,12.680684089660645,652713,0.0,0.0
2001-04-25 00:00:00-04:00,12.755719850727871,12.815747771096119,12.53061884887813,12.713701248168945,722743,0.0,0.0
2001-04-26 00:00:00-04:00,12.710697896396983,12.974816130014736,12.710697896396983,12.8307523727417,832135,0.0,0.0
2001-04-27 00:00:00-04:00,12.833754135922897,12.851763453363978,12.620659798731241,12.695693016052246,563060,0.0,0.0
2001-04-30 00:00:00-04:00,12.695684939255203,12.72269688030619,12.56062388871709,12.581634521484375,754938,0.0,0.0
2001-05-01 00:00:00-04:00,12.641669099581122,12.73471028905917,12.563633208283237,12.695693016052246,565763,0.0,0.0
2001-05-02 00:00:00-04:00,12.695689395669273,12.695689395669273,12.32652338115556,12.401557922363281,685260,0.0,0.0
2001-05-03 00:00:00-04:00,12.44057043111444,12.470583698016991,12.170449683708327,12.335522651672363,396798,0.0,0.0
2001-05-04 00:00:00-04:00,12.305510624159211,12.518606185913086,12.24548408430834,12.518606185913086,707115,0.0,0.0
2001-05-07 00:00:00-04:00,12.51861128221337,12.635664427857938,12.509607297570238,12.584640502929688,605713,0.0,0.0
2001-05-08 00:00:00-04:00,12.65967580298744,12.65967580298744,12.455584127044302,12.515610694885254,763515,0.0,0.0
2001-05-09 00:00:00-04:00,12.515608936235406,12.875770983240203,12.515608936235406,12.725703239440918,1213070,0.0,0.0
2001-05-10 00:00:00-04:00,12.755718577343753,12.785731861889662,12.635665439160118,12.74671459197998,540970,0.0,0.0
2001-05-11 00:00:00-04:00,12.800735322402433,12.830749944771819,12.683683541767865,12.779726028442383,361900,0.0,0.0
2001-05-14 00:00:00-04:00,12.812742794026862,12.99282246800331,12.68068302116045,12.683684349060059,897583,0.0,0.0
2001-05-15 00:00:00-04:00,12.755719415410022,12.755719415410022,12.60565298282093,12.650672912597656,664228,0.0,0.0
2001-05-16 00:00:00-04:00,12.650668973131534,12.815743342858774,12.62365702367712,12.803736686706543,621223,0.0,0.0
2001-05-17 00:00:00-04:00,12.803735723590439,12.920788841038258,12.755714483728156,12.893776893615723,625923,0.0,0.0
2001-05-18 00:00:00-04:00,12.893770690462327,13.022829055786133,12.875762734177542,13.022829055786133,466005,0.0,0.0
2001-05-21 00:00:00-04:00,13.022844371246494,13.217930793762207,12.926800479492785,13.217930793762207,524050,0.0,0.0
2001-05-22 00:00:00-04:00,13.217926401534376,13.28095430171109,13.115881229819696,13.232933044433594,674803,0.0,0.0
2001-05-23 00:00:00-04:00,13.235926923073974,13.491041054051788,13.220920288621352,13.4190092086792,767158,0.0,0.0
2001-05-24 00:00:00-04:00,13.35598679188986,13.461033275906715,13.22392700955632,13.325973510742188,1268530,0.0,0.0
2001-05-25 00:00:00-04:00,13.325972984802124,13.325972984802124,13.079862743820732,13.100872039794922,744010,0.0,0.0
2001-05-29 00:00:00-04:00,13.02583749460337,13.235931799629007,13.02583749460337,13.100872039794922,567643,0.0,0.0
2001-05-30 00:00:00-04:00,13.103868246396699,13.26894122167832,12.917784638068762,13.019829750061035,1720083,0.0,0.0
2001-05-31 00:00:00-04:00,13.055850909559984,13.488043446248108,13.055850909559984,13.422014236450195,3413728,0.0,0.0
2001-06-01 00:00:00-04:00,13.39200274756501,13.461033294298977,13.280952261883108,13.425017356872559,1538780,0.0,0.0
2001-06-04 00:00:00-04:00,13.416010945450811,13.452026876361654,13.265943221372092,13.298957824707031,809928,0.0,0.0
2001-06-05 00:00:00-04:00,13.304964673791762,13.355987253506274,13.130886291834894,13.313968658447266,437453,0.0,0.0
2001-06-06 00:00:00-04:00,13.250937859080626,13.250937859080626,12.965810366638738,13.115878105163574,1564865,0.0,0.0
2001-06-07 00:00:00-04:00,13.115879948570337,13.145893231436869,12.995825471820353,13.067858695983887,1486375,0.0,0.0
2001-06-08 00:00:00-04:00,13.130888159004883,13.205921375136882,13.067860257454003,13.175908088684082,1986455,0.0,0.0
2001-06-11 00:00:00-04:00,13.199916548316537,13.46403477097489,13.178907251252651,13.446026802062988,1338678,0.0,0.0
2001-06-12 00:00:00-04:00,13.491041360390696,13.698134265822542,13.461028090803945,13.677124977111816,1278870,0.0,0.0
2001-06-13 00:00:00-04:00,13.701143543699892,13.746163474205563,13.36199205527314,13.407011985778809,1012850,0.0,0.0
2001-06-14 00:00:00-04:00,13.355985445954994,13.355985445954994,13.115877875686412,13.121880531311035,1021075,0.0,0.0
2001-06-15 00:00:00-04:00,12.965811138645789,13.602096719724903,12.965811138645789,13.548072814941406,1932875,0.0,0.0
2001-06-18 00:00:00-04:00,13.548072687483762,13.896228082541345,13.506052749985942,13.626107215881348,777028,0.0,0.0
2001-06-19 00:00:00-04:00,13.551074705662044,13.896228790283205,13.551074705662044,13.896228790283203,687375,0.0,0.0
2001-06-20 00:00:00-04:00,13.91723453790477,14.145336765791146,13.91723453790477,13.989266395568848,800410,0.0,0.0
2001-06-21 00:00:00-04:00,13.984720911974522,14.03934841452698,13.54466330967329,13.70247745513916,833310,0.438298,0.0
2001-06-22 00:00:00-04:00,13.702467756978917,13.914909254638076,13.529479427683977,13.769234657287598,587735,0.0,0.0
2001-06-25 00:00:00-04:00,13.76923736249088,13.76923736249088,13.57197012159988,13.663017272949219,547080,0.0,0.0
2001-06-26 00:00:00-04:00,13.702468457938844,13.969537433149034,13.511270964233416,13.95132827758789,722038,0.0,0.0
2001-06-27 00:00:00-04:00,13.914918301368907,14.106114549285634,13.763173887152497,13.996859550476074,328413,0.0,0.0
2001-06-28 00:00:00-04:00,13.920980786456806,14.16984062579641,13.899735409641044,13.960433959960938,368480,0.0,0.0
2001-06-29 00:00:00-04:00,13.97561170275084,14.148600097227847,13.930088799023697,14.093971252441406,1170300,0.0,0.0
2001-07-02 00:00:00-04:00,14.093974550931875,14.276067568770545,14.024172748880824,14.121288299560547,693015,0.0,0.0
2001-07-03 00:00:00-04:00,14.066664459342949,14.166816257332984,14.005967224388106,14.112187385559082,402790,0.0,0.0
2001-07-05 00:00:00-04:00,14.112182137919813,14.251787086718155,13.993822573770077,14.166810989379883,747065,0.0,0.0
2001-07-06 00:00:00-04:00,14.203231611610663,14.203231611610663,13.945267056983544,14.005964279174805,1019430,0.0,0.0
2001-07-09 00:00:00-04:00,13.990782951607125,14.203224482965696,13.960434355743555,14.042375564575195,797355,0.0,0.0
2001-07-10 00:00:00-04:00,13.990787434563304,14.066658948533135,13.93009022338744,14.045414924621582,655885,0.0,0.0
2001-07-11 00:00:00-04:00,13.960438224391574,14.081832641486082,13.778345238435861,13.884565353393555,935300,0.0,0.0
2001-07-12 00:00:00-04:00,13.748000373932877,13.805662737738249,13.64177886976655,13.70247745513916,448615,0.0,0.0
2001-07-13 00:00:00-04:00,13.702476671418557,13.702476671418557,13.368639232063344,13.468791007995605,614995,0.0,0.0
2001-07-16 00:00:00-04:00,13.46879102947865,13.550732278751362,13.402022725312563,13.490035057067871,776910,0.0,0.0
2001-07-17 00:00:00-04:00,13.490032695144514,13.541625324542304,13.26241679336966,13.338288307189941,367188,0.0,0.0
2001-07-18 00:00:00-04:00,13.323115056172785,13.398986575982478,13.201720624477273,13.304905891418457,371535,0.0,0.0
2001-07-19 00:00:00-04:00,13.338288307189941,13.398985518246167,13.201719582313435,13.338288307189941,475405,0.0,0.0
2001-07-20 00:00:00-04:00,13.383812846769182,13.414161455996336,13.141022612637766,13.20172119140625,404905,0.0,0.0
2001-07-23 00:00:00-04:00,13.216890418665354,13.232064717449626,12.82235592964698,12.901262283325195,841300,0.0,0.0
2001-07-24 00:00:00-04:00,12.97713251556909,13.004447611038772,12.776831791090563,12.883051872253418,1439610,0.0,0.0
2001-07-25 00:00:00-04:00,12.883056068887718,13.01962614946953,12.746487348619869,12.971068382263184,1507525,0.0,0.0
2001-07-26 00:00:00-04:00,12.974104237086916,13.019627147331875,12.74041860418206,12.889126777648926,2299123,0.0,0.0
2001-07-27 00:00:00-04:00,12.964996926613633,13.004450107189856,12.534044079691945,12.898228645324707,624395,0.0,0.0
2001-07-30 00:00:00-04:00,12.913406304298759,12.989279185455052,12.609918860615988,12.974104881286621,416185,0.0,0.0
2001-07-31 00:00:00-04:00,12.92858593373419,13.089434984487209,12.688830468803882,12.822365760803223,349563,0.0,0.0
2001-08-01 00:00:00-04:00,12.892159664726758,13.071217777926428,12.79200927751944,13.0469388961792,672688,0.0,0.0
2001-08-02 00:00:00-04:00,13.156190959066457,13.301865577697754,13.01658741984529,13.301865577697754,574105,0.0,0.0
2001-08-03 00:00:00-04:00,13.30187425266524,13.44451410477244,13.113711477645456,13.40809440612793,713813,0.0,0.0
2001-08-06 00:00:00-04:00,13.408088093269722,13.408088093269722,13.05300810141755,13.171367645263672,565645,0.0,0.0
2001-08-07 00:00:00-04:00,13.186536077392233,13.332210657610606,13.086385738707426,13.168328285217285,764690,0.0,0.0
2001-08-08 00:00:00-04:00,13.110674843101224,13.204755537730927,12.779873621024453,12.825396537780762,509598,0.0,0.0
2001-08-09 00:00:00-04:00,12.749522629358198,12.913405099082,12.743452908257316,12.87395191192627,417948,0.0,0.0
2001-08-10 00:00:00-04:00,12.928582004367152,12.946791171335317,12.640268833723619,12.876989364624023,548373,0.0,0.0
2001-08-13 00:00:00-04:00,12.928577756020767,13.125845027001219,12.776834747815675,12.870915412902832,382580,0.0,0.0
2001-08-14 00:00:00-04:00,12.892157342201642,12.961959114650119,12.749518937633017,12.840564727783203,391745,0.0,0.0
2001-08-15 00:00:00-04:00,12.852710287834547,12.974106092832297,12.761664454321929,12.825396537780762,553660,0.0,0.0
2001-08-16 00:00:00-04:00,12.82538882273083,13.004446881241737,12.758621918318214,12.940714836120605,524755,0.0,0.0
2001-08-17 00:00:00-04:00,12.92857553925014,13.049971285313184,12.837529749938057,12.852704048156738,361430,0.0,0.0
2001-08-20 00:00:00-04:00,12.883056894714082,13.022661844695211,12.883056894714082,12.983208656311035,268253,0.0,0.0
2001-08-21 00:00:00-04:00,12.907340885332612,13.141026607740441,12.907340885332612,13.107643127441406,461658,0.0,0.0
2001-08-22 00:00:00-04:00,13.034799933464365,13.444508798606016,13.019625631815705,13.31704330444336,896525,0.0,0.0
2001-08-23 00:00:00-04:00,13.24117284070404,13.408090172006252,13.186543990145664,13.283660888671875,415715,0.0,0.0
2001-08-24 00:00:00-04:00,13.232065910668572,13.377739192133863,13.201717310363303,13.353460311889648,205743,0.0,0.0
2001-08-27 00:00:00-04:00,13.35346671779826,13.465757953109744,13.323118102934192,13.356501579284668,398678,0.0,0.0
2001-08-28 00:00:00-04:00,13.32311316111436,13.33828746291793,13.20475224673259,13.207788467407227,634383,0.0,0.0
2001-08-29 00:00:00-04:00,13.247239143424318,13.368633534864035,13.156191989530866,13.26848316192627,344863,0.0,0.0
2001-08-30 00:00:00-04:00,13.262414808536032,13.353460611494588,13.159228204869198,13.171367645263672,270838,0.0,0.0
2001-08-31 00:00:00-04:00,13.171366781037936,13.2715185180348,13.07121640435479,13.137983322143555,219020,0.0,0.0
2001-09-04 00:00:00-04:00,13.06211424684056,13.329183327833515,13.06211424684056,13.235102653503418,238760,0.0,0.0
2001-09-05 00:00:00-04:00,13.186540423349088,13.225994960389844,13.110668929643113,13.1561918258667,424528,0.0,0.0
2001-09-06 00:00:00-04:00,13.171369687300007,13.32007921550145,13.059079846242156,13.283660888671875,391980,0.0,0.0
2001-09-07 00:00:00-04:00,13.207791336320641,13.444511856189203,13.156197338667656,13.347394943237305,455195,0.0,0.0
2001-09-10 00:00:00-04:00,13.347390891297351,13.347390891297351,13.171367645263672,13.171367645263672,412190,0.0,0.0
2001-09-17 00:00:00-04:00,13.095499891176116,13.295802075332048,13.049976976666631,13.128883361816406,735315,0.0,0.0
2001-09-18 00:00:00-04:00,13.128881710515454,13.283660960694354,13.004452426506436,13.229033470153809,368363,0.0,0.0
2001-09-19 00:00:00-04:00,13.15315848467196,13.338286311001497,13.080321842305116,13.171367645263672,1169595,0.0,0.0
2001-09-20 00:00:00-04:00,12.914917259141701,13.440113386835776,12.914917259141701,13.268118858337402,3425478,0.438298,0.0
2001-09-21 00:00:00-04:00,13.129905238768423,13.62131681632177,13.056192538480733,13.145261764526367,996635,0.0,0.0
2001-09-24 00:00:00-04:00,13.145262951684254,13.20668906026347,12.874986697286031,12.930270195007324,670455,0.0,0.0
2001-09-25 00:00:00-04:00,13.007055720963175,13.037768782077375,12.819704671516565,12.948700904846191,680795,0.0,0.0
2001-09-26 00:00:00-04:00,12.951779302419453,12.991706303729066,12.718358533497137,12.868852615356445,933185,0.0,0.0
2001-09-27 00:00:00-04:00,12.792057183046436,13.05311946215764,12.699918041001082,12.874983787536621,578218,0.0,0.0
2001-09-28 00:00:00-04:00,12.822776204608214,13.22204875946045,12.807419673779282,13.22204875946045,635675,0.0,0.0
2001-10-01 00:00:00-04:00,13.175974928713973,13.317254966895195,13.083834396728829,13.261971473693848,448615,0.0,0.0
2001-10-02 00:00:00-04:00,13.246619463784283,13.544537544250488,13.206692482860467,13.544537544250488,505955,0.0,0.0
2001-10-03 00:00:00-04:00,13.544539613598362,13.781031605697862,13.5138265466569,13.77488899230957,663875,0.0,0.0
2001-10-04 00:00:00-04:00,13.774888507722984,13.81788817657859,13.53839652394303,13.75953197479248,493148,0.0,0.0
2001-10-05 00:00:00-04:00,13.814806042010394,13.82094865098016,13.66738342673602,13.817878723144531,453080,0.0,0.0
2001-10-08 00:00:00-04:00,13.679674586004667,13.71038764419273,13.529179224233308,13.627462387084961,464830,0.0,0.0
2001-10-09 00:00:00-04:00,13.664312026008004,13.664312026008004,13.360251507496969,13.427820205688477,303033,0.0,0.0
2001-10-10 00:00:00-04:00,13.421680468532957,13.443179604375773,13.23740078465927,13.440108299255371,340045,0.0,0.0
2001-10-11 00:00:00-04:00,13.409398928762588,13.507680719592582,13.335686208990177,13.338757514953613,522170,0.0,0.0
2001-10-12 00:00:00-04:00,13.277332415929504,13.406328652955999,13.17905061754743,13.366401672363281,315018,0.0,0.0
2001-10-15 00:00:00-04:00,13.314187944434037,13.37868537391555,13.15448002381315,13.22204875946045,470940,0.0,0.0
2001-10-16 00:00:00-04:00,13.225117907793383,13.45239590362851,13.225117907793383,13.437039375305176,429110,0.0,0.0
2001-10-17 00:00:00-04:00,13.437040769220543,13.510752112819125,13.360258119638688,13.384828567504883,310318,0.0,0.0
2001-10-18 00:00:00-04:00,13.308042255280123,13.360255824676708,13.040837303984551,13.05926513671875,509010,0.0,0.0
2001-10-19 00:00:00-04:00,12.991697593461794,13.384827480699862,12.991697593461794,13.283473014831543,222780,0.0,0.0
2001-10-22 00:00:00-04:00,13.206692541188058,13.231262991095846,12.97634319665251,13.043911933898926,471645,0.0,0.0
2001-10-23 00:00:00-04:00,13.043908995192243,13.043908995192243,12.865773273493586,12.951769828796387,573635,0.0,0.0
2001-10-24 00:00:00-04:00,12.951772662976055,13.007056174911018,12.755207688335043,12.908774375915527,555070,0.0,0.0
2001-10-25 00:00:00-04:00,12.8381301469251,13.068479439564472,12.8381301469251,12.951769828796387,383520,0.0,0.0
2001-10-26 00:00:00-04:00,12.899557478839398,12.914914006386724,12.755204743244809,12.831987380981445,356965,0.0,0.0
2001-10-29 00:00:00-05:00,12.699921264830598,12.930270555066693,12.438858919449654,12.856557846069336,579393,0.0,0.0
2001-10-30 00:00:00-05:00,12.699920209104675,12.807415893175692,12.644636714439581,12.733704566955566,418653,0.0,0.0
2001-10-31 00:00:00-05:00,12.656922980966826,12.89034497863278,12.623138616650662,12.804347038269043,666460,0.0,0.0
2001-11-01 00:00:00-05:00,12.7306335555282,12.835057936750232,12.534068637754745,12.592423439025879,750943,0.0,0.0
2001-11-02 00:00:00-05:00,12.57707449433576,12.57707449433576,12.346725079067866,12.469578742980957,1541718,0.0,0.0
2001-11-05 00:00:00-05:00,12.500286812048031,12.807418783937564,12.488001588238445,12.752135276794434,494323,0.0,0.0
2001-11-06 00:00:00-05:00,12.67535312450999,12.86884540709053,12.610854320333177,12.785920143127441,562473,0.0,0.0
2001-11-07 00:00:00-05:00,12.715276297969485,12.841199809263513,12.65385019489923,12.77363109588623,659410,0.0,0.0
2001-11-08 00:00:00-05:00,12.804346215535038,13.083836406296548,12.804346215535038,12.899558067321777,439803,0.0,0.0
2001-11-09 00:00:00-05:00,12.960982257970285,13.007051835881043,12.761346043707427,12.893413543701172,293633,0.0,0.0
2001-11-12 00:00:00-05:00,12.822780110566123,12.850423251128607,12.653858219992436,12.758282661437988,333935,0.0,0.0
2001-11-13 00:00:00-05:00,12.758285534806749,12.893424454351559,12.592433537331468,12.868852615356445,400558,0.0,0.0
2001-11-14 00:00:00-05:00,12.884209060568443,12.887278991360398,12.635431781072473,12.699929237365723,372945,0.0,0.0
2001-11-15 00:00:00-05:00,12.699922969999667,12.745992558902527,12.518714543665185,12.60471248626709,637673,0.0,0.0
2001-11-16 00:00:00-05:00,12.604712439067399,12.727564675681657,12.537142332279663,12.613924980163574,446618,0.0,0.0
2001-11-19 00:00:00-05:00,12.616996833609665,12.644639964697378,12.454217613031759,12.638497352600098,545553,0.0,0.0
2001-11-20 00:00:00-05:00,12.66920547256619,12.93026776154591,12.650777643460522,12.884198188781738,623103,0.0,0.0
2001-11-21 00:00:00-05:00,12.887275136747268,12.887275136747268,12.669212373550302,12.73063850402832,571990,0.0,0.0
2001-11-23 00:00:00-05:00,12.730640907825187,12.822780120939921,12.669214765748697,12.788995742797852,161798,0.0,0.0
2001-11-26 00:00:00-05:00,12.792059366879833,12.853485472063271,12.693777598586331,12.733704566955566,251568,0.0,0.0
2001-11-27 00:00:00-05:00,12.736782564704864,12.88420667125811,12.684570347864247,12.770566940307617,290578,0.0,0.0
2001-11-28 00:00:00-05:00,12.773636287333641,12.776707593735392,12.620070967246148,12.678425788879395,673040,0.0,0.0
2001-11-29 00:00:00-05:00,12.678422956899734,12.807417796959648,12.61085285450426,12.715278625488281,611823,0.0,0.0
2001-11-30 00:00:00-05:00,12.715276689260055,12.776702794220594,12.666135805291624,12.684563636779785,410545,0.0,0.0
2001-12-03 00:00:00-05:00,12.638495506117003,12.739848590914436,12.534069739069892,12.712206840515137,920260,0.0,0.0
2001-12-04 00:00:00-05:00,12.638490604381404,12.684560170512533,12.53099357342622,12.623132705688477,1007680,0.0,0.0
2001-12-05 00:00:00-05:00,12.647709775481758,12.72449241762019,12.577068368064607,12.626209259033203,469295,0.0,0.0
2001-12-06 00:00:00-05:00,12.592429592228548,12.592429592228548,12.411221112559133,12.484933853149414,709818,0.0,0.0
2001-12-07 00:00:00-05:00,12.438855820757679,12.65691845796368,12.438855820757679,12.595492362976074,727090,0.0,0.0
2001-12-10 00:00:00-05:00,12.595496576659047,12.62313832865071,12.469573039808138,12.49414348602295,460130,0.0,0.0
2001-12-11 00:00:00-05:00,12.500282022024486,12.534066374554909,12.260718872886649,12.306788444519043,409723,0.0,0.0
2001-12-12 00:00:00-05:00,12.306795284878426,12.53100203475733,12.25458307467447,12.512574195861816,743775,0.0,0.0
2001-12-13 00:00:00-05:00,12.512577544530702,12.656928987844172,12.500292315312533,12.552504539489746,420768,0.0,0.0
2001-12-14 00:00:00-05:00,12.475719471764943,12.586286513590217,12.362079746572046,12.518717765808105,296688,0.0,0.0
2001-12-17 00:00:00-05:00,12.51871055907689,12.552494913519077,12.42042880069962,12.466498374938965,319248,0.0,0.0
2001-12-18 00:00:00-05:00,12.466501813401054,12.620068479871163,12.466501813401054,12.598567962646484,463773,0.0,0.0
2001-12-19 00:00:00-05:00,12.577070999737941,12.921060061795265,12.546357936456053,12.881133079528809,643783,0.0,0.0
2001-12-20 00:00:00-05:00,12.896486157468818,12.896486157468818,12.702992533960755,12.813559532165527,733435,0.0,0.0
2001-12-21 00:00:00-05:00,12.87419859623364,12.90218582388991,12.787127221303024,12.79023551940918,1931935,0.438298,0.0
2001-12-24 00:00:00-05:00,12.774689025125069,12.905297501472182,12.768469640244533,12.858652114868164,5195968,0.0,0.0
2001-12-26 00:00:00-05:00,12.864878651912521,13.001705195352322,12.861768957743434,12.877317428588867,422883,0.0,0.0
2001-12-27 00:00:00-05:00,12.905295243641834,13.054561848515796,12.752918946871658,13.045232772827148,415128,0.0,0.0
2001-12-28 00:00:00-05:00,13.122975305317892,13.122975305317892,12.812004716269994,13.035903930664062,454373,0.0,0.0
2001-12-31 00:00:00-05:00,13.014138026985796,13.150965901777326,12.951944172015104,13.042126655578613,256268,0.0,0.0
2002-01-02 00:00:00-05:00,13.073222433478417,13.222487672282536,12.78712933191464,13.17584228515625,519820,0.0,0.0
2002-01-03 00:00:00-05:00,13.154073695568192,13.200719080062358,13.001697379031446,13.104318618774414,342983,0.0,0.0
2002-01-04 00:00:00-05:00,13.225598235910075,13.225598235910075,12.858653105823882,12.995479583740234,821090,0.0,0.0
2002-01-07 00:00:00-05:00,12.89907455444336,12.945719928166007,12.830661339650144,12.89907455444336,804993,0.0,0.0
2002-01-08 00:00:00-05:00,12.81822310504947,12.836881255312505,12.560117299221929,12.65340805053711,709348,0.0,0.0
2002-01-09 00:00:00-05:00,12.634748023042537,12.780903511720993,12.525907435490481,12.690722465515137,670338,0.0,0.0
2002-01-10 00:00:00-05:00,12.563230809592973,12.793349459971742,12.563230809592973,12.765360832214355,648600,0.0,0.0
2002-01-11 00:00:00-05:00,12.768463124069891,12.905290915469733,12.740475906390296,12.756024360656738,563530,0.0,0.0
2002-01-14 00:00:00-05:00,12.693834914492468,12.936392278424526,12.693834914492468,12.880417823791504,572225,0.0,0.0
2002-01-15 00:00:00-05:00,12.93639831067876,13.091884373240521,12.911520763685884,13.063897132873535,475288,0.0,0.0
2002-01-16 00:00:00-05:00,13.107428291352715,13.216267521675343,13.011027830209816,13.054563522338867,430873,0.0,0.0
2002-01-17 00:00:00-05:00,13.054564887165123,13.098100583845737,12.905298247547071,12.955053329467773,337695,0.0,0.0
2002-01-18 00:00:00-05:00,12.936390428602499,13.029681172984214,12.905293513808594,12.979926109313965,319248,0.0,0.0
2002-01-22 00:00:00-05:00,12.973712110927503,12.98304118923759,12.709386831619069,12.734264373779297,470470,0.0,0.0
2002-01-23 00:00:00-05:00,12.672067199948357,12.77468703448627,12.594324901055996,12.740480422973633,337343,0.0,0.0
2002-01-24 00:00:00-05:00,12.672069864097994,12.93328543714939,12.672069864097994,12.805788040161133,327825,0.0,0.0
2002-01-25 00:00:00-05:00,12.780905530746617,12.830661992437724,12.737369846390507,12.796455383300781,273188,0.0,0.0
2002-01-28 00:00:00-05:00,12.749804978950161,12.790230960042908,12.71559837956399,12.756024360656738,183183,0.0,0.0
2002-01-29 00:00:00-05:00,12.8804163863714,12.8804163863714,12.529019844312273,12.547677993774414,515943,0.0,0.0
2002-01-30 00:00:00-05:00,12.501037129490452,12.56634068344552,12.330004011989082,12.557011604309082,287758,0.0,0.0
2002-01-31 00:00:00-05:00,12.494818743193214,12.749814987182617,12.438844263895692,12.749814987182617,537328,0.0,0.0
2002-02-01 00:00:00-05:00,12.718713780820055,12.780907625809391,12.687616858325386,12.768468856811523,205390,0.0,0.0
2002-02-04 00:00:00-05:00,12.768473146948457,12.843107179868069,12.647195108470495,12.749814987182617,440155,0.0,0.0
2002-02-05 00:00:00-05:00,12.734260020354862,12.777797098107381,12.606762660370846,12.628530502319336,585033,0.0,0.0
2002-02-06 00:00:00-05:00,12.55700926949827,12.672069284643252,12.550789884563724,12.594326972961426,520995,0.0,0.0
2002-02-07 00:00:00-05:00,12.718718054239549,12.796461780453468,12.662743574942029,12.749814987182617,490093,0.0,0.0
2002-02-08 00:00:00-05:00,12.740482793257573,12.846213733277386,12.609875706819812,12.69694709777832,853520,0.0,0.0
2002-02-11 00:00:00-05:00,12.594325183366935,12.802675942924441,12.519691180901646,12.762249946594238,493265,0.0,0.0
2002-02-12 00:00:00-05:00,12.774686898151772,12.955050423512814,12.771577206229265,12.867979049682617,490563,0.0,0.0
2002-02-13 00:00:00-05:00,12.827563038437747,12.933292646092793,12.780916229439093,12.861769676208496,252508,0.0,0.0
2002-02-14 00:00:00-05:00,12.858650948785419,12.945722329216876,12.79023632744782,12.91773509979248,344393,0.0,0.0
2002-02-15 00:00:00-05:00,12.920843818804242,12.955050429968866,12.861759672247164,12.880417823791504,354263,0.0,0.0
2002-02-19 00:00:00-05:00,12.843102215285596,12.917734825499249,12.774687595400701,12.83999252319336,476228,0.0,0.0
2002-02-20 00:00:00-05:00,12.843108654767425,12.877315284933081,12.684512884688434,12.824450492858887,828023,0.0,0.0
2002-02-21 00:00:00-05:00,12.821335018908243,12.936393632138516,12.75292039556419,12.768468856811523,420298,0.0,0.0
2002-02-22 00:00:00-05:00,12.734260154650785,12.858649218095223,12.6658469363769,12.796455383300781,645780,0.0,0.0
2002-02-25 00:00:00-05:00,12.734266520711083,12.849326566456682,12.690730814590788,12.749814987182617,489153,0.0,0.0
2002-02-26 00:00:00-05:00,12.73426397462166,12.90840815814069,12.73426397462166,12.883530616760254,335110,0.0,0.0
2002-02-27 00:00:00-05:00,12.871090433666234,13.029684742563239,12.836883818021782,12.927064895629883,352030,0.0,0.0
2002-02-28 00:00:00-05:00,12.927063202652356,12.998586116905658,12.880417823791504,12.880417823791504,302680,0.0,0.0
2002-03-01 00:00:00-05:00,12.88041306555673,13.138518793760603,12.88041306555673,13.119860649108887,358610,0.0,0.0
2002-03-04 00:00:00-05:00,13.119865974758264,13.300229506793606,13.119865974758264,13.287789344787598,341220,0.0,0.0
2002-03-05 00:00:00-05:00,13.231817394445848,13.496142661563628,13.21937862393941,13.493034362792969,462480,0.0,0.0
2002-03-06 00:00:00-05:00,13.493032281894655,13.64540719709924,13.340655972834334,13.639187812805176,529925,0.0,0.0
2002-03-07 00:00:00-05:00,13.63918689726517,13.72936796347564,13.558334906869574,13.71381950378418,457193,0.0,0.0
2002-03-08 00:00:00-05:00,13.72936939307588,13.779124469269409,13.567665395446912,13.707601547241211,367305,0.0,0.0
2002-03-11 00:00:00-05:00,13.676505818965323,13.776017373898336,13.583215042955539,13.723151206970215,360843,0.0,0.0
2002-03-12 00:00:00-05:00,13.682729482204381,13.729374884793867,13.530353106555717,13.617425918579102,399618,0.0,0.0
2002-03-13 00:00:00-05:00,13.54278706636221,13.636077828776282,13.477482138816654,13.524128913879395,370948,0.0,0.0
2002-03-14 00:00:00-05:00,13.527244052821867,13.626754239465516,13.44950032565025,13.502365112304688,344040,0.0,0.0
2002-03-15 00:00:00-05:00,13.502363726668241,13.576997752848168,13.486815261600782,13.552120208740234,734140,0.0,0.0
2002-03-18 00:00:00-05:00,13.415287357812458,13.570773344803833,13.309557834480136,13.536566734313965,498788,0.0,0.0
2002-03-19 00:00:00-05:00,13.620531353359452,13.769796594975107,13.608092583224813,13.723151206970215,782433,0.0,0.0
2002-03-20 00:00:00-05:00,13.72936796347564,13.807111655788585,13.589431826252495,13.71381950378418,491973,0.0,0.0
2002-03-21 00:00:00-05:00,13.762593733560077,14.064653080902401,13.724836491433011,14.045774459838867,1053270,0.438298,0.0
2002-03-22 00:00:00-05:00,14.033182083330685,14.14016088548834,13.932494741563058,14.011157035827637,382815,0.0,0.0
2002-03-25 00:00:00-05:00,13.948234924220273,14.14016757178956,13.79091167162457,13.98913860321045,446500,0.0,0.0
2002-03-26 00:00:00-05:00,13.998578534779384,14.102410955283943,13.929356921109678,14.083532333374023,415598,0.0,0.0
2002-03-27 00:00:00-05:00,14.036330364448606,14.20623930642577,13.982840956335986,14.193652153015137,388573,0.0,0.0
2002-03-28 00:00:00-05:00,14.159055240321464,14.395039564843156,14.159055240321464,14.316378593444824,452023,0.0,0.0
2002-04-01 00:00:00-05:00,14.221975060054435,14.357271832229243,14.190510694432387,14.281757354736328,399853,0.0,0.0
2002-04-02 00:00:00-05:00,14.281755717022532,14.363563058258867,14.203094811987594,14.335245132446289,420885,0.0,0.0
2002-04-03 00:00:00-05:00,14.300634229723846,14.388734442719151,14.22826619762056,14.347830772399902,374943,0.0,0.0
2002-04-04 00:00:00-05:00,14.316368529518394,14.464252462116516,14.064652187665173,14.26602554321289,538033,0.0,0.0
2002-04-05 00:00:00-05:00,14.221980954333297,14.316374090320537,14.1118542186886,14.149611473083496,266255,0.0,0.0
2002-04-08 00:00:00-04:00,14.001720241066618,14.190507806706874,14.001720241066618,14.14016342163086,386928,0.0,0.0
2002-04-09 00:00:00-04:00,14.108704481828982,14.108704481828982,13.998579182260784,14.008018493652344,367188,0.0,0.0
2002-04-10 00:00:00-04:00,13.970255213250663,14.196799999111779,13.970255213250663,14.193652153015137,514768,0.0,0.0
2002-04-11 00:00:00-04:00,14.19365028656717,14.284898322262062,14.00801060047006,14.011157035827637,325005,0.0,0.0
2002-04-12 00:00:00-04:00,14.017457577361487,14.096118504346814,13.932502365891436,14.089825630187988,303033,0.0,0.0
2002-04-15 00:00:00-04:00,14.001720314931179,14.011159622746717,13.92305800614296,13.957670211791992,551193,0.0,0.0
2002-04-16 00:00:00-04:00,14.080382172668815,14.253437571402431,14.055210683445813,14.24714469909668,681853,0.0,0.0
2002-04-17 00:00:00-04:00,14.243997956942234,14.376148272524027,14.22197290434527,14.341537475585938,352148,0.0,0.0
2002-04-18 00:00:00-04:00,14.347838155594657,14.439086262048848,14.278616524049301,14.429645538330078,379173,0.0,0.0
2002-04-19 00:00:00-04:00,14.39502656042252,14.498860359191895,14.316365660086193,14.498860359191895,315018,0.0,0.0
2002-04-22 00:00:00-04:00,14.435936647706747,14.533476197966733,14.350981435541494,14.41076374053955,332760,0.0,0.0
2002-04-23 00:00:00-04:00,14.379297107504003,14.756872321379383,14.363564924453003,14.624720573425293,428053,0.0,0.0
2002-04-24 00:00:00-04:00,14.693946808848931,14.914198830149283,14.599552279533926,14.807218551635742,883248,0.0,0.0
2002-04-25 00:00:00-04:00,14.741136486322121,14.744282922152815,14.344682751003988,14.366707801818848,795358,0.0,0.0
2002-04-26 00:00:00-04:00,14.391882707232554,14.457957868898175,14.080382695872133,14.240852355957031,700888,0.0,0.0
2002-04-29 00:00:00-04:00,14.23455737761682,14.350975502376693,14.105552099314336,14.146455764770508,693250,0.0,0.0
2002-04-30 00:00:00-04:00,14.2093896836192,14.373004389112086,14.159045286987993,14.26602554321289,772093,0.0,0.0
2002-05-01 00:00:00-04:00,14.203090326100947,14.332094169613827,14.174772409232265,14.275458335876465,473760,0.0,0.0
2002-05-02 00:00:00-04:00,14.310078496459825,14.47369464475255,14.137023036361326,14.464255332946777,496673,0.0,0.0
2002-05-03 00:00:00-04:00,14.467399653768215,14.520889079509256,14.281758471752944,14.432788848876953,352735,0.0,0.0
2002-05-06 00:00:00-04:00,14.432789270644731,14.432789270644731,14.294344636708155,14.297491073608398,246985,0.0,0.0
2002-05-07 00:00:00-04:00,14.284903827554317,14.284903827554317,14.10555553272778,14.162191390991211,308555,0.0,0.0
2002-05-08 00:00:00-04:00,14.199957000931297,14.240860696394632,14.02375505630134,14.159051895141602,1202495,0.0,0.0
2002-05-09 00:00:00-04:00,14.159040477816838,14.18735980832062,14.017450876924046,14.067793846130371,812748,0.0,0.0
2002-05-10 00:00:00-04:00,14.23770976521094,14.316370693201591,13.945089702759804,13.985993385314941,1031063,0.0,0.0
2002-05-13 00:00:00-04:00,13.929349716530606,14.020596341900372,13.86327316369634,14.011157035827637,1548298,0.0,0.0
2002-05-14 00:00:00-04:00,14.074086692430127,14.284899285934602,13.910470632473247,14.278606414794922,758815,0.0,0.0
2002-05-15 00:00:00-04:00,14.206246219561221,14.237710592585923,14.143316063185816,14.196806907653809,1075360,0.0,0.0
2002-05-16 00:00:00-04:00,14.196803093357019,14.442226547337057,14.196803093357019,14.253438949584961,1931583,0.0,0.0
2002-05-17 00:00:00-04:00,14.253435927548209,14.37929335914803,13.91676447736805,14.243996620178223,936828,0.0,0.0
2002-05-20 00:00:00-04:00,14.244003713935383,14.53977023581706,14.234564401864457,14.52718448638916,625688,0.0,0.0
2002-05-21 00:00:00-04:00,14.52717765088017,14.800918982458832,14.457956061597724,14.693940162658691,572108,0.0,0.0
2002-05-22 00:00:00-04:00,14.678213918455773,15.008591229400032,14.678213918455773,15.002298355102539,644018,0.0,0.0
2002-05-23 00:00:00-04:00,14.882730856668354,14.977125372092162,14.76001982004093,14.866998672485352,938120,0.0,0.0
2002-05-24 00:00:00-04:00,14.866994308714823,14.876433616453992,14.536617127518507,14.760015487670898,615935,0.0,0.0
2002-05-28 00:00:00-04:00,14.697089619019195,14.775750532097124,14.599548676476914,14.70338249206543,473055,0.0,0.0
2002-05-29 00:00:00-04:00,14.646751781944333,14.684510447452638,14.461111943966044,14.631019592285156,509833,0.0,0.0
2002-05-30 00:00:00-04:00,14.631005739295952,14.788328897256642,14.612127129579664,14.756864547729492,757170,0.0,0.0
2002-05-31 00:00:00-04:00,14.756869098610347,14.851262176301738,14.665621046516621,14.725404739379883,521700,0.0,0.0
2002-06-03 00:00:00-04:00,14.725401461222308,14.741133637335254,14.404462247868057,14.445365905761719,532863,0.0,0.0
2002-06-04 00:00:00-04:00,14.382436733142184,14.62786008284036,14.382436733142184,14.536613464355469,485510,0.0,0.0
2002-06-05 00:00:00-04:00,14.539776000482952,14.539776000482952,14.19051990506119,14.206252098083496,633560,0.0,0.0
2002-06-06 00:00:00-04:00,14.209389663523995,14.25029333983937,13.866425249151371,13.869571685791016,654593,0.0,0.0
2002-06-07 00:00:00-04:00,13.869574796999911,13.973408639725776,13.812938924781815,13.923064231872559,612410,0.0,0.0
2002-06-10 00:00:00-04:00,13.923057433478965,14.067794891022821,13.860128717296996,13.998573303222656,337108,0.0,0.0
2002-06-11 00:00:00-04:00,14.033186599882198,14.448519021406629,14.033186599882198,14.184215545654297,1090283,0.0,0.0
2002-06-12 00:00:00-04:00,14.11184623103499,14.442224840640375,14.11184623103499,14.341537475585938,642490,0.0,0.0
2002-06-13 00:00:00-04:00,14.288051345369537,14.6624787358826,14.269172724519759,14.432788848876953,650010,0.0,0.0
2002-06-14 00:00:00-04:00,13.82867101654805,13.901039074996447,13.64932267876297,13.687081336975098,1717968,0.0,0.0
2002-06-17 00:00:00-04:00,13.690225380191988,13.724837598593036,13.43536397527504,13.466828346252441,1786470,0.0,0.0
2002-06-18 00:00:00-04:00,13.523458768445813,13.756296430246458,13.482555102646097,13.633584022521973,1331158,0.0,0.0
2002-06-19 00:00:00-04:00,13.576948794166281,13.734272003173828,13.419625585158732,13.734272003173828,2536590,0.0,0.0
2002-06-20 00:00:00-04:00,13.781474349672015,13.992287059058487,13.775181475073195,13.891599655151367,3999935,0.0,0.0
2002-06-21 00:00:00-04:00,13.844393393074803,14.19050407409668,13.844393393074803,14.19050407409668,1949678,0.0,0.0
2002-06-24 00:00:00-04:00,14.080386547654301,14.140168853134181,13.945089751041944,14.008018493652344,1234338,0.0,0.0
2002-06-25 00:00:00-04:00,13.970258696019707,14.048919609913046,13.7972032751287,13.828667640686035,1526208,0.0,0.0
2002-06-26 00:00:00-04:00,13.769762992858887,13.91303281360242,13.629678341244595,13.769762992858887,1626553,0.438298,0.0
2002-06-27 00:00:00-04:00,13.83343939256401,13.944871805036763,13.658333558323951,13.865278244018555,796415,0.0,0.0
2002-06-28 00:00:00-04:00,13.690177733854295,14.212314605712889,13.690177733854295,14.21231460571289,885480,0.0,0.0
2002-07-01 00:00:00-04:00,14.119979042972378,14.186837634117103,13.960790494151968,14.002179145812988,779613,0.0,0.0
2002-07-02 00:00:00-04:00,13.817524777078088,13.881201071819115,13.639235147536727,13.674256324768066,1048453,0.0,0.0
2002-07-03 00:00:00-04:00,13.690175927716668,13.769769517484626,13.467312449318605,13.594663619995117,647308,0.0,0.0
2002-07-05 00:00:00-04:00,13.610581457074723,13.690175041691402,13.45139286079368,13.674256324768066,314548,0.0,0.0
2002-07-08 00:00:00-04:00,13.658335021064211,13.690172448881126,13.483227741023766,13.575557708740234,358845,0.0,0.0
2002-07-09 00:00:00-04:00,13.530985326738513,13.626499047429633,12.967459940146421,13.03750228881836,852228,0.0,0.0
2002-07-10 00:00:00-04:00,13.05978486401775,13.05978486401775,12.51217834510109,12.601323127746582,1111903,0.0,0.0
2002-07-11 00:00:00-04:00,12.588596698320071,12.964279921631842,12.477164230007409,12.941993713378906,981125,0.0,0.0
2002-07-12 00:00:00-04:00,12.970643705784457,12.970643705784457,12.356177001134878,12.499446868896484,784430,0.0,0.0
2002-07-15 00:00:00-04:00,12.410305538540438,12.897421227546516,11.557057146775048,12.846481323242188,1650758,0.0,0.0
2002-07-16 00:00:00-04:00,12.766882718610258,12.82737526507042,12.381648373198276,12.499446868896484,1266415,0.0,0.0
2002-07-17 00:00:00-04:00,12.735049662014845,12.75096838311805,12.289322617028992,12.359366416931152,917793,0.0,0.0
2002-07-18 00:00:00-04:00,12.384833096557358,12.384833096557358,11.92955493927002,11.92955493927002,665873,0.0,0.0
2002-07-19 00:00:00-04:00,11.544320025091858,11.929555857700434,11.216393004764413,11.448807716369629,989585,0.0,0.0
2002-07-22 00:00:00-04:00,11.588890687502994,11.748078548414028,11.181369449620297,11.493377685546875,1177585,0.0,0.0
2002-07-23 00:00:00-04:00,11.49655741919346,11.636642773564754,10.69743393685254,10.856621742248535,1565100,0.0,0.0
2002-07-24 00:00:00-04:00,10.665600177726997,11.751263011118077,10.522331736303348,11.716241836547852,1517630,0.0,0.0
2002-07-25 00:00:00-04:00,11.68440395302703,12.161968260056412,11.493377944805772,12.101475715637207,1665328,0.0,0.0
2002-07-26 00:00:00-04:00,12.072826275582383,12.196993724073922,11.703510528343388,11.913639068603516,691605,0.0,0.0
2002-07-29 00:00:00-04:00,11.907265049856148,12.24474390435801,11.875427624013613,12.232008934020996,718748,0.0,0.0
2002-07-30 00:00:00-04:00,12.235196572589981,12.798722043537747,12.168337957031245,12.760517120361328,1082175,0.0,0.0
2002-07-31 00:00:00-04:00,12.760517639633429,13.117099791219548,12.356179332133413,13.040688514709473,1004743,0.0,0.0
2002-08-01 00:00:00-04:00,13.040684160661996,13.212607691597727,12.671368584521105,12.824188232421875,765043,0.0,0.0
2002-08-02 00:00:00-04:00,12.824196241601205,13.03114107109214,12.626804073117418,12.821012496948242,675038,0.0,0.0
2002-08-05 00:00:00-04:00,12.926068186841787,13.228525138060608,12.862393339647769,12.983375549316406,1081353,0.0,0.0
2002-08-06 00:00:00-04:00,13.097991803050714,13.445021150000878,13.097991803050714,13.292200088500977,908393,0.0,0.0
2002-08-07 00:00:00-04:00,13.336784413397487,13.448215484619142,13.168044507070622,13.44821548461914,658353,0.0,0.0
2002-08-08 00:00:00-04:00,13.448213459694243,13.578746980613483,13.1616750355063,13.569195747375488,580920,0.0,0.0
2002-08-09 00:00:00-04:00,13.569191177630596,13.639234958168464,13.349511460090929,13.374982833862305,681970,0.0,0.0
2002-08-12 00:00:00-04:00,13.244447375635932,13.530985691335017,13.212609943563546,13.387717247009277,1022603,0.0,0.0
2002-08-13 00:00:00-04:00,13.387717705649882,13.483230005139133,13.164854246460644,13.171221733093262,803113,0.0,0.0
2002-08-14 00:00:00-04:00,13.171224025498587,13.546907229256968,13.101181660349175,13.540539741516113,550488,0.0,0.0
2002-08-15 00:00:00-04:00,13.540535135475665,13.76021481485535,13.448206594640363,13.51506519317627,496203,0.0,0.0
2002-08-16 00:00:00-04:00,13.467313074705839,13.483231793398655,13.238082098481447,13.320860862731934,485158,0.0,0.0
2002-08-19 00:00:00-04:00,13.32085353783803,13.543715476989746,13.228523593142404,13.543715476989746,335815,0.0,0.0
2002-08-20 00:00:00-04:00,13.543717485884418,13.620128731974463,13.276281692187435,13.470491409301758,750003,0.0,0.0
2002-08-21 00:00:00-04:00,13.515062911399724,13.970340907230677,13.454571808651504,13.960789680480957,661643,0.0,0.0
2002-08-22 00:00:00-04:00,13.960796764446751,14.15182282341845,13.839814497561678,14.113617897033691,451200,0.0,0.0
2002-08-23 00:00:00-04:00,14.037200594758366,14.084958159297523,13.801602222751187,13.84299087524414,311845,0.0,0.0
2002-08-26 00:00:00-04:00,13.881200745022873,14.06904302734367,13.881200745022873,14.03402042388916,471880,0.0,0.0
2002-08-27 00:00:00-04:00,14.097694784554704,14.123166157166693,13.817523956298828,13.817523956298828,465065,0.0,0.0
2002-08-28 00:00:00-04:00,13.722016118502914,13.776139770411175,13.515071316511495,13.68381118774414,506895,0.0,0.0
2002-08-29 00:00:00-04:00,13.59466095644893,13.645600843919981,13.43228863808746,13.601028442382812,408195,0.0,0.0
2002-08-30 00:00:00-04:00,13.60103458263746,13.76658929165887,13.435478446567908,13.66152572631836,515943,0.0,0.0
2002-09-03 00:00:00-04:00,13.505517923249911,13.546906591617347,13.14575345577743,13.349513053894043,713813,0.0,0.0
2002-09-04 00:00:00-04:00,13.349508227534457,13.403633278263735,13.031132543534442,13.37816333770752,619343,0.0,0.0
2002-09-05 00:00:00-04:00,13.324037512345283,13.438653665232017,13.228525240812367,13.292200088500977,584915,0.0,0.0
2002-09-06 00:00:00-04:00,13.527807070010851,13.59466712972495,13.29220855642554,13.569195747375488,744010,0.0,0.0
2002-09-09 00:00:00-04:00,13.499146535494118,13.527800220700344,13.199873285181665,13.394083023071289,662465,0.0,0.0
2002-09-10 00:00:00-04:00,13.384531147138718,13.384531147138718,12.926069351924184,13.00566291809082,792303,0.0,0.0
2002-09-11 00:00:00-04:00,12.98019802073409,13.29539009227796,12.98019802073409,13.247633934020996,560358,0.0,0.0
2002-09-12 00:00:00-04:00,13.247630778203208,13.247630778203208,13.021583589254071,13.053421020507812,874788,0.0,0.0
2002-09-13 00:00:00-04:00,13.05342059842847,13.339958897494567,12.992929481002326,13.285835266113281,929308,0.0,0.0
2002-09-16 00:00:00-04:00,13.148931582841419,13.212606430053711,12.973824325960388,13.212606430053711,732378,0.0,0.0
2002-09-17 00:00:00-04:00,13.308117244269303,13.346323575462137,12.919699291740296,12.922883033752441,843180,0.0,0.0
2002-09-18 00:00:00-04:00,12.770059653466998,13.37497480622925,12.744589722030288,13.180765151977539,1228345,0.0,0.0
2002-09-19 00:00:00-04:00,13.148935621478403,13.23171294827907,12.954725850783019,13.066158294677734,754468,0.0,0.0
2002-09-20 00:00:00-04:00,13.069338406208052,13.069338406208052,12.623612986964797,12.88786506652832,1228815,0.0,0.0
2002-09-23 00:00:00-04:00,12.71912397620395,12.929252406752685,12.693654036385592,12.906966209411621,1120128,0.0,0.0
2002-09-24 00:00:00-04:00,12.88599836720628,12.889223073074996,12.399064890213799,12.524829864501953,1411763,0.438298,0.0
2002-09-25 00:00:00-04:00,12.540963385700847,12.937603968979449,12.473243063094241,12.818289756774902,905220,0.0,0.0
2002-09-26 00:00:00-04:00,12.882776444486058,13.25039588375527,12.850529378832372,13.198799133300781,611000,0.0,0.0
2002-09-27 00:00:00-04:00,13.118186662802437,13.28587291599905,12.866658005712099,12.905354499816895,585385,0.0,0.0
2002-09-30 00:00:00-04:00,12.86665856607562,13.208479057630644,12.679624057680956,13.12463665008545,873025,0.0,0.0
2002-10-01 00:00:00-04:00,13.237497756611438,13.540623113680766,13.04401533134441,13.495475769042969,1052683,0.0,0.0
2002-10-02 00:00:00-04:00,13.47935710113556,13.705088124202996,13.366492312306516,13.4761323928833,811455,0.0,0.0
2002-10-03 00:00:00-04:00,13.479354610487396,13.737332668409513,13.479354610487396,13.61479377746582,1348313,0.0,0.0
2002-10-04 00:00:00-04:00,13.61802215065452,13.61802215065452,13.047245851016697,13.185908317565918,1346315,0.0,0.0
2002-10-07 00:00:00-04:00,13.334247610419858,13.679292900423672,13.243954317826722,13.443887710571289,809575,0.0,0.0
2002-10-08 00:00:00-04:00,13.443884509060563,13.827627659025643,12.7860411739908,13.534177780151367,1932523,0.0,0.0
2002-10-09 00:00:00-04:00,13.53739987225039,13.53739987225039,12.56675715210332,12.576431274414062,1778833,0.0,0.0
2002-10-10 00:00:00-04:00,12.640928805771312,13.653492993552947,12.318456530379727,13.524504661560059,1335270,0.0,0.0
2002-10-11 00:00:00-04:00,13.527726215239966,13.705085130370687,13.160106663969136,13.430983543395996,1008973,0.0,0.0
2002-10-14 00:00:00-04:00,13.434209898725051,13.57609849364209,12.898905489308904,13.566424369812012,921553,0.0,0.0
2002-10-15 00:00:00-04:00,13.769580109600009,13.97918609081475,13.579320927396122,13.69863510131836,1253843,0.0,0.0
2002-10-16 00:00:00-04:00,13.656721467308993,13.685743850009496,12.963404655456543,12.963404655456543,1444780,0.0,0.0
2002-10-17 00:00:00-04:00,13.140758418682148,13.434208250943827,12.979521595881552,13.430983543395996,719688,0.0,0.0
2002-10-18 00:00:00-04:00,13.366492783930402,13.537403772739875,13.027896960086894,13.389065742492676,757053,0.0,0.0
2002-10-21 00:00:00-04:00,13.392293502086332,13.895351012621136,13.331024029172283,13.853429794311523,1164308,0.0,0.0
2002-10-22 00:00:00-04:00,13.67283709893474,14.03723191718051,13.392286116479543,13.518051147460938,876550,0.0,0.0
2002-10-23 00:00:00-04:00,13.479356256589222,13.995312435442132,13.479356256589222,13.924368858337402,795710,0.0,0.0
2002-10-24 00:00:00-04:00,13.953392423702894,14.33713560530424,13.788930853672404,14.082382202148438,934243,0.0,0.0
2002-10-25 00:00:00-04:00,14.085608906625287,14.285542296574407,13.95984381868277,14.237170219421387,573988,0.0,0.0
2002-10-28 00:00:00-05:00,14.308109527435985,14.67250291936761,14.308109527435985,14.595109939575195,988058,0.0,0.0
2002-10-29 00:00:00-05:00,14.598335196701639,14.717649378373855,14.208142684739249,14.401626586914062,879018,0.0,0.0
2002-10-30 00:00:00-05:00,14.446770895580514,14.678951263427733,14.346804970641793,14.678951263427734,854930,0.0,0.0
2002-10-31 00:00:00-05:00,14.833739705293517,14.833739705293517,14.44999662388566,14.540289878845215,862685,0.0,0.0
2002-11-01 00:00:00-05:00,14.559636352237366,14.62735520116074,14.482241936630398,14.575759887695312,791010,0.0,0.0
2002-11-04 00:00:00-05:00,15.059478908055757,15.059478908055757,14.753128638771615,14.953062057495117,1218123,0.0,0.0
2002-11-05 00:00:00-05:00,15.017557687844818,15.017557687844818,14.843421943097276,14.953062057495117,820973,0.0,0.0
2002-11-06 00:00:00-05:00,14.962727609187297,15.123964424532234,14.891784046415468,15.040122032165527,1134933,0.0,0.0
2002-11-07 00:00:00-05:00,14.9659532702923,14.9659532702923,14.301660613006067,14.530614852905273,1220238,0.0,0.0
2002-11-08 00:00:00-05:00,14.533850507208282,14.559648184906846,14.133983612060547,14.133983612060547,907335,0.0,0.0
2002-11-11 00:00:00-05:00,14.1371983324307,14.269411337214148,13.953388563298388,14.221040725708008,587618,0.0,0.0
2002-11-12 00:00:00-05:00,14.2468429686382,14.366158627481607,13.876000049042116,13.998538970947266,1345845,0.0,0.0
2002-11-13 00:00:00-05:00,14.001756455832675,14.227487377769425,14.001756455832675,14.137195587158203,946580,0.0,0.0
2002-11-14 00:00:00-05:00,14.269415120491868,14.453224938358034,14.269415120491868,14.372607231140137,600543,0.0,0.0
2002-11-15 00:00:00-05:00,14.372603397056066,14.58866024017334,14.372603397056066,14.58866024017334,670690,0.0,0.0
2002-11-18 00:00:00-05:00,14.588664669423972,14.678956504834888,14.256516812629274,14.275866508483887,882895,0.0,0.0
2002-11-19 00:00:00-05:00,14.279091433599032,14.362935307363905,14.150103082283202,14.237170219421387,829315,0.0,0.0
2002-11-20 00:00:00-05:00,14.253292083740234,14.343585364430817,14.101730788803987,14.253292083740234,1071718,0.0,0.0
2002-11-21 00:00:00-05:00,14.25329222552276,14.356484340851427,14.07593326159907,14.169449806213379,798060,0.0,0.0
2002-11-22 00:00:00-05:00,14.17267039967993,14.704750027783033,14.124299787199469,14.649930000305176,733083,0.0,0.0
2002-11-25 00:00:00-05:00,14.601564888746982,14.84986890510054,14.48869863836288,14.743452072143555,747770,0.0,0.0
2002-11-26 00:00:00-05:00,14.746679960984554,14.746679960984554,14.372612224134357,14.3887357711792,671513,0.0,0.0
2002-11-27 00:00:00-05:00,14.411306889326289,14.511272868187378,14.356486836402466,14.433879852294922,412778,0.0,0.0
2002-11-29 00:00:00-05:00,14.369383904461166,14.391956864652558,14.253292949495941,14.295215606689453,325710,0.0,0.0
2002-12-02 00:00:00-05:00,14.359705810507302,14.362930518214958,14.088828917655166,14.1726713180542,545318,0.0,0.0
2002-12-03 00:00:00-05:00,14.172680239550356,14.446782012653228,14.169455529812794,14.30167007446289,633090,0.0,0.0
2002-12-04 00:00:00-05:00,14.333913201498776,14.54352072179136,14.188799858093262,14.188799858093262,860218,0.0,0.0
2002-12-05 00:00:00-05:00,14.317787588964679,14.388731173292118,14.027562389488478,14.098505973815918,698303,0.0,0.0
2002-12-06 00:00:00-05:00,13.879225317101643,14.027563358166496,13.869551191298033,14.011438369750977,1229990,0.0,0.0
2002-12-09 00:00:00-05:00,13.963070122405492,14.317791019861392,13.963070122405492,14.230722427368164,785605,0.0,0.0
2002-12-10 00:00:00-05:00,14.279090739460502,14.34681106601886,14.156551811667356,14.330687522888184,607358,0.0,0.0
2002-12-11 00:00:00-05:00,14.330683453861273,14.446772931439924,14.192019576899892,14.379054069519043,533685,0.0,0.0
2002-12-12 00:00:00-05:00,14.443549336450491,14.517719064915495,14.317785726051545,14.46934700012207,532628,0.0,0.0
2002-12-13 00:00:00-05:00,14.41452490749125,14.730547687772612,14.41452490749125,14.649930000305176,811925,0.0,0.0
2002-12-16 00:00:00-05:00,14.688638211377548,14.898245811462402,14.672514661017955,14.898245811462402,1037760,0.0,0.0
2002-12-17 00:00:00-05:00,14.898239538060164,14.99498079948157,14.875666577061835,14.940160751342773,595725,0.0,0.0
2002-12-18 00:00:00-05:00,14.882113760488375,15.056249450316395,14.882113760488375,14.94338321685791,661055,0.0,0.0
2002-12-19 00:00:00-05:00,15.000457006592638,15.049371259100262,14.896105139589002,14.915672302246094,1044810,0.438298,0.0
2002-12-20 00:00:00-05:00,15.081975433713513,15.228719601059362,15.026539300451969,15.170021057128906,830725,0.0,0.0
2002-12-23 00:00:00-05:00,15.114588726116729,15.205895321516737,14.918930274319962,14.935235023498535,652595,0.0,0.0
2002-12-24 00:00:00-05:00,14.853708097387425,15.020017965055377,14.853708097387425,14.938492774963379,178835,0.0,0.0
2002-12-26 00:00:00-05:00,14.96784804246285,15.101547004118563,14.945019928818756,14.984152793884277,396680,0.0,0.0
2002-12-27 00:00:00-05:00,14.984145140906195,15.046103164663283,14.755877275937264,14.795008659362793,399970,0.0,0.0
2002-12-30 00:00:00-05:00,14.804789203435652,15.212410640716415,14.77217972231769,15.183060646057129,906983,0.0,0.0
2002-12-31 00:00:00-05:00,15.101539447356835,15.196106958279842,15.01675478239138,15.130887985229492,608415,0.0,0.0
2003-01-02 00:00:00-05:00,15.163493717439342,15.32002067565918,15.09501381269135,15.32002067565918,430520,0.0,0.0
2003-01-03 00:00:00-05:00,15.323287683486821,15.489597551013539,15.212415412904729,15.316765785217285,1085113,0.0,0.0
2003-01-06 00:00:00-05:00,15.613515340695402,16.141792082117,15.571122997266492,16.070051193237305,2098903,0.0,0.0
2003-01-07 00:00:00-05:00,16.073313879837446,16.141793826623502,15.554819930863783,15.62982177734375,1531025,0.0,0.0
2003-01-08 00:00:00-05:00,15.55481885767264,15.717867800424875,15.489599865233263,15.704822540283203,962325,0.0,0.0
2003-01-09 00:00:00-05:00,15.6037294527153,15.6037294527153,15.228718872239844,15.264589309692383,1539720,0.0,0.0
2003-01-10 00:00:00-05:00,15.07219280917622,15.13741179044674,14.918926741536954,15.075453758239746,1382623,0.0,0.0
2003-01-13 00:00:00-05:00,15.075452678293717,15.075452678293717,14.827619105566017,14.850445747375488,1391318,0.0,0.0
2003-01-14 00:00:00-05:00,15.00045131812424,15.127628326416016,14.80479292063725,15.127628326416016,879723,0.0,0.0
2003-01-15 00:00:00-05:00,15.1308894968759,15.326547897227499,15.00045153774384,15.033061027526855,822853,0.0,0.0
2003-01-16 00:00:00-05:00,15.033060287508848,15.117844956771073,14.847184743242071,14.860228538513184,937885,0.0,0.0
2003-01-17 00:00:00-05:00,14.88631990218453,14.91240749933899,14.70370672210331,14.814579010009766,607828,0.0,0.0
2003-01-21 00:00:00-05:00,14.837406437524947,14.9515411427296,14.605877538953795,14.609138488769531,419710,0.0,0.0
2003-01-22 00:00:00-05:00,14.543917089016228,14.781967847880043,14.426522915049565,14.641745567321777,672923,0.0,0.0
2003-01-23 00:00:00-05:00,14.674349735511287,14.827615757564475,14.661305943136812,14.706960678100586,583740,0.0,0.0
2003-01-24 00:00:00-05:00,14.710227706995441,14.710227706995441,14.358043670654297,14.358043670654297,674333,0.0,0.0
2003-01-27 00:00:00-05:00,14.14607565131231,14.26021031585023,13.7612822485053,13.767804145812988,1226935,0.0,0.0
2003-01-28 00:00:00-05:00,13.89172544543131,14.113471499361317,13.885203545658484,14.035208702087402,1061613,0.0,0.0
2003-01-29 00:00:00-05:00,14.01890390777047,14.077601005537973,13.852594002441966,13.989555358886719,788660,0.0,0.0
2003-01-30 00:00:00-05:00,13.996072236802128,13.996072236802128,13.728672981262207,13.728672981262207,871145,0.0,0.0
2003-01-31 00:00:00-05:00,13.696064780207337,13.787371352546783,13.627583389299227,13.669977188110352,1534315,0.0,0.0
2003-02-03 00:00:00-05:00,13.715624371155279,13.885193644331409,13.702580580910961,13.859106063842773,1071013,0.0,0.0
2003-02-04 00:00:00-05:00,13.715630643349566,13.784110573448288,13.630844506335702,13.696064949035645,740368,0.0,0.0
2003-02-05 00:00:00-05:00,13.699327084395138,13.82324315911394,13.634106636047363,13.634106636047363,847058,0.0,0.0
2003-02-06 00:00:00-05:00,13.637359525578104,13.793886462788779,13.634098578170649,13.679753303527832,699478,0.0,0.0
2003-02-07 00:00:00-05:00,13.829756735808758,13.829756735808758,13.484094852676327,13.500399589538574,1073950,0.0,0.0
2003-02-10 00:00:00-05:00,13.624319748298102,13.663451128711726,13.500403710321628,13.6177978515625,781728,0.0,0.0
2003-02-11 00:00:00-05:00,13.601498219302883,13.630846765638264,13.213443756103516,13.213443756103516,910508,0.0,0.0
2003-02-12 00:00:00-05:00,13.255831733943262,13.314528807277453,12.900385422112942,13.001476287841797,1437965,0.0,0.0
2003-02-13 00:00:00-05:00,12.936261692090635,13.294967612088815,12.802561295963022,13.193878173828125,1171593,0.0,0.0
2003-02-14 00:00:00-05:00,13.210183542006302,13.431929588317871,13.193878793134411,13.431929588317871,1091575,0.0,0.0
2003-02-18 00:00:00-05:00,13.49714186957566,13.634101691968095,13.42540101022724,13.608014106750488,580920,0.0,0.0
2003-02-19 00:00:00-05:00,13.777585917670365,13.787368762869225,13.6536698784848,13.731932640075684,1300960,0.0,0.0
2003-02-20 00:00:00-05:00,13.679758970436465,13.894981588485585,13.647148021199856,13.689541816711426,947050,0.0,0.0
2003-02-21 00:00:00-05:00,13.761282917537812,13.94063656387226,13.683018684387207,13.683018684387207,657060,0.0,0.0
2003-02-24 00:00:00-05:00,13.728670865822233,13.761280347856797,13.568882942199707,13.568882942199707,594785,0.0,0.0
2003-02-25 00:00:00-05:00,13.565621815219915,13.810194388909176,13.444966733282097,13.741714477539062,1173825,0.0,0.0
2003-02-26 00:00:00-05:00,13.74172213390653,13.74172213390653,13.392797563021151,13.451496124267578,879135,0.0,0.0
2003-02-27 00:00:00-05:00,13.493882233530417,13.614537326894009,13.425402315675406,13.484099388122559,815098,0.0,0.0
2003-02-28 00:00:00-05:00,13.533014407170745,13.56562389377205,13.458012587987739,13.513448715209961,689725,0.0,0.0
2003-03-03 00:00:00-05:00,13.594970031931567,13.66344994170625,13.493880641311797,13.601491928100586,645193,0.0,0.0
2003-03-04 00:00:00-05:00,13.601493139748058,13.63084167512306,13.477577101498044,13.497142791748047,462480,0.0,0.0
2003-03-05 00:00:00-05:00,13.409099194346656,13.533015251159668,13.369966346331195,13.533015251159668,659058,0.0,0.0
2003-03-06 00:00:00-05:00,13.48410409880633,13.51671359489135,13.288445660642424,13.493886947631836,1037173,0.0,0.0
2003-03-07 00:00:00-05:00,13.49714025858445,13.630839116866662,13.405832259568026,13.614534378051758,1202378,0.0,0.0
2003-03-10 00:00:00-05:00,13.63084206924044,13.63084206924044,13.428663264144692,13.484099388122559,1078650,0.0,0.0
2003-03-11 00:00:00-05:00,13.51018724802481,13.634103292353842,13.386269742042469,13.412357330322266,930365,0.0,0.0
2003-03-12 00:00:00-05:00,13.412353827097053,13.500400876197322,13.190609384637087,13.353656768798828,1109318,0.0,0.0
2003-03-13 00:00:00-05:00,13.435185161083265,13.484099388122559,13.294962915250675,13.484099388122559,825555,0.0,0.0
2003-03-14 00:00:00-05:00,13.510182431655922,13.565618536987563,13.40583065408475,13.500399589538574,930365,0.0,0.0
2003-03-17 00:00:00-05:00,13.467787382186723,13.686272273446603,13.461265488765607,13.666705131530762,1012380,0.0,0.0
2003-03-18 00:00:00-05:00,13.647142367800472,13.728667514639666,13.559096787799168,13.679753303527832,1374280,0.0,0.0
2003-03-19 00:00:00-05:00,13.40257520536657,13.40257520536657,13.242788718561188,13.340617179870605,2234498,0.0,0.0
2003-03-20 00:00:00-05:00,13.045046537072594,13.200266677757345,12.767632982884782,12.899735450744629,3586805,0.438298,0.0
2003-03-21 00:00:00-05:00,12.982288835511692,13.167231559753418,12.919540913455917,13.167231559753418,1529263,0.0,0.0
2003-03-24 00:00:00-05:00,13.167237227638504,13.167237227638504,12.856798525655758,12.879916191101074,1047395,0.0,0.0
2003-03-25 00:00:00-05:00,12.906337486839641,12.978993013040508,12.823774388884111,12.889824867248535,1072305,0.0,0.0
2003-03-26 00:00:00-05:00,12.906335384787907,13.018621179719469,12.856797534082807,12.939360618591309,718043,0.0,0.0
2003-03-27 00:00:00-05:00,12.906336784362793,12.93936202174748,12.770931830797034,12.906336784362793,781610,0.0,0.0
2003-03-28 00:00:00-05:00,12.8799145752459,12.929452423556786,12.810561587610659,12.836981773376465,496438,0.0,0.0
2003-03-31 00:00:00-05:00,12.780837758475661,12.893125031432689,12.718089815513753,12.764325141906738,626628,0.0,0.0
2003-04-01 00:00:00-05:00,12.81385928456731,12.903027377942271,12.744504842765698,12.893119812011719,547315,0.0,0.0
2003-04-02 00:00:00-05:00,12.945962777764102,13.035130889144398,12.86670223431495,12.876609802246094,676213,0.0,0.0
2003-04-03 00:00:00-05:00,12.87661186255148,12.992200173576048,12.853494200346566,12.886519432067871,883483,0.0,0.0
2003-04-04 00:00:00-05:00,12.9789909527792,13.147421126160806,12.919545531687476,13.10118579864502,591025,0.0,0.0
2003-04-07 00:00:00-04:00,13.36539137697719,13.385206520642079,12.952572923381382,13.021925926208496,908158,0.0,0.0
2003-04-08 00:00:00-04:00,13.054947135826449,13.127604120458464,12.929451264687096,13.008711814880371,649070,0.0,0.0
2003-04-09 00:00:00-04:00,13.091278076171875,13.173841160061032,13.028528652127743,13.091278076171875,1216478,0.0,0.0
2003-04-10 00:00:00-04:00,13.173843913500068,13.210171678004093,12.932758177866502,13.048346519470215,839303,0.0,0.0
2003-04-11 00:00:00-04:00,13.048341228455913,13.07806541310402,12.797348022460938,12.797348022460938,1182638,0.0,0.0
2003-04-14 00:00:00-04:00,12.823766551600503,12.906329599097377,12.77422724281466,12.813858985900879,865623,0.0,0.0
2003-04-15 00:00:00-04:00,12.823772561296108,13.021923968149709,12.784140799636976,13.018621444702148,924608,0.0,0.0
2003-04-16 00:00:00-04:00,13.094578871231924,13.160629329625543,12.899728538682572,12.945963859558105,580568,0.0,0.0
2003-04-17 00:00:00-04:00,12.912941635108197,12.97238706149497,12.893126492979274,12.9558744430542,419123,0.0,0.0
2003-04-21 00:00:00-04:00,12.975689376517385,12.995504518327657,12.879916191101074,12.879916191101074,559418,0.0,0.0
2003-04-22 00:00:00-04:00,12.879916398226657,12.985597156247586,12.813865924463578,12.9558744430542,670220,0.0,0.0
2003-04-23 00:00:00-04:00,12.939355432344003,13.17383597865394,12.903027689720854,13.12760066986084,655885,0.0,0.0
2003-04-24 00:00:00-04:00,13.111092359357068,13.405018399079674,13.087974697379085,13.28282356262207,834955,0.0,0.0
2003-04-25 00:00:00-04:00,13.305943405559576,13.34227116200937,13.13090818964949,13.266311645507812,671748,0.0,0.0
2003-04-28 00:00:00-04:00,13.266309129920245,13.504092243700091,13.266309129920245,13.444646835327148,640375,0.0,0.0
2003-04-29 00:00:00-04:00,13.457859637346022,13.48097730081509,13.362086460117022,13.434741973876953,856693,0.0,0.0
2003-04-30 00:00:00-04:00,13.434743015134854,13.457860680395655,13.296035543281569,13.315852165222168,864565,0.0,0.0
2003-05-01 00:00:00-04:00,13.31585428510068,13.329062901349745,13.045044345498649,13.071464538574219,757405,0.0,0.0
2003-05-02 00:00:00-04:00,13.107788170149604,13.170536101828539,12.734600142219776,12.800650596618652,2247775,0.0,0.0
2003-05-05 00:00:00-04:00,12.803958548470264,12.922849403055137,12.721393974720003,12.906336784362793,1215655,0.0,0.0
2003-05-06 00:00:00-04:00,12.90632941649109,13.028522725057602,12.853489066840707,12.922842025756836,744833,0.0,0.0
2003-05-07 00:00:00-04:00,12.88982376200621,13.018622183772973,12.813865718400171,12.879916191101074,1350193,0.0,0.0
2003-05-08 00:00:00-04:00,12.81386363401956,13.025225112281115,12.81386363401956,12.929451942443848,930718,0.0,0.0
2003-05-09 00:00:00-04:00,12.96247790046353,13.04173993954553,12.909637527934422,13.038435935974121,871263,0.0,0.0
2003-05-12 00:00:00-04:00,13.028523184188476,13.041734752354351,12.879909695559567,13.01201057434082,783843,0.0,0.0
2003-05-13 00:00:00-04:00,13.045042420540428,13.1507246575367,13.015319707716367,13.10448932647705,796180,0.0,0.0
2003-05-14 00:00:00-04:00,13.097882627302724,13.13421038283943,13.051647302074185,13.121000289916992,864918,0.0,0.0
2003-05-15 00:00:00-04:00,13.154024788592336,13.210167680381483,12.992199679029504,13.1969575881958,784078,0.0,0.0
2003-05-16 00:00:00-04:00,13.34226504307623,13.573441569008954,13.289423214003934,13.517298698425293,946228,0.0,0.0
2003-05-19 00:00:00-04:00,13.441350732227912,13.454560829286596,13.203567504882812,13.203567504882812,569405,0.0,0.0
2003-05-20 00:00:00-04:00,13.206866032045232,13.490884513136582,13.206866032045232,13.41162395477295,965968,0.0,0.0
2003-05-21 00:00:00-04:00,13.39511104766664,13.540422068178895,13.371993385312418,13.454556465148926,1083820,0.0,0.0
2003-05-22 00:00:00-04:00,13.504093296169449,14.10185439003823,13.484278158500802,14.07213020324707,2554098,0.0,0.0
2003-05-23 00:00:00-04:00,14.072125086059488,14.739238919179263,14.035797346877185,14.59722900390625,2167170,0.0,0.0
2003-05-27 00:00:00-04:00,14.547698540465392,14.844927128129127,14.501463212651451,14.801994323730469,1637715,0.0,0.0
2003-05-28 00:00:00-04:00,14.735940560201868,14.78878092303031,14.570812946074916,14.617048263549805,968905,0.0,0.0
2003-05-29 00:00:00-04:00,14.600535550714811,14.67649505205137,14.17120612537001,14.366056442260742,1597530,0.0,0.0
2003-05-30 00:00:00-04:00,14.28349630688307,14.438716399860068,14.210840786050163,14.309916496276855,1203200,0.0,0.0
2003-06-02 00:00:00-04:00,14.309914741593566,14.399084350152116,14.250469322746754,14.319822311401367,932128,0.0,0.0
2003-06-03 00:00:00-04:00,14.309910538545875,14.468433089198452,14.243860092560594,14.389172554016113,717690,0.0,0.0
2003-06-04 00:00:00-04:00,14.389175471776722,14.669891404424158,14.385871468519593,14.57741928100586,872673,0.0,0.0
2003-06-05 00:00:00-04:00,14.44862023148334,14.484947982497928,14.356149592537111,14.41229248046875,1157140,0.0,0.0
2003-06-06 00:00:00-04:00,14.412290437931917,14.442013139095133,14.171204825986798,14.18771743774414,1278635,0.0,0.0
2003-06-09 00:00:00-04:00,14.072131258851796,14.144788249375306,13.953240423921448,14.078736305236816,970668,0.0,0.0
2003-06-10 00:00:00-04:00,14.078730857705438,14.151387820115541,14.012680419412366,14.035798072814941,833898,0.0,0.0
2003-06-11 00:00:00-04:00,14.039104142573764,14.039104142573764,13.210166491650394,13.583353042602539,3960573,0.0,0.0
2003-06-12 00:00:00-04:00,13.540418910386819,13.781504527573594,13.30924086046986,13.77489948272705,2001495,0.0,0.0
2003-06-13 00:00:00-04:00,13.72205593521319,13.764988716738968,13.527205677231663,13.54041576385498,841770,0.0,0.0
2003-06-16 00:00:00-04:00,13.527206904752957,13.619678999795127,13.457853943687137,13.49748420715332,1331040,0.0,0.0
2003-06-17 00:00:00-04:00,13.500792377889088,13.500792377889088,13.35548135104776,13.368691444396973,1623028,0.0,0.0
2003-06-18 00:00:00-04:00,13.358782142117345,13.474370443934312,13.348874573390175,13.44134521484375,2369035,0.0,0.0
2003-06-19 00:00:00-04:00,13.496530817525773,13.58349680866781,13.386149406433105,13.386149406433105,1212483,0.438298,0.0
2003-06-20 00:00:00-04:00,13.439677503588491,13.446367200473182,13.369435686299244,13.406229019165039,1218123,0.0,0.0
2003-06-23 00:00:00-04:00,13.379466606042914,13.379466606042914,13.195498492306102,13.33263874053955,876433,0.0,0.0
2003-06-24 00:00:00-04:00,13.228945888609314,13.299189180394082,13.055013830926942,13.14532470703125,1161723,0.0,0.0
2003-06-25 00:00:00-04:00,13.195495957488472,13.38615372967237,13.17542687612796,13.212220191955566,864095,0.0,0.0
2003-06-26 00:00:00-04:00,13.242323076953824,13.372772083767536,13.17876949745247,13.312564849853516,816508,0.0,0.0
2003-06-27 00:00:00-04:00,13.29584381843512,13.29584381843512,13.048323631286621,13.048323631286621,873260,0.0,0.0
2003-06-30 00:00:00-04:00,13.048324257036889,13.07842788268331,12.891114934957482,12.92456340789795,1074773,0.0,0.0
2003-07-01 00:00:00-04:00,12.91118602337389,12.961358740574648,12.760667871771622,12.800806045532227,1616565,0.0,0.0
2003-07-02 00:00:00-04:00,12.874389904418894,12.974736816310296,12.810837809751781,12.958012580871582,830725,0.0,0.0
2003-07-03 00:00:00-04:00,12.894458986945352,13.008185287187725,12.871045057331152,12.958012580871582,517705,0.0,0.0
2003-07-07 00:00:00-04:00,12.978085285238793,13.03829254962042,12.867703801279607,12.894462585449219,767275,0.0,0.0
2003-07-08 00:00:00-04:00,12.87773609161377,12.911184565971976,12.787425210846612,12.87773609161377,852463,0.0,0.0
2003-07-09 00:00:00-04:00,12.844289989912324,12.954669975684308,12.770703332731001,12.78073787689209,613585,0.0,0.0
2003-07-10 00:00:00-04:00,12.797461939074944,12.797461939074944,12.496424119171865,12.543251991271973,1115780,0.0,0.0
2003-07-11 00:00:00-04:00,12.6001153921507,12.64025357137349,12.399423746406923,12.489734649658203,1094513,0.0,0.0
2003-07-14 00:00:00-04:00,12.563313474251277,12.71048819673483,12.506451092550735,12.509795188903809,720980,0.0,0.0
2003-07-15 00:00:00-04:00,12.576699017018518,12.576699017018518,12.345903031954032,12.382697105407715,1009560,0.0,0.0
2003-07-16 00:00:00-04:00,12.449597151226968,12.449597151226968,12.15524898823744,12.245560646057129,938590,0.0,0.0
2003-07-17 00:00:00-04:00,12.225487840013177,12.46631836935752,12.17197027777207,12.422835350036621,971373,0.0,0.0
2003-07-18 00:00:00-04:00,12.526529325571193,12.690429157218123,12.499770536549606,12.610151290893555,1152205,0.0,0.0
2003-07-21 00:00:00-04:00,12.559974103030537,12.603457119755333,12.27900541878027,12.305764198303223,663523,0.0,0.0
2003-07-22 00:00:00-04:00,12.355935897988674,12.580042157398928,12.342556509322936,12.556628227233887,1000513,0.0,0.0
2003-07-23 00:00:00-04:00,12.596769633703671,12.640252658053166,12.42618163470281,12.519837379455566,539325,0.0,0.0
2003-07-24 00:00:00-04:00,12.519836059531192,12.713837974267273,12.466318496743222,12.493077278137207,818505,0.0,0.0
2003-07-25 00:00:00-04:00,12.493071798864483,12.593417934711315,12.4261748747195,12.459623336791992,640258,0.0,0.0
2003-07-28 00:00:00-04:00,12.459627968270997,12.476352205523956,12.258935621976196,12.325833320617676,1084055,0.0,0.0
2003-07-29 00:00:00-04:00,12.325834164679847,12.38269732486349,12.108418315873283,12.20207405090332,907218,0.0,0.0
2003-07-30 00:00:00-04:00,12.202074200718483,12.222143287042755,11.998037740125369,12.044865608215332,867385,0.0,0.0
2003-07-31 00:00:00-04:00,12.044861374249221,12.125138440957299,11.944515228271484,11.944515228271484,1763323,0.0,0.0
2003-08-01 00:00:00-04:00,11.70703794011483,11.790659912766568,11.673589450906123,11.717072486877441,1370050,0.0,0.0
2003-08-04 00:00:00-04:00,11.757205643121436,11.804033504990683,11.586616932767122,11.69699764251709,815685,0.0,0.0
2003-08-05 00:00:00-04:00,11.623410838255253,11.740480491274754,11.54313375512658,11.553168296813965,725680,0.0,0.0
2003-08-06 00:00:00-04:00,11.533097063048281,11.773927517900939,11.439440608465702,11.640132904052734,633090,0.0,0.0
2003-08-07 00:00:00-04:00,11.660205294839162,11.78731025157048,11.653515599728548,11.770586013793945,522640,0.0,0.0
2003-08-08 00:00:00-04:00,11.78396391636139,11.887654927115202,11.727101515099708,11.880965232849121,675860,0.0,0.0
2003-08-11 00:00:00-04:00,11.840823674183007,11.897686059150379,11.640131404451218,11.730443000793457,819563,0.0,0.0
2003-08-12 00:00:00-04:00,11.730443000793457,11.733787097338656,11.563199192807183,11.730443000793457,856928,0.0,0.0
2003-08-13 00:00:00-04:00,11.760544854648874,11.773924237342863,11.58995697567126,11.613370895385742,814040,0.0,0.0
2003-08-14 00:00:00-04:00,11.610031136495145,11.613375983634144,11.543133444085608,11.556512832641602,635793,0.0,0.0
2003-08-15 00:00:00-04:00,11.529749003919065,11.650164197794215,11.372540507635442,11.613370895385742,1260540,0.0,0.0
2003-08-18 00:00:00-04:00,11.613374378106577,11.723754318433702,11.573236217987622,11.606684684753418,486333,0.0,0.0
2003-08-19 00:00:00-04:00,11.539792347291955,11.626759150799037,11.533102650839858,11.5899658203125,820620,0.0,0.0
2003-08-20 00:00:00-04:00,11.623408649696845,11.69699527488213,11.589960183703534,11.630098342895508,744715,0.0,0.0
2003-08-21 00:00:00-04:00,11.640135238818718,11.743826254015937,11.596652224225846,11.69699764251709,675978,0.0,0.0
2003-08-22 00:00:00-04:00,11.743828081138735,11.760552320122592,11.579929789467222,11.583273887634277,483278,0.0,0.0
2003-08-25 00:00:00-04:00,11.630099607705281,11.710376684449063,11.626754760742188,11.626754760742188,375178,0.0,0.0
2003-08-26 00:00:00-04:00,11.62675767502341,11.683620087648736,11.59665404481,11.656861305236816,632503,0.0,0.0
2003-08-27 00:00:00-04:00,11.65351671682096,11.680275499828479,11.6234130859375,11.6234130859375,465653,0.0,0.0
2003-08-28 00:00:00-04:00,11.62341282722192,11.660206153038306,11.59665404481,11.656861305236816,555540,0.0,0.0
2003-08-29 00:00:00-04:00,11.656858484575585,11.680272413520441,11.616720320670115,11.67692756652832,442975,0.0,0.0
2003-09-02 00:00:00-04:00,11.66020978088284,11.837487519147992,11.626761292461104,11.824108123779297,887008,0.0,0.0
2003-09-03 00:00:00-04:00,11.874268634170466,11.974613989814856,11.860888503788749,11.914406776428223,626628,0.0,0.0
2003-09-04 00:00:00-04:00,11.931139322597781,12.038175192889499,11.904380542432266,11.93782901763916,694190,0.0,0.0
2003-09-05 00:00:00-04:00,11.874279630833197,11.874279630833197,11.73045040491483,11.857555389404297,1169478,0.0,0.0
2003-09-08 00:00:00-04:00,11.924447960480782,12.23217538862225,11.880964948790883,12.22883129119873,1072658,0.0,0.0
2003-09-09 00:00:00-04:00,12.228829900952707,12.3191407611185,12.108414671102183,12.118449211120605,839890,0.0,0.0
2003-09-10 00:00:00-04:00,12.14185912045459,12.476345176322871,12.131824583756295,12.39272403717041,2026640,0.0,0.0
2003-09-11 00:00:00-04:00,12.392730648417258,12.489731221581767,12.27900508887063,12.299074172973633,971490,0.0,0.0
2003-09-12 00:00:00-04:00,12.359287070165232,12.446253135723664,12.29238934702883,12.44290828704834,681030,0.0,0.0
2003-09-15 00:00:00-04:00,12.41948537470082,12.459623529809607,12.309104698522285,12.352587699890137,909568,0.0,0.0
2003-09-16 00:00:00-04:00,12.379346447515918,12.39272658215729,12.295725291190903,12.34255313873291,680678,0.0,0.0
2003-09-17 00:00:00-04:00,12.141861866713288,12.155241252003846,12.00137682190367,12.06827449798584,1927000,0.0,0.0
2003-09-18 00:00:00-04:00,12.100512311388185,12.141231693689805,12.036039956077285,12.076759338378906,1350075,0.438298,0.0
2003-09-19 00:00:00-04:00,12.012287078408786,12.212491470131935,12.005499754153474,12.198918342590332,880193,0.0,0.0
2003-09-22 00:00:00-04:00,12.124268024959141,12.151415046447688,12.005502372582534,12.015682220458984,908275,0.0,0.0
2003-09-23 00:00:00-04:00,12.069977576575363,12.110696975076769,12.042830550422954,12.046224594116211,641550,0.0,0.0
2003-09-24 00:00:00-04:00,12.06318719269943,12.358404259381231,12.06318719269943,12.164985656738281,1667913,0.0,0.0
2003-09-25 00:00:00-04:00,12.164985097510533,12.304110419119231,12.134446320187319,12.283751487731934,1107673,0.0,0.0
2003-09-26 00:00:00-04:00,12.283752201103868,12.677375214938932,12.283752201103868,12.534855842590332,2104425,0.0,0.0
2003-09-29 00:00:00-04:00,12.55521670570691,12.77917409709373,12.55521670570691,12.74184799194336,1341850,0.0,0.0
2003-09-30 00:00:00-04:00,12.741847160077203,12.741847160077203,12.514495740762285,12.517889022827148,1345963,0.0,0.0
2003-10-01 00:00:00-04:00,12.517891944727818,12.677377759972329,12.47377926758791,12.640050888061523,1116720,0.0,0.0
2003-10-02 00:00:00-04:00,12.640050158570757,12.826681465414882,12.558610614220136,12.81650161743164,897700,0.0,0.0
2003-10-03 00:00:00-04:00,12.874187795128583,12.959019854087703,12.77578108576677,12.792747497558594,1212013,0.0,0.0
2003-10-06 00:00:00-04:00,12.775782319820802,12.802928581309867,12.673983078752125,12.724883079528809,638613,0.0,0.0
2003-10-07 00:00:00-04:00,12.64683657056559,12.660409701045356,12.436451527159877,12.48395824432373,1273818,0.0,0.0
2003-10-08 00:00:00-04:00,12.483953686432926,12.514493218862418,12.304108252268241,12.351614952087402,797590,0.0,0.0
2003-10-09 00:00:00-04:00,12.392339806303672,12.453419658645476,12.276967427866694,12.300721168518066,734375,0.0,0.0
2003-10-10 00:00:00-04:00,12.300713968151989,12.300713968151989,12.151408848303015,12.154801368713379,602658,0.0,0.0
2003-10-13 00:00:00-04:00,12.181952285670706,12.249818690063776,12.110693359566792,12.158199310302734,491033,0.0,0.0
2003-10-14 00:00:00-04:00,12.188738881117752,12.246424674987793,12.124265762778464,12.246424674987793,900990,0.0,0.0
2003-10-15 00:00:00-04:00,12.453417760408424,12.453417760408424,12.032647705368607,12.080154418945312,941410,0.0,0.0
2003-10-16 00:00:00-04:00,12.131048957339285,12.158195205738203,12.049610212142536,12.107295989990234,738018,0.0,0.0
2003-10-17 00:00:00-04:00,12.11408993040512,12.154809327804413,12.036044418723142,12.14462947845459,811573,0.0,0.0
2003-10-20 00:00:00-04:00,12.120873131214656,12.321078300476074,12.086940309470204,12.321078300476074,884305,0.0,0.0
2003-10-21 00:00:00-04:00,12.25661144073906,12.263398008555297,12.127665891745611,12.151419639587402,654005,0.0,0.0
2003-10-22 00:00:00-04:00,12.436447316140171,12.572180095947635,12.259995919165537,12.466987609863281,1904675,0.0,0.0
2003-10-23 00:00:00-04:00,12.436457891725832,12.4669982114195,12.256613060345655,12.463604927062988,588323,0.0,0.0
2003-10-24 00:00:00-04:00,12.341437754270391,12.46359667066681,12.341437754270391,12.45341682434082,559888,0.0,0.0
2003-10-27 00:00:00-05:00,12.426274668568752,12.47378139716084,12.37198213358906,12.385555267333984,719923,0.0,0.0
2003-10-28 00:00:00-05:00,12.361793716358761,12.541638374328613,12.361793716358761,12.541638374328613,983710,0.0,0.0
2003-10-29 00:00:00-05:00,12.45681252941494,12.714703540804617,12.436452072318106,12.650230407714844,1376983,0.0,0.0
2003-10-30 00:00:00-05:00,12.667196266285238,12.67058954890518,12.456811983364199,12.48395824432373,1486845,0.0,0.0
2003-10-31 00:00:00-05:00,12.538251495723536,12.623083561012303,12.487351496065603,12.514497756958008,957625,0.0,0.0
2003-11-03 00:00:00-05:00,12.49074515834068,12.609510813839576,12.47038546205253,12.538251876831055,664933,0.0,0.0
2003-11-04 00:00:00-05:00,12.504318884550736,12.507712167426988,12.23285473348117,12.236248016357422,1195445,0.0,0.0
2003-11-05 00:00:00-05:00,12.215885649242272,12.280358009800212,12.080153603372572,12.164985656738281,747888,0.0,0.0
2003-11-06 00:00:00-05:00,12.131051715158627,12.188738266604851,12.063186078733063,12.110692024230957,734610,0.0,0.0
2003-11-07 00:00:00-05:00,12.164986204830575,12.209099635052835,11.917275837357568,12.029254913330078,1620678,0.0,0.0
2003-11-10 00:00:00-05:00,12.046219801652692,12.114085438822059,11.947813867272604,12.076759338378906,709700,0.0,0.0
2003-11-11 00:00:00-05:00,12.02926116887778,12.181958951222898,12.02926116887778,12.100520133972168,482690,0.0,0.0
2003-11-12 00:00:00-05:00,12.100514545654287,12.215886910629328,12.076761568259204,12.16159439086914,825320,0.0,0.0
2003-11-13 00:00:00-05:00,12.114085999194335,12.280357578435167,12.114085999194335,12.273571014404297,701593,0.0,0.0
2003-11-14 00:00:00-05:00,12.20910060662591,12.371978929872599,12.20910060662591,12.307506561279297,787720,0.0,0.0
2003-11-17 00:00:00-05:00,12.324467857154351,12.419479729318196,12.30071488911339,12.348220825195312,2037803,0.0,0.0
2003-11-18 00:00:00-05:00,12.41948271622607,12.517888653689775,12.33804394907089,12.344830513000488,1527265,0.0,0.0
2003-11-19 00:00:00-05:00,12.314287178245456,12.470379631104343,12.300714814217605,12.446626663208008,1058323,0.0,0.0
2003-11-20 00:00:00-05:00,12.33465246830409,12.450024832439324,12.253212928771973,12.253212928771973,728383,0.0,0.0
2003-11-21 00:00:00-05:00,12.249816179730706,12.355008666716534,12.181949789245374,12.338042259216309,636968,0.0,0.0
2003-11-24 00:00:00-05:00,12.338048542410762,12.48735376493139,12.317688843042243,12.473780632019043,915090,0.0,0.0
2003-11-25 00:00:00-05:00,12.511104296712714,12.684162467929376,12.487351318769107,12.673982620239258,875258,0.0,0.0
2003-11-26 00:00:00-05:00,12.690949492182789,12.775782319820802,12.690949492182789,12.724883079528809,744480,0.0,0.0
2003-11-28 00:00:00-05:00,12.724883638585508,12.796142578125,12.697737375903797,12.796142578125,268370,0.0,0.0
2003-12-01 00:00:00-05:00,12.796138004595315,12.860610355421004,12.735058935392031,12.819890975952148,639083,0.0,0.0
2003-12-02 00:00:00-05:00,12.826680789143222,12.833467354107569,12.731668879642353,12.748635292053223,632973,0.0,0.0
2003-12-03 00:00:00-05:00,12.775784187389986,12.857222983761933,12.68755882465371,12.690951347351074,498905,0.0,0.0
2003-12-04 00:00:00-05:00,12.707919120788574,12.738459433175331,12.636660166350865,12.707919120788574,597840,0.0,0.0
2003-12-05 00:00:00-05:00,12.707916233843225,12.772389367029701,12.670590123331674,12.714703559875488,597018,0.0,0.0
2003-12-08 00:00:00-05:00,12.687553995798671,12.894545712099713,12.687553995798671,12.877577781677246,696775,0.0,0.0
2003-12-09 00:00:00-05:00,12.877580357749066,12.877580357749066,12.73166920726092,12.738455772399902,798530,0.0,0.0
2003-12-10 00:00:00-05:00,12.741849616614822,12.884369011784887,12.741849616614822,12.809715270996094,579393,0.0,0.0
2003-12-11 00:00:00-05:00,12.860609143560698,12.904721800495206,12.768990548389029,12.887755393981934,744480,0.0,0.0
2003-12-12 00:00:00-05:00,12.870794237751436,13.196552417627775,12.80971514938814,13.162619590759277,3500325,0.0,0.0
2003-12-15 00:00:00-05:00,13.284777562956744,13.40693573780262,13.23387832343763,13.257631301879883,2218635,0.0,0.0
2003-12-16 00:00:00-05:00,13.267809158493368,13.322101672498633,13.196550233861455,13.230483055114746,1285450,0.0,0.0
2003-12-17 00:00:00-05:00,13.23387794724947,13.23387794724947,13.104931689830469,13.210124969482422,1091693,0.0,0.0
2003-12-18 00:00:00-05:00,13.273746045439541,13.273746045439541,13.122439956624357,13.246235847473145,1253725,0.438298,0.0
2003-12-19 00:00:00-05:00,13.266865606309942,13.273743154303553,13.101804454463306,13.208406448364258,1439140,0.0,0.0
2003-12-22 00:00:00-05:00,13.187768728808816,13.239350318908691,13.13618713870894,13.239350318908691,1113900,0.0,0.0
2003-12-23 00:00:00-05:00,13.27374294031903,13.383785247802734,13.27374294031903,13.383785247802734,1102738,0.0,0.0
2003-12-24 00:00:00-05:00,13.342524243490816,13.370034443852612,13.294379851497277,13.325328826904297,320305,0.0,0.0
2003-12-26 00:00:00-05:00,13.32532313360839,13.39410014648803,13.308129265728414,13.363149642944336,273070,0.0,0.0
2003-12-29 00:00:00-05:00,13.35970995392201,13.61418069310907,13.356271180978393,13.586668968200684,1464755,0.0,0.0
2003-12-30 00:00:00-05:00,13.586671723451108,13.669203832194095,13.586671723451108,13.652009963989258,1029888,0.0,0.0
2003-12-31 00:00:00-05:00,13.6245008120323,13.672643646670739,13.524774827492793,13.548846244812012,698890,0.0,0.0
2004-01-02 00:00:00-05:00,13.5488462845014,13.669204912809954,13.5488462845014,13.57979679107666,785370,0.0,0.0
2004-01-05 00:00:00-05:00,13.652010800268851,13.662327121823699,13.400978767741014,13.507580757141113,828493,0.0,0.0
2004-01-06 00:00:00-05:00,13.480072351331101,13.507582545786873,13.390664219349846,13.44912338256836,528515,0.0,0.0
2004-01-07 00:00:00-05:00,13.380339378691497,13.431920960459953,13.29092976226709,13.394094467163086,720980,0.0,0.0
2004-01-08 00:00:00-05:00,13.315007453781725,13.411294659903993,13.304692673916989,13.387223243713379,558595,0.0,0.0
2004-01-09 00:00:00-05:00,13.387223603824493,13.387223603824493,13.277181299776066,13.308130264282227,493383,0.0,0.0
2004-01-12 00:00:00-05:00,13.273739818919397,13.277178592052117,13.177454171203216,13.180892944335938,771740,0.0,0.0
2004-01-13 00:00:00-05:00,13.218722193478461,13.273742575026205,13.170579359624186,13.2531099319458,697363,0.0,0.0
2004-01-14 00:00:00-05:00,13.30812948299862,13.425049327851042,13.259986652148703,13.397539138793945,740720,0.0,0.0
2004-01-15 00:00:00-05:00,13.363154124938015,13.394104638862494,13.287501080892138,13.30125617980957,982535,0.0,0.0
2004-01-16 00:00:00-05:00,13.28405892022635,13.301252789490643,13.160263061523438,13.160263061523438,1024718,0.0,0.0
2004-01-20 00:00:00-05:00,13.201526702682003,13.284057264866268,13.163700195014213,13.277179718017578,792303,0.0,0.0
2004-01-21 00:00:00-05:00,13.342516922740684,13.64856927520176,13.325321515588913,13.56603717803955,1124240,0.0,0.0
2004-01-22 00:00:00-05:00,13.600428117989413,13.751735714014238,13.600428117989413,13.658888816833496,917323,0.0,0.0
2004-01-23 00:00:00-05:00,13.662325339821141,13.669202886627323,13.459436167679142,13.473191261291504,788895,0.0,0.0
2004-01-26 00:00:00-05:00,13.473195412563914,13.507583157190146,13.301255148072627,13.318449020385742,756465,0.0,0.0
2004-01-27 00:00:00-05:00,13.318440082456737,13.376900750448845,13.30812376599209,13.311562538146973,688668,0.0,0.0
2004-01-28 00:00:00-05:00,13.29093107408941,13.538524232374662,13.29093107408941,13.493820190429688,1995973,0.0,0.0
2004-01-29 00:00:00-05:00,13.48350387305777,13.57291195694772,13.45943246585663,13.493820190429688,1606813,0.0,0.0
2004-01-30 00:00:00-05:00,13.431928383236128,13.53853037780152,13.394101869035506,13.445683479309082,956685,0.0,0.0
2004-02-02 00:00:00-05:00,13.445680127252682,13.476629085701141,13.376904664033884,13.380343437194824,1030593,0.0,0.0
2004-02-03 00:00:00-05:00,13.325323775006273,13.428488528611574,13.2462319789514,13.387223243713379,1176410,0.0,0.0
2004-02-04 00:00:00-05:00,13.25998604012194,13.321885504003143,13.14650651549917,13.187771797180176,813335,0.0,0.0
2004-02-05 00:00:00-05:00,13.143068536064732,13.201527688644637,13.039903784269818,13.091486930847168,1293675,0.0,0.0
2004-02-06 00:00:00-05:00,13.084610666034111,13.459438575382036,13.077731576637698,13.445683479309082,1757448,0.0,0.0
2004-02-09 00:00:00-05:00,13.480062334666256,13.62449228959718,13.480062334666256,13.61761474609375,877843,0.0,0.0
2004-02-10 00:00:00-05:00,13.627935728324045,13.748292780851102,13.57635259302443,13.689833641052246,970315,0.0,0.0
2004-02-11 00:00:00-05:00,13.641695396759408,13.758613715582609,13.552285729240523,13.686399459838867,936240,0.0,0.0
2004-02-12 00:00:00-05:00,13.682959968378976,13.69671506398996,13.53509114920103,13.548846244812012,874083,0.0,0.0
2004-02-13 00:00:00-05:00,13.524771124986819,13.627935855186966,13.462873211682409,13.476628303527832,625218,0.0,0.0
2004-02-17 00:00:00-05:00,13.524772147603112,13.590110380168607,13.497261961832201,13.552282333374023,551780,0.0,0.0
2004-02-18 00:00:00-05:00,13.54540674196902,13.731102064084054,13.531651647098261,13.713908195495605,914973,0.0,0.0
2004-02-19 00:00:00-05:00,13.755172876659493,14.023398756231831,13.672642311055615,13.720785140991211,1458880,0.0,0.0
2004-02-20 00:00:00-05:00,13.823944713363803,13.858332439990763,13.63481221691552,13.66919994354248,1587190,0.0,0.0
2004-02-23 00:00:00-05:00,13.652011018060172,13.751735461347948,13.648572244153698,13.672643661499023,581273,0.0,0.0
2004-02-24 00:00:00-05:00,13.634810447692871,13.679514486507223,13.583227323086414,13.634810447692871,589850,0.0,0.0
2004-02-25 00:00:00-05:00,13.634820461353657,13.762055126807194,13.61762658764372,13.737983703613281,782198,0.0,0.0
2004-02-26 00:00:00-05:00,13.720789829903344,13.789565324743094,13.703595956193407,13.737983703613281,739310,0.0,0.0
2004-02-27 00:00:00-05:00,13.737976861476614,13.930549692478154,13.73109931541797,13.913355827331543,1860965,0.0,0.0
2004-03-01 00:00:00-05:00,13.99589256713297,14.00964766533091,13.84114617104597,13.903045654296875,841418,0.0,0.0
2004-03-02 00:00:00-05:00,13.909917752468305,14.009642175324014,13.841140747070312,13.841140747070312,1043870,0.0,0.0
2004-03-03 00:00:00-05:00,13.841144912463909,13.937432132454218,13.806757170095953,13.8480224609375,1353835,0.0,0.0
2004-03-04 00:00:00-05:00,13.885849328692933,14.03371816597454,13.885849328692933,13.978697776794434,845530,0.0,0.0
2004-03-05 00:00:00-05:00,13.97869276169302,14.374153208406726,13.954621350062764,14.356959342956543,1323873,0.0,0.0
2004-03-08 00:00:00-05:00,14.32257161205618,14.453246530837083,14.305377746605998,14.356959342956543,1543833,0.0,0.0
2004-03-09 00:00:00-05:00,14.353523504901815,14.384472469040645,14.277870481451345,14.339768409729004,781023,0.0,0.0
2004-03-10 00:00:00-05:00,14.374148631736405,14.54265000085756,14.298495647843206,14.305373191833496,1201320,0.0,0.0
2004-03-11 00:00:00-05:00,14.305375596357344,14.367273502674092,14.133435426340421,14.136874198913574,810280,0.0,0.0
2004-03-12 00:00:00-05:00,14.136878363197173,14.315696131034539,14.119684495266632,14.229726791381836,964675,0.0,0.0
2004-03-15 00:00:00-05:00,14.26411377856718,14.298501512623364,14.174705670021103,14.270991325378418,891590,0.0,0.0
2004-03-16 00:00:00-05:00,14.284741908686552,14.415416798199965,14.270986819407158,14.350078582763672,1488490,0.0,0.0
2004-03-17 00:00:00-05:00,14.374160717346447,14.49795815461801,14.374160717346447,14.4223051071167,952455,0.0,0.0
2004-03-18 00:00:00-05:00,14.465821039282838,14.525006972288164,14.274335577860857,14.326560020446777,2081983,0.438298,0.0
2004-03-19 00:00:00-05:00,14.326551749117387,14.354403936804342,14.229067531691543,14.236030578613281,693838,0.0,0.0
2004-03-22 00:00:00-05:00,14.253446220387458,14.30915062712209,14.03410855834747,14.09329605102539,634265,0.0,0.0
2004-03-23 00:00:00-05:00,14.10026115140929,14.215151506999344,14.058481279763031,14.068925857543945,805110,0.0,0.0
2004-03-24 00:00:00-05:00,14.06543942858125,14.107217720506329,14.013215003153016,14.0480318069458,558948,0.0,0.0
2004-03-25 00:00:00-05:00,14.054997444152832,14.089812693835764,14.01321758401114,14.054997444152832,723330,0.0,0.0
2004-03-26 00:00:00-05:00,14.07240335896709,14.162922997143099,14.065440309876628,14.13507080078125,637673,0.0,0.0
2004-03-29 00:00:00-05:00,14.138550424622755,14.267366815478985,14.093290611619214,14.232551574707031,634735,0.0,0.0
2004-03-30 00:00:00-05:00,14.243003533967162,14.343969345092773,14.173373016309899,14.343969345092773,526753,0.0,0.0
2004-03-31 00:00:00-05:00,14.343967647801286,14.35441222421399,14.274335577860857,14.326560020446777,554248,0.0,0.0
2004-04-01 00:00:00-05:00,14.309150320824694,14.476265097973757,14.305670356000647,14.448412895202637,467885,0.0,0.0
2004-04-02 00:00:00-05:00,14.476261826046876,14.476261826046876,14.3195916603476,14.3857421875,540500,0.0,0.0
2004-04-05 00:00:00-04:00,14.424040180772723,14.437966280191599,14.323075959985877,14.427521705627441,584210,0.0,0.0
2004-04-06 00:00:00-04:00,14.378774526251394,14.455368041992188,14.361366909037578,14.455368041992188,443915,0.0,0.0
2004-04-07 00:00:00-04:00,14.420556884126109,14.420556884126109,14.239516053402316,14.25692367553711,521230,0.0,0.0
2004-04-08 00:00:00-04:00,14.260408150227006,14.340484789135639,14.14551782036829,14.169888496398926,471058,0.0,0.0
2004-04-12 00:00:00-04:00,14.281296587510678,14.281296587510678,13.804326105650377,13.912253379821777,948460,0.0,0.0
2004-04-13 00:00:00-04:00,13.891364546981166,13.894846072033884,13.49098604487407,13.665063858032227,1084173,0.0,0.0
2004-04-14 00:00:00-04:00,13.630246573150735,13.654617244882374,13.442242687841835,13.595431327819824,727325,0.0,0.0
2004-04-15 00:00:00-04:00,13.699881480981388,13.755585891471279,13.49098838112182,13.532768249511719,1037643,0.0,0.0
2004-04-16 00:00:00-04:00,13.66506574853684,13.745140835827428,13.560619982505639,13.713807106018066,1043048,0.0,0.0
2004-04-19 00:00:00-04:00,13.710323683717572,13.710323683717572,13.630248607505036,13.665063858032227,825438,0.0,0.0
2004-04-20 00:00:00-04:00,13.665063526991487,13.75558317616931,13.61284065246582,13.61284065246582,914503,0.0,0.0
2004-04-21 00:00:00-04:00,13.612837994393836,13.623282567259539,13.497947692871096,13.497947692871094,1626200,0.0,0.0
2004-04-22 00:00:00-04:00,13.501430424086907,13.696397384731835,13.421355349036496,13.633729934692383,1166775,0.0,0.0
2004-04-23 00:00:00-04:00,13.619803561282637,13.665063385402595,13.560617637433463,13.640692710876465,792538,0.0,0.0
2004-04-26 00:00:00-04:00,13.647655678079596,13.74862146102705,13.633729578434728,13.727730751037598,744363,0.0,0.0
2004-04-27 00:00:00-04:00,13.762546559508355,13.790398759930106,13.61632250729416,13.665063858032227,640375,0.0,0.0
2004-04-28 00:00:00-04:00,13.665063385402595,13.738175408980988,13.564099162365768,13.640692710876465,844238,0.0,0.0
2004-04-29 00:00:00-04:00,13.675505225023558,13.720765040091305,13.452686113398963,13.515355110168457,967378,0.0,0.0
2004-04-30 00:00:00-04:00,13.553655820488455,13.633730901215552,13.52580361849642,13.584989547729492,730263,0.0,0.0
2004-05-03 00:00:00-04:00,13.578023024123308,13.741654668971341,13.51535558567087,13.68595027923584,627685,0.0,0.0
2004-05-04 00:00:00-04:00,13.68595089249543,13.807805811023988,13.598912779633583,13.682469367980957,673040,0.0,0.0
2004-05-05 00:00:00-04:00,13.734692435437172,13.818250585521675,13.696395665221022,13.762544631958008,621810,0.0,0.0
2004-05-06 00:00:00-04:00,13.766032263529576,13.922700920701978,13.63025120012432,13.825218200683594,949635,0.0,0.0
2004-05-07 00:00:00-04:00,13.745136882742743,13.769507554474382,13.504911689959455,13.595431327819824,1357125,0.0,0.0
2004-05-10 00:00:00-04:00,13.578027542563511,13.578027542563511,13.222908818780946,13.296022415161133,1320700,0.0,0.0
2004-05-11 00:00:00-04:00,13.403944076712877,13.421351696987093,13.229867873970715,13.316905975341797,775618,0.0,0.0
2004-05-12 00:00:00-04:00,13.309944695926212,13.386538235310908,13.188089777292225,13.344759941101074,734023,0.0,0.0
2004-05-13 00:00:00-04:00,13.334321312218602,13.456174724654966,13.268172316896003,13.435285568237305,686083,0.0,0.0
2004-05-14 00:00:00-04:00,13.421359399663753,13.647660153627003,13.421359399663753,13.57802963256836,519350,0.0,0.0
2004-05-17 00:00:00-04:00,13.518841428546013,13.553656683252235,13.393504951081214,13.421357154846191,561063,0.0,0.0
2004-05-18 00:00:00-04:00,13.473575660373427,13.546689232029896,13.386537551879883,13.386537551879883,431108,0.0,0.0
2004-05-19 00:00:00-04:00,13.473573537653381,13.567576240538465,13.372609347707467,13.403943061828613,651068,0.0,0.0
2004-05-20 00:00:00-04:00,13.403944084445655,13.49098218586695,13.390017988218249,13.414388656616211,627920,0.0,0.0
2004-05-21 00:00:00-04:00,13.449209358611169,13.470100071957301,13.358689696374991,13.421357154846191,401850,0.0,0.0
2004-05-24 00:00:00-04:00,13.49098532253673,13.560617380385064,13.442243974408386,13.550172805786133,389630,0.0,0.0
2004-05-25 00:00:00-04:00,13.55016941526542,13.734690187009116,13.45268518287909,13.710319519042969,573283,0.0,0.0
2004-05-26 00:00:00-04:00,13.647651684647956,13.877433822074032,13.609354921830558,13.745134353637695,883718,0.0,0.0
2004-05-27 00:00:00-04:00,13.828700024765544,13.954034953207684,13.818255447395366,13.926182746887207,1185340,0.0,0.0
2004-05-28 00:00:00-04:00,13.960987036983799,14.013209882808225,13.926171806434182,13.999283790588379,747653,0.0,0.0
2004-06-01 00:00:00-04:00,13.99929280555136,13.99929280555136,13.898328571940695,13.915736198425293,537328,0.0,0.0
2004-06-02 00:00:00-04:00,13.936623639807575,14.01321718693971,13.856548567805797,13.947068214416504,487743,0.0,0.0
2004-06-03 00:00:00-04:00,13.947070915953615,13.947070915953615,13.790400705950672,13.818254470825195,561298,0.0,0.0
2004-06-04 00:00:00-04:00,13.835655002889016,13.887877859266542,13.755578395921845,13.8043212890625,503018,0.0,0.0
2004-06-07 00:00:00-04:00,13.807810179334275,13.967960357666016,13.807810179334275,13.967960357666016,405493,0.0,0.0
2004-06-08 00:00:00-04:00,13.947068960109258,13.971439635499754,13.873956933937762,13.964476585388184,606183,0.0,0.0
2004-06-09 00:00:00-04:00,13.964472902671066,13.995806619909793,13.853064130266704,13.887879371643066,504545,0.0,0.0
2004-06-10 00:00:00-04:00,13.870474190151402,13.988846031647354,13.870474190151402,13.97143840789795,683498,0.0,0.0
2004-06-14 00:00:00-04:00,13.974915152273596,13.974915152273596,13.877432492622649,13.92269229888916,535330,0.0,0.0
2004-06-15 00:00:00-04:00,13.995804293627371,14.096770037358821,13.905284681094349,13.92269229888916,744833,0.0,0.0
2004-06-16 00:00:00-04:00,13.978404970081991,14.089815350596977,13.96099734195816,14.072407722473145,1134110,0.0,0.0
2004-06-17 00:00:00-04:00,14.130591335091678,14.229333694440129,14.070641576603329,14.15880298614502,2538705,0.438298,0.0
2004-06-18 00:00:00-04:00,14.162327416060963,14.324545967067827,14.162327416060963,14.268122673034668,1276285,0.0,0.0
2004-06-21 00:00:00-04:00,14.310443096307171,14.38097222840126,14.26812561705072,14.342181205749512,672218,0.0,0.0
2004-06-22 00:00:00-04:00,14.317496039099574,14.409183911011336,14.278705016367674,14.328075408935547,643900,0.0,0.0
2004-06-23 00:00:00-04:00,14.345703125,14.363335402446667,14.268121104234659,14.345703125,575398,0.0,0.0
2004-06-24 00:00:00-04:00,14.306914588634347,14.388023078914673,14.296335220336914,14.296335220336914,416890,0.0,0.0
2004-06-25 00:00:00-04:00,14.335127474197026,14.335127474197026,14.19406763739961,14.232858657836914,440978,0.0,0.0
2004-06-28 00:00:00-04:00,14.303383083699343,14.45502064243724,14.271644990010016,14.321015357971191,526165,0.0,0.0
2004-06-29 00:00:00-04:00,14.345713018081117,14.356292391844859,14.141176877986329,14.165862083435059,571755,0.0,0.0
2004-06-30 00:00:00-04:00,14.176434132304367,14.31749395693178,14.003637783446283,14.296335220336914,707938,0.0,0.0
2004-07-01 00:00:00-04:00,14.257541869829106,14.306912247137078,14.105902701721822,14.222275733947754,685848,0.0,0.0
2004-07-02 00:00:00-04:00,14.22932765012892,14.395071029663086,14.22932765012892,14.395071029663086,540030,0.0,0.0
2004-07-06 00:00:00-04:00,14.388025283813477,14.458554416604635,14.359813630697014,14.388025283813477,1117308,0.0,0.0
2004-07-07 00:00:00-04:00,14.282228567752771,14.433866171222936,14.197592045619512,14.356284141540527,883600,0.0,0.0
2004-07-08 00:00:00-04:00,14.356284069961479,14.356284069961479,14.246963937772234,14.268122673034668,1143980,0.0,0.0
2004-07-09 00:00:00-04:00,14.268126457296393,14.317496852669663,14.246967716422134,14.282232284545898,740955,0.0,0.0
2004-07-12 00:00:00-04:00,14.282227309658362,14.310438954330492,14.2469627538182,14.264595031738281,685730,0.0,0.0
2004-07-13 00:00:00-04:00,14.261071493270796,14.303388968935073,14.222278893250152,14.2363862991333,544143,0.0,0.0
2004-07-14 00:00:00-04:00,14.236382154887876,14.328069992136589,14.187010200323458,14.289278984069824,526753,0.0,0.0
2004-07-15 00:00:00-04:00,14.289280017901593,14.412705961589364,14.246962551494356,14.37744140625,578453,0.0,0.0
2004-07-16 00:00:00-04:00,14.458550607014867,14.536134213305012,14.426812505621314,14.50439453125,586325,0.0,0.0
2004-07-19 00:00:00-04:00,14.48324148063636,14.627827802163923,14.472663690015597,14.55729866027832,512535,0.0,0.0
2004-07-20 00:00:00-04:00,14.58198392329442,14.634880779938449,14.507928323992779,14.52908706665039,753763,0.0,0.0
2004-07-21 00:00:00-04:00,14.617249652230004,14.617249652230004,14.303393363952637,14.303393363952637,651303,0.0,0.0
2004-07-22 00:00:00-04:00,14.306912896255415,14.335124541711389,14.08827106331018,14.13058853149414,706645,0.0,0.0
2004-07-23 00:00:00-04:00,14.130591740124526,14.158803391986513,14.028324502124825,14.0776948928833,643313,0.0,0.0
2004-07-26 00:00:00-04:00,14.091799440126735,14.148222738730867,13.936635368965371,14.00011157989502,796415,0.0,0.0
2004-07-27 00:00:00-04:00,14.05300902946802,14.084747136304026,13.862578807790264,13.936635971069336,549313,0.0,0.0
2004-07-28 00:00:00-04:00,13.940161213770985,14.017744835407967,13.887264367651522,13.947214126586914,867855,0.0,0.0
2004-07-29 00:00:00-04:00,13.986005755243987,14.127064001754318,13.957792525280261,14.00011157989502,700770,0.0,0.0
2004-07-30 00:00:00-04:00,14.003645019057686,14.165862083435059,14.003645019057686,14.165862083435059,771035,0.0,0.0
2004-08-02 00:00:00-04:00,14.165856599843945,14.239912187523283,14.098853925276925,14.208175659179688,645545,0.0,0.0
2004-08-03 00:00:00-04:00,14.211706391111832,14.268131299922507,14.148230146945119,14.215232849121094,1221178,0.0,0.0
2004-08-04 00:00:00-04:00,14.215223072900654,14.306912498746476,14.123535227716234,14.264595031738281,522288,0.0,0.0
2004-08-05 00:00:00-04:00,14.2645983452987,14.289283540121,14.077694575268081,14.116485595703125,530395,0.0,0.0
2004-08-06 00:00:00-04:00,14.116485826864263,14.285757317650818,14.095327088098669,14.120012283325195,1676608,0.0,0.0
2004-08-09 00:00:00-04:00,14.123538365159868,14.24696591868039,14.088273801485935,14.18701457977295,675860,0.0,0.0
2004-08-10 00:00:00-04:00,14.229333229423883,14.239911017561445,14.109432135703809,14.151749610900879,441800,0.0,0.0
2004-08-11 00:00:00-04:00,14.151750071830946,14.151750071830946,14.0106918165797,14.04242992401123,1057853,0.0,0.0
2004-08-12 00:00:00-04:00,14.07064095285796,14.07064095285796,13.947213404309327,13.950739860534668,726738,0.0,0.0
2004-08-13 00:00:00-04:00,13.98600600344977,13.98600600344977,13.890790104703866,13.950739860534668,594550,0.0,0.0
2004-08-16 00:00:00-04:00,13.975421766475508,14.074162506389012,13.96836727582055,14.060056686401367,522170,0.0,0.0
2004-08-17 00:00:00-04:00,14.105907470228052,14.123539753798642,14.04948416280217,14.091801643371582,493030,0.0,0.0
2004-08-18 00:00:00-04:00,14.09885003862812,14.264595031738281,14.09885003862812,14.264595031738281,561415,0.0,0.0
2004-08-19 00:00:00-04:00,14.264598258256804,14.264598258256804,14.14117070423668,14.15880298614502,499375,0.0,0.0
2004-08-20 00:00:00-04:00,14.158800900305817,14.18701254720309,14.091798238924799,14.127062797546387,509128,0.0,0.0
2004-08-23 00:00:00-04:00,14.08827129449796,14.176432687994598,14.077691927278362,14.134115219116211,492560,0.0,0.0
2004-08-24 00:00:00-04:00,14.19406641280009,14.313967500832636,14.14116957131292,14.296335220336914,878078,0.0,0.0
2004-08-25 00:00:00-04:00,14.328068110461404,14.43033530011597,14.306909381567355,14.419755935668945,501960,0.0,0.0
2004-08-26 00:00:00-04:00,14.42328964823006,14.447974844361282,14.296337210983777,14.370392799377441,558595,0.0,0.0
2004-08-27 00:00:00-04:00,14.419756213849025,14.419756213849025,14.331594841756383,14.395071029663086,609238,0.0,0.0
2004-08-30 00:00:00-04:00,14.377437569994735,14.430334388889603,14.342173024064824,14.3915433883667,511713,0.0,0.0
2004-08-31 00:00:00-04:00,14.398602709724884,14.571400642395021,14.391549797398007,14.57140064239502,691370,0.0,0.0
2004-09-01 00:00:00-04:00,14.606663472041674,14.63487511800398,14.49734176327627,14.603137016296387,634500,0.0,0.0
2004-09-02 00:00:00-04:00,14.617238743333594,14.638397471876369,14.564341921976663,14.62781810760498,315840,0.0,0.0
2004-09-03 00:00:00-04:00,14.63135283664207,14.659564490653274,14.52555913410006,14.550244331359863,504663,0.0,0.0
2004-09-07 00:00:00-04:00,14.62782466915739,14.684247970581055,14.58903364942862,14.684247970581055,497260,0.0,0.0
2004-09-08 00:00:00-04:00,14.705407251898585,14.705407251898585,14.476186000734744,14.493818283081055,775383,0.0,0.0
2004-09-09 00:00:00-04:00,14.529083642655017,14.581980486833116,14.380970898294631,14.40918254852295,674568,0.0,0.0
2004-09-10 00:00:00-04:00,14.455027261919172,14.504397652488842,14.359812937249092,14.493818283081055,513828,0.0,0.0
2004-09-13 00:00:00-04:00,14.52203024440643,14.532608032226562,14.447973084372235,14.532608032226562,630388,0.0,0.0
2004-09-14 00:00:00-04:00,14.574928013015287,14.581980925784675,14.39507715673411,14.430341720581055,821090,0.0,0.0
2004-09-15 00:00:00-04:00,14.469135768333853,14.507928377344214,14.321024569185909,14.35981559753418,476228,0.0,0.0
2004-09-16 00:00:00-04:00,14.430343221150327,14.581982442122467,14.409184480641924,14.550244331359863,734375,0.0,0.0
2004-09-17 00:00:00-04:00,14.748433035376861,14.752004063997065,14.680581890952654,14.691296577453613,1105675,0.438298,0.0
2004-09-20 00:00:00-04:00,14.648447089540603,14.71986928431219,14.644876059834065,14.698441505432129,395035,0.0,0.0
2004-09-21 00:00:00-04:00,14.723440658188554,14.762721985878695,14.68058670006753,14.734153747558594,552603,0.0,0.0
2004-09-22 00:00:00-04:00,14.727005116919049,14.734147173312351,14.619872670379344,14.687722206115723,484453,0.0,0.0
2004-09-23 00:00:00-04:00,14.705583597194027,14.723438743822534,14.580595970153809,14.580595970153809,474935,0.0,0.0
2004-09-24 00:00:00-04:00,14.80199765653803,14.94483879354748,14.694866803780943,14.798426628112793,1117425,0.0,0.0
2004-09-27 00:00:00-04:00,14.798430963716699,14.873422582617499,14.723439344815898,14.837712287902832,553660,0.0,0.0
2004-09-28 00:00:00-04:00,14.884128192330031,14.998402678639163,14.876986136975706,14.944835662841797,684555,0.0,0.0
2004-09-29 00:00:00-04:00,14.944837469856694,14.998404492130973,14.837706626588377,14.991262435913086,566585,0.0,0.0
2004-09-30 00:00:00-04:00,15.005554734208893,15.07340430529226,14.930561502370493,15.066262245178223,785723,0.0,0.0
2004-10-01 00:00:00-04:00,15.076972447646092,15.076972447646092,15.00555186018494,15.044833183288574,708760,0.0,0.0
2004-10-04 00:00:00-04:00,15.105543596354307,15.16625110740622,15.023409904931132,15.087688446044922,575985,0.0,0.0
2004-10-05 00:00:00-04:00,15.119827716601815,15.123398746663693,15.069833295735535,15.087688446044922,572813,0.0,0.0
2004-10-06 00:00:00-04:00,15.10553086733284,15.18409346249157,15.041252380384789,15.17695140838623,532863,0.0,0.0
2004-10-07 00:00:00-04:00,15.123392080623994,15.176957507941756,14.969837855646407,14.98412036895752,622398,0.0,0.0
2004-10-08 00:00:00-04:00,15.016269737223533,15.09126137797373,14.998414584663964,15.080548286437988,354615,0.0,0.0
2004-10-11 00:00:00-04:00,15.080544899595655,15.12339725611469,15.005553275687342,15.0341215133667,285995,0.0,0.0
2004-10-12 00:00:00-04:00,15.06269510386143,15.226964129534693,15.034126856029802,15.173397064208984,588910,0.0,0.0
2004-10-13 00:00:00-04:00,15.21981107267963,15.266236047392141,14.880561738435452,14.94127082824707,555540,0.0,0.0
2004-10-14 00:00:00-04:00,14.998414976050038,15.00198600665514,14.891282457255777,14.976988792419434,431695,0.0,0.0
2004-10-15 00:00:00-04:00,15.059117300780805,15.134108917615013,14.987696713319654,15.044833183288574,796885,0.0,0.0
2004-10-18 00:00:00-04:00,15.116248913204384,15.134104054331994,14.869846365003186,14.884130477905273,574693,0.0,0.0
2004-10-19 00:00:00-04:00,14.951983017284931,15.012690502813001,14.798427188544197,14.859134674072266,458838,0.0,0.0
2004-10-20 00:00:00-04:00,14.894851224809392,14.923419465309678,14.81985959349614,14.91270637512207,651655,0.0,0.0
2004-10-21 00:00:00-04:00,14.934130587882866,15.069831313021261,14.859138966449974,15.016265869140625,660703,0.0,0.0
2004-10-22 00:00:00-04:00,15.076969175343732,15.084111232539737,14.941270088619648,14.973407745361328,467533,0.0,0.0
2004-10-25 00:00:00-04:00,15.037688245733335,15.087682647385233,14.944839899168002,15.030546188354492,658940,0.0,0.0
2004-10-26 00:00:00-04:00,15.080546031743841,15.212674140930176,14.998412342249635,15.212674140930176,815098,0.0,0.0
2004-10-27 00:00:00-04:00,15.194813508067869,15.194813508067869,15.012691044907386,15.030546188354492,742248,0.0,0.0
2004-10-28 00:00:00-04:00,15.034121498280912,15.080544884463285,14.89484973909296,15.019837379455566,751648,0.0,0.0
2004-10-29 00:00:00-04:00,15.055547447809444,15.51264244455841,15.034121269896911,15.251954078674316,725680,0.0,0.0
2004-11-01 00:00:00-05:00,15.276945761204463,15.391218656770622,15.259089020632185,15.38764762878418,762810,0.0,0.0
2004-11-02 00:00:00-05:00,15.391227726332243,15.412653906876665,15.20196153088217,15.216245651245117,760460,0.0,0.0
2004-11-03 00:00:00-05:00,15.355516462194245,15.551924705505371,15.355516462194245,15.551924705505371,830960,0.0,0.0
2004-11-04 00:00:00-05:00,15.6233421443826,15.866173726869738,15.584060823789775,15.851889610290527,742835,0.0,0.0
2004-11-05 00:00:00-05:00,15.569780293564607,15.809040902018397,15.166250705971496,15.512643814086914,1538310,0.0,0.0
2004-11-08 00:00:00-05:00,15.59478005022384,15.709053027841907,15.548356653066499,15.694768905639648,469413,0.0,0.0
2004-11-09 00:00:00-05:00,15.694757713964943,15.709041825981435,15.448355181040379,15.548345565795898,971608,0.0,0.0
2004-11-10 00:00:00-05:00,15.584055462666807,15.687615272240116,15.480494052453464,15.609052658081055,564823,0.0,0.0
2004-11-11 00:00:00-05:00,15.62334070923175,15.701903343200682,15.498353100004374,15.701903343200684,753058,0.0,0.0
2004-11-12 00:00:00-05:00,15.659045562628382,15.980439645232128,15.6411904247415,15.9697265625,758815,0.0,0.0
2004-11-15 00:00:00-05:00,15.94474170395607,15.980452007354529,15.805469920060958,15.919744491577148,581155,0.0,0.0
2004-11-16 00:00:00-05:00,15.9197381879999,15.948306419406796,15.819749378075768,15.837604522705078,501373,0.0,0.0
2004-11-17 00:00:00-05:00,16.055438758783172,16.069722875795865,15.555491462057645,15.855461120605469,885833,0.0,0.0
2004-11-18 00:00:00-05:00,16.012590388303856,16.05187171985368,15.923314634781526,15.991164207458496,492443,0.0,0.0
2004-11-19 00:00:00-05:00,16.051861436776758,16.055432464629995,15.719754245785792,15.844741821289062,635558,0.0,0.0
2004-11-22 00:00:00-05:00,15.809037260552902,15.948307397200189,15.809037260552902,15.851889610290527,1464285,0.0,0.0
2004-11-23 00:00:00-05:00,15.85545935194547,15.962590217590332,15.784037174208441,15.962590217590332,1585780,0.0,0.0
2004-11-24 00:00:00-05:00,16.194709725085445,16.244704132236727,16.119718114358523,16.151857376098633,1173943,0.0,0.0
2004-11-26 00:00:00-05:00,16.08757366695561,16.22327272833933,16.066147499368707,16.176849365234375,169905,0.0,0.0
2004-11-29 00:00:00-05:00,16.1804278151945,16.201853992609678,15.830465316772461,15.830465316772461,682558,0.0,0.0
2004-11-30 00:00:00-05:00,15.884033654618248,15.884033654618248,15.659057150124017,15.669770240783691,625218,0.0,0.0
2004-12-01 00:00:00-05:00,15.748325028759435,15.776893256229558,15.39122058474265,15.401933670043945,1436085,0.0,0.0
2004-12-02 00:00:00-05:00,15.405504154302344,15.459069578916706,15.251948336434292,15.355509757995605,1123653,0.0,0.0
2004-12-03 00:00:00-05:00,15.394795089267706,15.55549140507181,15.391224060027614,15.519781112670898,1149503,0.0,0.0
2004-12-06 00:00:00-05:00,15.494780785472514,15.691187333808388,15.423358621801148,15.659048080444336,643783,0.0,0.0
2004-12-07 00:00:00-05:00,15.748326689731597,15.7590397761628,15.601914508505168,15.680477142333984,1044340,0.0,0.0
2004-12-08 00:00:00-05:00,15.748321285706448,15.751892313291453,15.562627851286178,15.59833812713623,675860,0.0,0.0
2004-12-09 00:00:00-05:00,15.62691493085053,15.68048037404626,15.505498325632777,15.584062576293945,616875,0.0,0.0
2004-12-10 00:00:00-05:00,15.819748686082193,15.819748686082193,15.444787463987424,15.544777870178223,684673,0.0,0.0
2004-12-13 00:00:00-05:00,15.659058175673099,15.773331150193638,15.644774053858033,15.755475997924805,845765,0.0,0.0
2004-12-14 00:00:00-05:00,15.798322721893902,15.81617786597775,15.6411958533156,15.701903343200684,853990,0.0,0.0
2004-12-15 00:00:00-05:00,15.741182966957938,15.980443472585478,15.71261473949677,15.976872444152832,1117660,0.0,0.0
2004-12-16 00:00:00-05:00,16.065378905308506,16.07260412977731,15.913647572184273,15.953386306762695,1330335,0.438298,0.0
2004-12-17 00:00:00-05:00,15.534323197157983,15.783595085144043,15.505422296438384,15.783595085144043,2433660,0.0,0.0
2004-12-20 00:00:00-05:00,15.895590488136566,15.895590488136566,15.62464284939424,15.642705917358398,759050,0.0,0.0
2004-12-21 00:00:00-05:00,15.769149303158281,15.769149303158281,15.59212961456547,15.714960098266602,767040,0.0,0.0
2004-12-22 00:00:00-05:00,15.714956450912462,15.798046545794955,15.595738608540575,15.624639511108398,735433,0.0,0.0
2004-12-23 00:00:00-05:00,15.678831476701594,15.711346617121302,15.552390005602344,15.59212875366211,609473,0.0,0.0
2004-12-27 00:00:00-05:00,15.621036811625332,15.621036811625332,15.378989979733744,15.386215209960938,590673,0.0,0.0
2004-12-28 00:00:00-05:00,15.353702060695761,15.400666058355528,15.266999295785425,15.37176513671875,506660,0.0,0.0
2004-12-29 00:00:00-05:00,15.433171194108553,15.519873902725006,15.386205607661674,15.50903606414795,535213,0.0,0.0
2004-12-30 00:00:00-05:00,15.527110645946422,15.610200803337422,15.465696181787859,15.57768726348877,443210,0.0,0.0
2004-12-31 00:00:00-05:00,15.62825708766819,15.678833683225669,15.55239219433197,15.581293106079102,451788,0.0,0.0
2005-01-03 00:00:00-05:00,15.653541915349722,15.696893273360235,15.415109446291906,15.44762134552002,932363,0.0,0.0
2005-01-04 00:00:00-05:00,15.53432702523732,15.55961531959869,15.433173847791833,15.444011688232422,714870,0.0,0.0
2005-01-05 00:00:00-05:00,15.50181176376376,15.516262216062412,15.31756687767622,15.353693008422852,869383,0.0,0.0
2005-01-06 00:00:00-05:00,15.371759127085214,15.476526546340097,15.346470830539564,15.418723106384277,687728,0.0,0.0
2005-01-07 00:00:00-05:00,15.527106689988408,15.602971596973255,15.346474339791685,15.429564476013184,601248,0.0,0.0
2005-01-10 00:00:00-05:00,15.480134313702132,15.577674855555069,15.418718279181851,15.541548728942871,632385,0.0,0.0
2005-01-11 00:00:00-05:00,15.566840642508074,15.566840642508074,15.389820961607475,15.440399169921875,557655,0.0,0.0
2005-01-12 00:00:00-05:00,15.51625876921445,15.51625876921445,15.324788699511563,15.411491394042969,446148,0.0,0.0
2005-01-13 00:00:00-05:00,15.469301795057513,15.588518053871972,15.444013497733234,15.483752250671387,852463,0.0,0.0
2005-01-14 00:00:00-05:00,15.498199860126427,15.642704389727706,15.407882909845824,15.628253936767578,826848,0.0,0.0
2005-01-18 00:00:00-05:00,15.653545464013419,15.812502098700586,15.606581482188615,15.805276870727539,1019313,0.0,0.0
2005-01-19 00:00:00-05:00,15.8594657013146,15.895591840316031,15.733024214809584,15.747474670410156,474818,0.0,0.0
2005-01-20 00:00:00-05:00,15.751086234861054,15.769149303158281,15.635480978478814,15.714960098266602,537328,0.0,0.0
2005-01-21 00:00:00-05:00,15.783607968477732,15.79444581509395,15.563236801333813,15.57768726348877,404670,0.0,0.0
2005-01-24 00:00:00-05:00,15.65354471655605,15.65354471655605,15.483751867297066,15.53432846069336,861275,0.0,0.0
2005-01-25 00:00:00-05:00,15.624643134143957,15.664381884389318,15.389821627050466,15.451237678527832,787133,0.0,0.0
2005-01-26 00:00:00-05:00,15.534324849399152,15.6246401737539,15.483748267760493,15.59935188293457,668105,0.0,0.0
2005-01-27 00:00:00-05:00,15.631867508683003,15.740247531810525,15.606579214451893,15.675220489501953,455430,0.0,0.0
2005-01-28 00:00:00-05:00,15.714969432027953,15.714969432027953,15.469309937998487,15.570463180541992,807578,0.0,0.0
2005-01-31 00:00:00-05:00,15.660769180297347,15.826951026916504,15.624643043919265,15.826951026916504,604538,0.0,0.0
2005-02-01 00:00:00-05:00,15.870302963076535,15.913654328294092,15.812501142786457,15.877528190612793,620870,0.0,0.0
2005-02-02 00:00:00-05:00,15.91726101699828,15.971450203348768,15.794432194603843,15.884747505187988,548843,0.0,0.0
2005-02-03 00:00:00-05:00,15.88475675328291,15.93172074212907,15.798054004643847,15.895594596862793,381053,0.0,0.0
2005-02-04 00:00:00-05:00,15.967845986994066,16.119577407836914,15.888368471889867,16.119577407836914,664228,0.0,0.0
2005-02-07 00:00:00-05:00,16.119571496415933,16.144859787402556,16.05093184945224,16.12679672241211,489975,0.0,0.0
2005-02-08 00:00:00-05:00,16.126808807720025,16.17377281188965,16.097907882077177,16.17377281188965,404200,0.0,0.0
2005-02-09 00:00:00-05:00,16.16654043326705,16.231567487215056,16.115963835751934,16.155702590942383,580215,0.0,0.0
2005-02-10 00:00:00-05:00,16.238784763261854,16.238784763261854,16.10511810671448,16.166532516479492,478695,0.0,0.0
2005-02-11 00:00:00-05:00,16.166539476786454,16.19182777404785,16.018422307112566,16.19182777404785,666813,0.0,0.0
2005-02-14 00:00:00-05:00,16.199048317633892,16.256850123231377,16.141246512036407,16.152084350585938,691370,0.0,0.0
2005-02-15 00:00:00-05:00,16.184598530381535,16.21349943436625,16.09428320542931,16.12679672241211,657060,0.0,0.0
2005-02-16 00:00:00-05:00,16.11235064318135,16.249629974365234,16.029260521675315,16.249629974365234,404083,0.0,0.0
2005-02-17 00:00:00-05:00,16.249624897531692,16.27491480676022,16.134021286336722,16.152084350585938,622163,0.0,0.0
2005-02-18 00:00:00-05:00,16.173765489362747,16.173765489362747,15.9786827103146,15.98229694366455,569288,0.0,0.0
2005-02-22 00:00:00-05:00,15.996744547511474,15.996744547511474,15.610193252563477,15.610193252563477,962913,0.0,0.0
2005-02-23 00:00:00-05:00,15.67883148368364,15.81611241450386,15.64993057599094,15.675220489501953,1032355,0.0,0.0
2005-02-24 00:00:00-05:00,15.696889305658129,15.714953986209403,15.537934366465285,15.693278312683105,947285,0.0,0.0
2005-02-25 00:00:00-05:00,15.707730418751115,15.978678013623634,15.61741509355351,15.859461784362793,1168303,0.0,0.0
2005-02-28 00:00:00-05:00,15.924487986250547,15.985902404175246,15.783596086305653,15.975066184997559,1192978,0.0,0.0
2005-03-01 00:00:00-05:00,16.00397814598204,16.238798141479492,15.989526065439925,16.238798141479492,1258425,0.0,0.0
2005-03-02 00:00:00-05:00,16.238794597869944,16.329111580325456,16.22073152523492,16.31104850769043,1152205,0.0,0.0
2005-03-03 00:00:00-05:00,16.343558692275817,16.39413528529891,16.278530024823226,16.365234375,766453,0.0,0.0
2005-03-04 00:00:00-05:00,16.41942301048625,16.5964426991876,16.386909487531305,16.542253494262695,676095,0.0,0.0
2005-03-07 00:00:00-05:00,16.596442889091417,16.777073574241296,16.54947729167244,16.751785278320312,947285,0.0,0.0
2005-03-08 00:00:00-05:00,16.67953463242735,16.69398508864992,16.55670413525537,16.618120193481445,583975,0.0,0.0
2005-03-09 00:00:00-05:00,16.618119343625605,16.618119343625605,16.3724599811249,16.423036575317383,765160,0.0,0.0
2005-03-10 00:00:00-05:00,16.509735434770636,16.72649383544922,16.45554623942092,16.72649383544922,1055503,0.0,0.0
2005-03-11 00:00:00-05:00,16.7264977533668,16.907130066122498,16.520577143524516,16.578380584716797,769273,0.0,0.0
2005-03-14 00:00:00-05:00,16.600056535159037,16.889067268652557,16.596443921231373,16.856552124023438,740368,0.0,0.0
2005-03-15 00:00:00-05:00,16.928808726844316,16.975772715408187,16.719275466278997,16.755401611328125,745303,0.0,0.0
2005-03-16 00:00:00-05:00,16.75901184584268,16.90713063878975,16.603669444191993,16.701210021972656,1233163,0.0,0.0
2005-03-17 00:00:00-05:00,16.787062604369783,16.805329161486842,16.564208970019752,16.677461624145508,776205,0.438298,0.0
2005-03-18 00:00:00-05:00,16.68111519264157,16.695728438560423,16.458263192379096,16.60074234008789,769978,0.0,0.0
2005-03-21 00:00:00-05:00,16.637264458015423,16.670144239600017,16.472865550092447,16.560544967651367,473995,0.0,0.0
2005-03-22 00:00:00-05:00,16.56055424870803,16.582474115382347,16.184261566610516,16.220794677734375,802760,0.0,0.0
2005-03-23 00:00:00-05:00,16.14773305459534,16.271947317912684,15.844506477632375,16.246374130249023,1159138,0.0,0.0
2005-03-24 00:00:00-05:00,16.228096215711144,16.436336521397415,16.22078959577553,16.312122344970703,567173,0.0,0.0
2005-03-28 00:00:00-05:00,16.355970501285622,16.454611558818502,16.308477447206368,16.374237060546875,502078,0.0,0.0
2005-03-29 00:00:00-05:00,16.39250004926102,16.432686470882533,16.250020918057476,16.297513961791992,1133170,0.0,0.0
2005-03-30 00:00:00-05:00,16.297516526706993,16.531330108642578,16.297516526706993,16.531330108642578,770800,0.0,0.0
2005-03-31 00:00:00-05:00,16.531324583824762,16.670150379424324,16.531324583824762,16.6153507232666,765043,0.0,0.0
2005-04-01 00:00:00-05:00,16.735907609664565,16.779748965937433,16.50574908621854,16.608041763305664,658118,0.0,0.0
2005-04-04 00:00:00-04:00,16.5495926131522,16.72495152851006,16.443644964268536,16.721298217773438,650950,0.0,0.0
2005-04-05 00:00:00-04:00,16.7505328898016,16.834559069593908,16.695731569806096,16.74687957763672,661055,0.0,0.0
2005-04-06 00:00:00-04:00,16.805323257446037,16.878389460244673,16.73590872726598,16.783403396606445,545788,0.0,0.0
2005-04-07 00:00:00-04:00,16.746874653231753,16.882047163585057,16.67746010498801,16.80898094177246,496790,0.0,0.0
2005-04-08 00:00:00-04:00,16.787068196189303,16.852827823715426,16.724960243781045,16.77245330810547,598075,0.0,0.0
2005-04-11 00:00:00-04:00,16.772447051589236,16.87839471616061,16.739568887612972,16.82359504699707,620048,0.0,0.0
2005-04-12 00:00:00-04:00,16.823601851408025,16.92954792130809,16.717654143985435,16.87474822998047,805228,0.0,0.0
2005-04-13 00:00:00-04:00,16.87474950962411,16.94416245723614,16.798029935947657,16.896669387817383,888300,0.0,0.0
2005-04-14 00:00:00-04:00,16.896656715580875,16.90031002587316,16.673803150230082,16.70302963256836,746125,0.0,0.0
2005-04-15 00:00:00-04:00,16.721303565711406,16.724956877616457,16.399810480544605,16.410770416259766,882425,0.0,0.0
2005-04-18 00:00:00-04:00,16.399816912784807,16.516724577121483,16.23907112591571,16.483844757080078,952338,0.0,0.0
2005-04-19 00:00:00-04:00,16.48383662912837,16.524023056030273,16.352315776291068,16.524023056030273,839420,0.0,0.0
2005-04-20 00:00:00-04:00,16.48748533773544,16.48748533773544,16.220792032500963,16.224445343017578,968670,0.0,0.0
2005-04-21 00:00:00-04:00,16.301164946617046,16.45825893715051,16.224445425378658,16.403457641601562,834485,0.0,0.0
2005-04-22 00:00:00-04:00,16.348651404363107,16.58611813110605,16.293851768388784,16.560544967651367,1308950,0.0,0.0
2005-04-25 00:00:00-04:00,16.589788069189467,16.83821497214164,16.589788069189467,16.714000701904297,1055620,0.0,0.0
2005-04-26 00:00:00-04:00,16.67379754866497,16.735903802769204,16.556891658586412,16.560544967651367,576808,0.0,0.0
2005-04-27 00:00:00-04:00,16.549593065713598,16.914925786887736,16.443645413932714,16.805326461791992,893235,0.0,0.0
2005-04-28 00:00:00-04:00,16.659194892407704,16.76514256009803,16.48748925730717,16.593435287475586,920378,0.0,0.0
2005-04-29 00:00:00-04:00,16.60805157777014,16.823598626530238,16.56055852105671,16.787065505981445,834133,0.0,0.0
2005-05-02 00:00:00-04:00,16.823594366974287,16.94780694539088,16.78340794454539,16.893007278442383,690783,0.0,0.0
2005-05-03 00:00:00-04:00,16.830903887896977,16.936849928910377,16.75418270343416,16.812637329101562,762458,0.0,0.0
2005-05-04 00:00:00-04:00,16.841862222038223,16.87839533615589,16.713994685104463,16.80167579650879,847058,0.0,0.0
2005-05-05 00:00:00-04:00,16.787062791723095,16.900315447112817,16.72495485931001,16.83820915222168,695600,0.0,0.0
2005-05-06 00:00:00-04:00,16.841860615610376,16.94780663644616,16.78340763859753,16.903966903686523,543790,0.0,0.0
2005-05-09 00:00:00-04:00,16.940492471607325,17.09393310546875,16.7468670714635,17.09393310546875,637438,0.0,0.0
2005-05-10 00:00:00-04:00,17.093942819094437,17.093942819094437,16.90031567140103,16.987995147705078,588910,0.0,0.0
2005-05-11 00:00:00-04:00,16.95146369934082,17.02452993677847,16.845517655056227,16.95146369934082,410545,0.0,0.0
2005-05-12 00:00:00-04:00,16.940500014319554,17.017219546648914,16.83455399348377,16.903966903686523,776910,0.0,0.0
2005-05-13 00:00:00-04:00,16.92223375764453,16.94050031328341,16.355967257795655,16.589780807495117,988410,0.0,0.0
2005-05-16 00:00:00-04:00,16.589782083379138,16.936848304731765,16.494795986751786,16.914928436279297,925430,0.0,0.0
2005-05-17 00:00:00-04:00,16.84186190065622,16.97703442031218,16.801675475893635,16.925888061523438,660350,0.0,0.0
2005-05-18 00:00:00-04:00,16.98800144201937,16.98800144201937,16.834562301635742,16.834562301635742,832723,0.0,0.0
2005-05-19 00:00:00-04:00,16.83821436406757,16.92589386634699,16.808987863307767,16.878400802612305,548843,0.0,0.0
2005-05-20 00:00:00-04:00,16.896659789591137,16.94415283203125,16.80532701566784,16.94415283203125,524873,0.0,0.0
2005-05-23 00:00:00-04:00,16.96241895546715,16.96972557719521,16.80532658831389,16.936845779418945,570815,0.0,0.0
2005-05-24 00:00:00-04:00,16.944151538262236,16.95511147029619,16.819938975210793,16.922231674194336,640610,0.0,0.0
2005-05-25 00:00:00-04:00,16.86013500804147,16.988000954693135,16.787068752811948,16.940507888793945,637790,0.0,0.0
2005-05-26 00:00:00-04:00,16.969727747079077,17.05740885654906,16.925888011105027,17.05010223388672,497378,0.0,0.0
2005-05-27 00:00:00-04:00,17.02452697898508,17.17066106599359,16.99164717785058,17.156047821044922,340280,0.0,0.0
2005-05-31 00:00:00-04:00,17.112211246061154,17.43005101990732,17.072024815031682,17.367944717407227,1068193,0.0,0.0
2005-06-01 00:00:00-04:00,17.346020909974346,17.616367567623502,17.335060976725938,17.462926864624023,1013790,0.0,0.0
2005-06-02 00:00:00-04:00,17.298536615244316,17.36429789174275,17.207203783333657,17.28757667541504,961503,0.0,0.0
2005-06-03 00:00:00-04:00,17.232771155089214,17.32775726819027,17.163358226284597,17.269304275512695,685848,0.0,0.0
2005-06-06 00:00:00-04:00,17.21450459487747,17.291224147766787,17.17431816241164,17.269304275512695,484570,0.0,0.0
2005-06-07 00:00:00-04:00,17.30583681194386,17.47754245589273,17.269302058688062,17.280261993408203,467415,0.0,0.0
2005-06-08 00:00:00-04:00,17.302179543244915,17.430047068692755,17.2729530545761,17.349674224853516,407608,0.0,0.0
2005-06-09 00:00:00-04:00,17.324102093065118,17.349675272194098,17.22546105033147,17.33506202697754,628273,0.0,0.0
2005-06-10 00:00:00-04:00,17.33506522030035,17.393518211934314,17.283917215098455,17.356985092163086,515825,0.0,0.0
2005-06-13 00:00:00-04:00,17.309487692919536,17.492154900741205,17.251034710423614,17.40812873840332,594668,0.0,0.0
2005-06-14 00:00:00-04:00,17.38255750916653,17.53599660543668,17.38255750916653,17.47389030456543,555540,0.0,0.0
2005-06-15 00:00:00-04:00,17.473890762848566,17.499463946230957,17.31679835064244,17.367944717407227,564823,0.0,0.0
2005-06-16 00:00:00-04:00,17.377174207047403,17.38456084886663,17.214666431569103,17.347627639770508,608298,0.438298,0.0
2005-06-17 00:00:00-04:00,17.35870569427191,17.439958745351305,17.30330588671778,17.38825225830078,1011440,0.0,0.0
2005-06-20 00:00:00-04:00,17.362396240234375,17.403022759281882,17.281143202139358,17.362396240234375,688433,0.0,0.0
2005-06-21 00:00:00-04:00,17.343927541866638,17.38824737546438,17.23682127733876,17.292221069335938,812865,0.0,0.0
2005-06-22 00:00:00-04:00,17.37348071519871,17.388253998691805,17.292227655986697,17.31808090209961,699948,0.0,0.0
2005-06-23 00:00:00-04:00,17.30700405759528,17.362403880675487,17.25529755605375,17.32177734375,679973,0.0,0.0
2005-06-24 00:00:00-04:00,17.28483552685376,17.41040839667966,17.092781246959337,17.12232780456543,700535,0.0,0.0
2005-06-27 00:00:00-04:00,17.08539858654661,17.236826384998416,17.044772060376793,17.1925048828125,468825,0.0,0.0
2005-06-28 00:00:00-04:00,17.15556659362151,17.292221069335938,17.151873274155033,17.292221069335938,1049980,0.0,0.0
2005-06-29 00:00:00-04:00,17.247905732357268,17.388251908672437,17.18142430917388,17.288532257080078,462128,0.0,0.0
2005-06-30 00:00:00-04:00,17.258994182329978,17.44366029462371,17.233139271152897,17.273767471313477,642138,0.0,0.0
2005-07-01 00:00:00-04:00,17.306999897677656,17.40671955525337,17.26637337051718,17.384559631347656,508423,0.0,0.0
2005-07-05 00:00:00-04:00,17.35871264319173,17.587700261537393,17.32916606733498,17.524913787841797,533803,0.0,0.0
2005-07-06 00:00:00-04:00,17.524911527874306,17.624631208531245,17.48797665736055,17.54707145690918,1080648,0.0,0.0
2005-07-07 00:00:00-04:00,17.36608779960984,17.632008461871774,17.229434976667257,17.61723518371582,579628,0.0,0.0
2005-07-08 00:00:00-04:00,17.617246742663628,17.77236626507747,17.54338030341894,17.768672943115234,502900,0.0,0.0
2005-07-11 00:00:00-04:00,17.76866670258189,17.809294885353275,17.650480441298587,17.720653533935547,475170,0.0,0.0
2005-07-12 00:00:00-04:00,17.72435346763096,17.77236665419122,17.598780518165658,17.665260314941406,466593,0.0,0.0
2005-07-13 00:00:00-04:00,17.654176017852215,17.683722586948566,17.591389558522472,17.657869338989258,704178,0.0,0.0
2005-07-14 00:00:00-04:00,17.746508113711975,17.779749657654012,17.44365414093369,17.499053955078125,739310,0.0,0.0
2005-07-15 00:00:00-04:00,17.543379673619114,17.668952615827067,17.502753133493012,17.609859466552734,894175,0.0,0.0
2005-07-18 00:00:00-04:00,17.65048114458567,17.672641069459257,17.550761482654533,17.554454803466797,396328,0.0,0.0
2005-07-19 00:00:00-04:00,17.595084978993732,17.650484802659342,17.547071798483532,17.56553840637207,417830,0.0,0.0
2005-07-20 00:00:00-04:00,17.580309258316017,17.661562321774372,17.495362873791375,17.59877586364746,622515,0.0,0.0
2005-07-21 00:00:00-04:00,17.554454910073808,17.620934685098295,17.33654732537156,17.41041374206543,574105,0.0,0.0
2005-07-22 00:00:00-04:00,17.43996553464108,17.57662010192871,17.414112281051278,17.57662010192871,469413,0.0,0.0
2005-07-25 00:00:00-04:00,17.550763045917467,17.676335964719353,17.499054894484754,17.53598976135254,449908,0.0,0.0
2005-07-26 00:00:00-04:00,17.558147877302854,17.580307801864734,17.42518667447628,17.47319984436035,539325,0.0,0.0
2005-07-27 00:00:00-04:00,17.48797955003674,17.561847647827097,17.443659684636067,17.469512939453125,514180,0.0,0.0
2005-07-28 00:00:00-04:00,17.49905711490104,17.639404991531745,17.414110717874046,17.635711669921875,712638,0.0,0.0
2005-07-29 00:00:00-04:00,17.543377054697523,17.580310267480492,17.347629371492257,17.35870933532715,1247968,0.0,0.0
2005-08-01 00:00:00-04:00,17.347627582322826,17.406720716680933,17.122333352127193,17.133413314819336,834250,0.0,0.0
2005-08-02 00:00:00-04:00,17.174038280008038,17.28483955229002,17.148185036081788,17.1925048828125,783608,0.0,0.0
2005-08-03 00:00:00-04:00,17.192507874901125,17.502750166919366,17.155574662864545,17.380868911743164,1172415,0.0,0.0
2005-08-04 00:00:00-04:00,17.384570121839644,17.406730059117486,17.174049062243927,17.24791717529297,566703,0.0,0.0
2005-08-05 00:00:00-04:00,17.247899305295654,17.251592624348763,16.90441732244736,16.985671997070312,678093,0.0,0.0
2005-08-08 00:00:00-04:00,16.915503323104844,17.041077871229845,16.560942911875934,16.605262756347656,1257250,0.0,0.0
2005-08-09 00:00:00-04:00,16.95613168842437,16.95613168842437,16.62742613956584,16.749305725097656,1080530,0.0,0.0
2005-08-10 00:00:00-04:00,16.87857230355538,16.981986942826925,16.620038188559516,16.72714614868164,597135,0.0,0.0
2005-08-11 00:00:00-04:00,16.752993864541576,16.841633535695884,16.664354193387272,16.837940216064453,716398,0.0,0.0
2005-08-12 00:00:00-04:00,16.834251751572264,16.922893103746265,16.70498552719077,16.812091827392578,447793,0.0,0.0
2005-08-15 00:00:00-04:00,16.81209269578098,16.897039076190804,16.734532957145923,16.797319412231445,477990,0.0,0.0
2005-08-16 00:00:00-04:00,16.834261062706705,16.841647708185533,16.487087069745627,16.498167037963867,531100,0.0,0.0
2005-08-17 00:00:00-04:00,16.39843560222262,16.57202164689391,16.291327663885337,16.47968864440918,752705,0.0,0.0
2005-08-18 00:00:00-04:00,16.509248828536307,16.660675077567284,16.46862227391824,16.62004852294922,880075,0.0,0.0
2005-08-19 00:00:00-04:00,16.649595108125993,16.7234632265243,16.60896855350793,16.62004852294922,449908,0.0,0.0
2005-08-22 00:00:00-04:00,16.612653772681607,16.789934852717494,16.59418716595449,16.78624153137207,562943,0.0,0.0
2005-08-23 00:00:00-04:00,16.78624358810949,16.89335157570575,16.775163622715645,16.856416702270508,500668,0.0,0.0
2005-08-24 00:00:00-04:00,16.841637175805804,16.952438444151788,16.738224203774358,16.767770767211914,546963,0.0,0.0
2005-08-25 00:00:00-04:00,16.767773532459252,16.837946632196005,16.730840322071487,16.834253311157227,540853,0.0,0.0
2005-08-26 00:00:00-04:00,16.830556867516965,16.88226335246664,16.76777042150664,16.78993034362793,591613,0.0,0.0
2005-08-29 00:00:00-04:00,16.69760797647691,16.889660757260142,16.63482149045162,16.874887466430664,485510,0.0,0.0
2005-08-30 00:00:00-04:00,16.837948030208,16.915507778461894,16.634815356209707,16.78624153137207,444855,0.0,0.0
2005-08-31 00:00:00-04:00,16.75669184104462,16.908117988016244,16.72345195512402,16.9044246673584,978305,0.0,0.0
2005-09-01 00:00:00-04:00,16.86380467377312,17.247913481917156,16.84533806332926,17.18512535095215,1072658,0.0,0.0
2005-09-02 00:00:00-04:00,17.18511754446035,17.255292287725403,17.015224805552137,17.074317932128906,466593,0.0,0.0
2005-09-06 00:00:00-04:00,17.100170915828823,17.310691831522963,17.100170915828823,17.270065307617188,597840,0.0,0.0
2005-09-07 00:00:00-04:00,17.258989785039887,17.299616319393575,17.16296177565745,17.21466827392578,667165,0.0,0.0
2005-09-08 00:00:00-04:00,17.210980920621562,17.210980920621562,17.04847472685691,17.081714630126953,684555,0.0,0.0
2005-09-09 00:00:00-04:00,17.07063602161401,17.34025024728397,17.07063602161401,17.24791717529297,670690,0.0,0.0
2005-09-12 00:00:00-04:00,17.225744424049534,17.32177074748767,17.174036286743217,17.255290985107422,579980,0.0,0.0
2005-09-13 00:00:00-04:00,17.284846361451784,17.33285954765762,17.159271757457592,17.166658401489258,766805,0.0,0.0
2005-09-14 00:00:00-04:00,17.196204637281962,17.24052615605064,17.063245047343393,17.148191452026367,751413,0.0,0.0
2005-09-15 00:00:00-04:00,17.19860411160011,17.280768523668065,17.161256651569218,17.209808349609375,692193,0.438298,0.0
2005-09-16 00:00:00-04:00,17.25837833719219,17.310664836645984,17.161274838206577,17.273317337036133,1480735,0.0,0.0
2005-09-19 00:00:00-04:00,17.217282042267794,17.318120208953573,17.060420997843973,17.10523796081543,731320,0.0,0.0
2005-09-20 00:00:00-04:00,17.112713910802952,17.20981735770993,16.892362107259085,16.993200302124023,928485,0.0,0.0
2005-09-21 00:00:00-04:00,16.95584675237681,17.052950164520915,16.7728424939278,16.821395874023438,898053,0.0,0.0
2005-09-22 00:00:00-04:00,16.80644829570928,16.91849232224154,16.668262727614405,16.798978805541992,916030,0.0,0.0
2005-09-23 00:00:00-04:00,16.806451423668264,16.877413267487597,16.731756508093397,16.866209030151367,917910,0.0,0.0
2005-09-26 00:00:00-04:00,16.925972300361636,16.97825876393128,16.851277352405003,16.873685836791992,830490,0.0,0.0
2005-09-27 00:00:00-04:00,16.914761885706195,17.06415172710477,16.862475441216695,16.974517822265625,1044458,0.0,0.0
2005-09-28 00:00:00-04:00,16.993199188492895,17.108976367602345,16.86995251395703,17.01934242248535,992758,0.0,0.0
2005-09-29 00:00:00-04:00,16.996924868370396,17.217276539916433,16.91849520823514,17.15005111694336,1114958,0.0,0.0
2005-09-30 00:00:00-04:00,17.191134031761212,17.25835945751811,17.026803539221095,17.127641677856445,1061495,0.0,0.0
2005-10-03 00:00:00-04:00,17.138851219908155,17.422693640584882,17.135116473241666,17.36293601989746,866915,0.0,0.0
2005-10-04 00:00:00-04:00,17.3629295334079,17.415215967205434,17.146312633652286,17.153783798217773,662935,0.0,0.0
2005-10-05 00:00:00-04:00,17.14258468689433,17.25089233213742,16.746698221751956,16.75043296813965,1036350,0.0,0.0
2005-10-06 00:00:00-04:00,16.750432114440073,16.855006681989217,16.35454734349777,16.5898380279541,961150,0.0,0.0
2005-10-07 00:00:00-04:00,16.62345203520761,16.798985120120154,16.559961344920094,16.649595260620117,608180,0.0,0.0
2005-10-10 00:00:00-04:00,16.623455107936806,16.62718985511465,16.343347395574764,16.39189910888672,509128,0.0,0.0
2005-10-11 00:00:00-04:00,16.414300431359706,16.503935998549043,16.235032645027246,16.238765716552734,570463,0.0,0.0
2005-10-12 00:00:00-04:00,16.238764667901627,16.388156154221193,15.98853673230488,16.081905364990234,611235,0.0,0.0
2005-10-13 00:00:00-04:00,15.984808830876663,16.059503769005506,15.768191836279303,15.891438484191895,907570,0.0,0.0
2005-10-14 00:00:00-04:00,16.00347788251033,16.055764323900593,15.760717730603762,15.984804153442383,799940,0.0,0.0
2005-10-17 00:00:00-04:00,15.999743785914855,16.23876752768343,15.95865990627509,16.01468276977539,989233,0.0,0.0
2005-10-18 00:00:00-04:00,16.0146840660461,16.0146840660461,15.771923884639454,15.842884063720703,1054445,0.0,0.0
2005-10-19 00:00:00-04:00,15.824212084932245,15.86902904510498,15.458205236164615,15.86902904510498,1450420,0.0,0.0
2005-10-20 00:00:00-04:00,15.824207607251411,15.865289809118304,15.547834757032819,15.629999160766602,995108,0.0,0.0
2005-10-21 00:00:00-04:00,15.62999788019888,15.7457766590884,15.559037719151661,15.615058898925781,1010853,0.0,0.0
2005-10-24 00:00:00-04:00,15.618799343450254,15.906376511915596,15.611329850088131,15.86902904510498,722038,0.0,0.0
2005-10-25 00:00:00-04:00,15.824207776268524,16.022150970491815,15.77565608263453,15.977334022521973,669515,0.0,0.0
2005-10-26 00:00:00-04:00,15.90637186585948,16.037089635539186,15.75324729666177,15.820472717285156,751295,0.0,0.0
2005-10-27 00:00:00-04:00,15.865297790999492,15.932523246057562,15.652415509291622,15.674825668334961,607005,0.0,0.0
2005-10-28 00:00:00-04:00,15.693499796474832,15.966138045020504,15.637478582532028,15.962403297424316,525460,0.0,0.0
2005-10-31 00:00:00-05:00,16.03709572026858,16.216363576614686,15.999748250196477,16.134199142456055,865505,0.0,0.0
2005-11-01 00:00:00-05:00,16.115521618333986,16.152869079624946,15.939986876243111,15.969864845275879,959975,0.0,0.0
2005-11-02 00:00:00-05:00,16.014682338949047,16.115520477294922,15.861556084474662,16.115520477294922,873025,0.0,0.0
2005-11-03 00:00:00-05:00,16.156606476381796,16.242507325467127,15.891437783689456,15.981073379516602,1157258,0.0,0.0
2005-11-04 00:00:00-05:00,16.15660180282921,16.235033135743414,15.876494204195174,15.954925537109375,859278,0.0,0.0
2005-11-07 00:00:00-05:00,15.962394103676132,16.003476303572363,15.760716175617034,15.857819557189941,897113,0.0,0.0
2005-11-08 00:00:00-05:00,15.816736693399443,16.00721037712823,15.727102806479067,15.947454452514648,739898,0.0,0.0
2005-11-09 00:00:00-05:00,15.932514907545011,16.335870774839258,15.857819996573154,16.238765716552734,1094395,0.0,0.0
2005-11-10 00:00:00-05:00,16.22382905852982,16.283584989701946,15.939985037415877,16.268644332885742,825085,0.0,0.0
2005-11-11 00:00:00-05:00,16.26865259849521,16.26865259849521,16.07818047111094,16.20889663696289,790070,0.0,0.0
2005-11-14 00:00:00-05:00,16.137934833060484,16.216364524797747,15.984810196811543,16.022157669067383,599250,0.0,0.0
2005-11-15 00:00:00-05:00,15.999752988551117,16.11926492817552,15.94746651496544,16.066978454589844,577043,0.0,0.0
2005-11-16 00:00:00-05:00,16.066970368385125,16.21636021773052,16.059500875917855,16.12299156188965,702063,0.0,0.0
2005-11-17 00:00:00-05:00,16.122989460222318,16.276115709864417,16.115519968728712,16.22382926940918,931070,0.0,0.0
2005-11-18 00:00:00-05:00,16.35827661693555,16.362011361883418,16.05949534708337,16.261173248291016,1065020,0.0,0.0
2005-11-21 00:00:00-05:00,16.223834688500176,16.350816086305837,16.223834688500176,16.320938110351562,332290,0.0,0.0
2005-11-22 00:00:00-05:00,16.24623765300462,16.38068849913736,16.167806318737334,16.362014770507812,504663,0.0,0.0
2005-11-23 00:00:00-05:00,16.33960431749101,16.571160198480083,16.31346110057548,16.500198364257812,517940,0.0,0.0
2005-11-25 00:00:00-05:00,16.470325886426206,16.597308942036516,16.45912164687443,16.55622673034668,131483,0.0,0.0
2005-11-28 00:00:00-05:00,16.55622966816032,16.58610764560007,16.432981337197514,16.48153305053711,374003,0.0,0.0
2005-11-29 00:00:00-05:00,16.545019840433177,16.672001201678693,16.44418002659729,16.477792739868164,834368,0.0,0.0
2005-11-30 00:00:00-05:00,16.440443276842313,16.507668695190315,16.283583967363636,16.29852294921875,761165,0.0,0.0
2005-12-01 00:00:00-05:00,16.335874114587032,16.56369531365065,16.3321393682749,16.43671226501465,888300,0.0,0.0
2005-12-02 00:00:00-05:00,16.376958838848356,16.380693585733994,16.27985541982178,16.332141876220703,528868,0.0,0.0
2005-12-05 00:00:00-05:00,16.332141876220703,16.38816307950527,16.17154608611458,16.332141876220703,669045,0.0,0.0
2005-12-06 00:00:00-05:00,16.376960421683506,16.41057314690292,16.18648663808297,16.205162048339844,748240,0.0,0.0
2005-12-07 00:00:00-05:00,16.20515510469016,16.294789000201902,16.081906824338365,16.137928009033203,622868,0.0,0.0
2005-12-08 00:00:00-05:00,16.137934218111713,16.309734257965857,16.081913011862685,16.21636390686035,626275,0.0,0.0
2005-12-09 00:00:00-05:00,16.19021872408658,16.39563146290911,16.19021872408658,16.35828399658203,484805,0.0,0.0
2005-12-12 00:00:00-05:00,16.37321870532746,16.414300907553816,16.156601783201708,16.227561950683594,466240,0.0,0.0
2005-12-13 00:00:00-05:00,16.19769341340137,16.362023991979633,16.19769341340137,16.324676513671875,798295,0.0,0.0
2005-12-14 00:00:00-05:00,16.354549212620594,16.548756037078135,16.343344972748042,16.54502296447754,816860,0.0,0.0
2005-12-15 00:00:00-05:00,16.543132643703487,16.724509028855618,16.45622312581809,16.645156860351562,818153,0.438298,0.0
2005-12-16 00:00:00-05:00,16.728297598584252,16.777420393646217,16.664058403635103,16.701845169067383,1114723,0.0,0.0
2005-12-19 00:00:00-05:00,16.671606281026417,16.694278327399598,16.482672561249885,16.50156593322754,568348,0.0,0.0
2005-12-20 00:00:00-05:00,16.531797795181905,16.58847791957238,16.501568395506983,16.55824851989746,509950,0.0,0.0
2005-12-21 00:00:00-05:00,16.607374466317474,16.664054601533653,16.403324285825352,16.437334060668945,458250,0.0,0.0
2005-12-22 00:00:00-05:00,16.505345041428868,16.58847588031545,16.4108764853444,16.494009017944336,406668,0.0,0.0
2005-12-23 00:00:00-05:00,16.4637802717996,16.596033884339118,16.4637802717996,16.48267364501953,296453,0.0,0.0
2005-12-27 00:00:00-05:00,16.478890293031405,16.592250500175,16.44488223088833,16.497783660888672,401145,0.0,0.0
2005-12-28 00:00:00-05:00,16.5318011720389,16.580923956544677,16.342865691764306,16.433555603027344,431460,0.0,0.0
2005-12-29 00:00:00-05:00,16.433552275239563,16.53557649932247,16.365534432137395,16.388206481933594,539208,0.0,0.0
2005-12-30 00:00:00-05:00,16.293739704767823,16.35419850458423,16.23705957993994,16.3201904296875,610413,0.0,0.0
2006-01-03 00:00:00-05:00,16.33152470587552,16.531796152535897,16.184156397103212,16.52046012878418,730145,0.0,0.0
2006-01-04 00:00:00-05:00,16.49400797705483,16.51668002259313,16.195491017087303,16.478893280029297,937768,0.0,0.0
2006-01-05 00:00:00-05:00,16.40710077845364,16.512905377159854,16.308855223817698,16.33908462524414,450613,0.0,0.0
2006-01-06 00:00:00-05:00,16.433552943336885,16.51668379596926,16.346641721871215,16.51290512084961,478578,0.0,0.0
2006-01-09 00:00:00-05:00,16.48266896660286,16.512898355174485,16.331520330031797,16.497783660888672,644135,0.0,0.0
2006-01-10 00:00:00-05:00,16.399545989729685,16.46756384727733,16.331529825895963,16.46378517150879,528045,0.0,0.0
2006-01-11 00:00:00-05:00,16.475117164139448,16.501567888041574,16.350419200601618,16.467559814453125,690430,0.0,0.0
2006-01-12 00:00:00-05:00,16.418437848331706,16.626266690071734,16.369315067889136,16.490234375,1221530,0.0,0.0
2006-01-13 00:00:00-05:00,16.49023150571804,16.588477049508565,16.437330059061605,16.573362350463867,637673,0.0,0.0
2006-01-17 00:00:00-05:00,16.546910671530792,16.71317235142063,16.516681275187185,16.656492233276367,929308,0.0,0.0
2006-01-18 00:00:00-05:00,16.62626309871661,16.690500566958207,16.53179623365544,16.61870574951172,883835,0.0,0.0
2006-01-19 00:00:00-05:00,16.62248512235913,16.664050544732046,16.520460903807432,16.573362350463867,639435,0.0,0.0
2006-01-20 00:00:00-05:00,16.520461799458335,16.59981397374504,16.342862382341192,16.388206481933594,672923,0.0,0.0
2006-01-23 00:00:00-05:00,16.342863082885742,16.460002011853998,16.267289580325578,16.342863082885742,465535,0.0,0.0
2006-01-24 00:00:00-05:00,16.34285769639568,16.62625993130257,16.32396432698276,16.60736656188965,1185693,0.0,0.0
2006-01-25 00:00:00-05:00,16.607369046382683,16.64515579086149,16.036785817326017,16.157703399658203,1447483,0.0,0.0
2006-01-26 00:00:00-05:00,16.21061068689413,16.286184195204793,16.02167522240371,16.085912704467773,806873,0.0,0.0
2006-01-27 00:00:00-05:00,16.08968952078532,16.28618231340287,16.040566746059326,16.051902770996094,673510,0.0,0.0
2006-01-30 00:00:00-05:00,16.021671470590114,16.055679541366203,15.949876654507262,15.968770027160645,622280,0.0,0.0
2006-01-31 00:00:00-05:00,15.934763256793893,16.036787477448183,15.900755183242463,15.946099281311035,663523,0.0,0.0
2006-02-01 00:00:00-05:00,15.946096466415662,16.06323536574812,15.942317792243648,15.995219230651855,909920,0.0,0.0
2006-02-02 00:00:00-05:00,15.946103381405692,15.980111463701348,15.692930408379631,15.772282600402832,973723,0.0,0.0
2006-02-03 00:00:00-05:00,15.68159153516423,15.757165037662261,15.55689525604248,15.55689525604248,790658,0.0,0.0
2006-02-06 00:00:00-05:00,15.530441541955133,15.885640361516483,15.515326842715373,15.881861686706543,1174295,0.0,0.0
2006-02-07 00:00:00-05:00,15.85163742540006,15.930989622125132,15.810071989020262,15.908317565917969,876903,0.0,0.0
2006-02-08 00:00:00-05:00,15.90453065371389,15.927202698180322,15.794947411746294,15.885637283325195,1341380,0.0,0.0
2006-02-09 00:00:00-05:00,15.878087698613264,16.002784004147745,15.851636967136253,15.866751670837402,813570,0.0,0.0
2006-02-10 00:00:00-05:00,15.862966926956439,15.953655114472983,15.85163090351687,15.88941764831543,1078415,0.0,0.0
2006-02-13 00:00:00-05:00,15.87053272432883,15.972556989595855,15.83652294219224,15.957442283630371,529573,0.0,0.0
2006-02-14 00:00:00-05:00,15.957434568653065,15.968770592646525,15.7949498643667,15.942319869995117,774443,0.0,0.0
2006-02-15 00:00:00-05:00,15.927205917128413,15.999000739115454,15.813843978172207,15.862968444824219,901460,0.0,0.0
2006-02-16 00:00:00-05:00,15.870524611862175,16.123697501085022,15.85163123906296,16.116138458251953,625805,0.0,0.0
2006-02-17 00:00:00-05:00,16.116137718200598,16.25595036420798,16.05190025363305,16.199270248413086,1148093,0.0,0.0
2006-02-21 00:00:00-05:00,16.240838014602442,16.38064898710901,16.153928491152417,16.191715240478516,990525,0.0,0.0
2006-02-22 00:00:00-05:00,16.229495681221664,16.3504132320632,16.21438098736647,16.335298538208008,724975,0.0,0.0
2006-02-23 00:00:00-05:00,16.297514271220646,16.418431840370637,16.218162116465965,16.395761489868164,906278,0.0,0.0
2006-02-24 00:00:00-05:00,16.361752555488522,16.414655688374424,16.32396581322233,16.41087532043457,788425,0.0,0.0
2006-02-27 00:00:00-05:00,16.45621946871386,16.550686314987008,16.365529602578572,16.543128967285156,896173,0.0,0.0
2006-02-28 00:00:00-05:00,16.51290598485068,16.53935671207223,16.274847746143003,16.361757278442383,1044105,0.0,0.0
2006-03-01 00:00:00-05:00,16.342862964994,16.380649716001503,16.195494636064748,16.27862548828125,644253,0.0,0.0
2006-03-02 00:00:00-05:00,16.116139952424447,16.27106731745513,16.051902478951483,16.25973129272461,798883,0.0,0.0
2006-03-03 00:00:00-05:00,16.191718128978113,16.267291641112145,16.08969219388332,16.240840911865234,789483,0.0,0.0
2006-03-06 00:00:00-05:00,16.240843339745368,16.240843339745368,15.957440933162435,16.063243865966797,2150015,0.0,0.0
2006-03-07 00:00:00-05:00,16.063236105851725,16.301294283370247,15.919646480699361,15.998998641967773,616523,0.0,0.0
2006-03-08 00:00:00-05:00,15.957434220355022,16.11991722738149,15.813842892525216,15.964991569519043,807225,0.0,0.0
2006-03-09 00:00:00-05:00,15.946096068569016,16.010333527890577,15.859186564781023,15.885637283325195,1265593,0.0,0.0
2006-03-10 00:00:00-05:00,15.983888460927606,16.033011241307037,15.88186422475494,15.953659057617188,990408,0.0,0.0
2006-03-13 00:00:00-05:00,15.949880389508582,16.13125850316794,15.904536284522186,16.085912704467773,782433,0.0,0.0
2006-03-14 00:00:00-05:00,16.067011417357364,16.169037297061642,16.00277396691837,16.161479949951172,720863,0.0,0.0
2006-03-15 00:00:00-05:00,16.13503535524976,16.3353051296416,16.123699330284182,16.3201904296875,858573,0.0,0.0
2006-03-16 00:00:00-05:00,16.3373966217041,16.452124868496938,16.27620650926179,16.3373966217041,1189218,0.438298,0.0
2006-03-17 00:00:00-05:00,16.406234782377897,16.417707607905147,16.314450464006974,16.40241050720215,909920,0.0,0.0
2006-03-20 00:00:00-05:00,16.39859451729071,16.40241879439865,16.096474911609928,16.157663345336914,682675,0.0,0.0
2006-03-21 00:00:00-05:00,16.169135319505013,16.169135319505013,16.019988520202034,16.046756744384766,612293,0.0,0.0
2006-03-22 00:00:00-05:00,16.054402927742817,16.119415618590587,15.985564246809563,16.088821411132812,533920,0.0,0.0
2006-03-23 00:00:00-05:00,16.04293062006912,16.09264620879982,15.966443384791656,16.023807525634766,685730,0.0,0.0
2006-03-24 00:00:00-05:00,15.98556408366889,16.004685463134855,15.801998840795626,15.824944496154785,1277460,0.0,0.0
2006-03-27 00:00:00-05:00,15.794356500916011,15.832599274888791,15.664329355254637,15.67962646484375,880545,0.0,0.0
2006-03-28 00:00:00-05:00,15.675789483733793,15.725506763761276,15.534291334705083,15.618425369262695,1066078,0.0,0.0
2006-03-29 00:00:00-05:00,15.67197173033359,15.752283238162203,15.564892005433098,15.721687316894531,1001923,0.0,0.0
2006-03-30 00:00:00-05:00,15.687266678122432,15.74080653321515,15.446337330205207,15.568714141845703,840478,0.0,0.0
2006-03-31 00:00:00-05:00,15.568716549323778,15.645202068426471,15.297191242355936,15.331609725952148,1291678,0.0,0.0
2006-04-03 00:00:00-04:00,15.488407692660902,15.733163082771775,15.438692102232036,15.610784530639648,1271233,0.0,0.0
2006-04-04 00:00:00-04:00,15.641378262789509,15.767581087257003,15.453987021199994,15.740809440612793,874553,0.0,0.0
2006-04-05 00:00:00-04:00,15.706389319595415,15.916726195691524,15.649025184520061,15.909077644348145,904280,0.0,0.0
2006-04-06 00:00:00-04:00,15.889958313246527,15.889958313246527,15.65667575306423,15.809648513793945,1013555,0.0,0.0
2006-04-07 00:00:00-04:00,15.809650914031318,15.809650914031318,15.400449874007533,15.492234230041504,1084643,0.0,0.0
2006-04-10 00:00:00-04:00,15.568711872922592,15.568711872922592,15.297186647513257,15.31630802154541,806403,0.0,0.0
2006-04-11 00:00:00-04:00,15.373672801523403,15.41191555122422,15.067729089764024,15.148038864135742,1155965,0.0,0.0
2006-04-12 00:00:00-04:00,15.186287000336192,15.274245345918155,15.075381285231774,15.266596794128418,981360,0.0,0.0
2006-04-13 00:00:00-04:00,15.266594968826508,15.285716346014661,15.109797961730612,15.170988082885742,602893,0.0,0.0
2006-04-17 00:00:00-04:00,15.201580129379824,15.274241352384642,15.136565742012188,15.193931579589844,1042108,0.0,0.0
2006-04-18 00:00:00-04:00,15.190109502133685,15.278067837442737,14.97594836288034,15.255122184753418,1832413,0.0,0.0
2006-04-19 00:00:00-04:00,15.255123849994805,15.32778509144264,15.018017032169686,15.19011116027832,1263478,0.0,0.0
2006-04-20 00:00:00-04:00,15.186282975297084,15.377496719360352,15.13274312695937,15.377496719360352,1213658,0.0,0.0
2006-04-21 00:00:00-04:00,15.46163807032789,15.561069253185448,15.40044793595444,15.49605655670166,1144920,0.0,0.0
2006-04-24 00:00:00-04:00,15.507533252430731,15.687274281647072,15.431047708083353,15.660504341125488,951045,0.0,0.0
2006-04-25 00:00:00-04:00,15.622260440285729,15.63755754805003,15.331613678610292,15.404274940490723,975368,0.0,0.0
2006-04-26 00:00:00-04:00,15.404269718074005,15.518999701563764,15.239825865358176,15.358378410339355,808165,0.0,0.0
2006-04-27 00:00:00-04:00,15.358382668862873,15.756110874483587,15.201587323960439,15.69492244720459,1294028,0.0,0.0
2006-04-28 00:00:00-04:00,15.679618795167533,15.679618795167533,15.518999223048825,15.595484733581543,738958,0.0,0.0
2006-05-01 00:00:00-04:00,15.637551359879021,15.675794114156158,15.312486234370324,15.350728988647461,1057618,0.0,0.0
2006-05-02 00:00:00-04:00,15.446340923163875,15.511353619470428,15.404272170223873,15.49988079071045,629448,0.0,0.0
2006-05-03 00:00:00-04:00,15.499870783278608,15.538113521120598,15.343073843974144,15.434856414794922,583035,0.0,0.0
2006-05-04 00:00:00-04:00,15.431041794599754,15.553418618658315,15.42339152894291,15.511351585388184,445443,0.0,0.0
2006-05-05 00:00:00-04:00,15.603136719777865,15.68727079988658,15.434866845406976,15.62990665435791,701828,0.0,0.0
2006-05-08 00:00:00-04:00,15.629904162508005,15.721686780721125,15.595485680678086,15.683444023132324,650363,0.0,0.0
2006-05-09 00:00:00-04:00,15.721685406209216,15.721685406209216,15.434863035216274,15.457810401916504,1001335,0.0,0.0
2006-05-10 00:00:00-04:00,15.488408576000703,15.61843397376877,15.469287193975987,15.530475616455078,817800,0.0,0.0
2006-05-11 00:00:00-04:00,15.515180578019338,15.545774793335141,15.29337080282606,15.431046485900879,827788,0.0,0.0
2006-05-12 00:00:00-04:00,15.431037492610272,15.46928023946695,15.178633649203492,15.18245792388916,644253,0.0,0.0
2006-05-15 00:00:00-04:00,15.20158195766902,15.411917102190433,15.170987754829541,15.28954029083252,863038,0.0,0.0
2006-05-16 00:00:00-04:00,15.308652535176632,15.354543812059246,15.11361460842552,15.136558532714844,515708,0.0,0.0
2006-05-17 00:00:00-04:00,15.067733540940871,15.197760642487944,14.826804146652481,14.914762496948242,877843,0.0,0.0
2006-05-18 00:00:00-04:00,14.914766618103917,15.113630744396573,14.872699569382238,14.97213077545166,742013,0.0,0.0
2006-05-19 00:00:00-04:00,15.048600252023167,15.197748616043647,14.87268369063981,15.136558532714844,1189100,0.0,0.0
2006-05-22 00:00:00-04:00,15.13656956620729,15.427217959963343,15.07538115242843,15.36602783203125,1321758,0.0,0.0
2006-05-23 00:00:00-04:00,15.366024031096588,15.427214143892714,15.060080323727187,15.079201698303223,826143,0.0,0.0
2006-05-24 00:00:00-04:00,15.079208201664514,15.22835670183518,14.914764309389229,15.197762489318848,962090,0.0,0.0
2006-05-25 00:00:00-04:00,15.308670085191622,15.392804189261941,15.190117484001627,15.3889799118042,741073,0.0,0.0
2006-05-26 00:00:00-04:00,15.450167419955672,15.457815973561596,15.34691023212205,15.45398998260498,629213,0.0,0.0
2006-05-30 00:00:00-04:00,15.373676814962439,15.419569840737047,15.224530052193119,15.239827156066895,866210,0.0,0.0
2006-05-31 00:00:00-04:00,15.255122090263267,15.572538664652466,15.255122090263267,15.457810401916504,902400,0.0,0.0
2006-06-01 00:00:00-04:00,15.446339305591536,15.564891857029599,15.392797729498538,15.561067581176758,856340,0.0,0.0
2006-06-02 00:00:00-04:00,15.603132457925106,15.71403815647445,15.507525574824802,15.671969413757324,754703,0.0,0.0
2006-06-05 00:00:00-04:00,15.671972711060388,15.702566920089351,15.526650218172817,15.545771598815918,648013,0.0,0.0
2006-06-06 00:00:00-04:00,15.603133203152778,15.603133203152778,15.270419519919855,15.427216529846191,836600,0.0,0.0
2006-06-07 00:00:00-04:00,15.465458748114829,15.706388096672189,15.442511381718257,15.564889907836914,927310,0.0,0.0
2006-06-08 00:00:00-04:00,15.610780503493215,15.80964452806068,15.545767825088465,15.736983299255371,1049158,0.0,0.0
2006-06-09 00:00:00-04:00,15.698741594465556,15.863187171156037,15.67962021510076,15.832592964172363,1166305,0.0,0.0
2006-06-12 00:00:00-04:00,15.87083261571797,16.02762789581199,15.805819938605817,15.943493843078613,843885,0.0,0.0
2006-06-13 00:00:00-04:00,15.9664438365347,15.997038045849969,15.79435140913631,15.809648513793945,1161488,0.0,0.0
2006-06-14 00:00:00-04:00,15.80964452806068,15.840238729662916,15.656671805896568,15.736983299255371,1033295,0.0,0.0
2006-06-15 00:00:00-04:00,15.735047978813784,15.862848521401597,15.626611154799882,15.754411697387695,1117190,0.438298,0.0
2006-06-16 00:00:00-04:00,15.723428737840681,15.886083963415091,15.704065020510395,15.781519889831543,716045,0.0,0.0
2006-06-19 00:00:00-04:00,15.812508462372788,15.816381207461372,15.510432609584692,15.5801420211792,863390,0.0,0.0
2006-06-20 00:00:00-04:00,15.587881402791206,15.611117864216824,15.471699095663116,15.568517684936523,988528,0.0,0.0
2006-06-21 00:00:00-04:00,15.510425939265621,15.614991747567016,15.440716557649905,15.463953018188477,1098625,0.0,0.0
2006-06-22 00:00:00-04:00,15.44846668656756,15.44846668656756,15.33228434896336,15.401993751525879,1177585,0.0,0.0
2006-06-23 00:00:00-04:00,15.40199726059964,15.463961188105936,15.297431397054023,15.363269805908203,954218,0.0,0.0
2006-06-26 00:00:00-04:00,15.363266937329946,15.471703790218996,15.34390321359976,15.421358108520508,726503,0.0,0.0
2006-06-27 00:00:00-04:00,15.440718201292782,15.49493661498759,15.34777234924454,15.398118019104004,682675,0.0,0.0
2006-06-28 00:00:00-04:00,15.444591333339908,15.487191516599475,15.355518222888087,15.467827796936035,629565,0.0,0.0
2006-06-29 00:00:00-04:00,15.564646396414817,15.76215807287469,15.491064261688255,15.723430633544922,977013,0.0,0.0
2006-06-30 00:00:00-04:00,15.73505254724759,15.78927097499604,15.626615691750693,15.777652740478516,1061495,0.0,0.0
2006-07-03 00:00:00-04:00,15.777647921421734,15.870593769172952,15.71955676657722,15.862848281860352,377293,0.0,0.0
2006-07-05 00:00:00-04:00,15.754409037731882,15.855100357317534,15.738918065487937,15.789263725280762,650010,0.0,0.0
2006-07-06 00:00:00-04:00,15.820244274405457,15.82798975984427,15.719552963700892,15.804753303527832,424645,0.0,0.0
2006-07-07 00:00:00-04:00,15.804754411399431,16.03324798373871,15.742790523545423,15.948047637939453,764808,0.0,0.0
2006-07-10 00:00:00-04:00,16.02550634071154,16.099088475183347,15.917067775085572,16.064233779907227,546728,0.0,0.0
2006-07-11 00:00:00-04:00,16.075851574436058,16.157179194535058,16.03325139247944,16.137815475463867,447205,0.0,0.0
2006-07-12 00:00:00-04:00,16.168802607699384,16.168802607699384,15.979038099986651,16.03325653076172,755173,0.0,0.0
2006-07-13 00:00:00-04:00,16.037123628651873,16.207524351084455,16.033250884960225,16.122323989868164,1164660,0.0,0.0
2006-07-14 00:00:00-04:00,16.091345858728825,16.164928006330832,15.955799797356706,16.006145477294922,546140,0.0,0.0
2006-07-17 00:00:00-04:00,16.021628146830505,16.21139253433859,16.00613717642168,16.07197380065918,702650,0.0,0.0
2006-07-18 00:00:00-04:00,16.1494313987585,16.1494313987585,15.979030695286449,16.068103790283203,867738,0.0,0.0
2006-07-19 00:00:00-04:00,16.145564140191272,16.30047565912204,16.08747297154661,16.176546096801758,947403,0.0,0.0
2006-07-20 00:00:00-04:00,16.14943565822053,16.37405656246497,16.137817425374,16.30821990966797,740955,0.0,0.0
2006-07-21 00:00:00-04:00,16.401164109417486,16.55220285698575,16.292727280511674,16.51347541809082,885950,0.0,0.0
2006-07-24 00:00:00-04:00,16.50960375406407,16.63353331554228,16.501858264964078,16.517349243164062,980773,0.0,0.0
2006-07-25 00:00:00-04:00,16.532838267575727,16.68774801500406,16.482490863783575,16.6606388092041,755055,0.0,0.0
2006-07-26 00:00:00-04:00,16.652887195235387,16.741960267236696,16.583177834538713,16.734214782714844,1052213,0.0,0.0
2006-07-27 00:00:00-04:00,16.803926423374584,16.896872240646264,16.474739848782665,16.497976303100586,1410353,0.0,0.0
2006-07-28 00:00:00-04:00,16.2656221297825,16.49798682110172,16.19978373136359,16.323713302612305,2148723,0.0,0.0
2006-07-31 00:00:00-04:00,16.34308012300046,16.509608183327106,16.3237163950555,16.38955307006836,1570035,0.0,0.0
2006-08-01 00:00:00-04:00,16.393422119667378,16.455386035121133,16.269494288759873,16.451513290405273,1398015,0.0,0.0
2006-08-02 00:00:00-04:00,16.451504425597207,16.556070212459087,16.33144940409659,16.38566780090332,1045045,0.0,0.0
2006-08-03 00:00:00-04:00,16.385675525459632,16.44376669228083,16.137818144477574,16.161054611206055,616405,0.0,0.0
2006-08-04 00:00:00-04:00,16.277241510798852,16.35082366823253,16.133948205181,16.300477981567383,789130,0.0,0.0
2006-08-07 00:00:00-04:00,16.25012845504337,16.312094104948386,15.940307149031735,15.979036331176758,536505,0.0,0.0
2006-08-08 00:00:00-04:00,16.006134971121103,16.17653562214062,15.994516744915225,16.09133529663086,763515,0.0,0.0
2006-08-09 00:00:00-04:00,16.180410541160487,16.23075619482624,16.087464719008324,16.099082946777344,652595,0.0,0.0
2006-08-10 00:00:00-04:00,16.11457174904261,16.137808201454366,15.971280292503474,16.09133529663086,624983,0.0,0.0
2006-08-11 00:00:00-04:00,16.044870244979013,16.052615732907295,15.97516085362445,15.982906341552734,311023,0.0,0.0
2006-08-14 00:00:00-04:00,16.110709392725603,16.110709392725603,15.944181376422604,15.971290588378906,939295,0.0,0.0
2006-08-15 00:00:00-04:00,16.033253608625753,16.033253608625753,15.878342098766074,15.944180488586426,1013085,0.0,0.0
2006-08-16 00:00:00-04:00,16.02550685505313,16.02550685505313,15.797013220586987,15.824122428894043,710758,0.0,0.0
2006-08-17 00:00:00-04:00,15.804765523802315,15.839620235226702,15.661473932390951,15.76991081237793,622163,0.0,0.0
2006-08-18 00:00:00-04:00,15.862846574273028,15.963539634375474,15.80088268244244,15.897701263427734,514415,0.0,0.0
2006-08-21 00:00:00-04:00,15.909324309518126,16.00614465569245,15.878342354223387,15.893835067749023,439685,0.0,0.0
2006-08-22 00:00:00-04:00,15.905446749906558,15.940301439061264,15.858973831033616,15.897701263427734,471645,0.0,0.0
2006-08-23 00:00:00-04:00,15.917062351172621,15.9441732852493,15.688570537779153,15.704061508178711,364250,0.0,0.0
2006-08-24 00:00:00-04:00,15.754410003429355,15.855101329187079,15.692446110655371,15.847355842590332,448263,0.0,0.0
2006-08-25 00:00:00-04:00,15.855098389854463,15.870589360176131,15.762152567924455,15.816370964050293,379760,0.0,0.0
2006-08-28 00:00:00-04:00,15.847357007296258,16.095214332486304,15.804756827883232,16.079723358154297,668340,0.0,0.0
2006-08-29 00:00:00-04:00,16.087476192875137,16.21527852536265,16.006148540487704,16.188167572021484,1029535,0.0,0.0
2006-08-30 00:00:00-04:00,16.226891339306373,16.226891339306373,16.013890393345363,16.017763137817383,1247968,0.0,0.0
2006-08-31 00:00:00-04:00,16.033245656955106,16.188155354109252,16.025500172097402,16.164918899536133,736608,0.0,0.0
2006-09-01 00:00:00-04:00,16.207530058253003,16.246259244685177,16.021638295595633,16.03325653076172,821795,0.0,0.0
2006-09-05 00:00:00-04:00,16.02163328064213,16.03325151217158,15.804757889547776,15.886085510253906,742130,0.0,0.0
2006-09-06 00:00:00-04:00,15.886083963415091,15.886083963415091,15.723428737840681,15.781519889831543,709348,0.0,0.0
2006-09-07 00:00:00-04:00,15.820248854139644,15.967414855957031,15.738921233488934,15.967414855957031,1983870,0.0,0.0
2006-09-08 00:00:00-04:00,15.963544210334106,16.029380864276217,15.932562255537817,15.944180488586426,1386030,0.0,0.0
2006-09-11 00:00:00-04:00,15.955804045564292,16.013895230190457,15.870601905567097,15.878347396850586,795710,0.0,0.0
2006-09-12 00:00:00-04:00,15.994526165130393,15.994526165130393,15.870596610067002,15.944180488586426,1553350,0.0,0.0
2006-09-13 00:00:00-04:00,15.955804878315886,16.168805899728596,15.87834822555963,16.13395118713379,1968595,0.0,0.0
2006-09-14 00:00:00-04:00,16.17119414243814,16.27314579756017,16.018264902149763,16.045713424682617,1114253,0.438298,0.0
2006-09-15 00:00:00-04:00,16.135906219482422,16.194724493114435,16.084928624729013,16.135906219482422,951985,0.0,0.0
2006-09-18 00:00:00-04:00,16.116292148940587,16.13589999018728,15.869255495055109,15.900625228881836,1040580,0.0,0.0
2006-09-19 00:00:00-04:00,15.873183540800966,15.982977656430528,15.873183540800966,15.877104759216309,821678,0.0,0.0
2006-09-20 00:00:00-04:00,15.881020814342605,16.006499762837407,15.853572294359367,15.935917854309082,713695,0.0,0.0
2006-09-21 00:00:00-04:00,15.896713256835938,15.963373979984063,15.806523462029523,15.896713256835938,879605,0.0,0.0
2006-09-22 00:00:00-04:00,15.822202824334092,15.873178648020641,15.786910111868972,15.826122283935547,640023,0.0,0.0
2006-09-25 00:00:00-04:00,15.920233596876827,16.124138653613354,15.818281947311183,16.03394889831543,873025,0.0,0.0
2006-09-26 00:00:00-04:00,16.128067124006254,16.128067124006254,15.924163710954684,16.02611541748047,359080,0.0,0.0
2006-09-27 00:00:00-04:00,16.033943429338436,16.33195759940974,15.943755462407736,16.316272735595703,1027655,0.0,0.0
2006-09-28 00:00:00-04:00,16.351574814587416,16.371180907706695,16.182962413761626,16.363338470458984,922845,0.0,0.0
2006-09-29 00:00:00-04:00,16.351572233891634,16.402548067956467,16.249620565761962,16.277069091796875,1053388,0.0,0.0
2006-10-02 00:00:00-04:00,16.277067099652122,16.49273582113636,16.22217005430113,16.429994583129883,1174530,0.0,0.0
2006-10-03 00:00:00-04:00,16.40254724262376,16.504500663228963,16.280989490585622,16.41823387145996,1056325,0.0,0.0
2006-10-04 00:00:00-04:00,16.35941878217072,16.618220993160588,16.328049030245406,16.614299774169922,1521625,0.0,0.0
2006-10-05 00:00:00-04:00,16.57508058012664,16.653504926800135,16.492735016119475,16.57115936279297,747888,0.0,0.0
2006-10-06 00:00:00-04:00,16.56723584742157,16.590763148160153,16.390779334277198,16.437835693359375,637438,0.0,0.0
2006-10-09 00:00:00-04:00,16.429994863903378,16.477051232613725,16.33980685928552,16.45744514465332,343335,0.0,0.0
2006-10-10 00:00:00-04:00,16.47705841064453,16.50450694574672,16.39863226703214,16.47705841064453,423705,0.0,0.0
2006-10-11 00:00:00-04:00,16.484897801959004,16.837809231356456,16.484897801959004,16.794675827026367,1362178,0.0,0.0
2006-10-12 00:00:00-04:00,16.84172434884405,16.963282080647854,16.72016661704025,16.943675994873047,1457588,0.0,0.0
2006-10-13 00:00:00-04:00,17.006420629546533,17.006420629546533,16.8142809306532,16.93583869934082,971960,0.0,0.0
2006-10-16 00:00:00-04:00,17.02209575584221,17.053467242242274,16.92798656945612,17.010332107543945,851758,0.0,0.0
2006-10-17 00:00:00-04:00,17.045636736078897,17.327966250374633,17.02210766541548,17.32404327392578,2260700,0.0,0.0
2006-10-18 00:00:00-04:00,17.3240429283432,17.7593017264359,17.32012170957851,17.72793197631836,1984458,0.0,0.0
2006-10-19 00:00:00-04:00,17.727933135390344,17.76322410657994,17.6259796832366,17.74361801147461,1412350,0.0,0.0
2006-10-20 00:00:00-04:00,17.743615068032774,17.82203943544449,17.66126948225047,17.75537872314453,1896685,0.0,0.0
2006-10-23 00:00:00-04:00,17.755375490711966,17.81811497321938,17.57499772089774,17.76321792602539,1185928,0.0,0.0
2006-10-24 00:00:00-04:00,17.76322153505427,17.841645904122352,17.64558322384639,17.837724685668945,1229755,0.0,0.0
2006-10-25 00:00:00-04:00,17.833800462676585,18.02594189212823,17.81419437371269,17.95143699645996,937885,0.0,0.0
2006-10-26 00:00:00-04:00,17.84164244063692,17.892618270635555,17.70047860371762,17.73969078063965,1048923,0.0,0.0
2006-10-27 00:00:00-04:00,17.724009596685704,17.76714300027222,17.69656106713065,17.71224594116211,656003,0.0,0.0
2006-10-30 00:00:00-05:00,17.76322410657994,17.802436296790606,17.684799726158612,17.74361801147461,524050,0.0,0.0
2006-10-31 00:00:00-05:00,17.76321599424374,17.82203425269785,17.66518556348689,17.814191818237305,939060,0.0,0.0
2006-11-01 00:00:00-05:00,17.935759244781153,18.10437166027726,17.861254326839674,18.02202606201172,1129410,0.0,0.0
2006-11-02 00:00:00-05:00,18.045544410914662,18.0965202321356,17.89653640666372,18.02985954284668,1649818,0.0,0.0
2006-11-03 00:00:00-05:00,18.029870653990336,18.04947675115783,17.900468655078697,17.923995971679688,955158,0.0,0.0
2006-11-06 00:00:00-05:00,17.978894962420313,18.084767888073234,17.91615369331607,18.05339813232422,703943,0.0,0.0
2006-11-07 00:00:00-05:00,18.053388462985293,18.143576462459297,17.888695575905757,18.02593994140625,1598470,0.0,0.0
2006-11-08 00:00:00-05:00,18.029862454235527,18.12789289548997,17.95927877892693,18.069074630737305,1186045,0.0,0.0
2006-11-09 00:00:00-05:00,18.069069977837717,18.069069977837717,17.912219554615184,17.931825637817383,1009560,0.0,0.0
2006-11-10 00:00:00-05:00,17.93967121828512,18.112206538337574,17.88085295835994,18.10044288635254,810045,0.0,0.0
2006-11-13 00:00:00-05:00,18.108286515405055,18.13965625610092,18.00241188295114,18.065153121948242,509833,0.0,0.0
2006-11-14 00:00:00-05:00,18.112208478113406,18.1357357846032,17.986729510167844,18.049468994140625,1062670,0.0,0.0
2006-11-15 00:00:00-05:00,18.029864414095897,18.23376775406959,18.022021977943066,18.198476791381836,1304838,0.0,0.0
2006-11-16 00:00:00-05:00,18.237681723663318,18.414138224575854,18.21415442455563,18.35531997680664,903928,0.0,0.0
2006-11-17 00:00:00-05:00,18.37101653910345,18.52786529968183,18.351410444031153,18.410228729248047,1698110,0.0,0.0
2006-11-20 00:00:00-05:00,18.363162409842534,18.44158674020149,18.33963511073485,18.35531997680664,665873,0.0,0.0
2006-11-21 00:00:00-05:00,18.35924998616958,18.394540951733106,18.292589273438477,18.371013641357422,779143,0.0,0.0
2006-11-22 00:00:00-05:00,18.284745615979773,18.43375367700719,18.272981960446486,18.429832458496094,748358,0.0,0.0
2006-11-24 00:00:00-05:00,18.37100661584064,18.41021878480443,18.32787322998047,18.32787322998047,300448,0.0,0.0
2006-11-27 00:00:00-05:00,18.339643697164135,18.343564915517955,18.225926607297605,18.24161148071289,700418,0.0,0.0
2006-11-28 00:00:00-05:00,18.24553121009139,18.33964220050863,18.171028067448816,18.272979736328125,929543,0.0,0.0
2006-11-29 00:00:00-05:00,18.261217180163875,18.418065895850656,18.25337298677403,18.39061737060547,1039405,0.0,0.0
2006-11-30 00:00:00-05:00,18.382780437214144,18.508259447322352,18.331804589357688,18.465126037597656,1264300,0.0,0.0
2006-12-01 00:00:00-05:00,18.465120990992965,18.574916852435955,18.421987593056834,18.551387786865234,1091223,0.0,0.0
2006-12-04 00:00:00-05:00,18.55138229310257,18.78273584385308,18.55138229310257,18.731760025024414,757640,0.0,0.0
2006-12-05 00:00:00-05:00,18.731767363999165,18.75529467421484,18.665106651721405,18.727846145629883,721803,0.0,0.0
2006-12-06 00:00:00-05:00,18.731772271490083,18.739614710283266,18.645505444765092,18.665111541748047,604420,0.0,0.0
2006-12-07 00:00:00-05:00,18.71608781360687,18.727851472060436,18.508261423320935,18.54355239868164,643078,0.0,0.0
2006-12-08 00:00:00-05:00,18.582760490279238,18.696475819465494,18.457279748743908,18.516098022460938,701593,0.0,0.0
2006-12-11 00:00:00-05:00,18.586682408796584,18.770979673386837,18.52786237525779,18.755294799804688,1047748,0.0,0.0
2006-12-12 00:00:00-05:00,18.770971498417143,19.065064507607357,18.767050281729343,19.053300857543945,1493308,0.0,0.0
2006-12-13 00:00:00-05:00,19.116046905517578,19.18662883019686,19.033701326725083,19.116046905517578,1093808,0.0,0.0
2006-12-14 00:00:00-05:00,19.20722836540757,19.39355306394512,19.155692238152763,19.338050842285156,2513795,0.451064,0.0
2006-12-15 00:00:00-05:00,19.385623924177104,19.393554336583808,19.211193943560588,19.314266204833984,1148680,0.0,0.0
2006-12-18 00:00:00-05:00,19.294444167232136,19.33408734372266,19.100190825504473,19.120014190673828,942350,0.0,0.0
2006-12-19 00:00:00-05:00,19.112082950465734,19.2904790138686,19.02883228344227,19.231014251708984,859865,0.0,0.0
2006-12-20 00:00:00-05:00,19.246873851770612,19.326160210915692,19.171551810582788,19.17551612854004,766923,0.0,0.0
2006-12-21 00:00:00-05:00,19.155695597289732,19.25083923352143,19.123981051879166,19.179481506347656,764220,0.0,0.0
2006-12-22 00:00:00-05:00,19.24687406330184,19.24687406330184,19.116051569274664,19.14776611328125,658235,0.0,0.0
2006-12-26 00:00:00-05:00,19.17550731303873,19.365794487506744,19.15568573236498,19.342008590698242,524520,0.0,0.0
2006-12-27 00:00:00-05:00,19.39354521267485,19.520403320714145,19.39354521267485,19.500581741333008,730380,0.0,0.0
2006-12-28 00:00:00-05:00,19.496626378679043,19.508519331769197,19.25876553995184,19.270658493041992,590438,0.0,0.0
2006-12-29 00:00:00-05:00,19.270656355515793,19.306335210828713,19.104155030722175,19.191370010375977,731790,0.0,0.0
2007-01-03 00:00:00-05:00,19.238941808172434,19.59176782079822,19.21515590464197,19.504552841186523,1391435,0.0,0.0
2007-01-04 00:00:00-05:00,19.433189421616575,19.5441902721495,19.31029384588887,19.33407974243164,682910,0.0,0.0
2007-01-05 00:00:00-05:00,19.286515152800266,19.306336740655876,18.775114632277408,18.89801025390625,1293205,0.0,0.0
2007-01-08 00:00:00-05:00,18.8385490849239,18.945585679767856,18.727546394828,18.818727493286133,744715,0.0,0.0
2007-01-09 00:00:00-05:00,18.81872885614902,18.850443405066233,18.672047290482368,18.73151206970215,1168890,0.0,0.0
2007-01-10 00:00:00-05:00,18.739434126816164,18.76718612429849,18.58086143791088,18.699790954589844,884070,0.0,0.0
2007-01-11 00:00:00-05:00,18.739436659271544,18.775115519096886,18.489684640494126,18.545185089111328,1409883,0.0,0.0
2007-01-12 00:00:00-05:00,18.48571816376555,18.60068515330644,18.196322973385374,18.216144561767578,1613393,0.0,0.0
2007-01-16 00:00:00-05:00,18.15667405228186,18.477785490831607,17.938636627720978,18.350927352905273,1036468,0.0,0.0
2007-01-17 00:00:00-05:00,18.43021263763136,18.43021263763136,18.21613954209394,18.382640838623047,829785,0.0,0.0
2007-01-18 00:00:00-05:00,18.382648043177763,18.410398270141858,18.243896908357293,18.259754180908203,812395,0.0,0.0
2007-01-19 00:00:00-05:00,18.275610392638665,18.315253571714827,18.136857488947893,18.255788803100586,796885,0.0,0.0
2007-01-22 00:00:00-05:00,18.216146893042964,18.235968483961905,18.1249657978915,18.196325302124023,745185,0.0,0.0
2007-01-23 00:00:00-05:00,18.196325302124023,18.283540302167367,18.156680343361806,18.196325302124023,1058088,0.0,0.0
2007-01-24 00:00:00-05:00,18.140817442385814,18.517431106848896,18.140817442385814,18.44607162475586,1467105,0.0,0.0
2007-01-25 00:00:00-05:00,18.446069860760716,18.4539984939102,18.259746981747913,18.275604248046875,867385,0.0,0.0
2007-01-26 00:00:00-05:00,18.327143545943734,18.366786718574996,18.19235675899744,18.251821517944336,1207430,0.0,0.0
2007-01-29 00:00:00-05:00,18.271642907304187,18.43021559611993,18.247857003981824,18.315250396728516,1205198,0.0,0.0
2007-01-30 00:00:00-05:00,18.37075296890996,18.410396145712696,18.307323886025582,18.35886001586914,1072658,0.0,0.0
2007-01-31 00:00:00-05:00,18.374712205454994,18.47382012005565,18.231996808430047,18.382640838623047,1129763,0.0,0.0
2007-02-01 00:00:00-05:00,18.402467026988777,18.56500582453482,18.394538391836484,18.513469696044922,1289445,0.0,0.0
2007-02-02 00:00:00-05:00,18.517436558462062,18.68790223766334,18.517436558462062,18.60861587524414,1135873,0.0,0.0
2007-02-05 00:00:00-05:00,18.608609962202184,18.683931982566218,18.509502040670558,18.672039031982422,1216830,0.0,0.0
2007-02-06 00:00:00-05:00,18.672046023480117,18.8028685288866,18.672046023480117,18.71961784362793,1428565,0.0,0.0
2007-02-07 00:00:00-05:00,18.691864018950913,18.77115037060948,18.66807811345334,18.727542877197266,533098,0.0,0.0
2007-02-08 00:00:00-05:00,18.672031204203467,18.798891067504883,18.672031204203467,18.798891067504883,883130,0.0,0.0
2007-02-09 00:00:00-05:00,18.82665536336093,18.90594172668364,18.679973814289596,18.759260177612305,1404243,0.0,0.0
2007-02-12 00:00:00-05:00,18.727541348192634,18.775113155303785,18.525361167970228,18.529325485229492,1306953,0.0,0.0
2007-02-13 00:00:00-05:00,18.75132749328671,19.096226653133105,18.703755685562776,19.028831481933594,4091820,0.0,0.0
2007-02-14 00:00:00-05:00,19.028827428323186,19.262723876730742,19.028827428323186,19.15568733215332,1945683,0.0,0.0
2007-02-15 00:00:00-05:00,19.147765552737763,19.19930168523977,19.012976967731397,19.060548782348633,1018608,0.0,0.0
2007-02-16 00:00:00-05:00,18.96936946844394,19.10415805343215,18.858368567685343,19.024869918823242,1269470,0.0,0.0
2007-02-20 00:00:00-05:00,19.040727190360183,19.064514874589797,18.977298104212412,19.024869918823242,1179935,0.0,0.0
2007-02-21 00:00:00-05:00,19.024871615610586,19.036764570324,18.81872706724474,18.945585250854492,1515750,0.0,0.0
2007-02-22 00:00:00-05:00,19.001082516159883,19.04469000945463,18.901974576853643,18.93368911743164,1385443,0.0,0.0
2007-02-23 00:00:00-05:00,18.95351346321587,19.00901391730323,18.88612005468122,18.92972755432129,665168,0.0,0.0
2007-02-26 00:00:00-05:00,19.187405727534703,19.302370928193646,18.95350923202879,18.9852237701416,1277695,0.0,0.0
2007-02-27 00:00:00-05:00,19.0209093514479,19.028837988779728,18.390579129718642,18.489688873291016,1480500,0.0,0.0
2007-02-28 00:00:00-05:00,18.489681286974733,18.580860578879868,18.24785617065034,18.35489273071289,2464563,0.0,0.0
2007-03-01 00:00:00-05:00,18.35886016684129,18.580863735686336,18.196323140613465,18.537256240844727,1718085,0.0,0.0
2007-03-02 00:00:00-05:00,18.731512311911708,18.810800462154514,18.473829821702815,18.489688873291016,1938868,0.0,0.0
2007-03-05 00:00:00-05:00,18.354891391011865,18.430213409261924,18.16460418701172,18.16460418701172,1140808,0.0,0.0
2007-03-06 00:00:00-05:00,18.188396455559168,18.41832690756166,18.124965588427273,18.402469635009766,1107673,0.0,0.0
2007-03-07 00:00:00-05:00,18.374717286590233,18.54122040608583,18.267680709222848,18.35886001586914,1617858,0.0,0.0
2007-03-08 00:00:00-05:00,18.43418695066089,18.493653508592278,18.295435794978335,18.327150344848633,1018138,0.0,0.0
2007-03-09 00:00:00-05:00,18.374710532167185,18.509499060673214,18.287495575260813,18.426246643066406,841065,0.0,0.0
2007-03-12 00:00:00-04:00,18.366793517006123,18.48176053711551,18.343007604623057,18.434186935424805,1227405,0.0,0.0
2007-03-13 00:00:00-04:00,18.38264484722331,18.576898179123948,18.239929419077214,18.283536911010742,1942510,0.0,0.0
2007-03-14 00:00:00-04:00,18.331103234185857,18.446068405785194,18.097206797801668,18.362817764282227,2275270,0.0,0.0
2007-03-15 00:00:00-04:00,18.362824287153042,18.783897369792353,18.314700057073548,18.639528274536133,1891163,0.451064,0.0
2007-03-16 00:00:00-04:00,18.687655543250518,18.7798920270723,18.53927800437152,18.571359634399414,1476505,0.0,0.0
2007-03-19 00:00:00-04:00,18.671608033853648,18.79993630544692,18.55531216669842,18.775875091552734,1069250,0.0,0.0
2007-03-20 00:00:00-04:00,18.71973694015329,19.04055500312317,18.65156168624771,19.036544799804688,1012145,0.0,0.0
2007-03-21 00:00:00-04:00,18.988417636284705,19.24908260930764,18.807958514762685,19.16887855529785,1632780,0.0,0.0
2007-03-22 00:00:00-04:00,19.1287764930582,19.18491933076164,18.96435638514987,19.032529830932617,1233750,0.0,0.0
2007-03-23 00:00:00-04:00,19.084661458114393,19.16887570229061,18.908210768063842,19.14882469177246,1155730,0.0,0.0
2007-03-26 00:00:00-04:00,19.12476533238253,19.25309181213379,19.008469460107953,19.25309181213379,1566745,0.0,0.0
2007-03-27 00:00:00-04:00,19.20497705708845,19.277160730795206,19.080660730149038,19.18091583251953,1209663,0.0,0.0
2007-03-28 00:00:00-04:00,19.080654962183345,19.469646439282858,19.072634556418226,19.309236526489258,1906203,0.0,0.0
2007-03-29 00:00:00-04:00,19.3693961403032,19.461630829330918,19.212996391851505,19.321271896362305,1218475,0.0,0.0
2007-03-30 00:00:00-04:00,19.2891826989082,19.34933753086472,19.016488942664267,19.2089786529541,2304175,0.0,0.0
2007-04-02 00:00:00-04:00,19.168879397837088,19.61000351177099,19.168879397837088,19.54183006286621,1657808,0.0,0.0
2007-04-03 00:00:00-04:00,19.54983232926448,19.622015914070314,19.43353655374397,19.505720138549805,1136108,0.0,0.0
2007-04-04 00:00:00-04:00,19.549852482792815,19.589954515691947,19.349342318297158,19.38944435119629,1468868,0.0,0.0
2007-04-05 00:00:00-04:00,19.337304092305768,19.497712160724546,19.31725308375342,19.413497924804688,768803,0.0,0.0
2007-04-09 00:00:00-04:00,19.413499806574215,19.50974465695459,19.413499806574215,19.477663040161133,521465,0.0,0.0
2007-04-10 00:00:00-04:00,19.417509118098952,19.62202941577702,19.401468310437924,19.61802101135254,598780,0.0,0.0
2007-04-11 00:00:00-04:00,19.57791424040496,19.66614046671805,19.493700012892493,19.56588363647461,1046338,0.0,0.0
2007-04-12 00:00:00-04:00,19.537809474955015,19.662127495546112,19.501717668248315,19.650096893310547,1044810,0.0,0.0
2007-04-13 00:00:00-04:00,19.690200720417852,19.698221122649432,19.49770926936959,19.5297908782959,1343378,0.0,0.0
2007-04-16 00:00:00-04:00,19.545840313572207,19.654115791509458,19.45761585006778,19.64609718322754,1102150,0.0,0.0
2007-04-17 00:00:00-04:00,19.87868793053093,19.87868793053093,19.553859715897218,19.74635124206543,806638,0.0,0.0
2007-04-18 00:00:00-04:00,19.646097159415376,19.77843385451162,19.601983130225424,19.686199188232422,745420,0.0,0.0
2007-04-19 00:00:00-04:00,19.878688902004566,19.970925365661063,19.525789251359203,19.54183006286621,973723,0.0,0.0
2007-04-20 00:00:00-04:00,19.690205589087675,19.942848321851688,19.55786712205376,19.926809310913086,1611160,0.0,0.0
2007-04-23 00:00:00-04:00,19.870668454811106,20.05513958424818,19.870668454811106,19.982955932617188,905455,0.0,0.0
2007-04-24 00:00:00-04:00,19.946863092209426,20.131332414772316,19.870667444094515,20.09925079345703,1017198,0.0,0.0
2007-04-25 00:00:00-04:00,20.311797023363923,20.668706922847747,20.283725599611714,20.628604888916016,2197603,0.0,0.0
2007-04-26 00:00:00-04:00,20.624596585977546,20.780994532722588,20.624596585977546,20.636627197265625,1805153,0.0,0.0
2007-04-27 00:00:00-04:00,20.572450670667433,20.612554483428553,20.39600180347713,20.444124221801758,1301195,0.0,0.0
2007-04-30 00:00:00-04:00,20.412047447457198,20.488241294529942,20.287731170654297,20.287731170654297,1091340,0.0,0.0
2007-05-01 00:00:00-04:00,20.295753514084335,20.66469580491108,20.295753514084335,20.568450927734375,2220633,0.0,0.0
2007-05-02 00:00:00-04:00,20.49625976084357,20.67672065275376,20.37996389999556,20.592506408691406,1399190,0.0,0.0
2007-05-03 00:00:00-04:00,20.592505433898783,20.829107346492933,20.432095560072995,20.652658462524414,1358535,0.0,0.0
2007-05-04 00:00:00-04:00,20.64865878696364,20.74490368182872,20.54840368814585,20.608556747436523,889828,0.0,0.0
2007-05-07 00:00:00-04:00,20.604550199247665,20.92135816521325,20.596527992427216,20.760948181152344,1030358,0.0,0.0
2007-05-08 00:00:00-04:00,20.75291916956633,20.81708241759769,20.656674297519288,20.79703140258789,1682248,0.0,0.0
2007-05-09 00:00:00-04:00,20.78900431495344,20.869210146705576,20.728851289257353,20.825096130371094,1524328,0.0,0.0
2007-05-10 00:00:00-04:00,20.77297879514501,20.829121660444127,20.732876748502786,20.760948181152344,2002670,0.0,0.0
2007-05-11 00:00:00-04:00,20.82910918132766,20.87322140620563,20.744894933833347,20.85317039489746,1753805,0.0,0.0
2007-05-14 00:00:00-04:00,20.88125305301764,21.165977542377355,20.83713901069552,21.093793869018555,1327398,0.0,0.0
2007-05-15 00:00:00-04:00,21.157946607145444,21.366478912807906,21.081752767621197,21.10581398010254,1018608,0.0,0.0
2007-05-16 00:00:00-04:00,21.14190969293306,21.23013595243913,21.07373624501246,21.16998291015625,878313,0.0,0.0
2007-05-17 00:00:00-04:00,21.05368037810098,21.21409025137247,21.05368037810098,21.173986434936523,908628,0.0,0.0
2007-05-18 00:00:00-04:00,21.19805917044329,21.234152804606705,21.11785508895068,21.222122192382812,741543,0.0,0.0
2007-05-21 00:00:00-04:00,21.29429909073864,21.64719873451942,21.27424807674491,21.54694366455078,1578848,0.0,0.0
2007-05-22 00:00:00-04:00,21.571001934761618,21.951972946093285,21.550950923506843,21.73542022705078,2428020,0.0,0.0
2007-05-23 00:00:00-04:00,21.715367295277396,21.86374656293092,21.45470237452773,21.462722778320312,2217108,0.0,0.0
2007-05-24 00:00:00-04:00,21.334399283404863,21.41059313002635,20.969469062621474,20.985509872436523,1506115,0.0,0.0
2007-05-25 00:00:00-04:00,21.02962787022346,21.21409903120876,20.68073836351543,20.937393188476562,1444898,0.0,0.0
2007-05-29 00:00:00-04:00,20.973482136962787,21.23815553515269,20.94942091894552,20.96546173095703,1021428,0.0,0.0
2007-05-30 00:00:00-04:00,20.885248221739328,21.194035537322613,20.85717681100363,21.165964126586914,1565335,0.0,0.0
2007-05-31 00:00:00-04:00,21.165967923758057,21.278255384335804,21.073733271936735,21.206069946289062,1918305,0.0,0.0
2007-06-01 00:00:00-04:00,21.30633163650609,21.426637731407816,21.045666633394355,21.137901306152344,1672378,0.0,0.0
2007-06-04 00:00:00-04:00,21.061707515375787,21.19404422020329,20.885256778114442,21.03363609313965,1597295,0.0,0.0
2007-06-05 00:00:00-04:00,21.041653648046314,21.133888308608785,20.92535777168494,21.013582229614258,3614770,0.0,0.0
2007-06-06 00:00:00-04:00,21.017594482515708,21.04165570066179,20.60053157049239,20.61256217956543,4350555,0.0,0.0
2007-06-07 00:00:00-04:00,20.612567348988698,20.612567348988698,19.78244972229004,19.78244972229004,4003695,0.0,0.0
2007-06-08 00:00:00-04:00,19.766390919539667,20.13533115207644,19.690197112301764,20.075178146362305,2100783,0.0,0.0
2007-06-11 00:00:00-04:00,20.075183906095305,20.564430290429097,20.075183906095305,20.355899810791016,2432250,0.0,0.0
2007-06-12 00:00:00-04:00,20.279711741499156,20.355905592238123,19.978944743722643,20.043107986450195,1229638,0.0,0.0
2007-06-13 00:00:00-04:00,20.207520616002803,20.57245075393218,20.19147980982967,20.548391342163086,1523975,0.0,0.0
2007-06-14 00:00:00-04:00,20.584855000758555,20.734783202900747,20.42276864162532,20.657793045043945,1633485,0.451064,0.0
2007-06-15 00:00:00-04:00,20.755053405087935,20.981973686698325,20.702375904207123,20.819889068603516,1261245,0.0,0.0
2007-06-18 00:00:00-04:00,20.848246982017248,20.896872351364724,20.568649291992188,20.568649291992188,750120,0.0,0.0
2007-06-19 00:00:00-04:00,20.63754062926728,20.706426587192055,20.438986985837055,20.6213321685791,944348,0.0,0.0
2007-06-20 00:00:00-04:00,20.62538546454023,20.706427772620753,20.07024202163335,20.078346252441406,1859908,0.0,0.0
2007-06-21 00:00:00-04:00,20.03783144290765,20.268803910346765,19.95678910916698,20.04998779296875,1687065,0.0,0.0
2007-06-22 00:00:00-04:00,20.045942529925316,20.045942529925316,19.547530190736406,19.636676788330078,2176923,0.0,0.0
2007-06-25 00:00:00-04:00,19.563731516059953,20.001361924288382,19.543470933099293,19.67719078063965,1569565,0.0,0.0
2007-06-26 00:00:00-04:00,19.67718405710005,19.891947979378067,19.430003213161587,19.43405532836914,2993900,0.0,0.0
2007-06-27 00:00:00-04:00,19.24765056526715,19.701489108808527,19.134189567174175,19.673124313354492,2255178,0.0,0.0
2007-06-28 00:00:00-04:00,19.681235572743777,19.810905071712902,19.527255199547465,19.539411544799805,1531730,0.0,0.0
2007-06-29 00:00:00-04:00,19.575880580556827,19.762277874426047,19.336803974316638,19.539411544799805,2288783,0.0,0.0
2007-07-02 00:00:00-04:00,19.596135824210428,19.75011615551138,19.30843391523955,19.73390769958496,2115823,0.0,0.0
2007-07-03 00:00:00-04:00,19.77443743447849,20.1188690889011,19.717707814078167,19.891950607299805,1232928,0.0,0.0
2007-07-05 00:00:00-04:00,19.859535216868426,19.997308991656887,19.636668813395772,19.85143280029297,1482733,0.0,0.0
2007-07-06 00:00:00-04:00,19.73390731344019,19.814949591486467,19.53535191594985,19.70149040222168,1317998,0.0,0.0
2007-07-09 00:00:00-04:00,19.798745486977513,19.92031074703986,19.713651076328023,19.827110290527344,1051155,0.0,0.0
2007-07-10 00:00:00-04:00,19.67718547474385,19.85548037299913,19.555620193481445,19.555620193481445,1464873,0.0,0.0
2007-07-11 00:00:00-04:00,19.57183736632689,19.900060653686523,19.567785249399957,19.900060653686523,1752278,0.0,0.0
2007-07-12 00:00:00-04:00,19.90410684624234,20.532188415527344,19.78659367406034,20.532188415527344,2255765,0.0,0.0
2007-07-13 00:00:00-04:00,20.483563140754764,20.738846432586616,20.39846689386636,20.62538719177246,1511990,0.0,0.0
2007-07-16 00:00:00-04:00,20.62538345888301,20.771259599242644,20.357942051946225,20.394411087036133,1201790,0.0,0.0
2007-07-17 00:00:00-04:00,20.511915384656096,20.515967497916996,20.27689099924726,20.297151565551758,1066548,0.0,0.0
2007-07-18 00:00:00-04:00,19.956783172968144,20.471405471702024,19.956783172968144,20.434934616088867,1533963,0.0,0.0
2007-07-19 00:00:00-04:00,20.4106178493939,20.823937178589357,20.370096702664405,20.80367660522461,1326575,0.0,0.0
2007-07-20 00:00:00-04:00,20.827991858630952,20.949555313792317,20.588915247202735,20.6213321685791,1607400,0.0,0.0
2007-07-23 00:00:00-04:00,20.649707961575462,20.965774929437732,20.601082553639497,20.75101089477539,926488,0.0,0.0
2007-07-24 00:00:00-04:00,20.665903429942116,20.836094066929352,20.01756143277834,20.058082580566406,1846043,0.0,0.0
2007-07-25 00:00:00-04:00,20.179642246631712,20.33767467920031,19.689332861749797,20.151275634765625,2302413,0.0,0.0
2007-07-26 00:00:00-04:00,20.114807836534656,20.175591361346328,19.45025752400126,19.70149040222168,2600510,0.0,0.0
2007-07-27 00:00:00-04:00,19.701501630909995,19.790648187569154,18.781665802001953,18.781665802001953,4106155,0.0,0.0
2007-07-30 00:00:00-04:00,18.728985328033875,19.25576398477674,18.64389090104975,19.17877197265625,2534123,0.0,0.0
2007-07-31 00:00:00-04:00,19.247673683862246,19.511061386579026,18.793832778930664,18.793832778930664,2472435,0.0,0.0
2007-08-01 00:00:00-04:00,18.74113942439697,19.559672120220373,18.737087309312855,19.539411544799805,2183150,0.0,0.0
2007-08-02 00:00:00-04:00,19.551569239101518,19.778487699469146,19.31249261636515,19.498889923095703,1742760,0.0,0.0
2007-08-03 00:00:00-04:00,19.51914683352613,19.673127174096013,18.71277065381568,18.728979110717773,2406518,0.0,0.0
2007-08-06 00:00:00-04:00,18.878918691985753,19.62451171875,18.635789899335492,19.62451171875,1558638,0.0,0.0
2007-08-07 00:00:00-04:00,19.450266630817648,20.078348212304526,19.336807388430064,19.916263580322266,1898330,0.0,0.0
2007-08-08 00:00:00-04:00,19.993261036837627,20.475464808272964,19.786601239777642,20.216129302978516,2577363,0.0,0.0
2007-08-09 00:00:00-04:00,19.851428257499638,20.19991200673353,19.531309316762176,19.555620193481445,2183855,0.0,0.0
2007-08-10 00:00:00-04:00,19.247654628483385,19.79063978664834,18.964004797787194,19.466468811035156,1962015,0.0,0.0
2007-08-13 00:00:00-04:00,19.579928840426966,20.264739787360444,19.50293685271075,19.932464599609375,1747578,0.0,0.0
2007-08-14 00:00:00-04:00,19.69745227486849,19.94058109792251,19.255769729614258,19.255769729614258,2232148,0.0,0.0
2007-08-15 00:00:00-04:00,19.170673647279358,19.56373261127673,18.84650248548288,18.86271095275879,1389673,0.0,0.0
2007-08-16 00:00:00-04:00,18.720881391234705,19.113938424047568,18.33998070532499,18.95590591430664,2270335,0.0,0.0
2007-08-17 00:00:00-04:00,19.559674328481037,19.656925101479242,18.712776731455254,19.324649810791016,2350353,0.0,0.0
2007-08-20 00:00:00-04:00,19.280077423390814,19.324650696391007,18.866757986651667,19.235504150390625,1694233,0.0,0.0
2007-08-21 00:00:00-04:00,19.0653152224931,19.656927805503656,19.057210990295093,19.474580764770508,1700225,0.0,0.0
2007-08-22 00:00:00-04:00,19.604242754570866,19.640711785432465,19.36516618042311,19.559669494628906,842475,0.0,0.0
2007-08-23 00:00:00-04:00,19.673131342575548,19.7177046085008,19.40974204583068,19.539411544799805,793948,0.0,0.0
2007-08-24 00:00:00-04:00,19.571828693507385,19.879791259765625,19.401638041714204,19.879791259765625,813218,0.0,0.0
2007-08-27 00:00:00-04:00,19.754167383265422,19.778480066064308,19.227390773012594,19.267911911010742,1364175,0.0,0.0
2007-08-28 00:00:00-04:00,18.94375437615954,19.28008187546572,18.858659926236797,18.882970809936523,1514458,0.0,0.0
2007-08-29 00:00:00-04:00,19.061259647537664,19.511046269186828,19.004530032445757,19.498889923095703,1132935,0.0,0.0
2007-08-30 00:00:00-04:00,19.348970783247808,19.551578463298647,19.178780041400547,19.296293258666992,755525,0.0,0.0
2007-08-31 00:00:00-04:00,19.470522698796533,19.52725412312434,19.174716497684816,19.373271942138672,913680,0.0,0.0
2007-09-04 00:00:00-04:00,19.44215668519425,19.79469247242367,19.40568765371644,19.669076919555664,883953,0.0,0.0
2007-09-05 00:00:00-04:00,19.652881993959205,19.7258201071395,19.450274307735416,19.600204467773438,1548415,0.0,0.0
2007-09-06 00:00:00-04:00,19.628563111433763,19.70555331778013,19.401642792240192,19.644771575927734,1044458,0.0,0.0
2007-09-07 00:00:00-04:00,19.085571479439775,19.53941201227345,19.085571479439775,19.340856552124023,1345610,0.0,0.0
2007-09-10 00:00:00-04:00,19.442162261016126,19.54751908733349,19.158512340785656,19.336807250976562,945875,0.0,0.0
2007-09-11 00:00:00-04:00,19.40974509877627,19.4948395289271,19.296285858575164,19.482683181762695,1138693,0.0,0.0
2007-09-12 00:00:00-04:00,19.47052784978853,19.652874883039917,19.47052784978853,19.56372833251953,1727485,0.0,0.0
2007-09-13 00:00:00-04:00,19.717711121403863,19.78659710058733,19.531313765966242,19.604251861572266,914150,0.0,0.0
2007-09-14 00:00:00-04:00,19.5515685187186,19.806851777226196,19.53941217307538,19.75822639465332,915913,0.0,0.0
2007-09-17 00:00:00-04:00,19.66400290227496,19.823773852007797,19.516523720586157,19.750032424926758,1272643,0.451064,0.0
2007-09-18 00:00:00-04:00,19.88932268082719,20.077768325805664,19.63942553277104,20.077768325805664,1624555,0.0,0.0
2007-09-19 00:00:00-04:00,20.151506914374647,20.344049176598475,20.03679904957916,20.294889450073242,1208840,0.0,0.0
2007-09-20 00:00:00-04:00,20.29489659796126,20.29489659796126,19.958969845488404,20.036806106567383,865858,0.0,0.0
2007-09-21 00:00:00-04:00,20.262122584133976,20.344055487090674,20.02451532932237,20.163803100585938,1629020,0.0,0.0
2007-09-24 00:00:00-04:00,20.065467812669983,20.339944682741113,20.036791316597647,20.155595779418945,1707863,0.0,0.0
2007-09-25 00:00:00-04:00,20.090052623336145,20.40549412913042,20.03269778604645,20.14740562438965,1172650,0.0,0.0
2007-09-26 00:00:00-04:00,20.298992288050478,20.39731360733964,20.073676806056337,20.323572158813477,946815,0.0,0.0
2007-09-27 00:00:00-04:00,20.47514306911437,20.47514306911437,20.077764951193565,20.311275482177734,1098390,0.0,0.0
2007-09-28 00:00:00-04:00,20.319469894303985,20.319469894303985,19.778711050828605,19.844257354736328,1176998,0.0,0.0
2007-10-01 00:00:00-04:00,19.967157574183815,20.176088263539718,19.901611267322902,20.1064453125,1028008,0.0,0.0
2007-10-02 00:00:00-04:00,20.14331585912006,20.208862168418253,19.94667509498867,20.024511337280273,656825,0.0,0.0
2007-10-03 00:00:00-04:00,19.92209359062675,19.98354325054024,19.6353266747938,19.844257354736328,847880,0.0,0.0
2007-10-04 00:00:00-04:00,19.94258373078796,20.073678220330603,19.827877659145784,20.06548309326172,660115,0.0,0.0
2007-10-05 00:00:00-04:00,20.073673112700508,20.237538887637488,19.95077194526094,20.04909324645996,715928,0.0,0.0
2007-10-08 00:00:00-04:00,19.99174347577746,20.2293507461307,19.979453539530088,20.06548309326172,410310,0.0,0.0
2007-10-09 00:00:00-04:00,20.085960567546998,20.536593229259942,20.020412429422926,20.499723434448242,1806210,0.0,0.0
2007-10-10 00:00:00-04:00,20.479251183970035,20.56937739733767,20.372736550116148,20.471057891845703,1535373,0.0,0.0
2007-10-11 00:00:00-04:00,20.725033516438625,20.884802572039124,20.565262624602155,20.643098831176758,1366878,0.0,0.0
2007-10-12 00:00:00-04:00,20.741428711745893,20.97084078442139,20.639010771636165,20.70046043395996,1541365,0.0,0.0
2007-10-15 00:00:00-04:00,20.667682979278844,20.819260617700653,20.17608394676533,20.35223960876465,908745,0.0,0.0
2007-10-16 00:00:00-04:00,20.43827415627889,20.446467444167094,20.11873409240215,20.184280395507812,879135,0.0,0.0
2007-10-17 00:00:00-04:00,20.339958394692754,20.38092668150744,19.827875926236253,19.97535514831543,1212483,0.0,0.0
2007-10-18 00:00:00-04:00,19.852444762879024,20.04498697358131,19.844251477317226,19.979440689086914,867033,0.0,0.0
2007-10-19 00:00:00-04:00,19.983546577884102,20.016319735294832,19.471464157104492,19.471464157104492,1970475,0.0,0.0
2007-10-22 00:00:00-04:00,19.35675591299531,19.737745697106632,19.274823020979316,19.696779251098633,852228,0.0,0.0
2007-10-23 00:00:00-04:00,19.90980732148204,19.90980732148204,19.332176739554317,19.475561141967773,1250435,0.0,0.0
2007-10-24 00:00:00-04:00,19.442790846349666,19.74184965769171,19.356761285853636,19.647624969482422,1192390,0.0,0.0
2007-10-25 00:00:00-04:00,19.663999346871353,19.938476277179035,19.59845305574983,19.88931655883789,961738,0.0,0.0
2007-10-26 00:00:00-04:00,19.950767270601897,20.06957176583099,19.80738475112796,20.061378479003906,1026950,0.0,0.0
2007-10-29 00:00:00-04:00,20.10645205247955,20.344057494499214,20.06548376072156,20.118741989135742,847058,0.0,0.0
2007-10-30 00:00:00-04:00,20.069573749705018,20.41779031051356,20.069573749705018,20.131023406982422,1040110,0.0,0.0
2007-10-31 00:00:00-04:00,20.212956710373266,20.458757180912272,20.114637256652312,20.319469451904297,1129998,0.0,0.0
2007-11-01 00:00:00-04:00,20.217049938111195,20.352239164133966,19.905703217701227,19.958959579467773,1159725,0.0,0.0
2007-11-02 00:00:00-04:00,20.020416597888193,20.483341123827493,19.741844756864815,20.069578170776367,2091970,0.0,0.0
2007-11-05 00:00:00-05:00,20.48333458683504,20.48333458683504,19.69677354272595,20.061378479003906,1312945,0.0,0.0
2007-11-06 00:00:00-05:00,20.204767042997247,20.204767042997247,19.692682790635132,19.950773239135742,930365,0.0,0.0
2007-11-07 00:00:00-05:00,19.709070814398004,19.827875353880597,19.30350112915039,19.30350112915039,1650523,0.0,0.0
2007-11-08 00:00:00-05:00,19.23794510425219,19.90160492209789,19.233848461379516,19.89341163635254,1926178,0.0,0.0
2007-11-09 00:00:00-05:00,19.62303720096506,19.942577276212422,19.504234522358537,19.59845733642578,1903970,0.0,0.0
2007-11-12 00:00:00-05:00,19.41410868697165,19.700875614442225,19.41410868697165,19.48784828186035,2531655,0.0,0.0
2007-11-13 00:00:00-05:00,19.48785259400228,19.745943069458008,19.36495140575629,19.745943069458008,2449288,0.0,0.0
2007-11-14 00:00:00-05:00,19.791003850216562,19.848356874445372,19.594363073766573,19.62713623046875,1606225,0.0,0.0
2007-11-15 00:00:00-05:00,19.676294736164856,19.80329254668801,19.39362627726945,19.63532829284668,2091618,0.0,0.0
2007-11-16 00:00:00-05:00,19.77461834065329,19.94258077783006,19.56159097433841,19.86884117126465,1385795,0.0,0.0
2007-11-19 00:00:00-05:00,19.704968067532405,19.97944502972028,19.59435868841768,19.848352432250977,1623380,0.0,0.0
2007-11-20 00:00:00-05:00,19.840158316273794,20.176084919495242,19.745935515778,20.13511848449707,1840990,0.0,0.0
2007-11-21 00:00:00-05:00,19.93028219639091,20.262112118203564,19.93028219639091,19.971248626708984,1704455,0.0,0.0
2007-11-23 00:00:00-05:00,20.06138653076542,20.06138653076542,19.75003783390177,19.97535514831543,437805,0.0,0.0
2007-11-26 00:00:00-05:00,19.93437737940716,20.298980418770352,19.827864668381263,19.885217666625977,1463815,0.0,0.0
2007-11-27 00:00:00-05:00,19.94667891859669,20.163802946004587,19.74594330789167,19.909809112548828,1525973,0.0,0.0
2007-11-28 00:00:00-05:00,19.975353106970378,20.1719938858844,19.85655041243631,19.950773239135742,2405108,0.0,0.0
2007-11-29 00:00:00-05:00,19.9261973435275,20.069581770716397,19.72545987995797,19.86065101623535,1444428,0.0,0.0
2007-11-30 00:00:00-05:00,20.057284629788313,20.12283277577385,19.90980543285372,20.09415626525879,1967538,0.0,0.0
2007-12-03 00:00:00-05:00,20.00402536337853,20.36453185115526,20.00402536337853,20.311275482177734,1467223,0.0,0.0
2007-12-04 00:00:00-05:00,20.19246738453405,20.450557708740234,20.073664747214476,20.450557708740234,1970710,0.0,0.0
2007-12-05 00:00:00-05:00,20.495626085309997,20.81106948852539,20.425983141951033,20.81106948852539,1540543,0.0,0.0
2007-12-06 00:00:00-05:00,20.802877297003157,20.893003463745117,20.56117346814035,20.893003463745117,1233163,0.0,0.0
2007-12-07 00:00:00-05:00,20.888908795135876,20.954455104419242,20.528402257840543,20.68817138671875,1667913,0.0,0.0
2007-12-10 00:00:00-05:00,20.70455062087468,20.806966683723584,20.59803607927582,20.737323760986328,1358300,0.0,0.0
2007-12-11 00:00:00-05:00,20.811079334711884,20.85204579136401,20.237545269107294,20.286705017089844,1726898,0.0,0.0
2007-12-12 00:00:00-05:00,20.696360866482735,20.696360866482735,19.795093850955322,19.958959579467773,3114690,0.0,0.0
2007-12-13 00:00:00-05:00,19.95896453470984,20.145341007965108,19.776727904428412,20.112207412719727,2581710,0.451064,0.0
2007-12-14 00:00:00-05:00,19.660759180068407,19.718742968382767,19.362554983734263,19.379121780395508,2766890,0.0,0.0
2007-12-17 00:00:00-05:00,19.33356541427589,19.43710790585879,18.944243789492237,19.031219482421875,2583943,0.0,0.0
2007-12-18 00:00:00-05:00,19.051926267344587,19.205169141105713,18.919390033605893,19.002225875854492,2283730,0.0,0.0
2007-12-19 00:00:00-05:00,19.05192115751468,19.13475512111498,18.894534770242828,18.989795684814453,1736650,0.0,0.0
2007-12-20 00:00:00-05:00,19.089209150446067,19.089209150446067,18.637760035393768,18.853130340576172,1595533,0.0,0.0
2007-12-21 00:00:00-05:00,18.948381928546493,18.989800777886472,18.59633563239498,18.712305068969727,2752790,0.0,0.0
2007-12-24 00:00:00-05:00,18.766140019028185,18.886249252759097,18.728864739594453,18.803415298461914,642490,0.0,0.0
2007-12-26 00:00:00-05:00,18.720586534785458,18.819987307502736,18.61704220677338,18.67502784729004,1037760,0.0,0.0
2007-12-27 00:00:00-05:00,18.675033192255995,18.819992693957428,18.368545532226562,18.368545532226562,1144685,0.0,0.0
2007-12-28 00:00:00-05:00,18.3975351635325,18.612903539498184,18.298132518193373,18.50107765197754,1294028,0.0,0.0
2007-12-31 00:00:00-05:00,18.397536035410642,18.596337622646534,18.207015991210938,18.207015991210938,1740645,0.0,0.0
2008-01-02 00:00:00-05:00,18.211153899869608,18.409957302151916,18.173878610022594,18.244287490844727,2565025,0.0,0.0
2008-01-03 00:00:00-05:00,18.335404105454643,18.33954394730407,17.95022245248248,17.96678924560547,1816080,0.0,0.0
2008-01-04 00:00:00-05:00,17.85082326697522,18.05376835704915,17.809406280517578,17.809406280517578,1323755,0.0,0.0
2008-01-07 00:00:00-05:00,17.95022820493692,18.091047848041697,17.85496911395234,18.041345596313477,2120758,0.0,0.0
2008-01-08 00:00:00-05:00,18.12004335096486,18.219444161337012,17.96679857854217,17.995790481567383,1860965,0.0,0.0
2008-01-09 00:00:00-05:00,17.854973215811015,18.310562133789062,17.854973215811015,18.310562133789062,2877928,0.0,0.0
2008-01-10 00:00:00-05:00,18.211164541615915,18.6253365272591,18.1987394377396,18.434818267822266,2591580,0.0,0.0
2008-01-11 00:00:00-05:00,18.302280649164672,18.492798875527185,18.244294984708947,18.34783935546875,2137325,0.0,0.0
2008-01-14 00:00:00-05:00,18.459666667532908,18.77857949222159,18.35612414537181,18.733020782470703,3086255,0.0,0.0
2008-01-15 00:00:00-05:00,18.538357097573254,18.72887717539136,18.314705272468174,18.331270217895508,2311578,0.0,0.0
2008-01-16 00:00:00-05:00,18.38925424763008,18.60876435277488,18.29813498906237,18.376829147338867,2240255,0.0,0.0
2008-01-17 00:00:00-05:00,18.397534289302378,18.467943178099254,17.805267570676815,17.850826263427734,2105600,0.0,0.0
2008-01-18 00:00:00-05:00,18.00821419946869,18.103475158522986,17.589900631521875,17.685161590576172,2670775,0.0,0.0
2008-01-22 00:00:00-05:00,16.89822670661844,17.457359726649162,16.89822670661844,17.221281051635742,3013875,0.0,0.0
2008-01-23 00:00:00-05:00,17.2254241127047,18.132461740927308,17.097031446829078,18.103469848632812,4867790,0.0,0.0
2008-01-24 00:00:00-05:00,18.004077205600606,18.07862781945313,17.291699103934747,17.353824615478516,2867000,0.0,0.0
2008-01-25 00:00:00-05:00,17.51120544734275,17.57747263826053,17.101175347107144,17.17572593688965,1387558,0.0,0.0
2008-01-28 00:00:00-05:00,17.250280049364537,17.54434262554476,17.175729444358,17.382816314697266,1860965,0.0,0.0
2008-01-29 00:00:00-05:00,17.540198129324928,17.676874216717145,17.30411939467009,17.349679946899414,1658983,0.0,0.0
2008-01-30 00:00:00-05:00,17.627169308889393,17.83839779176378,17.312398362072386,17.36210060119629,2091970,0.0,0.0
2008-01-31 00:00:00-05:00,17.208858793392167,17.796983800396784,17.109458011283813,17.656164169311523,3006003,0.0,0.0
2008-02-01 00:00:00-05:00,17.705871101492406,18.099334491207294,17.643743739805004,18.053775787353516,1593065,0.0,0.0
2008-02-04 00:00:00-05:00,18.041349288646433,18.322988632496145,17.97508208135582,18.18216896057129,1275815,0.0,0.0
2008-02-05 00:00:00-05:00,17.929520078718927,17.999928973515495,17.54848185044672,17.581615447998047,1298493,0.0,0.0
2008-02-06 00:00:00-05:00,17.734857244619562,17.92123369986,17.631312913054337,17.652021408081055,998515,0.0,0.0
2008-02-07 00:00:00-05:00,17.54433846375297,17.60232225389228,17.117741579867694,17.299976348876953,1920420,0.0,0.0
2008-02-08 00:00:00-05:00,17.17158558030665,17.374530724794873,17.105318384206655,17.33725357055664,1065608,0.0,0.0
2008-02-11 00:00:00-05:00,17.366244888939278,17.436655638876278,17.22956880154706,17.349679946899414,910273,0.0,0.0
2008-02-12 00:00:00-05:00,17.39524270915156,17.52363542732202,17.312406840996324,17.46979331970215,823910,0.0,0.0
2008-02-13 00:00:00-05:00,17.51120249815072,17.672730605240496,17.250273621425094,17.28340721130371,1032120,0.0,0.0
2008-02-14 00:00:00-05:00,17.31654584258449,17.515349296165773,17.05561874632614,17.14673614501953,849055,0.0,0.0
2008-02-15 00:00:00-05:00,17.14673347493735,17.353818439720598,16.993488744565965,17.299976348876953,1406358,0.0,0.0
2008-02-19 00:00:00-05:00,17.498778065815014,17.685156372384576,17.395235593516148,17.560903549194336,1573090,0.0,0.0
2008-02-20 00:00:00-05:00,17.374527099056372,17.59817883922193,17.31654145813741,17.560903549194336,1033648,0.0,0.0
2008-02-21 00:00:00-05:00,17.52362936280852,17.639596939086914,17.055615502110427,17.639596939086914,1885523,0.0,0.0
2008-02-22 00:00:00-05:00,17.685163069842368,17.689302913870502,17.076329389293534,17.266847610473633,1655810,0.0,0.0
2008-02-25 00:00:00-05:00,17.35382056918064,17.403522823259284,17.188152577025182,17.30826187133789,1711975,0.0,0.0
2008-02-26 00:00:00-05:00,17.279276587560442,17.453229902348458,17.21300936532985,17.41595458984375,1316940,0.0,0.0
2008-02-27 00:00:00-05:00,17.345535554334504,17.51120538749458,17.034906241537207,17.063899993896484,1647350,0.0,0.0
2008-02-28 00:00:00-05:00,16.97692459102251,17.18401144448501,16.952074391378858,17.14673614501953,2086213,0.0,0.0
2008-02-29 00:00:00-05:00,17.19643550110127,17.19643550110127,16.40950884725965,16.488201141357422,1724900,0.0,0.0
2008-03-03 00:00:00-05:00,16.500630303667787,16.682865134874376,16.368095880972085,16.64558982849121,1176998,0.0,0.0
2008-03-04 00:00:00-05:00,16.57103535350927,16.91893998843167,16.57103535350927,16.8609561920166,1592948,0.0,0.0
2008-03-05 00:00:00-05:00,16.939650822818745,16.939650822818745,16.637304843391643,16.84025001525879,1306365,0.0,0.0
2008-03-06 00:00:00-05:00,16.786406358435887,16.811256558027253,16.368092808882473,16.380516052246094,1362178,0.0,0.0
2008-03-07 00:00:00-05:00,16.351526739168786,16.44264600851556,16.144441709817837,16.36809539794922,1425040,0.0,0.0
2008-03-10 00:00:00-04:00,16.359808384746035,16.46335274474236,16.14443997733257,16.339099884033203,1882703,0.0,0.0
2008-03-11 00:00:00-04:00,16.67871725280346,16.881662368774414,16.446782099044334,16.881662368774414,1876710,0.0,0.0
2008-03-12 00:00:00-04:00,17.00591724546408,17.00591724546408,16.591745376586914,16.591745376586914,1414700,0.0,0.0
2008-03-13 00:00:00-04:00,16.54618387146654,16.558608969734454,16.25212135602733,16.484058380126953,1286978,0.0,0.0
2008-03-14 00:00:00-04:00,16.691146225803152,16.691146225803152,16.074029192686552,16.264549255371094,1359005,0.0,0.0
2008-03-17 00:00:00-04:00,16.155388528539373,16.45347410024452,15.899286575126554,16.285539627075195,1521625,0.451064,0.0
2008-03-18 00:00:00-04:00,16.37790791679155,16.600423034392012,16.268748598545805,16.583627700805664,1189335,0.0,0.0
2008-03-19 00:00:00-04:00,16.764157794083925,16.848125045878348,16.298137664794922,16.298137664794922,1024835,0.0,0.0
2008-03-20 00:00:00-04:00,16.319125896754034,16.550035788518965,16.130197739844114,16.461870193481445,1024130,0.0,0.0
2008-03-24 00:00:00-04:00,16.499649708603172,16.533236590266604,16.226754413258938,16.377897262573242,736255,0.0,0.0
2008-03-25 00:00:00-04:00,16.352717423746874,16.398899415185817,16.20157447902573,16.310733795166016,1181933,0.0,0.0
2008-03-26 00:00:00-04:00,16.260341481689483,16.44507121478903,16.24354992249377,16.319120407104492,728853,0.0,0.0
2008-03-27 00:00:00-04:00,16.51644928854361,16.583623076838737,16.356911541342676,16.42828369140625,1355363,0.0,0.0
2008-03-28 00:00:00-04:00,16.566830243784786,16.566830243784786,16.18897578879061,16.251951217651367,1370403,0.0,0.0
2008-03-31 00:00:00-04:00,16.25195178607492,16.365309443818685,16.067223854955714,16.327524185180664,2130040,0.0,0.0
2008-04-01 00:00:00-04:00,16.361110592594358,16.747361773398165,16.352713868703617,16.69698143005371,1353130,0.0,0.0
2008-04-02 00:00:00-04:00,16.709581553275346,16.990873770245162,16.688589737220152,16.87331771850586,973135,0.0,0.0
2008-04-03 00:00:00-04:00,16.80614494295078,16.96568275480313,16.663400584977627,16.885913848876953,922140,0.0,0.0
2008-04-04 00:00:00-04:00,16.911097224513124,17.343532251547174,16.85651852136872,17.041248321533203,1095453,0.0,0.0
2008-04-07 00:00:00-04:00,17.163004297381512,17.163004297381512,16.936292715219068,16.99087142944336,966085,0.0,0.0
2008-04-08 00:00:00-04:00,16.877514220001412,17.00766534701719,16.747364974815643,16.789348602294922,1246558,0.0,0.0
2008-04-09 00:00:00-04:00,16.831326189797494,16.96567374952013,16.77254913241884,16.87750816345215,640493,0.0,0.0
2008-04-10 00:00:00-04:00,17.003461652964386,17.037048544416898,16.869112205324914,16.978271484375,1491310,0.0,0.0
2008-04-11 00:00:00-04:00,16.810338316918504,17.204986247773853,16.810338316918504,17.07063865661621,1324578,0.0,0.0
2008-04-14 00:00:00-04:00,17.10003033290245,17.259568126704064,17.049649976965096,17.246973037719727,900990,0.0,0.0
2008-04-15 00:00:00-04:00,17.251158005008513,17.51565463944276,17.251158005008513,17.44428253173828,1561340,0.0,0.0
2008-04-16 00:00:00-04:00,17.557651249459845,17.784364700317383,17.40231184105198,17.784364700317383,929308,0.0,0.0
2008-04-17 00:00:00-04:00,17.696195110547706,17.872526291248505,17.64581477320462,17.759170532226562,988410,0.0,0.0
2008-04-18 00:00:00-04:00,17.981687366479687,18.023670985125147,17.712990325319122,17.872528076171875,781493,0.0,0.0
2008-04-21 00:00:00-04:00,17.834744920511547,17.86413345702565,17.557651122977326,17.591238021850586,978070,0.0,0.0
2008-04-22 00:00:00-04:00,17.50726846284377,17.5408553572819,17.318342181629284,17.40230941772461,1066900,0.0,0.0
2008-04-23 00:00:00-04:00,17.612234012674744,17.612234012674744,17.3477352677189,17.41910743713379,816155,0.0,0.0
2008-04-24 00:00:00-04:00,17.54505869217918,17.54505869217918,17.22598122274583,17.246973037719727,1882820,0.0,0.0
2008-04-25 00:00:00-04:00,17.34773105852548,17.42749993439904,17.171397977396406,17.23017692565918,871498,0.0,0.0
2008-04-28 00:00:00-04:00,17.213381205866323,17.402309368374627,17.150405778973415,17.179794311523438,839185,0.0,0.0
2008-04-29 00:00:00-04:00,17.204983375115084,17.280553882523503,17.00346202202597,17.02865219116211,916735,0.0,0.0
2008-04-30 00:00:00-04:00,17.049649284502326,17.2091870718244,16.902704703823012,16.923696517944336,1299668,0.0,0.0
2008-05-01 00:00:00-04:00,17.629023128290815,17.629023128290815,17.14200938723196,17.39811134338379,1686595,0.0,0.0
2008-05-02 00:00:00-04:00,17.519870299068394,17.582845750405784,17.360332489013672,17.360332489013672,1372048,0.0,0.0
2008-05-05 00:00:00-04:00,17.26795982787909,17.528260139640576,17.23857129546742,17.51566505432129,1145155,0.0,0.0
2008-05-06 00:00:00-04:00,17.52406885345398,17.74658399910119,17.318349043510068,17.662616729736328,1211660,0.0,0.0
2008-05-07 00:00:00-04:00,17.74237786763749,17.847336908390236,17.578641764063207,17.691997528076172,1507290,0.0,0.0
2008-05-08 00:00:00-04:00,17.754971209585708,17.95229418683038,17.654210540354388,17.8011531829834,1143863,0.0,0.0
2008-05-09 00:00:00-04:00,17.73398631742438,17.948104704848348,17.62902724605482,17.838945388793945,953278,0.0,0.0
2008-05-12 00:00:00-04:00,17.92291750700985,18.04886841358989,17.855741808336795,17.99009132385254,922610,0.0,0.0
2008-05-13 00:00:00-04:00,18.019474317459473,18.06985466457081,17.8641330320364,18.015275955200195,751648,0.0,0.0
2008-05-14 00:00:00-04:00,18.12023631638548,18.3511481391018,18.01527725234621,18.330156326293945,1075478,0.0,0.0
2008-05-15 00:00:00-04:00,18.237789203414156,18.422517124252572,18.16641517035153,18.37633514404297,912623,0.0,0.0
2008-05-16 00:00:00-04:00,18.359547587638957,18.43091976177285,18.262985234398986,18.401531219482422,838480,0.0,0.0
2008-05-19 00:00:00-04:00,18.376338959537264,18.687019681829277,18.376338959537264,18.598854064941406,1408473,0.0,0.0
2008-05-20 00:00:00-04:00,18.46870723514422,18.58626330016945,18.363748143006006,18.397335052490234,1025658,0.0,0.0
2008-05-21 00:00:00-04:00,18.418321940086933,18.64503540024168,18.271379250431956,18.330156326293945,1407063,0.0,0.0
2008-05-22 00:00:00-04:00,18.225196781064067,18.544274242095053,18.225196781064067,18.531679153442383,795475,0.0,0.0
2008-05-23 00:00:00-04:00,18.447705502988832,18.447705502988832,18.20419865825741,18.262977600097656,1164895,0.0,0.0
2008-05-27 00:00:00-04:00,18.304963852538613,18.397327817295878,18.241986540192606,18.363740921020508,1520568,0.0,0.0
2008-05-28 00:00:00-04:00,18.37633689719417,18.57785828460721,18.325956550340912,18.57366180419922,1155378,0.0,0.0
2008-05-29 00:00:00-04:00,18.481293640339675,18.787775927172767,18.45190510835303,18.691213607788086,1050450,0.0,0.0
2008-05-30 00:00:00-04:00,18.737397931472312,18.817166813989974,18.481295953138464,18.57366180419922,2234380,0.0,0.0
2008-06-02 00:00:00-04:00,18.493891814529352,18.56946233797476,18.187409476504218,18.283973693847656,1425040,0.0,0.0
2008-06-03 00:00:00-04:00,18.414115619355407,18.49388447355093,18.283966436194284,18.41831398010254,2008780,0.0,0.0
2008-06-04 00:00:00-04:00,18.346950092962338,18.749994787654202,18.346950092962338,18.68701934814453,1296848,0.0,0.0
2008-06-05 00:00:00-04:00,18.598854482774826,18.81297098574133,18.510686982076233,18.703813552856445,1321053,0.0,0.0
2008-06-06 00:00:00-04:00,18.624045167950232,18.716409152143193,18.2671805562718,18.27977752685547,1171358,0.0,0.0
2008-06-09 00:00:00-04:00,18.229392689349112,18.661827771856522,18.229392689349112,18.624042510986328,898523,0.0,0.0
2008-06-10 00:00:00-04:00,18.460304676380854,18.687018125613722,18.414122690428382,18.649232864379883,791480,0.0,0.0
2008-06-11 00:00:00-04:00,18.577862940261117,18.63244354485995,18.313366052997992,18.422523498535156,1402128,0.0,0.0
2008-06-12 00:00:00-04:00,18.579761871173503,18.584011563579786,18.231285189020717,18.4990177154541,1588365,0.451064,0.0
2008-06-13 00:00:00-04:00,18.45652332136999,18.82200076580395,18.33753190540224,18.74550437927246,902518,0.0,0.0
2008-06-16 00:00:00-04:00,18.702995021112525,18.702995021112525,18.384266320940835,18.575504302978516,804758,0.0,0.0
2008-06-17 00:00:00-04:00,18.61376092922488,18.79649771760562,18.605261543718797,18.71575355529785,1323285,0.0,0.0
2008-06-18 00:00:00-04:00,18.715747100424608,18.81773969132136,18.554258831504747,18.605255126953125,672335,0.0,0.0
2008-06-19 00:00:00-04:00,18.469258497796616,18.732741196781973,18.46500880756841,18.634998321533203,942468,0.0,0.0
2008-06-20 00:00:00-04:00,18.537252147477307,18.702990036883413,18.269519805908203,18.269519805908203,1030475,0.0,0.0
2008-06-23 00:00:00-04:00,18.36728286743164,18.630765809355115,18.29928776108707,18.36728286743164,786428,0.0,0.0
2008-06-24 00:00:00-04:00,18.278033969893862,18.392775678450747,18.167541954246495,18.28653335571289,881485,0.0,0.0
2008-06-25 00:00:00-04:00,18.222785797250168,18.68600417419576,18.222785797250168,18.567012786865234,871263,0.0,0.0
2008-06-26 00:00:00-04:00,18.43526411707431,18.52875922286159,17.967796207485208,17.9720458984375,1246323,0.0,0.0
2008-06-27 00:00:00-04:00,17.96355080380901,18.125039098537815,17.615074157714844,17.615074157714844,1294380,0.0,0.0
2008-06-30 00:00:00-04:00,17.644821653737633,18.146289105581896,17.64057196185484,18.035795211791992,1560518,0.0,0.0
2008-07-01 00:00:00-04:00,17.874309970144036,18.30778052098954,17.789314213148053,18.197288513183594,2333080,0.0,0.0
2008-07-02 00:00:00-04:00,17.70856750024524,18.669003605665285,17.62357366034186,18.358774185180664,2415683,0.0,0.0
2008-07-03 00:00:00-04:00,18.473514011678574,18.652001039126034,18.099537382591045,18.15053367614746,958213,0.0,0.0
2008-07-07 00:00:00-04:00,18.19304191109547,18.5415186689796,18.103796446331106,18.222789764404297,1893278,0.0,0.0
2008-07-08 00:00:00-04:00,18.18453599796054,18.59675800784465,18.1037899488358,18.59250831604004,1751103,0.0,0.0
2008-07-09 00:00:00-04:00,18.567015336134002,19.110977943454746,18.558515950157705,18.881494522094727,2193490,0.0,0.0
2008-07-10 00:00:00-04:00,18.91973853532476,19.093975918151195,18.78799617030151,18.86024284362793,1767553,0.0,0.0
2008-07-11 00:00:00-04:00,18.71999378353039,18.8092372862242,18.511757039074844,18.575504302978516,1531730,0.0,0.0
2008-07-14 00:00:00-04:00,18.75824213575687,18.76674151748088,18.256776709203308,18.329021453857422,1191333,0.0,0.0
2008-07-15 00:00:00-04:00,18.210035203399432,18.431019190037016,18.04429530858393,18.28227996826172,2091853,0.0,0.0
2008-07-16 00:00:00-04:00,18.320522461362387,18.414015662312842,17.857304242725576,17.9720458984375,1734770,0.0,0.0
2008-07-17 00:00:00-04:00,18.04854476427037,18.07404291624078,17.5980755079558,17.746814727783203,1736768,0.0,0.0
2008-07-18 00:00:00-04:00,17.729812165297684,18.086788121321337,17.636318961415434,17.814807891845703,1445368,0.0,0.0
2008-07-21 00:00:00-04:00,17.814806378048765,18.027290914270925,17.746809421620952,17.938047409057617,844238,0.0,0.0
2008-07-22 00:00:00-04:00,17.810557136281812,18.13353748369713,17.793560275974503,17.853055953979492,966673,0.0,0.0
2008-07-23 00:00:00-04:00,17.84881118267508,17.938054724282335,17.40683935742132,17.542831420898438,1308245,0.0,0.0
2008-07-24 00:00:00-04:00,17.538577440124765,17.683066948350575,17.406835101317142,17.559825897216797,1462993,0.0,0.0
2008-07-25 00:00:00-04:00,17.632070271176552,17.71706409771218,17.423833491327272,17.436582565307617,910625,0.0,0.0
2008-07-28 00:00:00-04:00,17.43233525736405,17.5428291518043,17.27934634868297,17.419586181640625,1351485,0.0,0.0
2008-07-29 00:00:00-04:00,17.35584175179772,17.483334420838712,17.275097601135414,17.453584671020508,997928,0.0,0.0
2008-07-30 00:00:00-04:00,17.406824889730128,17.72980315289318,17.406824889730128,17.65755844116211,1445603,0.0,0.0
2008-07-31 00:00:00-04:00,17.483335499509863,17.58957780956774,17.139106605247406,17.41533851623535,2653855,0.0,0.0
2008-08-01 00:00:00-04:00,17.440839240324674,17.50458462878935,16.913873552674946,16.918123245239258,1605873,0.0,0.0
2008-08-04 00:00:00-04:00,16.828879232829845,16.99886693066942,16.79063009597845,16.86712646484375,1626083,0.0,0.0
2008-08-05 00:00:00-04:00,16.956362977733495,17.39408302307129,16.790623136202207,17.39408302307129,1615273,0.0,0.0
2008-08-06 00:00:00-04:00,17.338842153177925,17.504582043545575,17.215601087014306,17.279346466064453,1631605,0.0,0.0
2008-08-07 00:00:00-04:00,17.236855197323486,17.372845383877753,16.99887046601563,17.079614639282227,2573015,0.0,0.0
2008-08-08 00:00:00-04:00,17.16460666449877,17.43233728584461,17.037113987591848,17.41533851623535,1075713,0.0,0.0
2008-08-11 00:00:00-04:00,17.415341692472147,17.738320278790887,17.224105499490022,17.572582244873047,1717145,0.0,0.0
2008-08-12 00:00:00-04:00,17.432336328808862,17.649072534265574,17.40683817579482,17.517332077026367,914150,0.0,0.0
2008-08-13 00:00:00-04:00,17.52583062641735,17.70431768901234,17.411087038483288,17.615074157714844,714988,0.0,0.0
2008-08-14 00:00:00-04:00,17.55132710813378,17.65331970562589,17.29209401800423,17.538578033447266,648718,0.0,0.0
2008-08-15 00:00:00-04:00,17.576827757594085,18.269531390430767,17.504582990761243,17.721317291259766,826848,0.0,0.0
2008-08-18 00:00:00-04:00,17.789307165683162,18.018792380434913,17.77230840198576,17.976295471191406,1045398,0.0,0.0
2008-08-19 00:00:00-04:00,17.929550170898438,18.061290599104364,17.695815248276784,17.929550170898438,826378,0.0,0.0
2008-08-20 00:00:00-04:00,17.942306655180037,17.963555120118386,17.742569179921816,17.87006187438965,937415,0.0,0.0
2008-08-21 00:00:00-04:00,17.674573735618004,17.967804450690416,17.674573735618004,17.882810592651367,675978,0.0,0.0
2008-08-22 00:00:00-04:00,17.95505426688936,18.099543816662717,17.91255734048543,18.05704689025879,496085,0.0,0.0
2008-08-25 00:00:00-04:00,18.001797066076048,18.0527933669397,17.734064581704708,17.78506088256836,824380,0.0,0.0
2008-08-26 00:00:00-04:00,17.76380969398214,17.865804184872385,17.661817107928776,17.814807891845703,747888,0.0,0.0
2008-08-27 00:00:00-04:00,17.82331203029688,18.11654079345052,17.751065357725984,18.05279541015625,771623,0.0,0.0
2008-08-28 00:00:00-04:00,18.125037673969643,18.154787420234523,18.01029599989118,18.142038345336914,2072230,0.0,0.0
2008-08-29 00:00:00-04:00,18.09529234063968,18.21003593545931,17.895556806226164,17.916805267333984,699243,0.0,0.0
2008-09-02 00:00:00-04:00,17.904052833301076,18.21003252071378,17.6958160486556,17.763811111450195,999338,0.0,0.0
2008-09-03 00:00:00-04:00,17.75531685972956,17.763816245035134,17.572580075659786,17.717069625854492,1030593,0.0,0.0
2008-09-04 00:00:00-04:00,17.65757083935969,17.776562212819037,17.55132854162813,17.69156837463379,1130233,0.0,0.0
2008-09-05 00:00:00-04:00,17.598073603007155,17.653319592962802,17.368588355277375,17.610822677612305,1167950,0.0,0.0
2008-09-08 00:00:00-04:00,17.76380898857518,18.32052230834961,17.755309606741584,18.32052230834961,1175588,0.0,0.0
2008-09-09 00:00:00-04:00,18.35451912637819,18.668998146905242,18.167532733265027,18.346019744873047,2095260,0.0,0.0
2008-09-10 00:00:00-04:00,18.388523927018262,18.63925768544864,18.31627915564404,18.494768142700195,1657925,0.0,0.0
2008-09-11 00:00:00-04:00,18.468952147165727,18.78730828248038,18.236637689416956,18.67975425720215,1517395,0.451064,0.0
2008-09-12 00:00:00-04:00,18.598022803272663,18.886264477593393,18.524887345332615,18.774410247802734,891003,0.0,0.0
2008-09-15 00:00:00-04:00,18.417320114619184,18.90775941796836,18.34848487050549,18.499059677124023,1367230,0.0,0.0
2008-09-16 00:00:00-04:00,18.408724684266286,18.486162201274684,17.9182832199043,18.348493576049805,2898960,0.0,0.0
2008-09-17 00:00:00-04:00,18.094667387121525,18.26244864414823,17.673059346156585,17.681663513183594,1932640,0.0,0.0
2008-09-18 00:00:00-04:00,17.784914612705773,18.20221862228816,17.61282935190607,18.090364456176758,2706260,0.0,0.0
2008-09-19 00:00:00-04:00,18.206526696400363,19.011022325418676,17.53969970698537,18.21082878112793,2871818,0.0,0.0
2008-09-22 00:00:00-04:00,18.197920869132922,18.197920869132922,17.677366736198334,17.780616760253906,1072188,0.0,0.0
2008-09-23 00:00:00-04:00,17.784919343263038,17.974211059339158,17.457958996264964,17.47086524963379,1155965,0.0,0.0
2008-09-24 00:00:00-04:00,17.457955797095973,17.660153729488165,17.285870522058428,17.565507888793945,966203,0.0,0.0
2008-09-25 00:00:00-04:00,17.681663513183594,17.883863366639055,17.565507258318952,17.681663513183594,1530203,0.0,0.0
2008-09-26 00:00:00-04:00,17.522491215682763,17.68166834921829,17.260062121262415,17.53969955444336,1575910,0.0,0.0
2008-09-29 00:00:00-04:00,17.363306859146242,17.423537954763002,16.79112784151254,16.954607009887695,2982268,0.0,0.0
2008-09-30 00:00:00-04:00,17.25575345894193,17.260055541992188,16.683572556616227,17.260055541992188,1565100,0.0,0.0
2008-10-01 00:00:00-04:00,17.126694116658584,17.60422735136596,17.014838008463407,17.513883590698242,1186515,0.0,0.0
2008-10-02 00:00:00-04:00,16.748110123167297,17.599926647163315,16.748110123167297,17.20843505859375,1426333,0.0,0.0
2008-10-03 00:00:00-04:00,17.410634581761947,17.513884599903214,16.795432700361612,16.958911895751953,2163293,0.0,0.0
2008-10-06 00:00:00-04:00,16.743806490437038,16.96751484703225,15.646768377241454,16.14581298828125,1525268,0.0,0.0
2008-10-07 00:00:00-04:00,16.28347325147621,16.50718344822161,15.547813358283548,15.552115440368652,1818313,0.0,0.0
2008-10-08 00:00:00-04:00,15.487585445616135,15.638159294776527,14.915405590134739,15.104698181152344,2296538,0.0,0.0
2008-10-09 00:00:00-04:00,15.074590775784571,15.186444972141494,13.766749382019043,13.766749382019043,2369035,0.0,0.0
2008-10-10 00:00:00-04:00,13.336537967993026,13.719426376648416,11.96846739916655,13.087016105651855,3961865,0.0,0.0
2008-10-13 00:00:00-04:00,13.749536881298997,14.579842790283706,13.121428881434229,14.56263542175293,1865548,0.0,0.0
2008-10-14 00:00:00-04:00,15.298305280790581,15.478993853717016,14.313121819460713,14.846583366394043,3875503,0.0,0.0
2008-10-15 00:00:00-04:00,14.803549673219099,14.945518385597888,13.685001553841547,13.956034660339355,2709080,0.0,0.0
2008-10-16 00:00:00-04:00,14.110914600929922,14.588447788662865,13.448389897896778,14.502406120300293,2607795,0.0,0.0
2008-10-17 00:00:00-04:00,14.227073862730924,15.212255927918463,13.934529255759582,14.489501953125,1744405,0.0,0.0
2008-10-20 00:00:00-04:00,14.622867284421979,15.698394061033898,14.36474031810526,15.612351417541504,2115588,0.0,0.0
2008-10-21 00:00:00-04:00,15.491885438837576,15.76291852360728,14.820756813845913,14.971330642700195,1197208,0.0,0.0
2008-10-22 00:00:00-04:00,14.67019166333409,14.975641583583933,14.033479316474235,14.403460502624512,1568508,0.0,0.0
2008-10-23 00:00:00-04:00,14.519614237138672,15.285389894931237,13.990455092130247,14.588447570800781,2461860,0.0,0.0
2008-10-24 00:00:00-04:00,13.76244421291755,14.558333519098563,13.551641156716979,14.201258659362793,1648995,0.0,0.0
2008-10-27 00:00:00-04:00,13.999060679258484,14.519615710377476,13.766747190416762,13.925925254821777,1726193,0.0,0.0
2008-10-28 00:00:00-04:00,14.274394177978582,15.848965325015385,13.913016292476087,15.732808113098145,1881880,0.0,0.0
2008-10-29 00:00:00-04:00,15.616652256974364,15.732808507644265,14.730418264394993,15.005752563476562,1508230,0.0,0.0
2008-10-30 00:00:00-04:00,15.522005069675245,15.788736159511785,15.065981352667093,15.732808113098145,1281455,0.0,0.0
2008-10-31 00:00:00-04:00,15.702693344227242,15.879079719557431,15.04447075809841,15.186440467834473,2286903,0.0,0.0
2008-11-03 00:00:00-05:00,15.276788980400957,16.46417098796871,15.057380754323935,16.356618881225586,2657380,0.0,0.0
2008-11-04 00:00:00-05:00,16.683571889263504,16.687875900462107,16.223247092978355,16.39533233642578,2090678,0.0,0.0
2008-11-05 00:00:00-05:00,15.595148795256796,16.115704006228743,15.595148795256796,15.883389472961426,1819605,0.0,0.0
2008-11-06 00:00:00-05:00,15.745718738530108,15.922105164968134,15.104705263625453,15.281091690063477,1509993,0.0,0.0
2008-11-07 00:00:00-05:00,15.298297350940238,16.386731274394588,15.298297350940238,16.30929183959961,1645940,0.0,0.0
2008-11-10 00:00:00-05:00,16.55020942936716,16.56311567964659,15.4703807043596,15.68548583984375,1400365,0.0,0.0
2008-11-11 00:00:00-05:00,15.46608185910614,15.896293184309219,15.164934027880038,15.517706871032715,1476388,0.0,0.0
2008-11-12 00:00:00-05:00,15.20365220535428,15.354226115208562,14.97133869640909,15.078890800476074,1144803,0.0,0.0
2008-11-13 00:00:00-05:00,15.186432599374186,16.296375274658203,14.919702615058709,16.296375274658203,1979170,0.0,0.0
2008-11-14 00:00:00-05:00,16.05976426722682,16.558808689295656,15.590834420219371,15.818846702575684,1096628,0.0,0.0
2008-11-17 00:00:00-05:00,15.629556281251254,15.982328994701554,15.306898147019364,15.586535453796387,1291443,0.0,0.0
2008-11-18 00:00:00-05:00,15.522010369221896,15.848970736193305,15.091799004831916,15.620959281921387,1396605,0.0,0.0
2008-11-19 00:00:00-05:00,15.577932567612551,16.016747963329095,15.143420219421388,15.143420219421387,1212248,0.0,0.0
2008-11-20 00:00:00-05:00,15.001452347704848,15.3327147358427,14.218469222404796,14.455084800720215,1963073,0.0,0.0
2008-11-21 00:00:00-05:00,14.777742602582393,15.81024849280014,14.41206258948991,15.801644325256348,1998793,0.0,0.0
2008-11-24 00:00:00-05:00,16.05116463042413,16.081279213979837,15.293994101524985,15.423056602478027,1735475,0.0,0.0
2008-11-25 00:00:00-05:00,15.728502734177924,16.07697234723126,15.195040698985077,15.552115440368652,1755685,0.0,0.0
2008-11-26 00:00:00-05:00,15.225165232114676,15.646772444701272,15.190748552922464,15.642470359802246,1229873,0.0,0.0
2008-11-28 00:00:00-05:00,15.487587647369404,16.012444670751382,15.487587647369404,15.99953842163086,538855,0.0,0.0
2008-12-01 00:00:00-05:00,15.857569518796288,15.857569518796288,15.022960546009099,15.031564712524414,1091340,0.0,0.0
2008-12-02 00:00:00-05:00,15.14342702510555,15.423063533667284,14.919717625424015,15.337021827697754,976778,0.0,0.0
2008-12-03 00:00:00-05:00,15.065985124193563,15.530613124014359,14.962735100340412,15.517706871032715,986765,0.0,0.0
2008-12-04 00:00:00-05:00,15.349921996318255,15.491891719028208,14.20556101161418,14.459385871887207,1511520,0.0,0.0
2008-12-05 00:00:00-05:00,14.30881730006031,14.773445393207268,13.938836045283574,14.687402725219727,1447130,0.0,0.0
2008-12-08 00:00:00-05:00,14.997150959252247,15.13481861439581,14.68309689212613,14.88959789276123,1471453,0.0,0.0
2008-12-09 00:00:00-05:00,14.782045790430702,15.250975849073269,14.782045790430702,14.88959789276123,1376395,0.0,0.0
2008-12-10 00:00:00-05:00,15.13911640329414,15.392940256941031,14.94121962699177,15.130512237548828,1117308,0.0,0.0
2008-12-11 00:00:00-05:00,14.947062880709545,15.327073725463604,14.885912182867738,15.030054092407227,1576968,0.451064,0.0
2008-12-12 00:00:00-05:00,14.881541212268214,15.064994246939174,14.584521640358215,15.0431547164917,1500945,0.0,0.0
2008-12-15 00:00:00-05:00,15.03878620039034,15.147984827110507,14.658776428194109,14.864068984985352,1175000,0.0,0.0
2008-12-16 00:00:00-05:00,14.91211288290225,15.414424896240234,14.903377072874385,15.414424896240234,1295203,0.0,0.0
2008-12-17 00:00:00-05:00,15.073730313162061,15.362014077751637,15.016947533041641,15.082466125488281,1017550,0.0,0.0
2008-12-18 00:00:00-05:00,15.156728984351396,15.475587270428921,15.016954939284272,15.143625259399414,1103325,0.0,0.0
2008-12-19 00:00:00-05:00,15.58478008299738,15.672138216416542,15.161091178089855,15.19603443145752,2287373,0.0,0.0
2008-12-22 00:00:00-05:00,15.08246813857893,15.423166822599628,15.030053257625688,15.287760734558105,1498360,0.0,0.0
2008-12-23 00:00:00-05:00,15.52362225820903,15.52362225820903,14.995102857082678,15.213499069213867,1459938,0.0,0.0
2008-12-24 00:00:00-05:00,15.222245061005573,15.484321474000614,15.174197098645232,15.283395767211914,339693,0.0,0.0
2008-12-26 00:00:00-05:00,15.335812965171991,15.462483275052431,15.265925458828862,15.366388320922852,329823,0.0,0.0
2008-12-29 00:00:00-05:00,15.375117243130822,15.488682799286213,15.257182802057306,15.484315872192383,784078,0.0,0.0
2008-12-30 00:00:00-05:00,15.484317980689125,15.632826805114746,15.340176083951974,15.632826805114746,1040228,0.0,0.0
2008-12-31 00:00:00-05:00,15.61098534609513,15.672136030961175,15.458107655017862,15.58041000366211,1057148,0.0,0.0
2009-01-02 00:00:00-05:00,15.781337111071302,15.890535758480283,15.527997541246718,15.816280364990234,816508,0.0,0.0
2009-01-05 00:00:00-05:00,15.746390974576501,16.047778442279146,15.593513287755046,15.977890968322754,1744288,0.0,0.0
2009-01-06 00:00:00-05:00,16.056515882929673,16.209393585259015,15.75076047827099,15.833751678466797,1991273,0.0,0.0
2009-01-07 00:00:00-05:00,15.72455934108606,15.851228676961785,15.47995452777665,15.593521118164062,1369933,0.0,0.0
2009-01-08 00:00:00-05:00,15.584778804059411,15.63719367980957,15.445004823146766,15.63719367980957,1275463,0.0,0.0
2009-01-09 00:00:00-05:00,15.711451604689788,15.746394860836025,15.44500731874999,15.549838066101074,975955,0.0,0.0
2009-01-12 00:00:00-05:00,15.571677375762047,15.724555098101,15.51052667839141,15.6153564453125,1370168,0.0,0.0
2009-01-13 00:00:00-05:00,15.584788403747226,15.610995857765186,15.069372204655538,15.169835090637207,1294850,0.0,0.0
2009-01-14 00:00:00-05:00,15.051890825312322,15.051890825312322,14.693720561090597,14.920852661132812,1095923,0.0,0.0
2009-01-15 00:00:00-05:00,14.850970754559855,14.98200798034668,14.71119673480809,14.98200798034668,1330570,0.0,0.0
2009-01-16 00:00:00-05:00,15.078097441476984,15.34890956744348,14.986371416783648,15.178560256958008,1445603,0.0,0.0
2009-01-20 00:00:00-05:00,15.08683446865337,15.270287511730002,14.837862831232304,14.89901351928711,1622088,0.0,0.0
2009-01-21 00:00:00-05:00,15.095574794421879,15.095574794421879,14.63257365255911,14.968904495239258,1585310,0.0,0.0
2009-01-22 00:00:00-05:00,14.785452141666443,15.108678277519763,14.763611625122818,14.98200798034668,1388145,0.0,0.0
2009-01-23 00:00:00-05:00,14.785449117004859,14.833496089964385,14.466589974994342,14.728665351867676,1483085,0.0,0.0
2009-01-26 00:00:00-05:00,14.785446112811096,15.209134927918452,14.763605605173069,15.056257247924805,1083703,0.0,0.0
2009-01-27 00:00:00-05:00,15.09120714887279,15.49742549904743,15.008216903116828,15.42317008972168,1282630,0.0,0.0
2009-01-28 00:00:00-05:00,15.589150019966343,15.61098955616547,15.327074606664414,15.506159782409668,1074655,0.0,0.0
2009-01-29 00:00:00-05:00,15.344546012084717,15.698348451181213,15.187300374829341,15.257186889648438,1026245,0.0,0.0
2009-01-30 00:00:00-05:00,15.213505487704428,15.501788296090668,14.982004484999285,15.069363594055176,1672965,0.0,0.0
2009-02-02 00:00:00-05:00,14.94269675136972,15.196036349168562,14.833498091902806,15.091205596923828,1029888,0.0,0.0
2009-02-03 00:00:00-05:00,15.121785196914487,15.152359575169916,14.94706691241458,15.01695442199707,1256898,0.0,0.0
2009-02-04 00:00:00-05:00,15.10867077359413,15.16108661678831,14.920849864337654,15.078095436096191,1432913,0.0,0.0
2009-02-05 00:00:00-05:00,15.01258112577464,15.222241621449129,14.811655464386295,15.156723022460938,1487198,0.0,0.0
2009-02-06 00:00:00-05:00,15.10431081233447,15.401330490641357,14.97764149036427,15.270292282104492,1430798,0.0,0.0
2009-02-09 00:00:00-05:00,15.248450515175662,15.257186329207157,14.999478836365682,15.235346794128418,1144333,0.0,0.0
2009-02-10 00:00:00-05:00,15.134881627522834,15.235343466945585,14.562682017770696,14.623832702636719,1520333,0.0,0.0
2009-02-11 00:00:00-05:00,14.610735019650381,14.737405326679655,14.379234923834867,14.501537322998047,1594945,0.0,0.0
2009-02-12 00:00:00-05:00,14.409807905856223,14.440383255883656,14.007958490528017,14.318081855773926,1943098,0.0,0.0
2009-02-13 00:00:00-05:00,14.318080194049541,14.444750465517382,14.182674109302006,14.25256061553955,944465,0.0,0.0
2009-02-17 00:00:00-05:00,14.08221500581772,14.08221500581772,13.422657012939455,13.422657012939453,1684128,0.0,0.0
2009-02-18 00:00:00-05:00,13.514385584452564,13.514385584452564,13.221733771173588,13.339668273925781,1903265,0.0,0.0
2009-02-19 00:00:00-05:00,13.43138961851905,13.466332869990795,13.125634210316798,13.178049087524414,1227288,0.0,0.0
2009-02-20 00:00:00-05:00,13.160581963657245,13.164949871585353,12.645165891402792,12.828619003295898,2066238,0.0,0.0
2009-02-23 00:00:00-05:00,12.955286002871977,13.081956279343482,12.41803052821159,12.535964012145996,1979875,0.0,0.0
2009-02-24 00:00:00-05:00,12.295728774005516,12.854823810712892,12.217105468534823,12.763097763061523,2765128,0.0,0.0
2009-02-25 00:00:00-05:00,12.680105571088703,12.74999207818662,12.304463637612795,12.44860553741455,2573603,0.0,0.0
2009-02-26 00:00:00-05:00,12.531596380225196,12.605851776576932,12.055492569406777,12.09917163848877,1745110,0.0,0.0
2009-02-27 00:00:00-05:00,11.928822035574818,12.016180171874428,11.67984938929627,11.692953109741211,3167095,0.0,0.0
2009-03-02 00:00:00-05:00,11.492030077104715,11.609964557054498,11.05086946725131,11.07707691192627,2570430,0.0,0.0
2009-03-03 00:00:00-05:00,11.103285164615007,11.221219653147177,10.49614206981194,10.5136137008667,2548928,0.0,0.0
2009-03-04 00:00:00-05:00,10.649013972682319,10.985344643619793,10.413146104054377,10.836835861206055,2675710,0.0,0.0
2009-03-05 00:00:00-05:00,10.631543955087409,10.745110490624821,10.18601558281016,10.321420669555664,2460685,0.0,0.0
2009-03-06 00:00:00-05:00,10.400051088687642,10.64465497268249,10.207862112924655,10.504880905151367,1880235,0.0,0.0
2009-03-09 00:00:00-04:00,10.373837636316532,10.509243716535202,10.234063649604105,10.3126859664917,1597060,0.0,0.0
2009-03-10 00:00:00-04:00,10.478668312463093,10.732008869175226,10.382574361160957,10.683960914611816,2272920,0.0,0.0
2009-03-11 00:00:00-04:00,10.679592543049125,11.133856754715797,10.679592543049125,11.081441879272461,2752555,0.0,0.0
2009-03-12 00:00:00-04:00,11.20635388123457,11.308960242325034,10.956531132204027,11.26880931854248,2020178,0.451064,0.0
2009-03-13 00:00:00-04:00,11.237581041520574,11.456176061035709,11.237581041520574,11.393720626831055,1988453,0.0,0.0
2009-03-16 00:00:00-04:00,11.465098010019485,11.866600220341494,11.465098010019485,11.594470977783203,1986808,0.0,0.0
2009-03-17 00:00:00-04:00,11.625697296896382,11.661387111154582,11.393719003110931,11.607853889465332,1709390,0.0,0.0
2009-03-18 00:00:00-04:00,11.514171139032586,12.085195238582374,11.429409194679755,12.009356498718262,1966833,0.0,0.0
2009-03-19 00:00:00-04:00,12.11196694312811,12.22349554842441,11.897832940774519,12.178884506225586,1703633,0.0,0.0
2009-03-20 00:00:00-04:00,12.250256509214989,12.433162697453431,12.103039138233065,12.13426685333252,1685890,0.0,0.0
2009-03-23 00:00:00-04:00,12.294868771107645,12.763287544250488,12.236874437215258,12.763287544250488,1397898,0.0,0.0
2009-03-24 00:00:00-04:00,12.642844141905309,12.767756087497867,12.361793514071381,12.477782249450684,1355715,0.0,0.0
2009-03-25 00:00:00-04:00,12.544691760954654,12.843587617221731,12.39301328165194,12.6294527053833,1701165,0.0,0.0
2009-03-26 00:00:00-04:00,12.709748039761454,12.77220344543457,12.442080015851323,12.77220344543457,1327868,0.0,0.0
2009-03-27 00:00:00-04:00,12.638375119723163,12.69637045088264,12.540230866651314,12.611608505249023,1074538,0.0,0.0
2009-03-30 00:00:00-04:00,12.415322422272373,12.459933458695426,12.134270893208921,12.32610034942627,1283100,0.0,0.0
2009-03-31 00:00:00-04:00,12.42424305371551,12.562538248885273,12.263642343163363,12.35732650756836,1779303,0.0,0.0
2009-04-01 00:00:00-04:00,12.223496881314203,12.428708697604993,12.187808043663518,12.397480964660645,1662390,0.0,0.0
2009-04-02 00:00:00-04:00,12.616071858838076,12.758828161305368,12.361787976161194,12.642838478088379,1406945,0.0,0.0
2009-04-03 00:00:00-04:00,12.665144787665223,12.75882896071008,12.544694993492081,12.732062339782715,1015553,0.0,0.0
2009-04-06 00:00:00-04:00,12.593767803306646,12.86589713017516,12.593767803306646,12.79451847076416,1323050,0.0,0.0
2009-04-07 00:00:00-04:00,12.624993961939472,12.749905850551027,12.544694104845693,12.571460723876953,1151853,0.0,0.0
2009-04-08 00:00:00-04:00,12.571459705984207,12.794515846316518,12.513464369646602,12.754365921020508,1226465,0.0,0.0
2009-04-09 00:00:00-04:00,13.066648409054025,13.071109512988514,12.723141406500085,12.879281044006348,1194975,0.0,0.0
2009-04-13 00:00:00-04:00,12.834658851107687,12.861425453539022,12.660674935505618,12.77220344543457,967143,0.0,0.0
2009-04-14 00:00:00-04:00,12.64729811453552,12.665141524090098,12.446546509712139,12.6294527053833,1627493,0.0,0.0
2009-04-15 00:00:00-04:00,12.633916165490916,12.852512220462575,12.571460721098447,12.848050117492676,1195680,0.0,0.0
2009-04-16 00:00:00-04:00,12.950658829514873,13.138026196335677,12.80790350226031,12.928353309631348,1009443,0.0,0.0
2009-04-17 00:00:00-04:00,12.932813614490337,13.048803310516863,12.86589705897453,12.955119132995605,982065,0.0,0.0
2009-04-20 00:00:00-04:00,12.80344058849519,13.026497772817466,12.7097574109111,12.861434936523438,933420,0.0,0.0
2009-04-21 00:00:00-04:00,12.834663542260754,13.02649292939699,12.656219460829378,12.6785249710083,1483438,0.0,0.0
2009-04-22 00:00:00-04:00,12.647301121847775,12.718678776233759,12.451010572688203,12.517928123474121,1573795,0.0,0.0
2009-04-23 00:00:00-04:00,12.51792766915332,12.54023318533939,12.343943643102934,12.459932327270508,1538663,0.0,0.0
2009-04-24 00:00:00-04:00,12.531309434247776,12.562537153059127,12.317174505657846,12.468852996826172,1095100,0.0,0.0
2009-04-27 00:00:00-04:00,12.343941155930093,12.745442365979214,12.335018951253394,12.6294527053833,1279340,0.0,0.0
2009-04-28 00:00:00-04:00,12.558071340397031,12.71421087569169,12.459926118286653,12.540226936340332,1000278,0.0,0.0
2009-04-29 00:00:00-04:00,12.517925718724655,12.812359486303855,12.48669800092977,12.75882625579834,920378,0.0,0.0
2009-04-30 00:00:00-04:00,13.160326354404985,13.633206182671369,12.937270246648637,13.191554069519043,2708023,0.0,0.0
2009-05-01 00:00:00-04:00,13.213860984054726,13.593056678771974,13.160326756709615,13.593056678771973,1123535,0.0,0.0
2009-05-04 00:00:00-04:00,13.624285188628448,13.7313526497579,13.43691788150106,13.566290855407715,1036703,0.0,0.0
2009-05-05 00:00:00-04:00,13.445837803706498,13.793805743548793,13.445837803706498,13.740272521972656,1460760,0.0,0.0
2009-05-06 00:00:00-04:00,13.816119595824592,13.945492625891479,13.686746565757703,13.802736282348633,2078223,0.0,0.0
2009-05-07 00:00:00-04:00,13.941023618880621,14.003479046365339,13.81611176411245,13.958868026733398,1359005,0.0,0.0
2009-05-08 00:00:00-04:00,14.1417770643105,14.400522030252842,14.048092904356189,14.119471549987793,1856853,0.0,0.0
2009-05-11 00:00:00-04:00,13.972258189741593,14.074864585049594,13.829501857060594,13.869651794433594,1467575,0.0,0.0
2009-05-12 00:00:00-04:00,13.923179155349569,13.958867970912404,13.709044262375095,13.86518383026123,1460173,0.0,0.0
2009-05-13 00:00:00-04:00,13.69120464954058,13.842883168602357,13.401230921940202,13.427998542785645,1312358,0.0,0.0
2009-05-14 00:00:00-04:00,13.472608142907799,13.55290799749421,13.231707579349592,13.347697257995605,1315413,0.0,0.0
2009-05-15 00:00:00-04:00,13.365546264649227,13.370008369348453,13.013117977763143,13.133567810058594,1486258,0.0,0.0
2009-05-18 00:00:00-04:00,13.285240038201183,13.405690812830205,13.017572872113142,13.236167907714844,1056325,0.0,0.0
2009-05-19 00:00:00-04:00,13.23617030327585,13.512759724965663,13.200481474644791,13.410154342651367,862333,0.0,0.0
2009-05-20 00:00:00-04:00,13.503832456411743,13.557366679092173,13.155864508083216,13.17370891571045,1314003,0.0,0.0
2009-05-21 00:00:00-04:00,13.0086520061235,13.08003066310224,12.87035679553884,12.946196556091309,866915,0.0,0.0
2009-05-22 00:00:00-04:00,12.950657785545411,13.151408448113557,12.897124542140336,12.995268821716309,626040,0.0,0.0
2009-05-26 00:00:00-04:00,12.941738372890514,13.436923980712892,12.892666222506113,13.43692398071289,1222823,0.0,0.0
2009-05-27 00:00:00-04:00,13.419074730518854,13.445841348363267,13.044339081300192,13.088951110839844,1007680,0.0,0.0
2009-05-28 00:00:00-04:00,13.213858703658222,13.566287723781485,13.12909677487232,13.490447998046875,1442665,0.0,0.0
2009-05-29 00:00:00-04:00,13.593057403051816,13.593057403051816,13.312005943860832,13.494912147521973,1529733,0.0,0.0
2009-06-01 00:00:00-04:00,13.624284560954951,14.1150088188423,13.615362356255117,14.07931900024414,1246793,0.0,0.0
2009-06-02 00:00:00-04:00,14.074866146632134,14.110554983812193,13.905343170227516,13.954415321350098,1871070,0.0,0.0
2009-06-03 00:00:00-04:00,13.972259252843394,13.990103670811337,13.709052088217632,13.802736282348633,1393080,0.0,0.0
2009-06-04 00:00:00-04:00,13.883031349535697,14.012404334745042,13.820575908303097,13.94102668762207,1186633,0.0,0.0
2009-06-05 00:00:00-04:00,14.016864541392714,14.177465236948873,13.85626484563545,14.057014465332031,1641358,0.0,0.0
2009-06-08 00:00:00-04:00,14.083786276370013,14.128397316257994,13.78042920553336,13.92764663696289,1234690,0.0,0.0
2009-06-09 00:00:00-04:00,13.949947195169445,13.994558219190113,13.655512437035371,13.78488540649414,1176410,0.0,0.0
2009-06-10 00:00:00-04:00,13.833959742102795,13.976716041564941,13.771504298500167,13.976716041564941,1439728,0.0,0.0
2009-06-11 00:00:00-04:00,14.058392946079513,14.421424356530771,13.976711336379312,14.307977676391602,1552058,0.451064,0.0
2009-06-12 00:00:00-04:00,14.203615139340135,14.566646790703299,14.13554606908227,14.503116607666016,1067488,0.0,0.0
2009-06-15 00:00:00-04:00,14.385122122465066,14.435038664167728,14.076545103388055,14.176379203796387,1094160,0.0,0.0
2009-06-16 00:00:00-04:00,14.176382159303495,14.248988053280682,14.013017880851603,14.144617080688477,1247968,0.0,0.0
2009-06-17 00:00:00-04:00,14.12193107878911,14.398743168987087,14.072014511279274,14.226303100585938,1608575,0.0,0.0
2009-06-18 00:00:00-04:00,14.221757512942833,14.521258789475434,13.97671166114533,14.484954833984375,1225408,0.0,0.0
2009-06-19 00:00:00-04:00,14.57571670973368,14.602943920161081,14.189995861339034,14.203609466552734,1652050,0.0,0.0
2009-06-22 00:00:00-04:00,14.094703547653403,14.366976725391773,14.094703547653403,14.262604713439941,1710330,0.0,0.0
2009-06-23 00:00:00-04:00,14.294374830018974,14.294374830018974,13.931343146418705,13.990335464477539,1138810,0.0,0.0
2009-06-24 00:00:00-04:00,14.040242153314393,14.23990933697654,13.994863479073679,14.131000518798828,1113078,0.0,0.0
2009-06-25 00:00:00-04:00,14.090168400025863,14.494041929957834,13.999410989032414,14.471352577209473,1007093,0.0,0.0
2009-06-26 00:00:00-04:00,14.457737905496531,14.5575710502694,14.321599764980801,14.503116607666016,957860,0.0,0.0
2009-06-29 00:00:00-04:00,14.525799697505807,14.716391181468152,14.457731673591825,14.707315444946289,1000043,0.0,0.0
2009-06-30 00:00:00-04:00,14.680084722314364,14.680084722314364,14.348818384534715,14.521258354187012,1426685,0.0,0.0
2009-07-01 00:00:00-04:00,14.575718794219625,14.775386049578382,14.516726496523717,14.757234573364258,803935,0.0,0.0
2009-07-02 00:00:00-04:00,14.621099319388795,14.621099319388795,13.949490547180176,13.949490547180176,954100,0.0,0.0
2009-07-06 00:00:00-04:00,14.072013273067398,14.65740249036966,14.013020971201117,14.621098518371582,1686713,0.0,0.0
2009-07-07 00:00:00-04:00,14.671010210938416,14.671010210938416,14.208144669496887,14.230834007263184,1180288,0.0,0.0
2009-07-08 00:00:00-04:00,14.37605635090726,14.398745703769643,14.062941247398934,14.17185115814209,1101445,0.0,0.0
2009-07-09 00:00:00-04:00,14.208144275788989,14.267136552346678,13.990325622265278,14.176379203796387,822853,0.0,0.0
2009-07-10 00:00:00-04:00,14.126471672860548,14.153699913756792,13.881425640824196,14.003949165344238,1435263,0.0,0.0
2009-07-13 00:00:00-04:00,14.035707601371383,14.298904991142383,13.95402596844346,14.28982925415039,1080530,0.0,0.0
2009-07-14 00:00:00-04:00,14.335207119721291,14.453192710876467,14.158229241490124,14.453192710876465,907805,0.0,0.0
2009-07-15 00:00:00-04:00,14.571176410291711,14.798070809668499,14.507646263227066,14.784457206726074,1496128,0.0,0.0
2009-07-16 00:00:00-04:00,14.752693566788153,14.916057834975236,14.580253562424186,14.852526664733887,1055503,0.0,0.0
2009-07-17 00:00:00-04:00,14.847990382830966,14.86160297061496,14.643785294019912,14.798072814941406,912035,0.0,0.0
2009-07-20 00:00:00-04:00,14.906979648118169,14.906979648118169,14.68462313133634,14.875214576721191,601953,0.0,0.0
2009-07-21 00:00:00-04:00,15.052199148776191,15.052199148776191,14.85253086244694,15.011357307434082,648365,0.0,0.0
2009-07-22 00:00:00-04:00,14.988663992202211,15.120263186121562,14.916058101489838,14.997740745544434,679033,0.0,0.0
2009-07-23 00:00:00-04:00,14.979593344894585,15.474224194423558,14.92060103864927,15.442459106445312,1152323,0.0,0.0
2009-07-24 00:00:00-04:00,15.428836790313648,15.75102739199162,15.428836790313648,15.746489524841309,741660,0.0,0.0
2009-07-27 00:00:00-04:00,15.746493819173043,15.878092002421083,15.692038381515458,15.859940528869629,697363,0.0,0.0
2009-07-28 00:00:00-04:00,15.796406213520454,15.8190955494875,15.569511836847038,15.714723587036133,1039523,0.0,0.0
2009-07-29 00:00:00-04:00,15.596743106225633,15.769183121534876,15.41522735416344,15.574053764343262,1147858,0.0,0.0
2009-07-30 00:00:00-04:00,15.70111617141689,15.987002915721282,15.59674417460526,15.918933868408203,903928,0.0,0.0
2009-07-31 00:00:00-04:00,15.99608321724438,16.13222033371113,15.533217428058869,15.637589454650879,1675315,0.0,0.0
2009-08-03 00:00:00-04:00,15.628504730587617,15.805482575156999,15.44245115127124,15.537747383117676,973958,0.0,0.0
2009-08-04 00:00:00-04:00,15.48783521245206,15.62851016696727,15.43791865398011,15.52867603302002,677740,0.0,0.0
2009-08-05 00:00:00-04:00,15.564978387624244,15.60582022362902,15.29724311272244,15.38800048828125,850935,0.0,0.0
2009-08-06 00:00:00-04:00,15.474216592394503,15.474216592394503,15.270011538707926,15.351693153381348,750355,0.0,0.0
2009-08-07 00:00:00-04:00,15.474224368319314,15.687505264145006,15.351700867737094,15.619437217712402,779260,0.0,0.0
2009-08-10 00:00:00-04:00,15.601277526346633,15.601277526346633,15.369845273295287,15.537747383117676,688550,0.0,0.0
2009-08-11 00:00:00-04:00,15.524138229415783,15.52867508108631,15.401613741216158,15.483296394348145,706645,0.0,0.0
2009-08-12 00:00:00-04:00,15.442450622588744,15.587663390572192,15.351692261222977,15.456064224243164,1001805,0.0,0.0
2009-08-13 00:00:00-04:00,15.378926749657749,15.496912370223129,15.30632083977348,15.401616096496582,758110,0.0,0.0
2009-08-14 00:00:00-04:00,15.356237230739152,15.55590449768689,15.292707060302327,15.478760719299316,828375,0.0,0.0
2009-08-17 00:00:00-04:00,15.388002517775561,15.61943588998046,15.215562464467718,15.415230751037598,936358,0.0,0.0
2009-08-18 00:00:00-04:00,15.410693926841821,15.469686232736393,15.315397646470151,15.428845405578613,627920,0.0,0.0
2009-08-19 00:00:00-04:00,15.33808836840443,15.814567778924095,15.31993688804219,15.75103759765625,1163720,0.0,0.0
2009-08-20 00:00:00-04:00,15.787330912361881,15.814558116269492,15.574050131415946,15.782793045043945,819680,0.0,0.0
2009-08-21 00:00:00-04:00,15.88262820676254,16.045992468612933,15.778257244776782,16.036916732788086,1002980,0.0,0.0
2009-08-24 00:00:00-04:00,16.163975841726558,16.163975841726558,15.928004708531468,16.041452407836914,807460,0.0,0.0
2009-08-25 00:00:00-04:00,16.055070622626758,16.200283434699173,15.968851119304452,16.073223114013672,826260,0.0,0.0
2009-08-26 00:00:00-04:00,16.064146041870117,16.14582766980866,15.959774055834348,16.064146041870117,775030,0.0,0.0
2009-08-27 00:00:00-04:00,16.005158908557377,16.0913784379553,15.923477249127767,15.98246955871582,688315,0.0,0.0
2009-08-28 00:00:00-04:00,16.027848443475886,16.095917510790144,15.796416055416012,15.905324935913086,748945,0.0,0.0
2009-08-31 00:00:00-04:00,15.846323187495038,15.909854346949114,15.755565841136336,15.782793045043945,913445,0.0,0.0
2009-09-01 00:00:00-04:00,15.76464587336708,15.959776267826872,15.605820463695924,15.623971939086914,1034235,0.0,0.0
2009-09-02 00:00:00-04:00,15.564976306788346,15.673886159902393,15.415226657135898,15.51052188873291,1042225,0.0,0.0
2009-09-03 00:00:00-04:00,15.628504110361359,15.71926145422954,15.487829210362717,15.714723587036133,1001100,0.0,0.0
2009-09-04 00:00:00-04:00,15.760110367233375,15.828178405761719,15.619435403938047,15.828178405761719,650833,0.0,0.0
2009-09-08 00:00:00-04:00,15.90985809813935,15.93708530846653,15.814561844990994,15.859940528869629,793243,0.0,0.0
2009-09-09 00:00:00-04:00,15.87809448003709,16.045996653590695,15.846329396365427,15.896245956420898,1192508,0.0,0.0
2009-09-10 00:00:00-04:00,15.973394754577752,16.046000678324344,15.787341057973471,16.027849197387695,1074185,0.0,0.0
2009-09-11 00:00:00-04:00,16.041457083486257,16.059608557945314,15.882630664966234,15.93708610534668,803113,0.0,0.0
2009-09-14 00:00:00-04:00,15.95524192134733,16.236590869023154,15.92801368524646,16.21390151977539,1364763,0.0,0.0
2009-09-15 00:00:00-04:00,16.218437595614677,16.304658130222407,16.14583168605317,16.28650665283203,2254120,0.0,0.0
2009-09-16 00:00:00-04:00,16.381797736439246,16.545162008344718,16.241122805492424,16.517934799194336,1326810,0.0,0.0
2009-09-17 00:00:00-04:00,16.439646594635164,16.646868878932914,16.17716530973261,16.273868560791016,1477328,0.451064,0.0
2009-09-18 00:00:00-04:00,16.324526982065073,16.421230252703754,16.158748914654524,16.2324275970459,1602935,0.0,0.0
2009-09-21 00:00:00-04:00,16.190993681703638,16.223228125842617,16.0942893172561,16.195598602294922,791480,0.0,0.0
2009-09-22 00:00:00-04:00,16.22782405397917,16.31992241476961,15.969947611735897,15.979157447814941,1123065,0.0,0.0
2009-09-23 00:00:00-04:00,16.029811562317043,16.42123166012883,16.020601726228765,16.108095169067383,1472980,0.0,0.0
2009-09-24 00:00:00-04:00,16.19559005100448,16.287688414202083,16.09428081945705,16.172565460205078,1013085,0.0,0.0
2009-09-25 00:00:00-04:00,16.163355109915017,16.269269263017037,16.11730592684027,16.131120681762695,544848,0.0,0.0
2009-09-28 00:00:00-04:00,16.154141655532232,16.38438958340146,16.154141655532232,16.310710906982422,416655,0.0,0.0
2009-09-29 00:00:00-04:00,16.315324581444795,16.421238774375684,16.227831100700985,16.3843994140625,678093,0.0,0.0
2009-09-30 00:00:00-04:00,16.3797885688382,16.39360332395833,16.13112091261568,16.18177604675293,1098155,0.0,0.0
2009-10-01 00:00:00-04:00,16.255456817088206,16.255456817088206,15.988370485286506,16.006790161132812,1238920,0.0,0.0
2009-10-02 00:00:00-04:00,15.933106518538457,16.002180281549478,15.65680940243453,15.6752290725708,1060673,0.0,0.0
2009-10-05 00:00:00-04:00,15.799569659126144,15.808779498147103,15.541692102478578,15.758124351501465,1152088,0.0,0.0
2009-10-06 00:00:00-04:00,15.776543771496721,15.919296264648438,15.656814841984351,15.919296264648438,1289798,0.0,0.0
2009-10-07 00:00:00-04:00,15.868638522392715,16.020601851063418,15.808774587352458,16.0159969329834,808988,0.0,0.0
2009-10-08 00:00:00-04:00,16.085070641335527,16.135725772047874,15.974551575816827,16.06204605102539,746125,0.0,0.0
2009-10-09 00:00:00-04:00,16.08967590129717,16.172565460205078,15.979157865460046,16.172565460205078,742953,0.0,0.0
2009-10-12 00:00:00-04:00,16.204799186004657,16.448860869945747,16.186379514162315,16.352157592773438,950340,0.0,0.0
2009-10-13 00:00:00-04:00,16.3705769702986,16.453465492098946,16.250848073445876,16.43044090270996,1618563,0.0,0.0
2009-10-14 00:00:00-04:00,16.517942927180847,16.577806886964762,16.365979535698894,16.55938720703125,1425393,0.0,0.0
2009-10-15 00:00:00-04:00,16.55477700281129,16.757394449435502,16.462677600511114,16.729764938354492,1271585,0.0,0.0
2009-10-16 00:00:00-04:00,16.545570785843758,16.918571331107678,16.545570785843758,16.821866989135742,1580728,0.0,0.0
2009-10-19 00:00:00-04:00,16.835674909461535,17.7290330070391,16.706736191118118,17.452735900878906,4767915,0.0,0.0
2009-10-20 00:00:00-04:00,17.609304959498424,17.8073164041335,17.429711120071975,17.802711486816406,4348323,0.0,0.0
2009-10-21 00:00:00-04:00,17.77968464390556,17.99151287766968,17.54483389053739,17.77507972717285,2478780,0.0,0.0
2009-10-22 00:00:00-04:00,17.775084870753123,17.84876355979689,17.563258639752295,17.77968978881836,1359240,0.0,0.0
2009-10-23 00:00:00-04:00,17.839554092512916,17.88560326878942,17.388268036883375,17.429712295532227,1119893,0.0,0.0
2009-10-26 00:00:00-04:00,17.44353299698662,17.65075642495786,17.20407719868988,17.29157066345215,1574735,0.0,0.0
2009-10-27 00:00:00-04:00,17.33761503269669,17.650751515118323,17.33761503269669,17.466552734375,1420693,0.0,0.0
2009-10-28 00:00:00-04:00,17.484975822951466,17.494185659498214,17.23170325385569,17.319196701049805,1510698,0.0,0.0
2009-10-29 00:00:00-04:00,17.36525059927914,17.733646225246293,17.17644786677173,17.719831466674805,2139558,0.0,0.0
2009-10-30 00:00:00-04:00,17.687596577169067,17.687596577169067,16.987644699345612,17.029088973999023,2947723,0.0,0.0
2009-11-02 00:00:00-05:00,17.09355759932436,17.16723630430905,16.877124339371285,17.061323165893555,1569330,0.0,0.0
2009-11-03 00:00:00-05:00,17.00606320528676,17.328409605553883,16.95080417622278,17.30998992919922,1873185,0.0,0.0
2009-11-04 00:00:00-05:00,17.360643556106687,17.67378010948331,17.282359933777656,17.37445831298828,1787528,0.0,0.0
2009-11-05 00:00:00-05:00,17.43892214422498,17.76587336009999,17.43892214422498,17.747453689575195,1330805,0.0,0.0
2009-11-06 00:00:00-05:00,17.669168297634922,17.821130564050726,17.558650285696157,17.655353546142578,1312828,0.0,0.0
2009-11-09 00:00:00-05:00,17.729040051195714,18.069806135906898,17.71983021279975,18.046781539916992,2015360,0.0,0.0
2009-11-10 00:00:00-05:00,18.000730376736126,18.161902531016022,17.94547135241159,18.09282875061035,1260305,0.0,0.0
2009-11-11 00:00:00-05:00,18.18492789322238,18.30005085236489,18.106642216945247,18.194135665893555,1186868,0.0,0.0
2009-11-12 00:00:00-05:00,18.102033156533103,18.43819418437022,18.092823321909066,18.166501998901367,2082100,0.0,0.0
2009-11-13 00:00:00-05:00,18.23098042497349,18.327683728412627,18.111250461416812,18.272424697875977,1767318,0.0,0.0
2009-11-16 00:00:00-05:00,18.36452345686232,18.53030055185522,18.313869344503377,18.51188087463379,1588248,0.0,0.0
2009-11-17 00:00:00-05:00,18.557919928595453,18.65923016202329,18.47963634317448,18.516475677490234,1379568,0.0,0.0
2009-11-18 00:00:00-05:00,18.498062068854246,18.74212480269153,18.461222722472797,18.544111251831055,1995268,0.0,0.0
2009-11-19 00:00:00-05:00,18.41977796573524,18.49345665652991,18.226369338339083,18.350704193115234,1479325,0.0,0.0
2009-11-20 00:00:00-05:00,18.28163453629875,18.382942758949273,18.212558684067336,18.272424697875977,1927940,0.0,0.0
2009-11-23 00:00:00-05:00,18.369122355392406,18.62239489823362,18.369122355392406,18.48424530029297,935183,0.0,0.0
2009-11-24 00:00:00-05:00,18.548716170128735,18.6039772537611,18.396753866305264,18.544111251831055,1325518,0.0,0.0
2009-11-25 00:00:00-05:00,18.57173547210859,18.755934215613458,18.51647646827501,18.691465377807617,1534668,0.0,0.0
2009-11-27 00:00:00-05:00,18.41056929089383,18.590163175096418,18.198743041495202,18.341495513916016,537210,0.0,0.0
2009-11-30 00:00:00-05:00,18.323073006051064,18.525689387180922,18.31846808829811,18.470430374145508,1202495,0.0,0.0
2009-12-01 00:00:00-05:00,18.631606329341423,18.8986936484427,18.631606329341423,18.880271911621094,1563338,0.0,0.0
2009-12-02 00:00:00-05:00,18.889482164974964,19.30853179360851,18.76975428938258,19.285507202148438,2607678,0.0,0.0
2009-12-03 00:00:00-05:00,19.317744902814905,19.58943509904134,19.253273978633054,19.396028518676758,1607048,0.0,0.0
2009-12-04 00:00:00-05:00,19.61245291551699,19.62166274949506,19.179588654488132,19.41904640197754,1870718,0.0,0.0
2009-12-07 00:00:00-05:00,19.469705576450277,19.750607650243005,19.382212130795867,19.63548469543457,1683658,0.0,0.0
2009-12-08 00:00:00-05:00,19.56640313774094,19.644686724122426,19.34536712913439,19.621662139892578,1244913,0.0,0.0
2009-12-09 00:00:00-05:00,19.584829789623843,19.732189245306934,19.515756012300653,19.686140060424805,1265123,0.0,0.0
2009-12-10 00:00:00-05:00,19.755208230227513,19.999268840826126,19.67692257408902,19.897960662841797,1054093,0.0,0.0
2009-12-11 00:00:00-05:00,19.911787629186723,20.289393133737594,19.833503989085155,20.238739013671875,1377688,0.0,0.0
2009-12-14 00:00:00-05:00,20.386099101743238,20.418333542708194,20.238739593270996,20.34004783630371,1059850,0.0,0.0
2009-12-15 00:00:00-05:00,20.303198906844234,20.303198906844234,20.04992841862208,20.2341251373291,1334683,0.0,0.0
2009-12-16 00:00:00-05:00,20.340040062088864,20.340040062088864,20.07755971455461,20.17426300048828,1882350,0.0,0.0
2009-12-17 00:00:00-05:00,20.13232011826546,20.13232011826546,19.77805834021358,19.80136489868164,2217460,0.451064,0.0
2009-12-18 00:00:00-05:00,19.83864862181817,20.053070975884946,19.722115869247453,20.034425735473633,1911490,0.0,0.0
2009-12-21 00:00:00-05:00,20.155622071531226,20.21621910970283,20.109008965245376,20.183589935302734,1405535,0.0,0.0
2009-12-22 00:00:00-05:00,20.183587869954412,20.290800092777946,20.118329527831982,20.216217041015625,1326928,0.0,0.0
2009-12-23 00:00:00-05:00,20.183584564710426,20.491233073672625,20.183584564710426,20.477249145507812,1146918,0.0,0.0
2009-12-24 00:00:00-05:00,20.486576119664356,20.7895633836524,20.486576119664356,20.77557945251465,455195,0.0,0.0
2009-12-28 00:00:00-05:00,20.78489810343412,20.91541476912492,20.70099453263289,20.808204650878906,589733,0.0,0.0
2009-12-29 00:00:00-05:00,20.859472308317677,20.957359775924342,20.766246148692282,20.789552688598633,836130,0.0,0.0
2009-12-30 00:00:00-05:00,20.738283459195564,20.80354178716554,20.593780786497238,20.673025131225586,867268,0.0,0.0
2009-12-31 00:00:00-05:00,20.69634158005232,20.81287436433064,20.31877326965332,20.31877326965332,901460,0.0,0.0
2010-01-04 00:00:00-05:00,20.46326689908315,20.61243090110295,20.248846649600925,20.295459747314453,1670380,0.0,0.0
2010-01-05 00:00:00-05:00,20.23486383421709,20.411995722905754,19.922556030096782,20.06705665588379,2499460,0.0,0.0
2010-01-06 00:00:00-05:00,20.067053531441093,20.32342765886967,20.05306960209062,20.150957107543945,1799865,0.0,0.0
2010-01-07 00:00:00-05:00,20.146291469748245,20.188243248787206,19.861949544703677,19.964500427246094,1421985,0.0,0.0
2010-01-08 00:00:00-05:00,19.89924841954408,20.15095917366103,19.78737488393314,20.118330001831055,1114840,0.0,0.0
2010-01-11 00:00:00-05:00,20.244177607187822,20.40732549304227,20.06238657678148,20.402664184570312,1445015,0.0,0.0
2010-01-12 00:00:00-05:00,20.3187691351621,20.528528104181035,20.188250353991286,20.3840274810791,2752790,0.0,0.0
2010-01-13 00:00:00-05:00,20.495889625284537,20.593777099715286,20.411986075772468,20.56580924987793,1315530,0.0,0.0
2010-01-14 00:00:00-05:00,20.575137851303484,20.673027443543823,20.430637251778723,20.64505958557129,1187925,0.0,0.0
2010-01-15 00:00:00-05:00,20.59378188021458,20.59378188021458,20.244181586757943,20.477249145507812,1586955,0.0,0.0
2010-01-19 00:00:00-05:00,20.528529539458194,20.70566143723983,20.48191643197275,20.66370964050293,1320935,0.0,0.0
2010-01-20 00:00:00-05:00,20.435301825634124,20.53318934417387,20.202234215964598,20.453947067260742,1771900,0.0,0.0
2010-01-21 00:00:00-05:00,20.40733321057734,20.589124309732462,19.894584906081764,19.97382926940918,2405578,0.0,0.0
2010-01-22 00:00:00-05:00,19.95517965657092,19.983147511852035,19.582272830153105,19.605579376220703,2405108,0.0,0.0
2010-01-25 00:00:00-05:00,19.796689049109784,20.011111318890368,19.535653696623818,19.88525390625,1970123,0.0,0.0
2010-01-26 00:00:00-05:00,19.768722930339106,20.2068880354691,19.768722930339106,20.062387466430664,1914780,0.0,0.0
2010-01-27 00:00:00-05:00,20.01111915790937,20.01111915790937,19.694147982008833,19.927215576171875,1268530,0.0,0.0
2010-01-28 00:00:00-05:00,19.95517863881296,19.964501256764525,19.69414324683299,19.764062881469727,1263360,0.0,0.0
2010-01-29 00:00:00-05:00,19.857291498133403,19.936535849783773,19.59159685390427,19.59625816345215,1533258,0.0,0.0
2010-02-01 00:00:00-05:00,19.684820183581508,19.861949920654297,19.493704430561593,19.861949920654297,1231870,0.0,0.0
2010-02-02 00:00:00-05:00,19.838651744461416,20.06705806478829,19.614908824308067,20.057735443115234,954100,0.0,0.0
2010-02-03 00:00:00-05:00,20.01578080967693,20.062393911437894,19.81534238276808,19.89458465576172,626393,0.0,0.0
2010-02-04 00:00:00-05:00,19.75940455257813,19.843308126796423,19.461078643798828,19.461078643798828,1522565,0.0,0.0
2010-02-05 00:00:00-05:00,19.428446419821956,19.512349980841655,19.22801013516378,19.475059509277344,2456925,0.0,0.0
2010-02-08 00:00:00-05:00,19.50303582434257,19.58227810230687,19.311920005797734,19.34454917907715,1477328,0.0,0.0
2010-02-09 00:00:00-05:00,19.56363371324862,19.847973664221303,19.386501818387732,19.577617645263672,1545948,0.0,0.0
2010-02-10 00:00:00-05:00,19.591600327966237,19.708133087327287,19.40514582365177,19.554309844970703,1269823,0.0,0.0
2010-02-11 00:00:00-05:00,19.489041826573658,19.736093269620145,19.255976398544874,19.73143196105957,1041403,0.0,0.0
2010-02-12 00:00:00-05:00,19.568293776094027,19.633552121336216,19.391161892528444,19.554309844970703,1303545,0.0,0.0
2010-02-16 00:00:00-05:00,19.722114331769273,20.07637596130371,19.6848238538537,20.07637596130371,968435,0.0,0.0
2010-02-17 00:00:00-05:00,20.178927676375654,20.183588986785182,19.92721691426108,19.98781394958496,1098038,0.0,0.0
2010-02-18 00:00:00-05:00,19.913237091027526,20.328095892395588,19.913237091027526,20.31877326965332,1364293,0.0,0.0
2010-02-19 00:00:00-05:00,20.244175476118645,20.929391928036722,20.244175476118645,20.789552688598633,3291528,0.0,0.0
2010-02-22 00:00:00-05:00,20.826855116761813,20.97135783652874,20.728967592922128,20.798887252807617,1488725,0.0,0.0
2010-02-23 00:00:00-05:00,20.719636988196253,20.79887923886726,20.453940293669103,20.50521469116211,2186088,0.0,0.0
2010-02-24 00:00:00-05:00,20.570472170618718,20.663700433386882,20.30943888500873,20.63106918334961,1455120,0.0,0.0
2010-02-25 00:00:00-05:00,20.4446261904324,20.505223230888006,20.13231627720882,20.4865779876709,1512108,0.0,0.0
2010-02-26 00:00:00-05:00,20.486574453302023,20.556494103303564,20.206893763959243,20.23952293395996,1457000,0.0,0.0
2010-03-01 00:00:00-05:00,20.37470220936904,20.682350746573462,20.35139566028814,20.654380798339844,1552058,0.0,0.0
2010-03-02 00:00:00-05:00,20.756928594174063,20.873461322121567,20.724299430348765,20.812864303588867,1133640,0.0,0.0
2010-03-03 00:00:00-05:00,20.89211079674343,21.0832265986831,20.76625542502925,20.784900665283203,1657808,0.0,0.0
2010-03-04 00:00:00-05:00,20.864136140455756,20.892103991726945,20.65903856446705,20.83616828918457,1174413,0.0,0.0
2010-03-05 00:00:00-05:00,20.924739592141034,21.041274430976166,20.82685208256228,20.994661331176758,1260893,0.0,0.0
2010-03-08 00:00:00-05:00,20.966688460631488,21.022626261933468,20.873462274022053,20.901430130004883,1360768,0.0,0.0
2010-03-09 00:00:00-05:00,20.79421682424564,20.97134864095657,20.747603738094345,20.948040008544922,1840990,0.0,0.0
2010-03-10 00:00:00-05:00,20.934062364665483,20.95270760472113,20.68701293392816,20.887449264526367,1577673,0.0,0.0
2010-03-11 00:00:00-05:00,20.845496165710863,20.93406105041504,20.775576519891775,20.93406105041504,769155,0.0,0.0
2010-03-12 00:00:00-05:00,21.017971458577218,21.041278012443964,20.752274655159326,20.915420532226562,872673,0.0,0.0
2010-03-15 00:00:00-04:00,20.864147029305492,21.017972380913346,20.845501785393882,21.003986358642578,1168773,0.0,0.0
2010-03-16 00:00:00-04:00,21.008640499167775,21.269673798877033,20.962025320597842,21.260351181030273,1089108,0.0,0.0
2010-03-17 00:00:00-04:00,21.3209572733507,21.409522171918056,21.176454560035562,21.358247756958008,1492250,0.0,0.0
2010-03-18 00:00:00-04:00,21.32051711027841,21.362959833259133,21.23562955053027,21.287506103515625,1368053,0.451064,0.0
2010-03-19 00:00:00-04:00,21.26863861083984,21.39125089826603,21.108297351957766,21.268638610839844,1584605,0.0,0.0
2010-03-22 00:00:00-04:00,21.183756119278883,21.259209852612567,21.09887066927849,21.202619552612305,927310,0.0,0.0
2010-03-23 00:00:00-04:00,21.193183894442523,21.37238859156837,21.113014317685405,21.353525161743164,1227053,0.0,0.0
2010-03-24 00:00:00-04:00,21.31108286445874,21.37238901259837,21.20733188458985,21.240345001220703,2112650,0.0,0.0
2010-03-25 00:00:00-04:00,21.329952996080646,21.367679868327258,21.046999340443946,21.075294494628906,1382505,0.0,0.0
2010-03-26 00:00:00-04:00,21.080001831054688,21.24034308706423,20.943241974452473,21.080001831054688,1321053,0.0,0.0
2010-03-29 00:00:00-04:00,21.164885590586017,21.400680541992188,21.127158736566802,21.400680541992188,860218,0.0,0.0
2010-03-30 00:00:00-04:00,21.381815982124493,21.47613311217539,21.278067139068508,21.315793991088867,1305308,0.0,0.0
2010-03-31 00:00:00-04:00,21.254488100711463,21.268635670381613,20.94795531073886,21.032840728759766,1805740,0.0,0.0
2010-04-01 00:00:00-04:00,21.080000169042783,21.466702536525816,21.080000169042783,21.400680541992188,924490,0.0,0.0
2010-04-05 00:00:00-04:00,21.43841065038781,21.575170516967773,21.353525215958868,21.575170516967773,796180,0.0,0.0
2010-04-06 00:00:00-04:00,21.466703489587744,21.924143728665875,21.226192670751157,21.9194278717041,1099918,0.0,0.0
2010-04-07 00:00:00-04:00,21.919421758475696,21.957148603648033,21.63175456403665,21.749650955200195,731438,0.0,0.0
2010-04-08 00:00:00-04:00,21.72608354499919,21.730799403221805,21.55159467697574,21.63648223876953,919908,0.0,0.0
2010-04-09 00:00:00-04:00,21.688344831795153,21.754366810846737,21.461981646975563,21.749650955200195,809458,0.0,0.0
2010-04-12 00:00:00-04:00,21.83454387069757,21.914713444277307,21.759090154387227,21.810964584350586,750120,0.0,0.0
2010-04-13 00:00:00-04:00,21.80625501608208,21.810970874711547,21.55159653630396,21.70722198486328,633678,0.0,0.0
2010-04-14 00:00:00-04:00,21.71192614323375,21.71192614323375,21.494994649392765,21.68834686279297,1187573,0.0,0.0
2010-04-15 00:00:00-04:00,21.688344831795153,21.858115635070654,21.51385605908752,21.749650955200195,1334095,0.0,0.0
2010-04-16 00:00:00-04:00,21.71664862862479,21.79210234906857,21.31579862498078,21.523296356201172,1780125,0.0,0.0
2010-04-19 00:00:00-04:00,21.452561775750258,21.730799526246397,21.452561775750258,21.64591407775879,1469690,0.0,0.0
2010-04-20 00:00:00-04:00,21.773235571812318,21.834541710248452,21.674202578953953,21.792098999023438,1034705,0.0,0.0
2010-04-21 00:00:00-04:00,21.79210162840499,22.122213758216166,21.782669913661422,22.079771041870117,1595180,0.0,0.0
2010-04-22 00:00:00-04:00,21.994890189050555,22.3202844154586,21.900570908188957,22.287273406982422,1442665,0.0,0.0
2010-04-23 00:00:00-04:00,22.306139738128834,22.6268202616287,22.16937982810426,22.603240966796875,1348548,0.0,0.0
2010-04-26 00:00:00-04:00,22.551364205032538,22.622102082272296,22.40517259207038,22.424036026000977,1027420,0.0,0.0
2010-04-27 00:00:00-04:00,22.31556133556416,22.48533429514535,22.0326099259057,22.103347778320312,1362648,0.0,0.0
2010-04-28 00:00:00-04:00,22.26367842429409,22.867312095719498,22.169361323691778,22.772994995117188,2242135,0.0,0.0
2010-04-29 00:00:00-04:00,22.848462833649688,23.00880200402779,22.640962969961997,22.66925811767578,1802920,0.0,0.0
2010-04-30 00:00:00-04:00,22.730562977009285,23.00408269723563,22.636243718317345,22.716415405273438,1798220,0.0,0.0
2010-05-03 00:00:00-04:00,22.782447608501563,23.1314233147072,22.702277999432475,23.065399169921875,1518570,0.0,0.0
2010-05-04 00:00:00-04:00,22.80129394328444,22.933337906237913,22.60322588506856,22.702260971069336,2038978,0.0,0.0
2010-05-05 00:00:00-04:00,22.607957938429347,22.74943582817029,22.358015287123852,22.466482162475586,1615743,0.0,0.0
2010-05-06 00:00:00-04:00,22.386307247485753,22.480624409088865,20.278306002936155,21.952444076538086,2867823,0.0,0.0
2010-05-07 00:00:00-04:00,21.93829327689261,22.10806625660458,21.452557852263556,21.546875,3092013,0.0,0.0
2010-05-10 00:00:00-04:00,22.287266447738332,22.442891838604204,21.99959917798489,22.353290557861328,1644648,0.0,0.0
2010-05-11 00:00:00-04:00,22.15522818316593,22.78244153810059,22.08449031165902,22.50420379638672,1261833,0.0,0.0
2010-05-12 00:00:00-04:00,22.523073384736406,22.71642573348855,22.38631346244418,22.612674713134766,1121890,0.0,0.0
2010-05-13 00:00:00-04:00,22.546638362569077,22.843739429202216,22.44760537828667,22.537206649780273,1581785,0.0,0.0
2010-05-14 00:00:00-04:00,22.419321717505063,22.57494505819173,22.192958380901082,22.30613899230957,1916660,0.0,0.0
2010-05-17 00:00:00-04:00,22.306131119639126,22.527778519206734,22.051474833847784,22.447608947753906,1287213,0.0,0.0
2010-05-18 00:00:00-04:00,22.664536826740882,22.758853963177785,22.21181245805763,22.244823455810547,1824775,0.0,0.0
2010-05-19 00:00:00-04:00,22.09391579503372,22.235391498136398,21.76380370734138,21.924142837524414,1023425,0.0,0.0
2010-05-20 00:00:00-04:00,21.461988756396526,21.763805731539588,21.221477924966557,21.268638610839844,2189730,0.0,0.0
2010-05-21 00:00:00-04:00,20.976250447419662,21.4053955078125,20.83949060729221,21.4053955078125,2326265,0.0,0.0
2010-05-24 00:00:00-04:00,21.18846754439542,21.471421098981768,21.108297969502082,21.15545654296875,1030710,0.0,0.0
2010-05-25 00:00:00-04:00,20.721600440578285,21.113018806455877,20.415067526961334,21.0988712310791,2398410,0.0,0.0
2010-05-26 00:00:00-04:00,21.202620810284728,21.40068898582122,20.947964445178137,21.004554748535156,1896685,0.0,0.0
2010-05-27 00:00:00-04:00,21.353535001980013,21.47614735234665,21.160182643383717,21.45256805419922,974428,0.0,0.0
2010-05-28 00:00:00-04:00,21.471427796126388,21.69307527434005,21.410121631497738,21.46199607849121,1130115,0.0,0.0
2010-06-01 00:00:00-04:00,21.32523271489176,21.594038737694376,21.179039001464844,21.179039001464844,1340440,0.0,0.0
2010-06-02 00:00:00-04:00,21.315802281765478,21.542163481929705,21.084723109477704,21.51386833190918,2631178,0.0,0.0
2010-06-03 00:00:00-04:00,21.61761892826292,21.70250437675053,21.39597147675852,21.64591407775879,1577085,0.0,0.0
2010-06-04 00:00:00-04:00,21.263928344443684,21.372393088761836,20.867792007186303,20.94796371459961,1807268,0.0,0.0
2010-06-07 00:00:00-04:00,20.95738703345577,21.226190857311817,20.745171374520265,20.96210289001465,1913605,0.0,0.0
2010-06-08 00:00:00-04:00,21.018704368056902,21.301658026140963,20.825352032333537,21.254499435424805,2186793,0.0,0.0
2010-06-09 00:00:00-04:00,21.35352799383452,21.617618160199733,21.183754989104497,21.278074264526367,2415918,0.0,0.0
2010-06-10 00:00:00-04:00,21.528015074924014,21.801536961671754,21.49028820968801,21.75909423828125,1631135,0.0,0.0
2010-06-11 00:00:00-04:00,21.58460601525976,21.777958319136264,21.3959716834649,21.735515594482422,1721023,0.0,0.0
2010-06-14 00:00:00-04:00,21.92886924743652,22.117505722806403,21.886426516080398,21.928869247436523,1039170,0.0,0.0
2010-06-15 00:00:00-04:00,22.164667649024427,22.54665440250634,22.060918734539506,22.523075103759766,1686008,0.0,0.0
2010-06-16 00:00:00-04:00,22.424029631758966,22.9333443164403,22.419313774621045,22.749425888061523,1610690,0.0,0.0
2010-06-17 00:00:00-04:00,22.758960751704542,23.083203506137448,22.62068166497235,23.054594039916992,2188673,0.451064,0.0
2010-06-18 00:00:00-04:00,23.111812972357903,23.111812972357903,22.930619686295024,23.054594039916992,1883525,0.0,0.0
2010-06-21 00:00:00-04:00,23.231020989817367,23.27393519267304,22.778035600183973,22.902009963989258,796063,0.0,0.0
2010-06-22 00:00:00-04:00,22.94016243881946,22.978310545018267,22.339361290899237,22.415653228759766,1033883,0.0,0.0
2010-06-23 00:00:00-04:00,22.391811673747842,22.49671308678618,22.07710529736433,22.17723846435547,1284745,0.0,0.0
2010-06-24 00:00:00-04:00,22.12478788304732,22.453798999434397,22.08187366837968,22.1820068359375,1305660,0.0,0.0
2010-06-25 00:00:00-04:00,22.172476187572723,22.3393669814234,21.905454337042183,22.18678092956543,1238920,0.0,0.0
2010-06-28 00:00:00-04:00,22.191541018638286,22.391807313624795,22.024650302214766,22.310747146606445,766453,0.0,0.0
2010-06-29 00:00:00-04:00,22.091414418787764,22.11525565375422,21.671806546109156,21.752866744995117,1313650,0.0,0.0
2010-06-30 00:00:00-04:00,21.762391662691904,22.053256711828837,21.628880817899514,21.74808692932129,2342363,0.0,0.0
2010-07-01 00:00:00-04:00,21.676568240456945,21.843456834773125,21.423849088938436,21.495372772216797,1594828,0.0,0.0
2010-07-02 00:00:00-04:00,21.54782078894337,21.810076372882474,21.485831473371437,21.681331634521484,1470160,0.0,0.0
2010-07-06 00:00:00-04:00,21.79100292440417,22.05802677325207,21.690869782561702,21.895906448364258,1265240,0.0,0.0
2010-07-07 00:00:00-04:00,21.976972887926422,22.58254229406312,21.867301087791958,22.577774047851562,1669323,0.0,0.0
2010-07-08 00:00:00-04:00,22.7065134830032,22.76850066914882,22.515781542210128,22.601612091064453,1302135,0.0,0.0
2010-07-09 00:00:00-04:00,22.577769085094427,22.77803751922808,22.453794710844335,22.75896453857422,1125533,0.0,0.0
2010-07-12 00:00:00-04:00,22.668372830466996,22.849566186245113,22.558701030490607,22.73036003112793,663288,0.0,0.0
2010-07-13 00:00:00-04:00,22.887710047921928,23.05460078698391,22.778040395314708,22.940160751342773,1085700,0.0,0.0
2010-07-14 00:00:00-04:00,22.86386833562693,22.89724605527986,22.639760789385814,22.849563598632812,1463580,0.0,0.0
2010-07-15 00:00:00-04:00,22.882939405638496,23.054598372488257,22.701746085524583,23.002147674560547,1262655,0.0,0.0
2010-07-16 00:00:00-04:00,22.93538988946588,22.949694625130817,22.42995375870344,22.472867965698242,1603640,0.0,0.0
2010-07-19 00:00:00-04:00,22.477633425980724,22.80187619814757,22.348890820947307,22.73512077331543,844003,0.0,0.0
2010-07-20 00:00:00-04:00,22.353671295703695,22.78281568454281,22.22492648296363,22.773279190063477,1881058,0.0,0.0
2010-07-21 00:00:00-04:00,22.825726122905007,22.825726122905007,22.18677682425336,22.32982635498047,1617388,0.0,0.0
2010-07-22 00:00:00-04:00,22.453803751223283,22.806656172653707,22.42042602164044,22.74466896057129,1198970,0.0,0.0
2010-07-23 00:00:00-04:00,22.75419664799977,22.93062385906544,22.57300332896448,22.916316986083984,943173,0.0,0.0
2010-07-26 00:00:00-04:00,22.98307468093494,23.073671340942383,22.844793431023845,23.073671340942383,1324578,0.0,0.0
2010-07-27 00:00:00-04:00,23.130895424563743,23.364541631669837,23.01645751280662,23.350236892700195,3223965,0.0,0.0
2010-07-28 00:00:00-04:00,23.269169118226177,23.3502314240044,23.102280535999522,23.207181930541992,1345375,0.0,0.0
2010-07-29 00:00:00-04:00,23.340696172317543,23.39314901444368,22.811418740576002,22.96400260925293,1250435,0.0,0.0
2010-07-30 00:00:00-04:00,21.743325364794643,22.525321970500144,21.743325364794643,22.01034927368164,3980665,0.0,0.0
2010-08-02 00:00:00-04:00,22.215386695725297,22.382275308321667,21.93405804008004,22.1820068359375,2372678,0.0,0.0
2010-08-03 00:00:00-04:00,22.07711004150697,22.177243230015694,21.996049841285622,22.06757354736328,1744993,0.0,0.0
2010-08-04 00:00:00-04:00,22.11048036371928,22.20584741047596,21.929287035691264,22.14862632751465,1821368,0.0,0.0
2010-08-05 00:00:00-04:00,22.07233275340203,22.334588372200077,22.015113811977315,22.310747146606445,1293205,0.0,0.0
2010-08-06 00:00:00-04:00,22.215388440213733,22.391813558812448,22.034192937897714,22.32982635498047,1823718,0.0,0.0
2010-08-09 00:00:00-04:00,22.38704395066134,22.820956488360963,22.363202719868426,22.5682373046875,1407415,0.0,0.0
2010-08-10 00:00:00-04:00,22.420422822471892,22.654069033481786,22.234459075490822,22.539628982543945,1940395,0.0,0.0
2010-08-11 00:00:00-04:00,22.315523902141347,22.315523902141347,22.01512220783004,22.043731689453125,1412115,0.0,0.0
2010-08-12 00:00:00-04:00,21.53828543908337,22.210610084284365,21.53828543908337,22.019880294799805,1504823,0.0,0.0
2010-08-13 00:00:00-04:00,21.90544279942041,22.24875642642171,21.881601575323096,22.0341854095459,938590,0.0,0.0
2010-08-16 00:00:00-04:00,21.92451640078336,22.162928648521184,21.743320955234594,22.12955093383789,1401070,0.0,0.0
2010-08-17 00:00:00-04:00,22.286907694222098,22.339358394701215,22.153394683006994,22.224918365478516,2428490,0.0,0.0
2010-08-18 00:00:00-04:00,22.25353740566859,22.2583056527587,21.972208690083292,22.14386558532715,2526485,0.0,0.0
2010-08-19 00:00:00-04:00,22.091407805080582,22.110480787343697,21.695641285852684,21.867298126220703,1433265,0.0,0.0
2010-08-20 00:00:00-04:00,21.66703621173373,21.934060154902163,21.59551251372488,21.891143798828125,1123418,0.0,0.0
2010-08-23 00:00:00-04:00,21.938825584855245,22.21061560239555,21.905447863402927,22.01034927368164,857633,0.0,0.0
2010-08-24 00:00:00-04:00,21.81008471082753,22.172471430222014,21.762400110480684,22.005582809448242,1247028,0.0,0.0
2010-08-25 00:00:00-04:00,21.87207014195061,22.086641208429796,21.700411151498805,22.01034927368164,2620015,0.0,0.0
2010-08-26 00:00:00-04:00,22.048496900672927,22.2392288891684,21.938827236217485,22.00081443786621,1243855,0.0,0.0
2010-08-27 00:00:00-04:00,22.110479191585128,22.530086908357973,21.914981137497712,22.472867965698242,1343143,0.0,0.0
2010-08-30 00:00:00-04:00,22.39182243939938,22.544406386269753,22.205860754151114,22.22970199584961,876315,0.0,0.0
2010-08-31 00:00:00-04:00,22.18677328416929,22.434724197203277,22.005579948032864,22.339359283447266,1717968,0.0,0.0
2010-09-01 00:00:00-04:00,22.501478409748906,22.868635444955565,22.45379595547119,22.80664825439453,2051903,0.0,0.0
2010-09-02 00:00:00-04:00,22.887709343347378,22.887709343347378,22.491942819723157,22.615917205810547,1212013,0.0,0.0
2010-09-03 00:00:00-04:00,22.754205369785716,22.787583099243943,22.50625438511279,22.668376922607422,1130468,0.0,0.0
2010-09-07 00:00:00-04:00,22.506252038791022,22.601619107426995,22.363204641740175,22.496715545654297,3905113,0.0,0.0
2010-09-08 00:00:00-04:00,22.520546211139635,22.57776514311103,22.3059752162469,22.387035369873047,3711708,0.0,0.0
2010-09-09 00:00:00-04:00,22.553935415566286,22.577776649371184,22.401351519214916,22.45857048034668,1048688,0.0,0.0
2010-09-10 00:00:00-04:00,22.420417517511094,22.677904899610553,22.253528932898217,22.634990692138672,1889165,0.0,0.0
2010-09-13 00:00:00-04:00,22.7685043206497,22.868637483559183,22.592077086826468,22.811418533325195,1487080,0.0,0.0
2010-09-14 00:00:00-04:00,22.763733398965325,23.073671480235266,22.70174621016497,23.006916046142578,1774133,0.0,0.0
2010-09-15 00:00:00-04:00,22.83525442985481,23.087973538305675,22.83525442985481,22.978303909301758,2093263,0.0,0.0
2010-09-16 00:00:00-04:00,22.939707086834066,22.939707086834066,22.43797493474631,22.52481460571289,1889870,0.476596,0.0
2010-09-17 00:00:00-04:00,22.640602807089774,22.703318798954832,22.30289915003504,22.341493606567383,2598043,0.0,0.0
2010-09-20 00:00:00-04:00,22.34149582423232,22.53447028844582,22.322198594050665,22.457279205322266,1732303,0.0,0.0
2010-09-21 00:00:00-04:00,22.486214007099058,22.52481061090362,22.076145904735768,22.18710708618164,3100708,0.0,0.0
2010-09-22 00:00:00-04:00,22.10027268024351,22.413854753572323,22.09544837392147,22.249828338623047,1655575,0.0,0.0
2010-09-23 00:00:00-04:00,22.153342824840166,22.21123450230563,21.90730103321551,21.936246871948242,1369110,0.0,0.0
2010-09-24 00:00:00-04:00,22.07615519574749,22.288426875228254,22.037560738095856,22.1147518157959,1287213,0.0,0.0
2010-09-27 00:00:00-04:00,22.158173344541144,22.259483808513583,21.989320408856695,22.196767807006836,1368640,0.0,0.0
2010-09-28 00:00:00-04:00,22.21607455144251,22.23537179093868,21.950735345972245,22.18230438232422,1602935,0.0,0.0
2010-09-29 00:00:00-04:00,22.109924505283743,22.307723255622243,22.0665079044737,22.269128799438477,1447718,0.0,0.0
2010-09-30 00:00:00-04:00,22.38491699373129,22.47175453886521,22.08098342336542,22.158174514770508,1541600,0.0,0.0
2010-10-01 00:00:00-04:00,22.298075701868054,22.5199959978739,22.153346484296932,22.423507690429688,2127573,0.0,0.0
2010-10-04 00:00:00-04:00,22.394561024594957,22.539292399248385,22.26912904063914,22.355966567993164,1297905,0.0,0.0
2010-10-05 00:00:00-04:00,22.534471889453616,22.693674049763132,22.418686337740525,22.679201126098633,1676138,0.0,0.0
2010-10-06 00:00:00-04:00,22.68402333067464,22.799806709254966,22.524821185126697,22.606834411621094,1134110,0.0,0.0
2010-10-07 00:00:00-04:00,22.68884759884525,22.756387902900205,22.539294068437847,22.592361450195312,1074303,0.0,0.0
2010-10-08 00:00:00-04:00,22.64060313442933,22.82392680560848,22.59718437020269,22.780508041381836,1243033,0.0,0.0
2010-10-11 00:00:00-04:00,22.76603073115306,22.99277528524393,22.76603073115306,22.886640548706055,849290,0.0,0.0
2010-10-12 00:00:00-04:00,22.857706250642643,22.857706250642643,22.59719355934539,22.66473388671875,1011558,0.0,0.0
2010-10-13 00:00:00-04:00,22.804624297288907,22.83839660182067,22.68401664680491,22.71778678894043,1516338,0.0,0.0
2010-10-14 00:00:00-04:00,22.717794147577038,22.843226144709714,22.539294767042076,22.616483688354492,695835,0.0,0.0
2010-10-15 00:00:00-04:00,22.799808311767297,22.814281235107085,22.573065846110623,22.72744369506836,2449053,0.0,0.0
2010-10-18 00:00:00-04:00,22.6888507000327,22.901122418473438,22.6888507000327,22.80463409423828,716398,0.0,0.0
2010-10-19 00:00:00-04:00,22.602005710526797,22.886641956602578,22.529641112981206,22.626127243041992,1149620,0.0,0.0
2010-10-20 00:00:00-04:00,22.63578269236896,22.96383779604929,22.57789099684839,22.809457778930664,842945,0.0,0.0
2010-10-21 00:00:00-04:00,22.886642083556815,22.95900668150382,22.53446554448493,22.669546127319336,656590,0.0,0.0
2010-10-22 00:00:00-04:00,22.746733031441224,22.790151786391167,22.481394033239738,22.64059829711914,1035645,0.0,0.0
2010-10-25 00:00:00-04:00,22.75638660868873,22.828751216060628,22.568238629521787,22.587535858154297,988528,0.0,0.0
2010-10-26 00:00:00-04:00,22.505525461667208,22.722619311035494,22.471753144924005,22.698497772216797,991348,0.0,0.0
2010-10-27 00:00:00-04:00,22.62612873308003,22.712966255853402,22.423505684212227,22.703317642211914,778673,0.0,0.0
2010-10-28 00:00:00-04:00,22.78050808137333,22.87699638666533,22.592360102727596,22.794981002807617,961385,0.0,0.0
2010-10-29 00:00:00-04:00,22.626128322218054,22.659898469350033,22.43797819722905,22.5585880279541,1242445,0.0,0.0
2010-11-01 00:00:00-04:00,22.60683269114837,22.790156359948867,21.892830919447743,22.03273582458496,1578143,0.0,0.0
2010-11-02 00:00:00-04:00,22.19676439457109,22.370439448966643,22.138872709772574,22.341493606567383,1220943,0.0,0.0
2010-11-03 00:00:00-04:00,22.317372111391375,22.43797978827197,22.177467206209887,22.355966567993164,919320,0.0,0.0
2010-11-04 00:00:00-04:00,22.51518421982842,22.74192678686711,22.47658974033247,22.72262954711914,968905,0.0,0.0
2010-11-05 00:00:00-04:00,22.727442058305225,22.78050944006269,22.558591298167837,22.592361450195312,638848,0.0,0.0
2010-11-08 00:00:00-05:00,22.49587229921525,22.582711992154717,22.19676524956827,22.423507690429688,756700,0.0,0.0
2010-11-09 00:00:00-05:00,22.437979082148846,22.616480600711398,22.249831112136135,22.331844329833984,1183930,0.0,0.0
2010-11-10 00:00:00-05:00,22.317364574731958,22.327013185624033,22.11474374599839,22.177459716796875,1037878,0.0,0.0
2010-11-11 00:00:00-05:00,22.07614476329612,22.24982190305121,22.07614476329612,22.22570037841797,889710,0.0,0.0
2010-11-12 00:00:00-05:00,22.119573017157883,22.153343162861344,21.95554443277318,22.052030563354492,785723,0.0,0.0
2010-11-15 00:00:00-05:00,22.080987236619293,22.24019159258894,22.056865692138672,22.056865692138672,838363,0.0,0.0
2010-11-16 00:00:00-05:00,21.998970315759895,22.052037704765148,21.60819919796039,21.762577056884766,1063845,0.0,0.0
2010-11-17 00:00:00-05:00,21.786698031755584,21.888008488989296,21.661263874688373,21.69503402709961,742248,0.0,0.0
2010-11-18 00:00:00-05:00,21.87352939115426,21.892826615655512,21.709500820497325,21.85905647277832,706058,0.0,0.0
2010-11-19 00:00:00-05:00,21.88800414136626,22.19193761509387,21.834936769546538,22.052030563354492,2006548,0.0,0.0
2010-11-22 00:00:00-05:00,21.95554882954446,22.148521129351305,21.897657139602405,22.134050369262695,1060320,0.0,0.0
2010-11-23 00:00:00-05:00,21.994145787599386,22.008618711728733,21.728808845228023,21.77705192565918,1403303,0.0,0.0
2010-11-24 00:00:00-05:00,21.921775736107257,21.941072963499074,21.77704653066863,21.89282989501953,772093,0.0,0.0
2010-11-26 00:00:00-05:00,21.78669921869327,21.912131220197104,21.622670592791234,21.757753372192383,829315,0.0,0.0
2010-11-29 00:00:00-05:00,21.603370706458154,21.617843627929688,21.357331041442077,21.617843627929688,1343025,0.0,0.0
2010-11-30 00:00:00-05:00,21.44899570435022,21.656440939449617,21.39592831862712,21.492414474487305,4083243,0.0,0.0
2010-12-01 00:00:00-05:00,21.69503558718109,21.941077449124062,21.680562663678387,21.902482986450195,3654015,0.0,0.0
2010-12-02 00:00:00-05:00,21.83976461939109,22.008615375302984,21.714330466888292,21.96519660949707,3568358,0.0,0.0
2010-12-03 00:00:00-05:00,21.888012187998633,21.99414697065613,21.752931555525457,21.989322662353516,749415,0.0,0.0
2010-12-06 00:00:00-05:00,21.950720829105368,22.023085429358463,21.85423469543457,21.85423469543457,2030753,0.0,0.0
2010-12-07 00:00:00-05:00,21.99896539276955,22.2546558267911,21.883182024486594,21.931425094604492,1336798,0.0,0.0
2010-12-08 00:00:00-05:00,21.916952554889022,22.027911618090698,21.81081779878307,21.839763641357422,1135755,0.0,0.0
2010-12-09 00:00:00-05:00,21.912128147742532,22.095451816543026,21.84458784871077,22.03273582458496,922963,0.0,0.0
2010-12-10 00:00:00-05:00,22.09545088589715,22.2787767093728,22.071329351544648,22.245006561279297,933303,0.0,0.0
2010-12-13 00:00:00-05:00,22.34631841652388,22.370439952399433,22.076155052320892,22.293251037597656,1204963,0.0,0.0
2010-12-14 00:00:00-05:00,22.365620060599564,22.476581309929628,22.245012357411657,22.273958206176758,875728,0.0,0.0
2010-12-15 00:00:00-05:00,22.26912415541217,22.31736721558122,21.883177511663522,21.907299041748047,1594123,0.0,0.0
2010-12-16 00:00:00-05:00,21.907301861627094,22.0520310607636,21.825288648783076,22.003787994384766,1112725,0.0,0.0
2010-12-17 00:00:00-05:00,21.926604487631415,21.95072602676079,21.68056262611473,21.888010025024414,2087740,0.0,0.0
2010-12-20 00:00:00-05:00,21.98449076783323,22.071328287315133,21.84941018197249,22.003787994384766,1000513,0.0,0.0
2010-12-21 00:00:00-05:00,22.07133137035597,22.129225220494014,21.921777843691153,21.96519660949707,936123,0.0,0.0
2010-12-22 00:00:00-05:00,22.043345636852894,22.17522396694665,21.950540178203322,22.170339584350586,653065,0.476596,0.0
2010-12-23 00:00:00-05:00,22.175230804867898,22.27780287101423,22.136155732050245,22.214305877685547,599485,0.0,0.0
2010-12-27 00:00:00-05:00,22.194764756296227,22.19964913960949,22.009156001067584,22.02381134033203,822500,0.0,0.0
2010-12-28 00:00:00-05:00,22.09219540257685,22.09219540257685,21.955430463791725,22.062889099121094,625923,0.0,0.0
2010-12-29 00:00:00-05:00,22.028698184708226,22.136154629605123,21.999391881554526,22.087310791015625,582800,0.0,0.0
2010-12-30 00:00:00-05:00,22.04823158124135,22.243606898923414,22.04823158124135,22.165456771850586,893470,0.0,0.0
2010-12-31 00:00:00-05:00,22.16546238723006,22.233843765742467,22.067774703640918,22.13615608215332,971960,0.0,0.0
2011-01-03 00:00:00-05:00,22.253378250767703,22.33152838692199,22.136153046536275,22.258262634277344,917558,0.0,0.0
2011-01-04 00:00:00-05:00,22.32176833991131,22.42922700842697,22.145930464873025,22.385265350341797,1030358,0.0,0.0
2011-01-05 00:00:00-05:00,22.316876402347233,22.463410104616973,22.268032564698938,22.39014434814453,1276755,0.0,0.0
2011-01-06 00:00:00-05:00,22.341296980994617,22.341296980994617,22.062884961058305,22.307104110717773,1464873,0.0,0.0
2011-01-07 00:00:00-05:00,22.34617858146848,22.63924374260474,22.27779722137906,22.63435935974121,1744875,0.0,0.0
2011-01-10 00:00:00-05:00,22.531795836847742,22.595292838076123,22.380379910841597,22.536680221557617,1727838,0.0,0.0
2011-01-11 00:00:00-05:00,22.575752017579,22.805320254897925,22.546445713579768,22.683208465576172,1694233,0.0,0.0
2011-01-12 00:00:00-05:00,22.82974766561977,22.87370713219119,22.707635846929225,22.79067039489746,747418,0.0,0.0
2011-01-13 00:00:00-05:00,22.761363903034177,22.89812887616207,22.72228882194777,22.819978713989258,1256428,0.0,0.0
2011-01-14 00:00:00-05:00,22.810200972359805,22.932310552728556,22.75158618445819,22.883466720581055,1125768,0.0,0.0
2011-01-18 00:00:00-05:00,22.97627776496509,22.97627776496509,22.76624702644031,22.91278076171875,1197913,0.0,0.0
2011-01-19 00:00:00-05:00,22.92253607556552,22.927420457563418,22.692967932340387,22.741811752319336,802525,0.0,0.0
2011-01-20 00:00:00-05:00,22.7467044372002,22.95673291955837,22.727164714632924,22.834623336791992,963970,0.0,0.0
2011-01-21 00:00:00-05:00,22.942083793875558,22.956736946377816,22.717399932849183,22.7222843170166,2351058,0.0,0.0
2011-01-24 00:00:00-05:00,22.761350937846473,22.912768980131908,22.717391496664185,22.90788459777832,808165,0.0,0.0
2011-01-25 00:00:00-05:00,22.88346234880324,22.942074936182582,22.751581837875523,22.902999877929688,814510,0.0,0.0
2011-01-26 00:00:00-05:00,22.922546595772822,23.03488743328277,22.707631499906984,22.727169036865234,845648,0.0,0.0
2011-01-27 00:00:00-05:00,22.75647620471074,23.02511732222239,22.707630175838222,22.961620330810547,869030,0.0,0.0
2011-01-28 00:00:00-05:00,22.961613027932636,23.015341234346856,22.5415539520972,22.57574462890625,885715,0.0,0.0
2011-01-31 00:00:00-05:00,22.59040103254403,22.74670348124084,22.580632266333264,22.595285415649414,1015905,0.0,0.0
2011-02-01 00:00:00-05:00,22.746700685553662,22.785775745594194,22.63435769861283,22.776004791259766,705000,0.0,0.0
2011-02-02 00:00:00-05:00,22.673438361329026,22.697860279889092,22.536675617392667,22.58063507080078,995930,0.0,0.0
2011-02-03 00:00:00-05:00,22.526897914800976,22.68808251336443,22.47805409705447,22.644123077392578,667635,0.0,0.0
2011-02-04 00:00:00-05:00,22.624587337318943,22.688084305404765,22.4975934011473,22.614818572998047,846235,0.0,0.0
2011-02-07 00:00:00-05:00,22.639241497302166,22.76623543915901,22.570860143994636,22.629472732543945,849643,0.0,0.0
2011-02-08 00:00:00-05:00,22.66366935976841,22.795549907955145,22.624594290475986,22.688091278076172,1395548,0.0,0.0
2011-02-09 00:00:00-05:00,22.653906606491066,23.127694136765232,22.609947141866954,22.946971893310547,1517865,0.0,0.0
2011-02-10 00:00:00-05:00,22.863924819676793,23.06418449322288,22.80042785001584,22.902999877929688,903928,0.0,0.0
2011-02-11 00:00:00-05:00,22.84439657403648,22.96650618069957,22.751591083647444,22.927431106567383,941763,0.0,0.0
2011-02-14 00:00:00-05:00,22.88347494693209,22.92255002669714,22.663675433928276,22.780902862548828,721685,0.0,0.0
2011-02-15 00:00:00-05:00,22.688085522669173,22.912769303428686,22.68320114024667,22.829734802246094,650010,0.0,0.0
2011-02-16 00:00:00-05:00,22.85415918410187,22.951846843108633,22.73693180396926,22.810199737548828,774913,0.0,0.0
2011-02-17 00:00:00-05:00,22.76135495088769,22.956732468802308,22.76135495088769,22.883466720581055,717338,0.0,0.0
2011-02-18 00:00:00-05:00,22.90788852620202,23.1228035759394,22.88346661024602,23.02022933959961,1064903,0.0,0.0
2011-02-22 00:00:00-05:00,22.8004342916167,23.010462789063464,22.66366935976841,22.688091278076172,1517865,0.0,0.0
2011-02-23 00:00:00-05:00,22.69785231433828,22.859039109592885,22.692967932340387,22.741811752319336,1216478,0.0,0.0
2011-02-24 00:00:00-05:00,22.780906008839263,22.88836249303406,22.707638034835288,22.771137237548828,1360415,0.0,0.0
2011-02-25 00:00:00-05:00,22.82486226935468,22.96162504818525,22.722287995906353,22.946971893310547,925078,0.0,0.0
2011-02-28 00:00:00-05:00,22.976270114749912,23.225375849252874,22.888351216451678,22.995807647705078,1120598,0.0,0.0
2011-03-01 00:00:00-05:00,23.07396436842857,23.205844942859805,22.74671059798039,22.785785675048828,1118483,0.0,0.0
2011-03-02 00:00:00-05:00,22.800431760150268,22.946963253727876,22.678319992844354,22.932310104370117,1131760,0.0,0.0
2011-03-03 00:00:00-05:00,23.04953146734361,23.308405918951824,22.942075056584212,23.24002456665039,3477060,0.0,0.0
2011-03-04 00:00:00-05:00,23.20095990765211,23.30841636657715,23.034888645442766,23.30841636657715,4060918,0.0,0.0
2011-03-07 00:00:00-05:00,23.337717665957875,23.591707794606954,23.337717665957875,23.4891357421875,4267835,0.0,0.0
2011-03-08 00:00:00-05:00,23.56727975201597,23.826152007505648,23.513551548046415,23.787076950073242,2418385,0.0,0.0
2011-03-09 00:00:00-05:00,23.704035248353996,24.05571284767984,23.689382106270564,24.016637802124023,2109830,0.0,0.0
2011-03-10 00:00:00-05:00,23.875012764151347,24.109465464370253,23.694290495337835,23.699174880981445,2028755,0.0,0.0
2011-03-11 00:00:00-05:00,23.796857069294465,23.96292833194858,23.684516225571958,23.92873764038086,1351838,0.0,0.0
2011-03-14 00:00:00-04:00,23.738234903373666,23.7870787288166,23.45493852648033,23.67473793029785,1875183,0.0,0.0
2011-03-15 00:00:00-04:00,23.274220181562896,23.59170728822844,23.254682648188073,23.533092498779297,4115673,0.0,0.0
2011-03-16 00:00:00-04:00,23.53797714772726,23.58193659422788,23.220490067009415,23.283987045288086,3329128,0.0,0.0
2011-03-17 00:00:00-04:00,23.511342269233143,23.600306265111364,23.2345631778183,23.353181838989258,1806915,0.476596,0.0
2011-03-18 00:00:00-04:00,23.54594674432837,23.580543864659155,23.155491313816675,23.244455337524414,1940160,0.0,0.0
2011-03-21 00:00:00-04:00,23.44709798709282,23.585486469348478,23.358131747435635,23.57560157775879,1248320,0.0,0.0
2011-03-22 00:00:00-04:00,23.570651035735985,23.639845253096453,23.42732015691787,23.486629486083984,1144215,0.0,0.0
2011-03-23 00:00:00-04:00,23.471798949344834,23.575590261215606,23.318580987900976,23.4619140625,1132583,0.0,0.0
2011-03-24 00:00:00-04:00,23.600302854366387,23.66949706338275,23.382833124966016,23.570648193359375,841653,0.0,0.0
2011-03-25 00:00:00-04:00,23.57559182816649,23.738692471946752,23.486627840649987,23.615131378173828,739663,0.0,0.0
2011-03-28 00:00:00-04:00,23.674435177679396,23.8671926543255,23.481679916381836,23.481679916381836,950575,0.0,0.0
2011-03-29 00:00:00-04:00,23.511348649050422,23.798010491332764,23.471809084597687,23.773298263549805,1211543,0.0,0.0
2011-03-30 00:00:00-04:00,23.84248927249441,24.272484153082694,23.84248927249441,24.21317481994629,1741585,0.0,0.0
2011-03-31 00:00:00-04:00,24.21316519031873,24.356496021728724,24.030292603860943,24.198335647583008,1441725,0.0,0.0
2011-04-01 00:00:00-04:00,24.272484571981177,24.425700351894438,24.272484571981177,24.396045684814453,1061025,0.0,0.0
2011-04-04 00:00:00-04:00,24.42570748429933,24.450419714082056,24.326858565168425,24.4009952545166,778438,0.0,0.0
2011-04-05 00:00:00-04:00,24.336729829091116,24.55419732940247,24.336729829091116,24.460290908813477,1266768,0.0,0.0
2011-04-06 00:00:00-04:00,24.509719237645918,24.68764943608509,24.489949461747027,24.53443145751953,988410,0.0,0.0
2011-04-07 00:00:00-04:00,24.52454599011369,24.58385753175813,24.396042449807137,24.46523666381836,1064903,0.0,0.0
2011-04-08 00:00:00-04:00,24.534437912329626,24.573979689879682,24.119270293876568,24.32191276550293,885598,0.0,0.0
2011-04-11 00:00:00-04:00,24.366381013355753,24.425690323164435,23.99569561170299,24.084659576416016,1007328,0.0,0.0
2011-04-12 00:00:00-04:00,24.03029655436074,24.114318090034626,23.807886606988678,23.8968505859375,865623,0.0,0.0
2011-04-13 00:00:00-04:00,23.95122427201651,24.114324946463793,23.91662715925497,23.961109161376953,1193683,0.0,0.0
2011-04-14 00:00:00-04:00,23.837538361787043,23.961099428603212,23.753514621003475,23.9067325592041,1085935,0.0,0.0
2011-04-15 00:00:00-04:00,24.010539424211125,24.45536176852901,23.98582719482402,24.386167526245117,1287330,0.0,0.0
2011-04-18 00:00:00-04:00,24.18845912271306,24.381214427713715,24.035241152107083,24.1192626953125,991465,0.0,0.0
2011-04-19 00:00:00-04:00,24.163744298706643,24.21811117374224,24.055008333286636,24.069835662841797,687493,0.0,0.0
2011-04-20 00:00:00-04:00,24.287317488553164,24.494900205831016,24.252720369006855,24.415821075439453,825908,0.0,0.0
2011-04-21 00:00:00-04:00,24.44546267784296,24.48994466490278,24.312016716663507,24.45040512084961,617580,0.0,0.0
2011-04-25 00:00:00-04:00,24.48006089042802,24.48006089042802,24.242823615337027,24.420751571655273,948578,0.0,0.0
2011-04-26 00:00:00-04:00,24.440531766547775,24.51961089196581,23.83755121988547,24.153867721557617,2810718,0.0,0.0
2011-04-27 00:00:00-04:00,24.218117921401493,24.588803478909913,24.14892148218239,24.52454948425293,1273583,0.0,0.0
2011-04-28 00:00:00-04:00,24.470180419965462,24.7123623973416,24.460295531719463,24.69259262084961,1359005,0.0,0.0
2011-04-29 00:00:00-04:00,24.66789159797759,24.99903771988817,24.613524687945294,24.974323272705078,1452065,0.0,0.0
2011-05-02 00:00:00-04:00,25.018794240006724,25.29062864603744,25.018794240006724,25.251089096069336,1681425,0.0,0.0
2011-05-03 00:00:00-04:00,25.206605349085713,25.532808828982237,25.112698924443215,25.4339599609375,2857130,0.0,0.0
2011-05-04 00:00:00-04:00,25.29063017922407,25.46361793617057,25.186838854265684,25.438905715942383,1633015,0.0,0.0
2011-05-05 00:00:00-04:00,25.34994133831381,25.354881566935266,25.018795376933642,25.12752914428711,1138575,0.0,0.0
2011-05-06 00:00:00-04:00,25.537749489487794,25.54269193254498,25.162121601793054,25.285682678222656,885480,0.0,0.0
2011-05-09 00:00:00-04:00,25.236264353251723,25.349942786418794,25.068221248651522,25.30051612854004,1219885,0.0,0.0
2011-05-10 00:00:00-04:00,25.384533349961288,25.779931038087177,25.349938461442207,25.69590950012207,1317645,0.0,0.0
2011-05-11 00:00:00-04:00,25.651418587729374,25.79969405379862,25.53774242884319,25.671188354492188,1979875,0.0,0.0
2011-05-12 00:00:00-04:00,25.62671096524881,25.962799275708765,25.601998752372975,25.923259735107422,856575,0.0,0.0
2011-05-13 00:00:00-04:00,25.923281879582397,26.056727943105717,25.765121366722855,25.967763900756836,1116603,0.0,0.0
2011-05-16 00:00:00-04:00,25.84419156594811,26.086371354385506,25.686031121415034,25.725570678710938,994638,0.0,0.0
2011-05-17 00:00:00-04:00,25.715676245369334,25.913376173824716,25.552575632056275,25.760160446166992,1122243,0.0,0.0
2011-05-18 00:00:00-04:00,25.77005255564727,25.77005255564727,25.424079245379083,25.54269790649414,1270645,0.0,0.0
2011-05-19 00:00:00-04:00,25.597064647440494,25.681086198586396,25.51304309629459,25.656373977661133,929543,0.0,0.0
2011-05-20 00:00:00-04:00,25.601998076164087,25.779926004170637,25.48337945749305,25.65142250061035,1037995,0.0,0.0
2011-05-23 00:00:00-04:00,25.438905715942383,25.646488365859152,25.40925105166856,25.438905715942383,1123065,0.0,0.0
2011-05-24 00:00:00-04:00,25.433957447906124,25.61188539280627,25.38453080341851,25.458669662475586,983710,0.0,0.0
2011-05-25 00:00:00-04:00,25.349936757309127,25.379591415773888,25.107754831164844,25.265913009643555,1217770,0.0,0.0
2011-05-26 00:00:00-04:00,25.196728539309035,25.260980324134575,25.013855859455965,25.226383209228516,987705,0.0,0.0
2011-05-27 00:00:00-04:00,25.33510721272799,25.399361188083727,25.167064148094358,25.265913009643555,620048,0.0,0.0
2011-05-31 00:00:00-04:00,25.493274579582454,25.542699023875834,25.2856896982009,25.513044357299805,1611748,0.0,0.0
2011-06-01 00:00:00-04:00,25.414198386809947,25.493277506759334,25.132476806640625,25.132476806640625,888653,0.0,0.0
2011-06-02 00:00:00-04:00,25.142351564276836,25.14729400728187,24.811205667590812,25.06327247619629,1003685,0.0,0.0
2011-06-03 00:00:00-04:00,24.712366335886188,24.979260576413708,24.66294188677916,24.840869903564453,630505,0.0,0.0
2011-06-06 00:00:00-04:00,24.830994363389667,24.830994363389667,24.608584258663683,24.71237564086914,599133,0.0,0.0
2011-06-07 00:00:00-04:00,24.751901950325585,24.91500260638453,24.68765017672661,24.69259262084961,803348,0.0,0.0
2011-06-08 00:00:00-04:00,24.628342596288704,24.75684615261263,24.42075771303144,24.603628158569336,1279105,0.0,0.0
2011-06-09 00:00:00-04:00,24.573972934764317,24.633282261761305,24.386157850591378,24.499834060668945,1154908,0.0,0.0
2011-06-10 00:00:00-04:00,24.44547687677417,24.53444090256774,24.371340188612855,24.386167526245117,1062905,0.0,0.0
2011-06-13 00:00:00-04:00,24.405928308209987,24.662937614394128,24.31696431522866,24.549259185791016,871850,0.0,0.0
2011-06-14 00:00:00-04:00,24.6876486965847,24.7864975731182,24.554200497915375,24.61351203918457,1264065,0.0,0.0
2011-06-15 00:00:00-04:00,24.49488771577306,24.687645213164455,24.34167197876483,24.42569351196289,1284393,0.0,0.0
2011-06-16 00:00:00-04:00,24.479725391583784,24.549752808423978,24.334666357532416,24.51974105834961,1500240,0.500426,0.0
2011-06-17 00:00:00-04:00,24.64978573664426,24.74982487823959,24.549746595048934,24.629777908325195,1443018,0.0,0.0
2011-06-20 00:00:00-04:00,24.53974369534473,24.67479654208141,24.349667076431288,24.634780883789062,999925,0.0,0.0
2011-06-21 00:00:00-04:00,24.714814689722964,24.999928525798246,24.609773576125495,24.85487174987793,1266298,0.0,0.0
2011-06-22 00:00:00-04:00,24.729822667544227,24.789846166136353,24.584765879279917,24.619779586791992,918733,0.0,0.0
2011-06-23 00:00:00-04:00,24.40468723362566,24.44470288966681,24.17459721138904,24.35466766357422,1134933,0.0,0.0
2011-06-24 00:00:00-04:00,24.4247017340998,24.684805811448378,24.394689983870187,24.52974510192871,1390848,0.0,0.0
2011-06-27 00:00:00-04:00,24.524734568556422,24.78983826955861,24.524734568556422,24.74982261657715,808283,0.0,0.0
2011-06-28 00:00:00-04:00,24.769827317124143,25.029931270703106,24.734813625184078,24.874868392944336,879370,0.0,0.0
2011-06-29 00:00:00-04:00,24.964911025280202,25.03994038072711,24.869873841714117,25.004926681518555,869500,0.0,0.0
2011-06-30 00:00:00-04:00,25.024939473280707,25.06495513745608,24.87487849059795,25.01993751525879,651420,0.0,0.0
2011-07-01 00:00:00-04:00,25.07495233835639,25.435095461512503,25.04494059826209,25.410085678100586,863978,0.0,0.0
2011-07-05 00:00:00-04:00,25.410093387644554,25.50012863524458,25.265034357819324,25.315053939819336,883835,0.0,0.0
2011-07-06 00:00:00-04:00,25.19000333624293,25.360072145937902,25.124977883898545,25.26003074645996,741308,0.0,0.0
2011-07-07 00:00:00-04:00,25.450102201296115,25.450102201296115,25.250021685138684,25.330055236816406,657648,0.0,0.0
2011-07-08 00:00:00-04:00,25.109972132620857,25.24502499584027,25.054950595753688,25.195005416870117,663170,0.0,0.0
2011-07-11 00:00:00-04:00,24.94989792892224,24.99491552915369,24.809840930622606,24.8648624420166,705823,0.0,0.0
2011-07-12 00:00:00-04:00,24.85486430902727,25.189995380652242,24.829852285538387,25.01492691040039,882308,0.0,0.0
2011-07-13 00:00:00-04:00,25.139979449028004,25.18499706216669,24.859867614140395,24.899883270263672,880545,0.0,0.0
2011-07-14 00:00:00-04:00,24.954909131581605,25.094963939754738,24.874875570600683,24.939903259277344,1377570,0.0,0.0
2011-07-15 00:00:00-04:00,25.09496410288695,25.19500325223236,24.87487573230219,25.17499542236328,1533258,0.0,0.0
2011-07-18 00:00:00-04:00,25.164995706824495,25.164995706824495,24.744828967433808,24.90489387512207,1067018,0.0,0.0
2011-07-19 00:00:00-04:00,24.939895926890763,25.0599428700308,24.72981153437151,25.03493309020996,944348,0.0,0.0
2011-07-20 00:00:00-04:00,25.049944529294446,25.31004853930339,24.979917130221764,25.27003288269043,877490,0.0,0.0
2011-07-21 00:00:00-04:00,25.39008127669502,25.925292955938865,25.300046044265653,25.850263595581055,1375220,0.0,0.0
2011-07-22 00:00:00-04:00,25.70020899784248,25.82525795183324,25.580159759986177,25.62517738342285,755173,0.0,0.0
2011-07-25 00:00:00-04:00,25.420090798336755,25.73021436939279,25.385077099897725,25.65018081665039,682793,0.0,0.0
2011-07-26 00:00:00-04:00,25.68520312258501,25.68520312258501,25.470116679702247,25.550148010253906,639905,0.0,0.0
2011-07-27 00:00:00-04:00,25.5151271383158,25.550140835600068,25.300042997855307,25.365068435668945,882778,0.0,0.0
2011-07-28 00:00:00-04:00,25.640181975018645,25.830258617599462,25.215013310697813,25.45010757446289,1322228,0.0,0.0
2011-07-29 00:00:00-04:00,25.270032628158468,25.340060026525805,24.874873539036326,24.92989730834961,1382153,0.0,0.0
2011-08-01 00:00:00-04:00,25.159991111925535,25.205008731925723,24.549750021009142,24.6747989654541,1468750,0.0,0.0
2011-08-02 00:00:00-04:00,24.56975698943,24.609772650247365,24.209613800048828,24.209613800048828,1325635,0.0,0.0
2011-08-03 00:00:00-04:00,24.204616162607998,24.274643581537227,23.894492493896095,24.2496337890625,1502238,0.0,0.0
2011-08-04 00:00:00-04:00,24.02453804204073,24.199608792237203,23.554351806640625,23.554351806640625,2060245,0.0,0.0
2011-08-05 00:00:00-04:00,23.769438475632718,23.879481539114742,23.109175610690883,23.574359893798828,2870760,0.0,0.0
2011-08-08 00:00:00-04:00,23.11418405734381,23.409301870650957,21.933715046140694,22.02375030517578,2650918,0.0,0.0
2011-08-09 00:00:00-04:00,22.168801880592937,22.949111679915095,21.618582110133246,22.92910385131836,4811390,0.0,0.0
2011-08-10 00:00:00-04:00,22.54395738861833,23.169204454005886,22.438914016268118,22.593976974487305,2942788,0.0,0.0
2011-08-11 00:00:00-04:00,22.663996789932483,23.959510355313046,22.58396547939616,23.704410552978516,2358225,0.0,0.0
2011-08-12 00:00:00-04:00,23.804456803450517,23.934507721928686,23.359280263557647,23.484329223632812,1814788,0.0,0.0
2011-08-15 00:00:00-04:00,23.624385614136767,24.22462514606256,23.604377779207603,24.189611434936523,1623380,0.0,0.0
2011-08-16 00:00:00-04:00,23.98951959677455,24.189600094289233,23.829456992382305,24.124574661254883,1510933,0.0,0.0
2011-08-17 00:00:00-04:00,24.2246161156421,24.54474359719746,24.159590676362413,24.229618072509766,1273465,0.0,0.0
2011-08-18 00:00:00-04:00,23.83947625353309,24.02955071862298,23.62939170798687,23.889495849609375,2242253,0.0,0.0
2011-08-19 00:00:00-04:00,23.699403326228367,23.989519031882196,23.599364200838885,23.76443099975586,1818665,0.0,0.0
2011-08-22 00:00:00-04:00,24.059557711287415,24.12458541533371,23.579367442030648,23.63939094543457,1776835,0.0,0.0
2011-08-23 00:00:00-04:00,23.724416917915853,24.4797191619873,23.59436603402226,24.479719161987305,2609675,0.0,0.0
2011-08-24 00:00:00-04:00,24.509730312223063,25.009928249445068,24.40468697420698,24.97491455078125,1732538,0.0,0.0
2011-08-25 00:00:00-04:00,25.029941371196053,25.034943329205962,24.459713674016108,24.68980598449707,1858028,0.0,0.0
2011-08-26 00:00:00-04:00,24.539755836754,24.83487146267293,24.04955929609112,24.69481658935547,1392610,0.0,0.0
2011-08-29 00:00:00-04:00,24.96491939084961,25.14999186296847,24.84987209858814,25.13998794555664,819563,0.0,0.0
2011-08-30 00:00:00-04:00,25.07495613329704,25.225014856479003,24.954909154751466,25.089962005615234,1828300,0.0,0.0
2011-08-31 00:00:00-04:00,25.154988115424803,25.405088236012357,25.09496462456977,25.290040969848633,1196855,0.0,0.0
2011-09-01 00:00:00-04:00,25.370070753205244,25.415088364639484,24.969911965098525,24.999923706054688,1267355,0.0,0.0
2011-09-02 00:00:00-04:00,24.819854864704833,24.999927580372812,24.654790263865365,24.829858779907227,1180875,0.0,0.0
2011-09-06 00:00:00-04:00,24.299654879838233,24.479727638840505,24.034548821152466,24.444711685180664,1391083,0.0,0.0
2011-09-07 00:00:00-04:00,24.65479607918115,24.78984896626831,24.524745150875,24.76483917236328,1141630,0.0,0.0
2011-09-08 00:00:00-04:00,24.709817886352536,25.029945493738307,24.649794380347483,24.70981788635254,2097140,0.0,0.0
2011-09-09 00:00:00-04:00,24.52473500205002,24.564750655738788,24.089560284135594,24.2446231842041,2194078,0.0,0.0
2011-09-12 00:00:00-04:00,24.094563140228573,24.60976689478686,24.03953937744813,24.604764938354492,4955210,0.0,0.0
2011-09-13 00:00:00-04:00,24.68479186988354,24.804838803001456,24.429689894983966,24.779829025268555,1610808,0.0,0.0
2011-09-14 00:00:00-04:00,24.854872591419834,25.0699567836875,24.58476461957024,24.819856643676758,1672613,0.0,0.0
2011-09-15 00:00:00-04:00,24.985874354657955,25.355398178100586,24.77327291232434,25.355398178100586,2598748,0.500426,0.0
2011-09-16 00:00:00-04:00,25.39590513259147,25.755305239748953,25.39590513259147,25.593320846557617,1710095,0.0,0.0
2011-09-19 00:00:00-04:00,25.21367322436674,25.573075604006362,25.21367322436674,25.481958389282227,1296965,0.0,0.0
2011-09-20 00:00:00-04:00,25.613562288054727,26.322236112941802,25.57306677057036,25.810977935791016,1688593,0.0,0.0
2011-09-21 00:00:00-04:00,25.770499288688423,25.770499288688423,25.056760787963867,25.056760787963867,1633838,0.0,0.0
2011-09-22 00:00:00-04:00,24.418951535525586,24.732791973648528,24.206347679498098,24.36326789855957,2060128,0.0,0.0
2011-09-23 00:00:00-04:00,24.327837469281665,24.661927990031586,24.327837469281665,24.53537940979004,1735240,0.0,0.0
2011-09-26 00:00:00-04:00,24.783413229992224,24.894778243239244,24.494882483306327,24.86440658569336,2340718,0.0,0.0
2011-09-27 00:00:00-04:00,25.02133273956477,25.289618046975818,24.884660248254264,24.9909610748291,1435380,0.0,0.0
2011-09-28 00:00:00-04:00,24.97576251171027,25.157992407237284,24.53537132860848,24.580928802490234,1408825,0.0,0.0
2011-09-29 00:00:00-04:00,24.909961745421132,25.12762527083685,24.70748177844809,25.031448364257812,1162898,0.0,0.0
2011-09-30 00:00:00-04:00,24.84921533101441,25.19342964361957,24.80871752755061,24.81378173828125,1398368,0.0,0.0
2011-10-03 00:00:00-04:00,24.81378223039753,25.112436803642897,24.32783126831055,24.327831268310547,1618445,0.0,0.0
2011-10-04 00:00:00-04:00,24.145607539964896,24.682175789684205,23.806455075636862,24.6568660736084,3525000,0.0,0.0
2011-10-05 00:00:00-04:00,24.65685200342321,24.778338571261983,24.292390030995943,24.753028869628906,1609045,0.0,0.0
2011-10-06 00:00:00-04:00,24.702412550241785,25.249106711588123,24.616359553946364,25.228858947753906,1222588,0.0,0.0
2011-10-07 00:00:00-04:00,25.360468638582528,25.481955217879623,25.122555151881226,25.264291763305664,1654870,0.0,0.0
2011-10-10 00:00:00-04:00,25.593322197493826,25.826173782348633,25.471835597871255,25.826173782348633,934008,0.0,0.0
2011-10-11 00:00:00-04:00,25.638879901092878,25.72493290231134,25.4009663935187,25.58319854736328,1109788,0.0,0.0
2011-10-12 00:00:00-04:00,25.689497761286866,25.694559702229142,25.3199738035894,25.34528350830078,1206608,0.0,0.0
2011-10-13 00:00:00-04:00,25.279486089525214,25.49714961731936,25.082068062846503,25.471839904785156,1346550,0.0,0.0
2011-10-14 00:00:00-04:00,25.7249373862776,25.74012321266899,25.487023837234076,25.603450775146484,1093338,0.0,0.0
2011-10-17 00:00:00-04:00,25.578139253023924,25.755309499670417,25.5325840419468,25.557893753051758,1413643,0.0,0.0
2011-10-18 00:00:00-04:00,25.6186364446221,25.89198361111356,25.29973406411267,25.73000144958496,1289210,0.0,0.0
2011-10-19 00:00:00-04:00,25.76037455053279,26.124836703337547,25.684445408055147,25.77556037902832,996635,0.0,0.0
2011-10-20 00:00:00-04:00,25.8413659680615,26.084341496025743,25.795808481989223,25.97804069519043,1719495,0.0,0.0
2011-10-21 00:00:00-04:00,26.24125561428597,26.322246681774,26.028654062129885,26.266565322875977,1268765,0.0,0.0
2011-10-24 00:00:00-04:00,26.29693445188524,26.4082994279154,26.07420903764763,26.307058334350586,1127530,0.0,0.0
2011-10-25 00:00:00-04:00,26.21087575917762,26.21593769931108,25.836289920390648,25.881847381591797,957273,0.0,0.0
2011-10-26 00:00:00-04:00,25.978030136886286,26.053959249480055,25.65912559508127,25.8160457611084,1222235,0.0,0.0
2011-10-27 00:00:00-04:00,26.631027745649565,26.636089687434126,26.18051265791209,26.408302307128906,1338208,0.0,0.0
2011-10-28 00:00:00-04:00,26.438679863948067,26.524732893508897,26.155208791776747,26.47411346435547,1261010,0.0,0.0
2011-10-31 00:00:00-04:00,26.3171901890044,26.73733370750044,26.210889390916883,26.377933502197266,1735358,0.0,0.0
2011-11-01 00:00:00-04:00,25.80086270970635,26.155200875445804,25.608508937142563,25.6641902923584,1435263,0.0,0.0
2011-11-02 00:00:00-04:00,26.074211537591903,26.51966467768765,26.074211537591903,26.266565322875977,1608340,0.0,0.0
2011-11-03 00:00:00-04:00,26.357673696699003,26.60064681761784,26.16531770706078,26.41841697692871,2411335,0.0,0.0
2011-11-04 00:00:00-04:00,26.393111857869698,26.651270843654466,26.094455075991803,26.38298797607422,1585545,0.0,0.0
2011-11-07 00:00:00-05:00,26.286816608565818,26.38805545647794,26.053967258367944,26.317188262939453,1149033,0.0,0.0
2011-11-08 00:00:00-05:00,26.443724496937175,26.49940583255723,26.17543942912991,26.46903419494629,1433618,0.0,0.0
2011-11-09 00:00:00-05:00,26.089392957495235,26.09445489835852,25.709745123837877,25.760364532470703,1926295,0.0,0.0
2011-11-10 00:00:00-05:00,25.96790500510466,26.064084153741383,25.689498248004668,25.907161712646484,1225760,0.0,0.0
2011-11-11 00:00:00-05:00,26.145065421156,26.453845977783203,26.134941542870205,26.453845977783203,968318,0.0,0.0
2011-11-14 00:00:00-05:00,26.398174161637694,26.398174161637694,26.084331552752488,26.14507484436035,1020018,0.0,0.0
2011-11-15 00:00:00-05:00,26.165324016204906,26.50953828941647,26.05902325017102,26.438671112060547,1105323,0.0,0.0
2011-11-16 00:00:00-05:00,26.246317926585576,26.342497089497172,25.957784975673984,25.96790885925293,1303075,0.0,0.0
2011-11-17 00:00:00-05:00,25.95779032097466,26.07927921785096,25.532587123099862,25.77556037902832,1119775,0.0,0.0
2011-11-18 00:00:00-05:00,25.8413626684975,26.00840903167857,25.709752169982323,25.922353744506836,832605,0.0,0.0
2011-11-21 00:00:00-05:00,25.66418582658495,25.750238815126423,25.390838770542192,25.643938064575195,1425863,0.0,0.0
2011-11-22 00:00:00-05:00,25.578132299889276,25.608506213870207,25.23898226327708,25.330097198486328,1107555,0.0,0.0
2011-11-23 00:00:00-05:00,25.178241171982066,25.178241171982066,24.834026895553105,24.970699310302734,1148915,0.0,0.0
2011-11-25 00:00:00-05:00,24.950447454571904,25.24404226999627,24.945385514114776,25.02131462097168,472938,0.0,0.0
2011-11-28 00:00:00-05:00,25.46171505441594,25.67938084286943,25.309856784968275,25.44146728515625,908745,0.0,0.0
2011-11-29 00:00:00-05:00,25.55282160274824,25.897035835741306,25.502202196265596,25.785673141479492,672923,0.0,0.0
2011-11-30 00:00:00-05:00,26.37286694791666,26.666459551753373,26.286811674432382,26.651273727416992,1320113,0.0,0.0
2011-12-01 00:00:00-05:00,26.64621146225799,26.82844362099216,26.48929127935507,26.641149520874023,814863,0.0,0.0
2011-12-02 00:00:00-05:00,26.75758043631425,26.803140188346315,26.119773403720707,26.16533088684082,1356185,0.0,0.0
2011-12-05 00:00:00-05:00,26.433610464844833,26.605716475420166,26.25137830238301,26.479167938232422,1243503,0.0,0.0
2011-12-06 00:00:00-05:00,26.550035993594513,26.813259228526857,26.484230752089314,26.625965118408203,1297788,0.0,0.0
2011-12-07 00:00:00-05:00,26.54496328897364,26.6006446245937,26.286802100370025,26.46903419494629,1243385,0.0,0.0
2011-12-08 00:00:00-05:00,26.423488477456182,26.423488477456182,25.993221151239563,26.04890251159668,1321523,0.0,0.0
2011-12-09 00:00:00-05:00,26.140022946280812,26.48423733321568,26.140022946280812,26.41337013244629,1219415,0.0,0.0
2011-12-12 00:00:00-05:00,26.322247328859,26.42348843461944,26.02865470199744,26.286813735961914,4265485,0.0,0.0
2011-12-13 00:00:00-05:00,26.398181610181027,26.625969017983298,26.22101135742294,26.317188262939453,1211425,0.0,0.0
2011-12-14 00:00:00-05:00,26.32731545189993,26.458928239615425,26.07421830035506,26.180519104003906,1572855,0.0,0.0
2011-12-15 00:00:00-05:00,26.45085623371783,26.507177904720276,26.28188892570739,26.374053955078125,1615625,0.500426,0.0
2011-12-16 00:00:00-05:00,26.455986040553295,26.635191422779013,26.271658209545766,26.33822250366211,1678605,0.0,0.0
2011-12-19 00:00:00-05:00,26.65054887562113,26.80415576662122,26.55838611802328,26.742713928222656,2005490,0.0,0.0
2011-12-20 00:00:00-05:00,26.937280591899942,27.485139296417362,26.92704028518006,27.43906021118164,1431385,0.0,0.0
2011-12-21 00:00:00-05:00,27.474891994778506,27.843545237841408,27.474891994778506,27.7769832611084,1123418,0.0,0.0
2011-12-22 00:00:00-05:00,27.807697938527035,27.83841884397724,27.633612807642535,27.75649642944336,914503,0.0,0.0
2011-12-23 00:00:00-05:00,27.87939477557022,28.155883047887375,27.84867385642387,28.00739860534668,642255,0.0,0.0
2011-12-27 00:00:00-05:00,28.007398187131482,28.237805077288606,27.894752523606584,28.186603546142578,515590,0.0,0.0
2011-12-28 00:00:00-05:00,28.237797046100127,28.268517956050328,27.930587946598138,27.976669311523438,667048,0.0,0.0
2011-12-29 00:00:00-05:00,28.063720449979087,28.212204893363854,28.01251891777744,28.17124366760254,739545,0.0,0.0
2011-12-30 00:00:00-05:00,28.273648618510137,28.304369537387267,27.87939453125,27.87939453125,1059263,0.0,0.0
2012-01-03 00:00:00-05:00,28.130277025853246,28.181478548196942,27.50561615825692,27.58241844177246,1269588,0.0,0.0
2012-01-04 00:00:00-05:00,27.587538462399234,27.71042211543788,27.392970383418145,27.444171905517578,956215,0.0,0.0
2012-01-05 00:00:00-05:00,27.428820640141836,27.73603217068666,27.270095868445743,27.643869400024414,1105440,0.0,0.0
2012-01-06 00:00:00-05:00,27.6489792783772,27.659219582422814,27.341767862005607,27.403209686279297,810398,0.0,0.0
2012-01-09 00:00:00-05:00,27.485132118644216,27.5107351737614,27.280326037731918,27.403209686279297,640963,0.0,0.0
2012-01-10 00:00:00-05:00,27.654105896540344,27.700187275520456,27.444177319516157,27.52610206604004,1018138,0.0,0.0
2012-01-11 00:00:00-05:00,27.490259142035683,27.572181588038415,27.367373178028053,27.433935165405273,738370,0.0,0.0
2012-01-12 00:00:00-05:00,27.449295624030785,27.572181588038415,27.37249333090322,27.433935165405273,662583,0.0,0.0
2012-01-13 00:00:00-05:00,27.321296268856265,27.423699343101358,27.126730427790587,27.38273811340332,818623,0.0,0.0
2012-01-17 00:00:00-05:00,27.592661114894472,27.689944015698607,27.33665118619594,27.428813934326172,874553,0.0,0.0
2012-01-18 00:00:00-05:00,27.44929977595,27.44929977595,27.203532400767582,27.40833854675293,774443,0.0,0.0
2012-01-19 00:00:00-05:00,27.387858887702727,27.418579810672366,27.029448119723597,27.131851196289062,888653,0.0,0.0
2012-01-20 00:00:00-05:00,27.172814590931324,27.459543228149414,27.136973511279063,27.459543228149414,899463,0.0,0.0
2012-01-23 00:00:00-05:00,27.449290779212276,27.572176721530454,27.172802572753408,27.275205612182617,1028125,0.0,0.0
2012-01-24 00:00:00-05:00,27.17792399519016,27.280327039406327,27.01919698165187,27.116479873657227,650128,0.0,0.0
2012-01-25 00:00:00-05:00,27.044801122643612,27.700185277540506,26.86047562001834,27.679704666137695,1083703,0.0,0.0
2012-01-26 00:00:00-05:00,27.70018495180261,27.899873205635288,27.587541590411785,27.823068618774414,1021780,0.0,0.0
2012-01-27 00:00:00-05:00,27.776984094167148,27.776984094167148,27.311047948059045,27.444171905517578,1128000,0.0,0.0
2012-01-30 00:00:00-05:00,27.311044334640954,27.377606304563667,27.12159872793785,27.218881607055664,886538,0.0,0.0
2012-01-31 00:00:00-05:00,27.35712345754511,27.433925724241792,27.157437564133733,27.24448013305664,971725,0.0,0.0
2012-02-01 00:00:00-05:00,27.346893807735768,27.449296869887007,27.264971358014773,27.367374420166016,840008,0.0,0.0
2012-02-02 00:00:00-05:00,27.398090863083414,27.505616355780578,27.285447513118367,27.41857147216797,508775,0.0,0.0
2012-02-03 00:00:00-05:00,27.608021411169954,27.720664769335855,27.382732399834726,27.50049591064453,769978,0.0,0.0
2012-02-06 00:00:00-05:00,27.35200471520682,27.423686834482407,27.157438962887376,27.224000930786133,684790,0.0,0.0
2012-02-07 00:00:00-05:00,27.218896239998873,27.889641041358356,27.16769469714764,27.843557357788086,1510463,0.0,0.0
2012-02-08 00:00:00-05:00,27.838427123241747,27.9357123144364,27.705303160032567,27.915231704711914,763163,0.0,0.0
2012-02-09 00:00:00-05:00,27.904986609746192,27.92034706440282,27.643856585580583,27.782100677490234,631680,0.0,0.0
2012-02-10 00:00:00-05:00,27.674587917862564,27.771870833993813,27.55170423432835,27.62338638305664,709583,0.0,0.0
2012-02-13 00:00:00-05:00,27.72578946352117,27.787231305312325,27.444178726974574,27.50562286376953,947050,0.0,0.0
2012-02-14 00:00:00-05:00,27.500491894367823,27.556815860228433,27.16256186922271,27.336647033691406,1213893,0.0,0.0
2012-02-15 00:00:00-05:00,27.346883155318885,27.418565270902455,27.01407103796385,27.24448013305664,1523388,0.0,0.0
2012-02-16 00:00:00-05:00,27.38786047571667,27.792354946607777,27.38786047571667,27.648990631103516,1615390,0.0,0.0
2012-02-17 00:00:00-05:00,27.741136161103316,27.956184795686752,27.705295104506522,27.80257797241211,1292148,0.0,0.0
2012-02-21 00:00:00-05:00,27.8333089243554,27.951074733540207,27.72578571575507,27.823068618774414,996283,0.0,0.0
2012-02-22 00:00:00-05:00,27.894758900639317,27.961323201350083,27.705313192089754,27.843557357788086,1283453,0.0,0.0
2012-02-23 00:00:00-05:00,27.8793895010735,28.13539711219239,27.77186400940033,28.0637149810791,1185458,0.0,0.0
2012-02-24 00:00:00-05:00,28.073953879417747,28.19171737463416,27.997151599928785,28.08419418334961,787838,0.0,0.0
2012-02-27 00:00:00-05:00,27.97667140962596,28.017632625964765,27.761622728844067,27.812824249267578,1986220,0.0,0.0
2012-02-28 00:00:00-05:00,27.93059148904815,27.997153469049003,27.720662949426803,27.848669052124023,964910,0.0,0.0
2012-02-29 00:00:00-05:00,27.817954633497546,27.87427862168403,27.48002447440264,27.643869400024414,1153498,0.0,0.0
2012-03-01 00:00:00-05:00,27.700177284965527,27.945946845888695,27.60801456024541,27.858901977539062,1074185,0.0,0.0
2012-03-02 00:00:00-05:00,27.833310002842403,27.910112297675724,27.695065872142425,27.828189849853516,785840,0.0,0.0
2012-03-05 00:00:00-05:00,27.751382924733175,27.889629327370475,27.510735774407145,27.83330535888672,685965,0.0,0.0
2012-03-06 00:00:00-05:00,27.700181943162963,27.741143161037918,27.520976614960027,27.58241844177246,1040815,0.0,0.0
2012-03-07 00:00:00-05:00,27.577305397298556,27.81283246078418,27.439061251339602,27.79747200012207,1100623,0.0,0.0
2012-03-08 00:00:00-05:00,27.904992989674305,28.18660138943004,27.838428709274034,28.176361083984375,3470833,0.0,0.0
2012-03-09 00:00:00-05:00,28.176354610950312,28.386283119362396,28.073951580019024,28.355562210083008,3017635,0.0,0.0
2012-03-12 00:00:00-04:00,28.370932687317595,28.66790387693224,28.370932687317595,28.61157989501953,2892733,0.0,0.0
2012-03-13 00:00:00-04:00,28.673026595225636,28.923916447166675,28.61158474454721,28.90855598449707,1497303,0.0,0.0
2012-03-14 00:00:00-04:00,28.913665723773956,28.93926648566836,28.258283924274,28.29412269592285,2068940,0.0,0.0
2012-03-15 00:00:00-04:00,28.422476053705882,28.422476053705882,28.044682601768365,28.318971633911133,1198030,0.500426,0.0
2012-03-16 00:00:00-04:00,28.31379679135972,28.52080563371607,28.168888282023563,28.48457908630371,1942628,0.0,0.0
2012-03-19 00:00:00-04:00,28.4897472645877,28.562202661187882,28.246511934947694,28.293088912963867,1168420,0.0,0.0
2012-03-20 00:00:00-04:00,28.205109701811086,28.365541512276646,28.158530404893046,28.246511459350586,805463,0.0,0.0
2012-03-21 00:00:00-04:00,28.24651320922969,28.324141509425345,28.065378189086918,28.065378189086914,947168,0.0,0.0
2012-03-22 00:00:00-04:00,27.977396648895603,28.07572581930268,27.879067478488526,28.039499282836914,1497185,0.0,0.0
2012-03-23 00:00:00-04:00,28.096434503959088,28.3189713237673,28.07573362022685,28.287919998168945,1636188,0.0,0.0
2012-03-26 00:00:00-04:00,28.598417850374098,28.73815105998978,28.546665668918443,28.691574096679688,2459628,0.0,0.0
2012-03-27 00:00:00-04:00,28.686410432387003,28.784739616756205,28.56737804741163,28.639833450317383,1434323,0.0,0.0
2012-03-28 00:00:00-04:00,28.650178345636842,28.74850751097478,28.241333706914254,28.37071418762207,1067605,0.0,0.0
2012-03-29 00:00:00-04:00,28.26720748369704,28.437989704218467,28.11194859990095,28.39141273498535,1695525,0.0,0.0
2012-03-30 00:00:00-04:00,28.515627178068733,28.645010009551996,28.38107144580005,28.479400634765625,1437143,0.0,0.0
2012-04-02 00:00:00-04:00,28.4897392787769,28.774378606553867,28.42246144050073,28.567367553710938,1533610,0.0,0.0
2012-04-03 00:00:00-04:00,28.613956719645714,28.686409801271118,28.365543834386603,28.577730178833008,1645588,0.0,0.0
2012-04-04 00:00:00-04:00,28.386244558298642,28.629482222100176,28.36036845786085,28.562204360961914,1050920,0.0,0.0
2012-04-05 00:00:00-04:00,28.4638838776976,28.479409543970107,28.262050216155018,28.35002899169922,737430,0.0,0.0
2012-04-09 00:00:00-04:00,28.11195965018636,28.29826992003961,28.080908325158585,28.19476318359375,1154438,0.0,0.0
2012-04-10 00:00:00-04:00,28.106778467452216,28.122304126672862,27.801440502779506,27.858367919921875,1517630,0.0,0.0
2012-04-11 00:00:00-04:00,28.07055410348476,28.07055410348476,27.884246178406464,28.008451461791992,1240213,0.0,0.0
2012-04-12 00:00:00-04:00,27.998100171941623,28.2465130508612,27.7910913725805,28.21546173095703,887713,0.0,0.0
2012-04-13 00:00:00-04:00,28.137826277209903,28.38106389435531,28.07572364807129,28.07572364807129,1754628,0.0,0.0
2012-04-16 00:00:00-04:00,28.199941774831654,28.541506362863647,28.143012023806286,28.469053268432617,1129763,0.0,0.0
2012-04-17 00:00:00-04:00,28.629481843922235,28.686409264133406,28.318966323084158,28.650182723999023,827435,0.0,0.0
2012-04-18 00:00:00-04:00,28.51045374937989,28.639836588994417,28.417299775031783,28.53115463256836,1015318,0.0,0.0
2012-04-19 00:00:00-04:00,28.53633323516679,28.53633323516679,28.22064243510612,28.318971633911133,1179935,0.0,0.0
2012-04-20 00:00:00-04:00,28.412122062889292,28.800265908324892,28.32931853739613,28.701936721801758,1473215,0.0,0.0
2012-04-23 00:00:00-04:00,28.53114987163,28.629481370053433,28.412119813158625,28.603605270385742,1047043,0.0,0.0
2012-04-24 00:00:00-04:00,28.66571035299738,28.991751556287603,28.645009471498724,28.97104835510254,1010618,0.0,0.0
2012-04-25 00:00:00-04:00,29.10559844970703,29.203927609951393,28.903762590572303,29.10559844970703,986060,0.0,0.0
2012-04-26 00:00:00-04:00,29.08491492280821,29.291923804696697,28.908955053515836,29.25569725036621,1056795,0.0,0.0
2012-04-27 00:00:00-04:00,29.240169651744207,29.31779797732194,28.898602699515173,29.188417434692383,978893,0.0,0.0
2012-04-30 00:00:00-04:00,29.188407156684647,29.385065512232984,29.095253198793333,29.178056716918945,1242328,0.0,0.0
2012-05-01 00:00:00-04:00,29.234993516324003,29.498932134726125,29.0279846545866,29.395427703857422,1030710,0.0,0.0
2012-05-02 00:00:00-04:00,29.32296506109663,29.32296506109663,29.053853607112995,29.14183235168457,869500,0.0,0.0
2012-05-03 00:00:00-04:00,29.059024810791016,29.359187544899115,29.007272615255136,29.059024810791016,781375,0.0,0.0
2012-05-04 00:00:00-04:00,28.93482129740213,29.209110292063013,28.820966451186294,28.857192993164062,1183813,0.0,0.0
2012-05-07 00:00:00-04:00,28.831314143286104,28.908942440123933,28.66053189024288,28.712284088134766,1013085,0.0,0.0
2012-05-08 00:00:00-04:00,28.58289859089118,28.924465384603874,28.551847275070564,28.820960998535156,1086875,0.0,0.0
2012-05-09 00:00:00-04:00,28.58290874830783,28.85202256740654,28.562210183424433,28.7640438079834,1360650,0.0,0.0
2012-05-10 00:00:00-04:00,28.919282473787476,29.22979786909337,28.872705512444387,29.157344818115234,949283,0.0,0.0
2012-05-11 00:00:00-04:00,29.084891767137098,29.312601355925526,29.007263498231953,29.157344818115234,525225,0.0,0.0
2012-05-14 00:00:00-04:00,28.903777314866623,29.203942487157228,28.88825165007678,29.126314163208008,977013,0.0,0.0
2012-05-15 00:00:00-04:00,29.24015303127153,29.271204343852663,28.76403058534177,28.89858627319336,1375220,0.0,0.0
2012-05-16 00:00:00-04:00,28.92447662353516,29.00728248425121,28.78992086936267,28.924476623535156,644605,0.0,0.0
2012-05-17 00:00:00-04:00,28.981395026715884,28.981395026715884,28.48457161567545,28.500097274780273,1129410,0.0,0.0
2012-05-18 00:00:00-04:00,28.58289563495353,28.743329736454466,28.437989509442986,28.494916915893555,1082998,0.0,0.0
2012-05-21 00:00:00-04:00,28.53114975353116,28.857190927680687,28.463871894673648,28.841665267944336,923668,0.0,0.0
2012-05-22 00:00:00-04:00,28.914116343604515,29.157353982309186,28.82613761119352,29.059024810791016,908745,0.0,0.0
2012-05-23 00:00:00-04:00,28.965880128531147,29.152188092082866,28.753693739243793,28.929651260375977,1035175,0.0,0.0
2012-05-24 00:00:00-04:00,28.950344887768416,29.21945630165106,28.914116031598198,29.21428108215332,866093,0.0,0.0
2012-05-25 00:00:00-04:00,29.21428991450537,29.39542497137493,29.19876425131827,29.271217346191406,626745,0.0,0.0
2012-05-29 00:00:00-04:00,29.42129384161589,29.42129384161589,29.183231411602875,29.416118621826172,455313,0.0,0.0
2012-05-30 00:00:00-04:00,29.297082884946168,29.45751699970261,29.06419802113406,29.110774993896484,619460,0.0,0.0
2012-05-31 00:00:00-04:00,29.100423218111864,29.695575717965635,29.069371904363965,29.41093635559082,1579905,0.0,0.0
2012-06-01 00:00:00-04:00,29.131484712568444,29.36954486783158,29.084907725669133,29.16771125793457,706058,0.0,0.0
2012-06-04 00:00:00-04:00,29.162540414715913,29.405778146944293,29.074561648477516,29.395427703857422,1010030,0.0,0.0
2012-06-05 00:00:00-04:00,29.29709668621076,29.757693731302897,29.20911791843674,29.576560974121094,818035,0.0,0.0
2012-06-06 00:00:00-04:00,29.69040653158397,29.892242431640625,29.54032515130854,29.892242431640625,788073,0.0,0.0
2012-06-07 00:00:00-04:00,30.016450012605286,30.03197567382381,29.778389873921274,29.80426597595215,2874050,0.0,0.0
2012-06-08 00:00:00-04:00,29.69557980351551,30.047497060761255,29.69557980351551,30.01127052307129,2916233,0.0,0.0
2012-06-11 00:00:00-04:00,30.156179381526144,30.378716167003386,30.06302541910203,30.08890151977539,2869233,0.0,0.0
2012-06-12 00:00:00-04:00,30.233795738708807,30.35282574564707,30.031959928997853,30.3476505279541,1022250,0.0,0.0
2012-06-13 00:00:00-04:00,30.270037526594557,30.528798541726342,30.176881241460737,30.41494369506836,1206020,0.0,0.0
2012-06-14 00:00:00-04:00,30.425287292437197,30.818606266658833,30.368359881912284,30.777204513549805,1281808,0.0,0.0
2012-06-15 00:00:00-04:00,30.968701063812226,31.180885124702172,30.88589520816849,31.098081588745117,1803038,0.0,0.0
2012-06-18 00:00:00-04:00,31.13361999844692,31.368808657693407,30.99773457105687,31.326997756958008,1029653,0.500426,0.0
2012-06-19 00:00:00-04:00,31.300858162125397,31.43151719443969,31.039537754887544,31.076122283935547,906630,0.0,0.0
2012-06-20 00:00:00-04:00,31.15452296009552,31.15452296009552,30.778222540927093,30.87752342224121,939413,0.0,0.0
2012-06-21 00:00:00-04:00,31.01340951365823,31.196332179926625,30.532581876857478,30.563940048217773,977600,0.0,0.0
2012-06-22 00:00:00-04:00,30.61620120556789,30.71027571208506,30.50644761463119,30.53257942199707,1013790,0.0,0.0
2012-06-25 00:00:00-04:00,30.349662866730426,30.45941648818477,30.224230156496887,30.3914737701416,638378,0.0,0.0
2012-06-26 00:00:00-04:00,30.46463135845258,30.553479487851668,30.27125367538679,30.401912689208984,734610,0.0,0.0
2012-06-27 00:00:00-04:00,30.52211582053035,30.757302002999545,30.47507624142799,30.652774810791016,738488,0.0,0.0
2012-06-28 00:00:00-04:00,30.469860522698603,30.861839972978707,30.4175969083425,30.846160888671875,766218,0.0,0.0
2012-06-29 00:00:00-04:00,31.24859516787586,31.279953338602958,30.809578435086976,31.008182525634766,1035410,0.0,0.0
2012-07-02 00:00:00-04:00,30.720729163468793,31.342670878742698,30.720729163468793,31.034313201904297,1574618,0.0,0.0
2012-07-03 00:00:00-04:00,31.023877557046564,31.138857575478156,30.97161391230493,31.123178482055664,438980,0.0,0.0
2012-07-05 00:00:00-04:00,31.013402506023816,31.227683295234684,30.935007095336914,30.935007095336914,841653,0.0,0.0
2012-07-06 00:00:00-04:00,30.77821849896045,31.01863347002114,30.720728522591653,30.961143493652344,636850,0.0,0.0
2012-07-09 00:00:00-04:00,30.929791463141115,30.99773652372612,30.62666241371417,30.820037841796875,784430,0.0,0.0
2012-07-10 00:00:00-04:00,30.835705029116866,30.976819116133207,30.76776233736523,30.83047866821289,576103,0.0,0.0
2012-07-11 00:00:00-04:00,30.851389044448165,30.976824068807545,30.71027727747952,30.882749557495117,838480,0.0,0.0
2012-07-12 00:00:00-04:00,30.851391587079785,31.055222054331644,30.746864343673536,30.955921173095703,564588,0.0,0.0
2012-07-13 00:00:00-04:00,31.03955756437453,31.457669077228857,30.97161482420995,31.35314178466797,845648,0.0,0.0
2012-07-16 00:00:00-04:00,31.353132275246217,31.645808605647822,31.274736829602933,31.48379135131836,1006270,0.0,0.0
2012-07-17 00:00:00-04:00,31.562186227931647,31.766016725539423,31.44197988011246,31.671939849853516,896995,0.0,0.0
2012-07-18 00:00:00-04:00,31.656235453366552,31.81302855908782,31.630103659514365,31.807802200317383,522875,0.0,0.0
2012-07-19 00:00:00-04:00,31.813054078136595,31.87054407072738,31.42630087627948,31.7137508392334,914973,0.0,0.0
2012-07-20 00:00:00-04:00,31.62491513747733,32.011668491817936,31.588330582313713,31.89668846130371,826613,0.0,0.0
2012-07-23 00:00:00-04:00,31.38448062357796,31.73987319918177,31.379254262172022,31.44719696044922,824380,0.0,0.0
2012-07-24 00:00:00-04:00,31.35835597504404,31.436751414029253,30.88797865591305,31.02909278869629,1289328,0.0,0.0
2012-07-25 00:00:00-04:00,31.117936123179614,31.285179700390806,30.872294776541175,31.008182525634766,695953,0.0,0.0
2012-07-26 00:00:00-04:00,31.38970811461556,31.645799832722595,31.26427309374964,31.421066284179688,1170888,0.0,0.0
2012-07-27 00:00:00-04:00,32.063902585584145,32.445429223210574,31.818263655915256,31.959375381469727,1375455,0.0,0.0
2012-07-30 00:00:00-04:00,31.959382487884618,32.518605496853105,31.959382487884618,32.225929260253906,990408,0.0,0.0
2012-07-31 00:00:00-04:00,32.24159811773634,32.38270982990927,32.04822046585375,32.0743522644043,1266063,0.0,0.0
2012-08-01 00:00:00-04:00,32.10571425276056,32.69629765567443,31.95937616341992,31.98550796508789,1051155,0.0,0.0
2012-08-02 00:00:00-04:00,31.771231126424144,32.084812785278345,31.577853427521585,31.849626541137695,929778,0.0,0.0
2012-08-03 00:00:00-04:00,32.25206893024681,32.29387983138317,31.943711191756208,32.22071075439453,935300,0.0,0.0
2012-08-06 00:00:00-04:00,32.32524110293164,32.50293979238879,32.063920603193544,32.11618423461914,698068,0.0,0.0
2012-08-07 00:00:00-04:00,32.257294056883104,32.27297314420847,31.766013644745335,31.776466369628906,853873,0.0,0.0
2012-08-08 00:00:00-04:00,31.77125035904829,31.818287636350284,31.55174072236176,31.724210739135742,617698,0.0,0.0
2012-08-09 00:00:00-04:00,31.713751784263277,31.71898048999191,31.38971727091395,31.473339080810547,602658,0.0,0.0
2012-08-10 00:00:00-04:00,31.46287978035293,31.666707899385674,31.37403162590276,31.624897003173828,703355,0.0,0.0
2012-08-13 00:00:00-04:00,31.551730931224505,31.588315468884247,31.405392780585526,31.468109130859375,696188,0.0,0.0
2012-08-14 00:00:00-04:00,31.530824735773262,31.671936520553665,31.295636085196154,31.36357879638672,832253,0.0,0.0
2012-08-15 00:00:00-04:00,31.358358638289104,31.520375892618564,31.227697219606902,31.48379135131836,815450,0.0,0.0
2012-08-16 00:00:00-04:00,31.53605537928038,31.58309264725929,31.358359033582282,31.56218719482422,901813,0.0,0.0
2012-08-17 00:00:00-04:00,31.562176400485615,31.65102454294839,31.473328258022843,31.635345458984375,984533,0.0,0.0
2012-08-20 00:00:00-04:00,31.60398719221448,31.64057172134944,31.436743630454668,31.593534469604492,652243,0.0,0.0
2012-08-21 00:00:00-04:00,31.671939969854375,31.677166332822836,31.279960404609664,31.285186767578125,759168,0.0,0.0
2012-08-22 00:00:00-04:00,31.2329220215452,31.363581091086655,31.07613113809545,31.09181022644043,521583,0.0,0.0
2012-08-23 00:00:00-04:00,31.05521925837666,31.07089834347598,30.553486192588885,30.590070724487305,896995,0.0,0.0
2012-08-24 00:00:00-04:00,30.54826458866346,30.74686636418634,30.49599862091604,30.6998291015625,1193683,0.0,0.0
2012-08-27 00:00:00-04:00,30.699821769932793,30.88274675683867,30.663237241073467,30.825254440307617,556245,0.0,0.0
2012-08-28 00:00:00-04:00,30.8513960193238,30.87752783392957,30.6684733170834,30.820037841796875,499140,0.0,0.0
2012-08-29 00:00:00-04:00,30.78344244687668,30.867064224129482,30.668462503154075,30.762537002563477,491033,0.0,0.0
2012-08-30 00:00:00-04:00,30.689374285661717,30.725958820765523,30.53258342093111,30.6162052154541,466005,0.0,0.0
2012-08-31 00:00:00-04:00,30.699831118023276,30.71551020659441,30.428057906847027,30.52213478088379,2268220,0.0,0.0
2012-09-04 00:00:00-04:00,30.626657523896583,31.07090064387734,30.53258300633564,31.055221557617188,2718950,0.0,0.0
2012-09-05 00:00:00-04:00,31.02910130836984,31.133628589050222,30.846176224568666,30.88798713684082,795358,0.0,0.0
2012-09-06 00:00:00-04:00,31.049983404569232,31.227679648039082,30.98726708334458,31.196321487426758,506660,0.0,0.0
2012-09-07 00:00:00-04:00,31.19633748207359,31.253827472671833,31.02386751027887,31.09181022644043,518058,0.0,0.0
2012-09-10 00:00:00-04:00,31.191105606298716,31.191105606298716,31.065672921709005,31.086578369140625,417948,0.0,0.0
2012-09-11 00:00:00-04:00,31.1545238494873,31.27995654525438,31.070902052309254,31.154523849487305,872908,0.0,0.0
2012-09-12 00:00:00-04:00,31.185877037639457,31.185877037639457,30.898427155795478,30.961143493652344,1180758,0.0,0.0
2012-09-13 00:00:00-04:00,30.99284328326149,31.315025713614308,30.93474523912011,31.304462432861328,892178,0.52766,0.0
2012-09-14 00:00:00-04:00,31.251634269313538,31.43649161293006,30.955860152141007,31.061492919921875,901578,0.0,0.0
2012-09-17 00:00:00-04:00,31.045657371602687,31.17241673118455,30.797417925034722,30.908334732055664,848233,0.0,0.0
2012-09-18 00:00:00-04:00,30.908324427108283,30.945295894659907,30.665366701525883,30.87663459777832,1102150,0.0,0.0
2012-09-19 00:00:00-04:00,30.876634606537944,31.01395720034007,30.829099862529514,30.92945098876953,757758,0.0,0.0
2012-09-20 00:00:00-04:00,30.866067177356,31.114304140446542,30.818530072357213,31.045642852783203,691605,0.0,0.0
2012-09-21 00:00:00-04:00,31.119590942201352,31.119590942201352,30.91360704502866,31.061492919921875,1267003,0.0,0.0
2012-09-24 00:00:00-04:00,31.050941668694293,31.47875691127915,31.00868854521796,31.452348709106445,605830,0.0,0.0
2012-09-25 00:00:00-04:00,31.484031675427286,31.737552728301885,31.34142741484023,31.536848068237305,935300,0.0,0.0
2012-09-26 00:00:00-04:00,31.6107888417001,32.1653656627945,31.58438064711335,31.69001579284668,904515,0.0,0.0
2012-09-27 00:00:00-04:00,31.74812080224815,31.74812080224815,31.38368526942646,31.563261032104492,1135638,0.0,0.0
2012-09-28 00:00:00-04:00,31.526279958785807,31.73754786503902,31.33614097380544,31.658323287963867,1220590,0.0,0.0
2012-10-01 00:00:00-04:00,31.65303645284292,31.7745164942193,31.410081104862012,31.43120765686035,619225,0.0,0.0
2012-10-02 00:00:00-04:00,31.499880586353054,31.679458712057848,31.431219266996177,31.584386825561523,573165,0.0,0.0
2012-10-03 00:00:00-04:00,31.647754526280853,31.82204856564002,31.589654145775402,31.811485290527344,823440,0.0,0.0
2012-10-04 00:00:00-04:00,31.91713997571613,32.197069325960534,31.859041922670325,31.99636459350586,417478,0.0,0.0
2012-10-05 00:00:00-04:00,32.086141203543775,32.26043528849266,31.991069335276215,32.043888092041016,555893,0.0,0.0
2012-10-08 00:00:00-04:00,32.02804725669693,32.1600882469696,31.90128553864852,32.049171447753906,274833,0.0,0.0
2012-10-09 00:00:00-04:00,31.985792452949052,32.15480729148066,31.938257695439546,32.0703010559082,273305,0.0,0.0
2012-10-10 00:00:00-04:00,32.123116582857904,32.22346773488147,31.901285353103393,32.00163650512695,743658,0.0,0.0
2012-10-11 00:00:00-04:00,32.17066146478588,32.23404115969687,31.969956730180368,32.091434478759766,885950,0.0,0.0
2012-10-12 00:00:00-04:00,32.18650223563577,32.18650223563577,31.822066669531655,31.890727996826172,526048,0.0,0.0
2012-10-15 00:00:00-04:00,31.954097674620986,32.11783084811675,31.758677035071017,32.101985931396484,623925,0.0,0.0
2012-10-16 00:00:00-04:00,32.17063656436647,32.35549386477531,32.04387727265754,32.18648147583008,529690,0.0,0.0
2012-10-17 00:00:00-04:00,32.24988631854304,32.58263208663901,32.24988631854304,32.529815673828125,636850,0.0,0.0
2012-10-18 00:00:00-04:00,32.513955037519786,32.70409641298445,32.48754684195336,32.582618713378906,675860,0.0,0.0
2012-10-19 00:00:00-04:00,32.540365679694446,32.73050468823559,32.307971190757726,32.434730529785156,663523,0.0,0.0
2012-10-22 00:00:00-04:00,32.440022368059665,32.55622083275405,32.27629150367222,32.50868606567383,682558,0.0,0.0
2012-10-23 00:00:00-04:00,32.3026966594427,32.397766184632154,31.917134551009642,32.080867767333984,925900,0.0,0.0
2012-10-24 00:00:00-04:00,32.286846355017175,32.566775611008325,32.17065028804923,32.2287483215332,880193,0.0,0.0
2012-10-25 00:00:00-04:00,32.334379118236555,32.54564704891664,32.10726863769586,32.53508377075195,727678,0.0,0.0
2012-10-26 00:00:00-04:00,32.540360454849754,32.65655649696787,32.313247641505555,32.566768646240234,787955,0.0,0.0
2012-10-31 00:00:00-04:00,32.640718451368144,33.00515393663824,32.640718451368144,32.79916763305664,659763,0.0,0.0
2012-11-01 00:00:00-04:00,32.85198173066603,32.91536376629771,32.498109548910115,32.54564666748047,771740,0.0,0.0
2012-11-02 00:00:00-04:00,32.65656616709928,32.793888802993216,32.33438376934599,32.36607360839844,540265,0.0,0.0
2012-11-05 00:00:00-05:00,32.28685128102432,32.29213292123777,31.890725897628347,31.896007537841797,886655,0.0,0.0
2012-11-06 00:00:00-05:00,31.964675088937785,32.318547419578195,31.943548523967454,32.091434478759766,807108,0.0,0.0
2012-11-07 00:00:00-05:00,31.92239944444206,31.985779094652006,31.109022531976343,31.404796600341797,1047748,0.0,0.0
2012-11-08 00:00:00-05:00,31.39952736607453,31.74283630770925,31.256920729384834,31.325584411621094,732613,0.0,0.0
2012-11-09 00:00:00-05:00,31.209369685946147,31.54211278210017,31.204085682114027,31.26218605041504,643430,0.0,0.0
2012-11-12 00:00:00-05:00,31.241070011321924,31.304449669999826,30.807970942250854,30.92945098876953,544143,0.0,0.0
2012-11-13 00:00:00-05:00,30.807967390206358,31.299164423098976,30.79212247736374,31.13543128967285,1042460,0.0,0.0
2012-11-14 00:00:00-05:00,31.204090440781137,31.26747245519488,30.94529021541617,31.035078048706055,1111785,0.0,0.0
2012-11-15 00:00:00-05:00,31.01924877901685,31.27276749497128,30.739319496097043,30.97171401977539,977600,0.0,0.0
2012-11-16 00:00:00-05:00,30.998116802613517,31.341425704530696,30.813259437866158,31.32029914855957,1000395,0.0,0.0
2012-11-19 00:00:00-05:00,31.489302835158444,31.547400847914613,31.082614378479537,31.256908416748047,916030,0.0,0.0
2012-11-20 00:00:00-05:00,31.272767934934215,31.362558182151414,30.98227773548298,31.31502342224121,793478,0.0,0.0
2012-11-21 00:00:00-05:00,31.367833975558998,31.373115614564586,30.871357541647235,31.17241096496582,895115,0.0,0.0
2012-11-23 00:00:00-05:00,31.182967356550176,31.246347010620525,30.918885464590392,31.098461151123047,393625,0.0,0.0
2012-11-26 00:00:00-05:00,31.04037804664989,31.55269953055631,31.019251485143936,31.304462432861328,694895,0.0,0.0
2012-11-27 00:00:00-05:00,31.304454994223995,31.54741039381086,31.230509679137217,31.29917335510254,602658,0.0,0.0
2012-11-28 00:00:00-05:00,31.299178666284213,31.531570827062975,31.167135298454905,31.468191146850586,604773,0.0,0.0
2012-11-29 00:00:00-05:00,31.526279005169556,31.6371934097198,31.3467033025644,31.631914138793945,615935,0.0,0.0
2012-11-30 00:00:00-05:00,31.927703258088094,32.054465013939016,31.642492266657708,31.99636459350586,1063610,0.0,0.0
2012-12-03 00:00:00-05:00,31.959393105203986,32.08615486105491,31.605523145743184,31.99636459350586,811690,0.0,0.0
2012-12-04 00:00:00-05:00,32.012197877975126,32.207620898191344,31.927691649724434,31.94881820678711,980655,0.0,0.0
2012-12-05 00:00:00-05:00,31.96994984205091,32.693539271157526,31.954104921737052,32.51924514770508,1067253,0.0,0.0
2012-12-06 00:00:00-05:00,32.57732773483876,32.64598902362731,32.24458219870853,32.32380676269531,863860,0.0,0.0
2012-12-07 00:00:00-05:00,32.30269260986256,32.4611417986479,32.16536997958194,32.24459457397461,1147153,0.0,0.0
2012-12-10 00:00:00-05:00,32.19706171350713,32.366074191498406,32.10199219463704,32.29741287231445,1026598,0.0,0.0
2012-12-11 00:00:00-05:00,32.339659501453376,32.45585555675258,32.24459000166311,32.3713493347168,835660,0.0,0.0
2012-12-12 00:00:00-05:00,32.37136103783267,32.74635990107495,32.29213642603229,32.50868606567383,1112020,0.0,0.0
2012-12-13 00:00:00-05:00,32.42415514778431,32.471689882175156,32.08613036989385,32.18648147583008,773855,0.0,0.0
2012-12-14 00:00:00-05:00,32.14952171480713,32.31325252617869,31.969943618819656,31.980506896972656,1068780,0.0,0.0
2012-12-17 00:00:00-05:00,32.119252215069125,32.668891425051086,32.04454429804529,32.66355514526367,1049628,0.52766,0.0
2012-12-18 00:00:00-05:00,32.66355614580374,32.8449920560116,32.5141403071792,32.7169189453125,979128,0.0,0.0
2012-12-19 00:00:00-05:00,32.77028107023222,32.77028107023222,32.460776839452656,32.498130798339844,463420,0.0,0.0
2012-12-20 00:00:00-05:00,32.535490593471046,32.69557901741866,32.423426304829285,32.647552490234375,629213,0.0,0.0
2012-12-21 00:00:00-05:00,32.370045970472596,32.700897592707115,32.14058602038603,32.620853424072266,2215580,0.0,0.0
2012-12-24 00:00:00-05:00,32.57285258882834,32.610206563624516,32.32738121971731,32.52482604980469,225130,0.0,0.0
2012-12-26 00:00:00-05:00,32.556829100785194,32.63153701677933,32.12458805208398,32.16727828979492,512418,0.0,0.0
2012-12-27 00:00:00-05:00,32.119257406240436,32.284682106386605,31.697688843021833,32.0605583190918,689960,0.0,0.0
2012-12-28 00:00:00-05:00,31.959165841034274,32.16194448577027,31.687013162799932,31.703022003173828,1134463,0.0,0.0
2012-12-31 00:00:00-05:00,31.596299457835244,32.06056069249998,31.409529621263204,32.044551849365234,1076770,0.0,0.0
2013-01-02 00:00:00-05:00,32.46077805829567,32.80763626098633,32.279342145010155,32.80763626098633,778320,0.0,0.0
2013-01-03 00:00:00-05:00,32.79162501291237,32.957052073926086,32.65288174202428,32.78095245361328,644018,0.0,0.0
2013-01-04 00:00:00-05:00,32.78095635203744,32.96239227357677,32.67956702663858,32.89302062988281,683615,0.0,0.0
2013-01-07 00:00:00-05:00,32.75428618069547,32.84500536850807,32.476799510781035,32.52482604980469,481515,0.0,0.0
2013-01-08 00:00:00-05:00,32.50346795128225,32.65288379084459,32.37005855979495,32.3967399597168,856458,0.0,0.0
2013-01-09 00:00:00-05:00,32.41275265039094,32.43943405151367,32.19396276930637,32.43943405151367,795828,0.0,0.0
2013-01-10 00:00:00-05:00,32.631550858042075,32.80764816329456,32.45011727081225,32.770294189453125,734258,0.0,0.0
2013-01-11 00:00:00-05:00,32.74893240996336,32.85032171598038,32.66888822100255,32.796958923339844,410428,0.0,0.0
2013-01-14 00:00:00-05:00,32.74893662501776,32.866337175815104,32.66355614580374,32.7169189453125,404435,0.0,0.0
2013-01-15 00:00:00-05:00,32.67955451999257,32.738253580653776,32.47677594679933,32.72758102416992,643195,0.0,0.0
2013-01-16 00:00:00-05:00,32.64755194662033,32.81831532119951,32.50347236746655,32.55683517456055,460130,0.0,0.0
2013-01-17 00:00:00-05:00,32.64221339187185,32.850328325039975,32.58351430815777,32.70091247558594,490093,0.0,0.0
2013-01-18 00:00:00-05:00,32.770284849883986,33.03710126458736,32.658222960297444,33.03176498413086,832253,0.0,0.0
2013-01-22 00:00:00-05:00,33.015755503030874,33.43198776245117,32.98373782091225,33.43198776245117,584563,0.0,0.0
2013-01-23 00:00:00-05:00,33.351940077572046,33.351940077572046,33.11180509485726,33.26655960083008,732730,0.0,0.0
2013-01-24 00:00:00-05:00,33.335931315603,33.60808158585008,33.2879047973241,33.3519401550293,476110,0.0,0.0
2013-01-25 00:00:00-05:00,33.42130858155254,33.50668905028977,33.14381966627876,33.48534393310547,453315,0.0,0.0
2013-01-28 00:00:00-05:00,33.58674221317095,33.58674221317095,33.149164802106384,33.33060073852539,453550,0.0,0.0
2013-01-29 00:00:00-05:00,33.3359329054476,33.544047827914824,33.27189754468846,33.53871154785156,732848,0.0,0.0
2013-01-30 00:00:00-05:00,33.5387037364148,33.848210299875525,33.45865955410881,33.816192626953125,747653,0.0,0.0
2013-01-31 00:00:00-05:00,33.78417205810547,33.87488879027617,33.65076270715357,33.78417205810547,742365,0.0,0.0
2013-02-01 00:00:00-05:00,33.880227838308876,34.14704417014726,33.81085621391905,34.13637161254883,659528,0.0,0.0
2013-02-04 00:00:00-05:00,34.067005542636466,34.067005542636466,33.90691476068031,33.96027755737305,477285,0.0,0.0
2013-02-05 00:00:00-05:00,34.06698753786122,34.301783719216935,34.02429493119261,34.0829963684082,799940,0.0,0.0
2013-02-06 00:00:00-05:00,33.992304437214344,34.200421792532005,33.80553459823056,34.17374038696289,656473,0.0,0.0
2013-02-07 00:00:00-05:00,34.08834804423863,34.38184581598771,33.96027733302212,34.23776626586914,631563,0.0,0.0
2013-02-08 00:00:00-05:00,34.28577187154538,34.301780700683594,34.034964489836895,34.301780700683594,564705,0.0,0.0
2013-02-11 00:00:00-05:00,34.26445539065286,34.42988009661069,34.259119109815515,34.3658447265625,306675,0.0,0.0
2013-02-12 00:00:00-05:00,34.27512182196975,34.451219058105984,34.10969714559934,34.424537658691406,649305,0.0,0.0
2013-02-13 00:00:00-05:00,34.40853497326129,34.515262981886735,34.28580051400226,34.3658447265625,478695,0.0,0.0
2013-02-14 00:00:00-05:00,34.28045850661571,34.45121946488527,34.093688708508374,34.3444938659668,821325,0.0,0.0
2013-02-15 00:00:00-05:00,34.34982540936944,34.4672259438693,34.28579005884827,34.37650680541992,691253,0.0,0.0
2013-02-19 00:00:00-05:00,34.451228197530796,34.76073490472573,34.40320166584379,34.55261993408203,1148210,0.0,0.0
2013-02-20 00:00:00-05:00,34.440555690935994,34.883469400554915,34.28046487095854,34.6113166809082,876433,0.0,0.0
2013-02-21 00:00:00-05:00,34.60596751029063,34.6379851839848,34.39251396045189,34.59529495239258,901578,0.0,0.0
2013-02-22 00:00:00-05:00,34.70202569459369,35.02754115079459,34.648662897163696,35.016868591308594,722508,0.0,0.0
2013-02-25 00:00:00-05:00,35.09691072960629,35.31569818624102,34.840766925082924,34.86745071411133,2015830,0.0,0.0
2013-02-26 00:00:00-05:00,34.931497667464555,35.11826991420942,34.72338268632806,35.10759735107422,1399073,0.0,0.0
2013-02-27 00:00:00-05:00,35.11292572596733,35.37440585577894,35.05956292230746,35.358394622802734,904633,0.0,0.0
2013-02-28 00:00:00-05:00,35.37973525842206,35.75861109075473,35.31569751460073,35.646549224853516,1390260,0.0,0.0
2013-03-01 00:00:00-05:00,35.57184638051529,35.61453662122441,35.262339743496035,35.44911193847656,1547358,0.0,0.0
2013-03-04 00:00:00-05:00,35.417107753000685,35.9934286140487,35.417107753000685,35.79598617553711,1147388,0.0,0.0
2013-03-05 00:00:00-05:00,35.8973623441212,36.169512632328804,35.8653446631556,36.03076934814453,1252903,0.0,0.0
2013-03-06 00:00:00-05:00,36.126821110390914,36.126821110390914,35.545164201590005,35.65188980102539,1149033,0.0,0.0
2013-03-07 00:00:00-05:00,35.65721826369417,35.88668064405218,35.47578478443055,35.48112106323242,809105,0.0,0.0
2013-03-08 00:00:00-05:00,35.54516793939179,35.62521214738548,35.26234267926907,35.56651306152344,2411453,0.0,0.0
2013-03-11 00:00:00-04:00,35.52916389496138,35.66790720755032,35.49714620744085,35.61988067626953,3111400,0.0,0.0
2013-03-12 00:00:00-04:00,35.56116963468243,35.59318731144569,35.39040869194501,35.571842193603516,4196395,0.0,0.0
2013-03-13 00:00:00-04:00,35.61452587966528,35.75327151200151,35.497127753123195,35.69457244873047,548138,0.0,0.0
2013-03-14 00:00:00-04:00,35.74306180320981,35.90464795416575,35.6461076983803,35.76999282836914,797590,0.52766,0.0
2013-03-15 00:00:00-04:00,35.62994454545748,35.88309856396939,35.55992388896106,35.74305725097656,1364293,0.0,0.0
2013-03-18 00:00:00-04:00,35.5491500436788,35.74305580655005,35.47912939001201,35.60301208496094,724035,0.0,0.0
2013-03-19 00:00:00-04:00,35.689193987974114,35.829237719910616,35.40911135261256,35.5599250793457,915090,0.0,0.0
2013-03-20 00:00:00-04:00,35.73766886600229,35.915413598570694,35.710737845916164,35.802303314208984,737313,0.0,0.0
2013-03-21 00:00:00-04:00,35.69996142294609,35.81845789799852,35.5868487370499,35.6568717956543,650128,0.0,0.0
2013-03-22 00:00:00-04:00,35.69456497001015,35.88846823714482,35.62454434576707,35.699951171875,539090,0.0,0.0
2013-03-25 00:00:00-04:00,35.88309651520781,36.06084124847337,35.45219777788428,35.58146667480469,845413,0.0,0.0
2013-03-26 00:00:00-04:00,35.74843885927891,35.99081802368164,35.73766645197213,35.99081802368164,680560,0.0,0.0
2013-03-27 00:00:00-04:00,35.802323722224166,36.098567526291696,35.699985787562305,36.0824089050293,935183,0.0,0.0
2013-03-28 00:00:00-04:00,36.071627199749024,36.83108461772236,36.01776272849156,36.809539794921875,1458528,0.0,0.0
2013-04-01 00:00:00-04:00,36.80953671667147,36.97112528841827,36.69642640642793,36.83646774291992,695953,0.0,0.0
2013-04-02 00:00:00-04:00,36.88494946262791,37.12194494560251,36.75568051605436,36.91188049316406,929660,0.0,0.0
2013-04-03 00:00:00-04:00,36.93881387923122,37.11656110636094,36.74491044700598,36.8580207824707,757875,0.0,0.0
2013-04-04 00:00:00-04:00,36.895705010194746,37.11654177390544,36.87416019561373,37.07883834838867,544378,0.0,0.0
2013-04-05 00:00:00-04:00,36.85800902170614,37.100390648904416,36.80414697438559,37.07345962524414,659645,0.0,0.0
2013-04-08 00:00:00-04:00,37.024986687731165,37.41818207827809,36.928032580691095,37.40740966796875,598780,0.0,0.0
2013-04-09 00:00:00-04:00,37.39664075058358,37.43434419018785,36.91726603278733,36.93880844116211,1129293,0.0,0.0
2013-04-10 00:00:00-04:00,36.98728018205565,37.31045246451563,36.98728018205565,37.29429626464844,924843,0.0,0.0
2013-04-11 00:00:00-04:00,37.3319866441713,37.49357515360629,37.18117295533677,37.46125793457031,756818,0.0,0.0
2013-04-12 00:00:00-04:00,37.39662537723953,37.929861932405586,37.39662537723953,37.89215850830078,900873,0.0,0.0
2013-04-15 00:00:00-04:00,37.795211243609835,38.166859324453824,37.73057438051188,37.9137077331543,1915955,0.0,0.0
2013-04-16 00:00:00-04:00,37.97294897706461,38.45770966826574,37.676705393564724,38.43616485595703,1704220,0.0,0.0
2013-04-17 00:00:00-04:00,38.27459262344357,38.79705692537708,38.172254727919096,38.75396728515625,2041798,0.0,0.0
2013-04-18 00:00:00-04:00,38.74318873107106,39.03942996061029,38.59237259995915,38.807823181152344,1656398,0.0,0.0
2013-04-19 00:00:00-04:00,38.82936730047142,39.07713510225535,38.716257014860616,38.92093276977539,1681895,0.0,0.0
2013-04-22 00:00:00-04:00,38.92093979488992,39.34645240800887,38.75935364342296,39.26565933227539,1047865,0.0,0.0
2013-04-23 00:00:00-04:00,39.37337001119774,39.491868896134186,38.96940235598361,39.19562530517578,1343378,0.0,0.0
2013-04-24 00:00:00-04:00,39.27643996875654,39.40570891700527,39.08792275256048,39.14717102050781,1320465,0.0,0.0
2013-04-25 00:00:00-04:00,39.29796931947894,39.367989972208974,38.82936715233783,38.91554641723633,2190083,0.0,0.0
2013-04-26 00:00:00-04:00,38.95324999423562,39.297969469400236,38.30690309077555,38.92093276977539,2004903,0.0,0.0
2013-04-29 00:00:00-04:00,39.15793480012151,39.44879228381531,38.791670446573455,38.883235931396484,2185735,0.0,0.0
2013-04-30 00:00:00-04:00,38.926321924658964,39.3572206977151,38.81859783495886,39.2548828125,1797633,0.0,0.0
2013-05-01 00:00:00-04:00,39.24411152501072,39.432628687373175,38.94786785561395,39.01789093017578,1453945,0.0,0.0
2013-05-02 00:00:00-04:00,38.99095761882262,39.168702361476385,38.84552768785027,38.98556900024414,907453,0.0,0.0
2013-05-03 00:00:00-04:00,39.12023881824256,39.31952844082534,38.942491605466394,39.10408020019531,1155613,0.0,0.0
2013-05-06 00:00:00-04:00,39.060974629491795,39.15792629825452,38.49003219604492,38.49003219604492,721450,0.0,0.0
2013-05-07 00:00:00-04:00,38.727029081145645,38.91554622216614,38.59237156616122,38.770118713378906,1538898,0.0,0.0
2013-05-08 00:00:00-04:00,38.7001067481002,38.89401013667578,38.47926991907752,38.581607818603516,1353365,0.0,0.0
2013-05-09 00:00:00-04:00,38.581612293023305,38.68933882453692,37.71981452645235,37.816768646240234,1052565,0.0,0.0
2013-05-10 00:00:00-04:00,37.81675853519518,37.87600678384551,37.391245971541615,37.865234375,1536548,0.0,0.0
2013-05-13 00:00:00-04:00,37.69826727312378,37.7952213866624,37.472046641464736,37.63901901245117,1052095,0.0,0.0
2013-05-14 00:00:00-04:00,37.64978557754069,38.16147743633635,37.54744768863272,38.06991195678711,1111315,0.0,0.0
2013-05-15 00:00:00-04:00,38.064529978137415,38.6139277449401,37.87601279342987,38.45233917236328,1038230,0.0,0.0
2013-05-16 00:00:00-04:00,38.37154077610801,38.38231318517001,38.129159157957325,38.25843048095703,1035410,0.0,0.0
2013-05-17 00:00:00-04:00,38.26382136108574,38.65701675415039,38.2153455143833,38.65701675415039,1307893,0.0,0.0
2013-05-20 00:00:00-04:00,38.59776892748271,38.71088165904753,38.403865526382226,38.53313446044922,863038,0.0,0.0
2013-05-21 00:00:00-04:00,38.62469186258914,38.71087354816615,38.23149893718565,38.5169677734375,928368,0.0,0.0
2013-05-22 00:00:00-04:00,38.436174458068024,38.87784563498986,37.628238966142966,37.865234375,1465460,0.0,0.0
2013-05-23 00:00:00-04:00,37.6443910578364,37.6443910578364,36.825683298900074,37.31583023071289,1312005,0.0,0.0
2013-05-24 00:00:00-04:00,37.13808045530782,37.22425969939977,36.63716118476844,36.77181625366211,898053,0.0,0.0
2013-05-28 00:00:00-04:00,36.90648811168844,37.14886733010244,36.249366291032075,36.45943069458008,1487550,0.0,0.0
2013-05-29 00:00:00-04:00,36.24398149021176,36.24398149021176,35.25291493023712,35.6891975402832,2058600,0.0,0.0
2013-05-30 00:00:00-04:00,35.8184663742087,36.70180877123825,35.8184663742087,36.33015823364258,2134388,0.0,0.0
2013-05-31 00:00:00-04:00,36.22243174109207,36.669489114686584,35.86693984109709,35.87771224975586,985943,0.0,0.0
2013-06-03 00:00:00-04:00,35.86694659766571,36.238597180659895,35.430661550543164,35.985443115234375,900285,0.0,0.0
2013-06-04 00:00:00-04:00,35.92618247784157,36.11470201418305,35.570690633366596,35.813072204589844,970550,0.0,0.0
2013-06-05 00:00:00-04:00,35.72150153121999,35.807680774451725,35.34985113052824,35.538368225097656,696893,0.0,0.0
2013-06-06 00:00:00-04:00,35.58685729449018,35.98005265233327,35.49529181447671,35.96928024291992,780318,0.0,0.0
2013-06-07 00:00:00-04:00,36.076997509795774,36.38939973791934,35.85616315861308,36.36246871948242,3691615,0.0,0.0
2013-06-10 00:00:00-04:00,36.37862916613824,36.41633259385236,36.08238794838444,36.152408599853516,3770223,0.0,0.0
2013-06-11 00:00:00-04:00,35.936963849234225,36.297841987217836,35.86155698158962,36.0877799987793,3411848,0.0,0.0
2013-06-12 00:00:00-04:00,36.25474892775327,36.40556264881248,35.66765024223144,35.7376708984375,721920,0.0,0.0
2013-06-13 00:00:00-04:00,35.89814248893876,36.512856708924645,35.57718561471277,36.469337463378906,1059380,0.557447,0.0
2013-06-14 00:00:00-04:00,36.42581691032723,36.63253577141313,36.25717982860225,36.37685775756836,829550,0.0,0.0
2013-06-17 00:00:00-04:00,36.60533878614091,36.86101437942865,36.300701598365265,36.47478103637695,856105,0.0,0.0
2013-06-18 00:00:00-04:00,36.48021814777619,36.76853561401367,36.30070124360514,36.76853561401367,639318,0.0,0.0
2013-06-19 00:00:00-04:00,36.67605772365818,36.839257349885465,35.925345782661395,35.947105407714844,1400835,0.0,0.0
2013-06-20 00:00:00-04:00,35.713186879986175,35.751266221101794,34.733998946074784,34.81559753417969,1686478,0.0,0.0
2013-06-21 00:00:00-04:00,35.033189092419,35.37590555503541,34.47831632905135,35.18006896972656,1950853,0.0,0.0
2013-06-24 00:00:00-04:00,34.91351888836607,35.2943147710976,34.641521132607416,34.98423767089844,1311418,0.0,0.0
2013-06-25 00:00:00-04:00,35.14200823363622,35.60984279472026,34.859132996620566,35.522804260253906,994520,0.0,0.0
2013-06-26 00:00:00-04:00,35.762145415723936,36.25173937423101,35.75126560416436,36.11574172973633,1570270,0.0,0.0
2013-06-27 00:00:00-04:00,36.235427113453134,36.59446340712815,36.21366748585627,36.26262664794922,888300,0.0,0.0
2013-06-28 00:00:00-04:00,36.104879309655715,36.52919460319518,35.860080993321354,36.453033447265625,1260658,0.0,0.0
2013-07-01 00:00:00-04:00,36.77397998746261,36.806619428549624,35.65879420700298,35.80567169189453,927663,0.0,0.0
2013-07-02 00:00:00-04:00,35.805676485058875,36.153833008253365,35.75127740929833,35.909034729003906,820150,0.0,0.0
2013-07-03 00:00:00-04:00,35.68054885485543,35.963423971465126,35.59895026352571,35.849185943603516,506543,0.0,0.0
2013-07-05 00:00:00-04:00,35.860067681404786,35.93078646435468,35.20183413267967,35.77846908569336,861628,0.0,0.0
2013-07-08 00:00:00-04:00,35.89269907139341,36.365973258722875,35.80022068365708,36.126617431640625,932833,0.0,0.0
2013-07-09 00:00:00-04:00,36.333354350219786,36.41495541205151,35.95255833553855,36.3551139831543,2172458,0.0,0.0
2013-07-10 00:00:00-04:00,36.159267726296875,36.77397963249535,36.13750809911557,36.757659912109375,1320230,0.0,0.0
2013-07-11 00:00:00-04:00,37.07317001284952,37.415886515202665,37.02421086084567,37.394126892089844,864095,0.0,0.0
2013-07-12 00:00:00-04:00,37.38325480733131,37.546452014408935,37.07317767555712,37.53013229370117,1006153,0.0,0.0
2013-07-15 00:00:00-04:00,37.46485403743249,37.98708754714143,37.42133478148398,37.9762077331543,1404008,0.0,0.0
2013-07-16 00:00:00-04:00,38.06324230991799,38.11764381255614,37.71508585999695,37.840206146240234,702533,0.0,0.0
2013-07-17 00:00:00-04:00,38.02515470754468,38.12307300204219,37.62803918597881,37.86195755004883,1003098,0.0,0.0
2013-07-18 00:00:00-04:00,37.959882556004274,38.41139720989835,37.86196424419442,38.36787796020508,669398,0.0,0.0
2013-07-19 00:00:00-04:00,38.44948425845532,38.498443424171406,38.155729264158786,38.22644805908203,672453,0.0,0.0
2013-07-22 00:00:00-04:00,38.2264411360528,38.48755663924908,38.15572235393714,38.34067916870117,593023,0.0,0.0
2013-07-23 00:00:00-04:00,38.351562640881596,38.585478634815445,38.29172366568922,38.536521911621094,925900,0.0,0.0
2013-07-24 00:00:00-04:00,38.52563156054757,38.5909128671785,37.62260233901272,37.88916015625,789953,0.0,0.0
2013-07-25 00:00:00-04:00,37.82932335463818,38.23187883717302,37.71508289025269,38.09043884277344,884540,0.0,0.0
2013-07-26 00:00:00-04:00,37.90549286598214,38.199250312369344,37.53013680624488,38.161170959472656,961855,0.0,0.0
2013-07-29 00:00:00-04:00,37.99253983720642,38.629014039555734,37.943580658306864,38.405975341796875,1045280,0.0,0.0
2013-07-30 00:00:00-04:00,38.607238729541926,38.94451537446186,38.54195741251988,38.74867630004883,1364293,0.0,0.0
2013-07-31 00:00:00-04:00,38.61267365361275,38.73235158244486,38.22099799365414,38.46035385131836,1320700,0.0,0.0
2013-08-01 00:00:00-04:00,38.66163386300419,38.966268599266655,38.58547274061226,38.94451141357422,905925,0.0,0.0
2013-08-02 00:00:00-04:00,38.93907214284442,39.04243280341841,38.672516727574575,38.97171401977539,641785,0.0,0.0
2013-08-05 00:00:00-04:00,38.835705987519994,38.835705987519994,38.514749135145614,38.65074920654297,763398,0.0,0.0
2013-08-06 00:00:00-04:00,38.65075638189241,38.7269150705509,38.46035722191972,38.47667694091797,1624085,0.0,0.0
2013-08-07 00:00:00-04:00,38.291721600894085,38.62355833830315,38.21012300275905,38.422279357910156,775148,0.0,0.0
2013-08-08 00:00:00-04:00,38.49299301915046,38.77587056002461,38.313476127148896,38.6616325378418,626628,0.0,0.0
2013-08-09 00:00:00-04:00,38.66164281287239,38.66708272013637,38.26452714427475,38.51476287841797,1176763,0.0,0.0
2013-08-12 00:00:00-04:00,38.26995321143756,38.35155179088766,38.10675361421136,38.3243522644043,701710,0.0,0.0
2013-08-13 00:00:00-04:00,38.32435872743727,38.405957320648184,37.910923416842216,38.036041259765625,916500,0.0,0.0
2013-08-14 00:00:00-04:00,38.003410015175106,38.085008625976876,37.62805396716003,37.736854553222656,874905,0.0,0.0
2013-08-15 00:00:00-04:00,37.546447029395864,37.58452637265821,37.15477134608534,37.2418098449707,996165,0.0,0.0
2013-08-16 00:00:00-04:00,37.15477139161718,37.198290641113196,36.55093936653361,36.76853561401367,987235,0.0,0.0
2013-08-19 00:00:00-04:00,36.63797659164487,36.95349357784702,36.30613988744915,36.53461837768555,936945,0.0,0.0
2013-08-20 00:00:00-04:00,36.523739835598604,37.00245401838114,36.344220493101155,36.76853561401367,863508,0.0,0.0
2013-08-21 00:00:00-04:00,36.643436161867996,36.69239534212204,36.15928182991706,36.327919006347656,1169948,0.0,0.0
2013-08-22 00:00:00-04:00,36.382296778723976,36.567256011863854,36.23541932401899,36.40949630737305,496438,0.0,0.0
2013-08-23 00:00:00-04:00,36.43125693416224,36.72501183200581,36.29525685794561,36.654293060302734,684673,0.0,0.0
2013-08-26 00:00:00-04:00,36.63253463417542,36.806611616358374,36.36053691118839,36.469337463378906,833428,0.0,0.0
2013-08-27 00:00:00-04:00,36.15926184113643,36.719574588187015,36.15926184113643,36.55637741088867,1009325,0.0,0.0
2013-08-28 00:00:00-04:00,36.605338902336314,36.77941590257416,36.42037965125718,36.61077880859375,1073480,0.0,0.0
2013-08-29 00:00:00-04:00,36.59991081392885,36.69238925016583,36.30071343483493,36.458473205566406,829903,0.0,0.0
2013-08-30 00:00:00-04:00,36.45301643963771,36.63797567727523,36.21910048756757,36.37685775756836,786428,0.0,0.0
2013-09-03 00:00:00-04:00,36.599906258278,36.7903030150669,35.72407630039523,35.82743453979492,1003450,0.0,0.0
2013-09-04 00:00:00-04:00,35.82200024496333,35.843759877719876,35.37592533512675,35.76216125488281,1271938,0.0,0.0
2013-09-05 00:00:00-04:00,35.76216722273083,35.90360485925096,35.31609223845505,35.35961151123047,1312593,0.0,0.0
2013-09-06 00:00:00-04:00,35.51735423796297,35.89815015614559,35.48471479683246,35.66423416137695,3384705,0.0,0.0
2013-09-09 00:00:00-04:00,35.6642299885124,36.03414604970312,35.5064702698468,35.957984924316406,2900723,0.0,0.0
2013-09-10 00:00:00-04:00,36.03413845696079,36.28981399536133,35.89269848675374,36.28981399536133,3409615,0.0,0.0
2013-09-11 00:00:00-04:00,36.289819411005084,36.39317762280424,35.76758600779886,36.37141799926758,1787880,0.0,0.0
2013-09-12 00:00:00-04:00,36.478558071876634,36.819171622179894,36.039057431551626,36.0885009765625,906983,0.557447,0.0
2013-09-13 00:00:00-04:00,36.192885920565786,36.44559986410892,36.09949254711864,36.1599235534668,607005,0.0,0.0
2013-09-16 00:00:00-04:00,36.58293793391884,36.83015811496871,36.12146239674952,36.2093620300293,1297905,0.0,0.0
2013-09-17 00:00:00-04:00,36.31373438800102,36.511510979273865,36.22583477519084,36.379661560058594,865623,0.0,0.0
2013-09-18 00:00:00-04:00,36.456575770997915,37.59378200056767,36.27528034693385,37.46742630004883,1229873,0.0,0.0
2013-09-19 00:00:00-04:00,37.41249390780942,37.71465134560554,37.13780510413564,37.30811309814453,990643,0.0,0.0
2013-09-20 00:00:00-04:00,37.30811084159454,37.41249164494604,36.791698088878974,36.907066345214844,1721023,0.0,0.0
2013-09-23 00:00:00-04:00,36.87959698399305,37.439959537573024,36.6268831078961,37.13780212402344,1636893,0.0,0.0
2013-09-24 00:00:00-04:00,37.18724885876648,37.291629662117984,36.868610259769554,36.907066345214844,1738765,0.0,0.0
2013-09-25 00:00:00-04:00,36.96199949938471,37.07187401700863,36.4510805299835,36.56095504760742,1445133,0.0,0.0
2013-09-26 00:00:00-04:00,36.63787429132378,36.84114218821572,36.429112667488816,36.56645584106445,893705,0.0,0.0
2013-09-27 00:00:00-04:00,36.368674114638715,36.60490432410623,36.14892262012597,36.2917594909668,933773,0.0,0.0
2013-09-30 00:00:00-04:00,36.07201113482514,36.29725389691014,36.000592698066484,36.24781036376953,1122243,0.0,0.0
2013-10-01 00:00:00-04:00,36.346704264308585,36.47855617325892,36.1983736369962,36.330223083496094,667400,0.0,0.0
2013-10-02 00:00:00-04:00,36.236824227883545,36.451082008390166,35.98411282709889,36.434600830078125,1106615,0.0,0.0
2013-10-03 00:00:00-04:00,36.297251116785596,36.297251116785596,35.69843257660925,35.81380081176758,901460,0.0,0.0
2013-10-04 00:00:00-04:00,35.80832911931115,35.99511836314002,35.69845454203023,35.74789810180664,670455,0.0,0.0
2013-10-07 00:00:00-04:00,35.57208209213285,35.79732486990267,35.407267841070635,35.45121765136719,1120363,0.0,0.0
2013-10-08 00:00:00-04:00,35.57209877815717,36.01159954973217,35.47320919615303,35.74789810180664,2245190,0.0,0.0
2013-10-09 00:00:00-04:00,35.85775450877638,36.40163585316557,35.69294272637058,36.0500373840332,1455120,0.0,0.0
2013-10-10 00:00:00-04:00,36.258803118849116,36.56096055024129,35.79183388621593,36.54447937011719,1028713,0.0,0.0
2013-10-11 00:00:00-04:00,36.56645210254724,36.78620115780133,36.45108384853884,36.71478271484375,666695,0.0,0.0
2013-10-14 00:00:00-04:00,36.51700479690626,36.637866764824196,36.0170732853412,36.527992248535156,1084525,0.0,0.0
2013-10-15 00:00:00-04:00,36.4675656260304,36.59941506134619,36.08849603704725,36.099483489990234,1662508,0.0,0.0
2013-10-16 00:00:00-04:00,36.225846378470834,36.473066581135,36.09949064458396,36.40164566040039,1158315,0.0,0.0
2013-10-17 00:00:00-04:00,36.30275679461448,36.994971358369234,36.09948888479241,36.929046630859375,1512108,0.0,0.0
2013-10-18 00:00:00-04:00,37.02792281050277,37.20372449450666,36.84113367515176,36.92354202270508,1136225,0.0,0.0
2013-10-21 00:00:00-04:00,36.896089081749004,37.01695109795528,36.593931578782396,36.72028732299805,860335,0.0,0.0
2013-10-22 00:00:00-04:00,36.758735014635064,37.16527325682989,36.676329113335505,37.038917541503906,1044575,0.0,0.0
2013-10-23 00:00:00-04:00,37.02791865240609,37.84648861074436,36.94001905149988,37.50038146972656,2133683,0.0,0.0
2013-10-24 00:00:00-04:00,37.50588425417652,37.533352886094654,36.972990332514684,37.13780212402344,1380508,0.0,0.0
2013-10-25 00:00:00-04:00,36.879607826759155,38.165147565832356,36.57745032437394,38.14866638183594,2134153,0.0,0.0
2013-10-28 00:00:00-04:00,38.214576041736926,38.56068323156936,38.06624544428729,38.25852584838867,1829593,0.0,0.0
2013-10-29 00:00:00-04:00,38.57167755660392,38.57717128341436,38.06625222759345,38.340938568115234,1470043,0.0,0.0
2013-10-30 00:00:00-04:00,38.42334692681935,38.62661729425169,38.03328983589023,38.09372329711914,1270058,0.0,0.0
2013-10-31 00:00:00-04:00,38.04427193265103,38.17063010202567,37.461934473070784,37.98384094238281,1384855,0.0,0.0
2013-11-01 00:00:00-04:00,38.049776815406524,38.280515853807266,37.89595243143997,38.14866638183594,990173,0.0,0.0
2013-11-04 00:00:00-05:00,38.28050539990309,38.54970046078183,38.01131033902435,38.5112419128418,1778128,0.0,0.0
2013-11-05 00:00:00-05:00,38.428832239750115,38.7969143414387,38.26402046098657,38.3244514465332,1760855,0.0,0.0
2013-11-06 00:00:00-05:00,38.37389885488948,38.7035249081499,38.37389885488948,38.56068801879883,1300843,0.0,0.0
2013-11-07 00:00:00-05:00,38.63211237616047,38.80791165149883,38.08822844318117,38.10470962524414,1693058,0.0,0.0
2013-11-08 00:00:00-05:00,37.89594665684847,38.11020447860415,37.363052659715926,38.09372329711914,1757095,0.0,0.0
2013-11-11 00:00:00-05:00,38.14865676775209,38.26951875326662,37.83001816167259,38.00581741333008,804758,0.0,0.0
2013-11-12 00:00:00-05:00,37.83001727815761,38.005816525709335,37.330085705482155,37.51687240600586,1302723,0.0,0.0
2013-11-13 00:00:00-05:00,37.247687081080784,37.456448728310725,37.03342924384144,37.44546127319336,1773193,0.0,0.0
2013-11-14 00:00:00-05:00,37.61576203232421,38.13217481945974,37.58829339803245,37.98933792114258,829315,0.0,0.0
2013-11-15 00:00:00-05:00,37.906925724243806,38.18161448400282,37.780570027481666,38.17612075805664,969023,0.0,0.0
2013-11-18 00:00:00-05:00,38.31346301519092,38.34093164428265,38.000318181095246,38.11019515991211,822148,0.0,0.0
2013-11-19 00:00:00-05:00,38.04976627109932,38.077234903481276,37.74761131489787,37.791561126708984,1095570,0.0,0.0
2013-11-20 00:00:00-05:00,37.906934338758276,38.027796337040655,37.665207879742965,37.78057861328125,1731245,0.0,0.0
2013-11-21 00:00:00-05:00,37.85200006305151,38.05526798534371,37.692679499344706,37.86298751831055,1130820,0.0,0.0
2013-11-22 00:00:00-05:00,37.79705473109188,38.00581633652036,37.68168647546036,37.83001708984375,1225290,0.0,0.0
2013-11-25 00:00:00-05:00,37.83002794886083,37.91243386939492,37.40700842766829,37.450958251953125,936005,0.0,0.0
2013-11-26 00:00:00-05:00,37.40700508007957,37.51138590341493,36.85762986323221,36.912567138671875,1189453,0.0,0.0
2013-11-27 00:00:00-05:00,36.95101415918822,36.962001611578486,36.692806565566755,36.764225006103516,1035645,0.0,0.0
2013-11-29 00:00:00-05:00,36.698295146739014,36.863109371936574,36.62138299079004,36.66533279418945,530043,0.0,0.0
2013-12-02 00:00:00-05:00,36.73126670895024,36.791700166226725,36.286272375507615,36.68731689453125,1029888,0.0,0.0
2013-12-03 00:00:00-05:00,36.549962211274824,36.78069866429278,36.46755633519698,36.72576141357422,994873,0.0,0.0
2013-12-04 00:00:00-05:00,36.53348974425912,36.77521616748882,36.34670058484296,36.71478271484375,959505,0.0,0.0
2013-12-05 00:00:00-05:00,36.64885275912097,36.71477746627291,36.418116284089166,36.467559814453125,1118130,0.0,0.0
2013-12-06 00:00:00-05:00,36.610405134459604,37.165274010241895,36.604911407594926,37.1432991027832,1192038,0.0,0.0
2013-12-09 00:00:00-05:00,37.104845904219005,37.13231454068145,36.742257440464165,36.929046630859375,1200498,0.0,0.0
2013-12-10 00:00:00-05:00,36.874110728686034,36.88509818367946,36.58843443640635,36.604915618896484,1643120,0.0,0.0
2013-12-11 00:00:00-05:00,36.6158913270712,36.62138505280546,36.07201001692976,36.25879669189453,1924180,0.0,0.0
2013-12-12 00:00:00-05:00,36.26156012554642,36.66662440604217,36.18387704188763,36.26710891723633,1268060,0.557447,0.0
2013-12-13 00:00:00-05:00,36.37253844647677,36.46686790520529,36.194974625267456,36.26710891723633,598075,0.0,0.0
2013-12-16 00:00:00-05:00,36.34482157022448,36.80537411079824,36.30043120362787,36.65000534057617,1082880,0.0,0.0
2013-12-17 00:00:00-05:00,36.594500363732884,36.61669553670912,36.089557691390596,36.22272872924805,2235320,0.0,0.0
2013-12-18 00:00:00-05:00,36.206088518719525,36.77761929450721,35.80102405575085,36.705482482910156,1699050,0.0,0.0
2013-12-19 00:00:00-05:00,36.59450687033843,36.61115325303039,36.06182013706265,36.400299072265625,1422338,0.0,0.0
2013-12-20 00:00:00-05:00,36.46132998877547,37.410178625026305,36.455781195430525,36.960723876953125,2632353,0.0,0.0
2013-12-23 00:00:00-05:00,37.08279923555586,37.188228801658724,36.82200593494611,36.927433013916016,983005,0.0,0.0
2013-12-24 00:00:00-05:00,36.8774916719321,37.08834581729689,36.63334227964005,36.99956512451172,439450,0.0,0.0
2013-12-26 00:00:00-05:00,36.95517846941346,36.99402002638669,36.57785800025472,36.711029052734375,727678,0.0,0.0
2013-12-27 00:00:00-05:00,36.688832690281956,36.91078692436661,36.561210435784744,36.82200622558594,870440,0.0,0.0
2013-12-30 00:00:00-05:00,36.77761714143579,36.9829225144291,36.611150838362214,36.79981231689453,1018255,0.0,0.0
2013-12-31 00:00:00-05:00,36.799819629076985,36.89969793848728,36.555670163384946,36.838661193847656,2235673,0.0,0.0
2014-01-02 00:00:00-05:00,36.84419142736391,36.86638659605133,36.189428976820395,36.21162414550781,1662978,0.0,0.0
2014-01-03 00:00:00-05:00,36.63890131738402,36.64999890708511,35.97859224303528,36.13950729370117,1505645,0.0,0.0
2014-01-06 00:00:00-05:00,36.15060679086224,36.355914698298946,36.04517968313905,36.17280197143555,1254430,0.0,0.0
2014-01-07 00:00:00-05:00,36.17833600396978,36.544558821125335,36.1339456609367,36.489070892333984,1292500,0.0,0.0
2014-01-08 00:00:00-05:00,36.483541803295985,36.483541803295985,36.02298925846232,36.122867584228516,1524210,0.0,0.0
2014-01-09 00:00:00-05:00,36.28376427245054,36.52236235781415,36.16723713897763,36.444679260253906,1333978,0.0,0.0
2014-01-10 00:00:00-05:00,36.722128966218854,37.36579406823616,36.655543435761864,36.994022369384766,1330218,0.0,0.0
2014-01-13 00:00:00-05:00,36.888606048166885,36.99403316883383,36.57787099485668,36.65000534057617,861863,0.0,0.0
2014-01-14 00:00:00-05:00,36.71103197052553,36.87194949219455,36.52792175881242,36.716583251953125,681383,0.0,0.0
2014-01-15 00:00:00-05:00,36.83865598814301,36.83865598814301,36.32816443616156,36.43914031982422,1128118,0.0,0.0
2014-01-16 00:00:00-05:00,36.45021891944608,36.57229232788086,36.24491115449205,36.57229232788086,995460,0.0,0.0
2014-01-17 00:00:00-05:00,36.60560225038353,36.772068554393385,36.416943257923165,36.53901672363281,990290,0.0,0.0
2014-01-21 00:00:00-05:00,36.78871128325991,36.98846784367784,36.694379309263056,36.960723876953125,763633,0.0,0.0
2014-01-22 00:00:00-05:00,36.94408450470959,37.143843590151945,36.88859656073486,37.10499954223633,988645,0.0,0.0
2014-01-23 00:00:00-05:00,36.960715248664,37.0550447135073,36.72211470339872,36.87748336791992,1217183,0.0,0.0
2014-01-24 00:00:00-05:00,36.78315129107332,37.04394449888563,36.328147888183594,36.328147888183594,1860025,0.0,0.0
2014-01-27 00:00:00-05:00,36.39475030787762,36.85530271653258,36.339262365525606,36.60005569458008,1975410,0.0,0.0
2014-01-28 00:00:00-05:00,36.655541511656324,36.833105404020905,36.57230960295406,36.82755661010742,1313650,0.0,0.0
2014-01-29 00:00:00-05:00,36.75542355447559,36.98292411275977,36.63334759704359,36.805362701416016,1314120,0.0,0.0
2014-01-30 00:00:00-05:00,36.982927722622975,37.42683378144471,36.960732544038564,37.33250427246094,806755,0.0,0.0
2014-01-31 00:00:00-05:00,37.02732003870783,37.92068099826031,36.988478474130204,37.854095458984375,1650405,0.0,0.0
2014-02-03 00:00:00-05:00,37.859638825969974,38.32019122706575,37.63213826606074,37.715370178222656,2455515,0.0,0.0
2014-02-04 00:00:00-05:00,37.870730199457384,37.920669338559236,37.05505261986155,37.432373046875,2025113,0.0,0.0
2014-02-05 00:00:00-05:00,37.31584799484633,37.33804316754606,37.08279619436636,37.204872131347656,1308128,0.0,0.0
2014-02-06 00:00:00-05:00,37.28810444464846,37.537800140304014,37.10499178070161,37.498958587646484,1077945,0.0,0.0
2014-02-07 00:00:00-05:00,37.560002667027646,37.726466485700044,37.443475506823866,37.67097854614258,1249378,0.0,0.0
2014-02-10 00:00:00-05:00,37.559999550664536,37.87628077990015,37.321398943231095,37.85963439941406,1087463,0.0,0.0
2014-02-11 00:00:00-05:00,37.79305126056621,38.347933132224156,37.765307291339965,38.342384338378906,1396135,0.0,0.0
2014-02-12 00:00:00-05:00,38.336834245013364,38.47555657357531,38.159272847984276,38.231407165527344,1131525,0.0,0.0
2014-02-13 00:00:00-05:00,38.08713961963445,38.64202148835151,37.981710050000444,38.603179931640625,1781888,0.0,0.0
2014-02-14 00:00:00-05:00,38.603195155424125,39.873876901764184,38.39233842013445,39.80174255371094,2878398,0.0,0.0
2014-02-18 00:00:00-05:00,39.94045956176293,40.10137463423001,39.82948364971667,40.01814270019531,1737825,0.0,0.0
2014-02-19 00:00:00-05:00,40.02367832066796,40.20123972149172,39.58532112525129,39.65745544433594,2074698,0.0,0.0
2014-02-20 00:00:00-05:00,39.71294417625665,40.25118215753317,39.71294417625665,40.1346549987793,2141203,0.0,0.0
2014-02-21 00:00:00-05:00,40.16795533781495,40.47868783483484,40.112464904785156,40.112464904785156,1742173,0.0,0.0
2014-02-24 00:00:00-05:00,40.25117985536573,40.31221658462849,39.85721302480955,39.87385940551758,1303663,0.0,0.0
2014-02-25 00:00:00-05:00,39.9182449739068,40.20678220496055,39.72403722223601,39.857208251953125,1025893,0.0,0.0
2014-02-26 00:00:00-05:00,39.979286694487264,40.06806739206563,39.629710210639516,39.679649353027344,879958,0.0,0.0
2014-02-27 00:00:00-05:00,39.65745700919241,39.940447990054935,39.396663691441795,39.52983474731445,881838,0.0,0.0
2014-02-28 00:00:00-05:00,39.64080941668384,39.95154435803081,39.5908702722566,39.8183708190918,983710,0.0,0.0
2014-03-03 00:00:00-05:00,39.62417125251441,39.84057674371057,39.31343624672685,39.341182708740234,948343,0.0,0.0
2014-03-04 00:00:00-05:00,39.618613887905745,39.740687350972074,39.502089218615154,39.65745544433594,770448,0.0,0.0
2014-03-05 00:00:00-05:00,39.62417125251441,39.66301281734616,39.24130191203931,39.341182708740234,1059615,0.0,0.0
2014-03-06 00:00:00-05:00,39.518743120894456,39.54093830022147,38.88062922810934,39.03599548339844,1039875,0.0,0.0
2014-03-07 00:00:00-05:00,38.97495175512257,39.06373245651926,38.60872887472816,39.0248908996582,1059498,0.0,0.0
2014-03-10 00:00:00-04:00,39.013788234961105,39.18025202841729,38.786285230104916,39.047080993652344,1106145,0.0,0.0
2014-03-11 00:00:00-04:00,39.01379480544874,39.113673098343405,38.66976708723398,38.80848693847656,743540,0.0,0.0
2014-03-12 00:00:00-04:00,38.78629168262442,39.540932646100636,38.74190133031796,39.49099349975586,2810365,0.0,0.0
2014-03-13 00:00:00-04:00,39.544204539331055,40.08743972566882,39.40419611765538,39.98103332519531,1669558,0.557447,0.0
2014-03-14 00:00:00-04:00,40.00341770222816,40.32263927846319,39.779404322579076,40.126625061035156,1770960,0.0,0.0
2014-03-17 00:00:00-04:00,40.18824105146648,40.356253647906364,40.03143163767605,40.31145095825195,1487668,0.0,0.0
2014-03-18 00:00:00-04:00,40.3450594883657,40.44586555636116,40.126643830805925,40.21065139770508,678798,0.0,0.0
2014-03-19 00:00:00-04:00,40.18263892210766,40.35624932592555,39.39858691665241,39.56659698486328,1140455,0.0,0.0
2014-03-20 00:00:00-04:00,39.48258764698718,39.66739870187394,39.1185633619749,39.63379669189453,1190510,0.0,0.0
2014-03-21 00:00:00-04:00,39.86902950706328,40.35066102312879,39.86902950706328,40.05384063720703,1601760,0.0,0.0
2014-03-24 00:00:00-04:00,40.19383772561814,40.39544979810279,39.91941878338966,40.28904342651367,1361120,0.0,0.0
2014-03-25 00:00:00-04:00,40.345045418190175,40.5298564783964,40.13223017195974,40.42905044555664,1079473,0.0,0.0
2014-03-26 00:00:00-04:00,40.49067378976692,40.79869488321791,40.367466356481174,40.47947311401367,1575440,0.0,0.0
2014-03-27 00:00:00-04:00,40.44025285734859,40.86028052250393,40.249841453784924,40.8378791809082,1041638,0.0,0.0
2014-03-28 00:00:00-04:00,40.79307951681247,41.185105533987,40.59146491729395,40.98909378051758,1068545,0.0,0.0
2014-03-31 00:00:00-04:00,41.41472292678195,41.78434763305086,41.24671283767604,41.60513687133789,1507525,0.0,0.0
2014-04-01 00:00:00-04:00,41.57152587308085,41.7619372662675,41.347509959096485,41.74513626098633,1533845,0.0,0.0
2014-04-02 00:00:00-04:00,41.73953296533257,41.77313497351155,41.29710401407415,41.67232894897461,1173003,0.0,0.0
2014-04-03 00:00:00-04:00,41.789950241396674,41.91876049361695,41.560336440468255,41.8067512512207,705118,0.0,0.0
2014-04-04 00:00:00-04:00,41.91315057006713,42.37237806688326,41.81794235927222,41.857147216796875,847645,0.0,0.0
2014-04-07 00:00:00-04:00,41.868344638024254,42.18196592103615,41.59952854707299,41.6107292175293,1475565,0.0,0.0
2014-04-08 00:00:00-04:00,41.532325050338805,42.22117131259645,41.24670543985032,42.09796142578125,1223058,0.0,0.0
2014-04-09 00:00:00-04:00,42.142778638183536,42.24918252897863,41.672345318415104,42.14837646484375,2574073,0.0,0.0
2014-04-10 00:00:00-04:00,42.14836444347296,42.43958187902507,41.93555170210796,42.09796142578125,1560518,0.0,0.0
2014-04-11 00:00:00-04:00,41.92996121477038,42.27718459510003,41.79555062578843,41.92435836791992,1214363,0.0,0.0
2014-04-14 00:00:00-04:00,42.17076464213917,42.540391782335014,41.83474202306281,42.29397201538086,1287095,0.0,0.0
2014-04-15 00:00:00-04:00,42.38357452987699,43.04441905333116,42.305169843082304,43.03321838378906,1575910,0.0,0.0
2014-04-16 00:00:00-04:00,43.15643259927691,43.223636627197266,42.71960641779462,43.223636627197266,1495305,0.0,0.0
2014-04-17 00:00:00-04:00,43.050018344760836,43.436443922300796,42.854004133718966,42.91000747680664,1658395,0.0,0.0
2014-04-21 00:00:00-04:00,42.910008004854454,43.089218704940365,42.433977072516214,42.66359329223633,1020840,0.0,0.0
2014-04-22 00:00:00-04:00,42.59639682818751,42.915613434048694,42.39477973439233,42.842811584472656,1432913,0.0,0.0
2014-04-23 00:00:00-04:00,42.84281410329935,43.38604917637421,42.68600470371689,43.06122970581055,1399660,0.0,0.0
2014-04-24 00:00:00-04:00,43.0836293199966,43.22923804233816,42.71400215819694,43.20683670043945,1281103,0.0,0.0
2014-04-25 00:00:00-04:00,43.82287641249965,44.07489403525451,43.458857093541,43.89568328857422,2070233,0.0,0.0
2014-04-28 00:00:00-04:00,43.87887004916071,44.007675219826325,43.40283413251966,43.688453674316406,1454063,0.0,0.0
2014-04-29 00:00:00-04:00,43.761284297456896,43.90129523255182,43.358055013391414,43.49806594848633,1236688,0.0,0.0
2014-04-30 00:00:00-04:00,43.54845968234455,43.86768131469314,43.4364529728312,43.76127243041992,1479325,0.0,0.0
2014-05-01 00:00:00-04:00,43.845283303167314,43.90688951536882,43.363654360528024,43.78927993774414,1146800,0.0,0.0
2014-05-02 00:00:00-04:00,43.58765979489872,43.6828680088201,42.85961115800654,43.12282943725586,1528675,0.0,0.0
2014-05-05 00:00:00-04:00,43.11723374959436,43.649268159744956,43.09483240644005,43.6436653137207,1092280,0.0,0.0
2014-05-06 00:00:00-04:00,43.50365684634175,43.850877644618386,43.35804310401275,43.56525802612305,1187808,0.0,0.0
2014-05-07 00:00:00-04:00,43.63246801734182,44.483724143526125,43.55966615669438,44.422122955322266,1354423,0.0,0.0
2014-05-08 00:00:00-04:00,44.377319245284966,44.49492379300295,43.492461122113355,43.66606903076172,1172415,0.0,0.0
2014-05-09 00:00:00-04:00,43.57645970130491,43.78927245354027,42.85401390058614,42.91561508178711,1175588,0.0,0.0
2014-05-12 00:00:00-04:00,42.99962446114922,43.12283184928117,42.41158668937466,42.551597595214844,995108,0.0,0.0
2014-05-13 00:00:00-04:00,42.48998184637075,42.910009449068944,42.4787811772384,42.64119338989258,1351838,0.0,0.0
2014-05-14 00:00:00-04:00,42.714001204371186,43.15083238211228,42.5235898024842,42.64679718017578,849408,0.0,0.0
2014-05-15 00:00:00-04:00,42.72520505693748,42.8260111007379,42.38918491093608,42.478790283203125,1023543,0.0,0.0
2014-05-16 00:00:00-04:00,42.48999387477941,42.82041621795742,42.28277892693577,42.8092155456543,1081588,0.0,0.0
2014-05-19 00:00:00-04:00,42.73641809843673,42.73641809843673,41.81795774638183,41.83475875854492,1117778,0.0,0.0
2014-05-20 00:00:00-04:00,41.87955868493191,42.16518089326702,41.43713206059562,41.700347900390625,1094278,0.0,0.0
2014-05-21 00:00:00-04:00,41.72834173989892,41.8123467793584,41.48192695748447,41.64433670043945,712403,0.0,0.0
2014-05-22 00:00:00-04:00,41.64992902847505,42.11475933434812,41.64992902847505,42.08675765991211,579040,0.0,0.0
2014-05-23 00:00:00-04:00,42.07556672366061,42.20437445586391,41.92435513649044,41.9355583190918,612058,0.0,0.0
2014-05-27 00:00:00-04:00,42.20437147291652,42.411586407268544,42.06436307824331,42.159568786621094,964088,0.0,0.0
2014-05-28 00:00:00-04:00,42.204383850097656,42.417196672412054,42.10357777636979,42.204383850097656,1070425,0.0,0.0
2014-05-29 00:00:00-04:00,42.394784775241654,42.42838679145772,41.9747595725408,42.20997619628906,828728,0.0,0.0
2014-05-30 00:00:00-04:00,42.2659767397994,42.65800023619348,42.17076852329665,42.630001068115234,800175,0.0,0.0
2014-06-02 00:00:00-04:00,42.55158660468263,42.80359914144341,42.44517774127158,42.66359329223633,638378,0.0,0.0
2014-06-03 00:00:00-04:00,42.562793449786746,42.82040886854319,42.428380384747356,42.68600082397461,701710,0.0,0.0
2014-06-04 00:00:00-04:00,42.62439462664528,42.76440551663962,42.45078172550878,42.68600082397461,777615,0.0,0.0
2014-06-05 00:00:00-04:00,42.91001416827316,43.02202087191504,42.61879673880427,42.865211486816406,889945,0.0,0.0
2014-06-06 00:00:00-04:00,42.89880900589342,43.156424397294344,42.674795622066526,42.69719696044922,718630,0.0,0.0
2014-06-09 00:00:00-04:00,42.523588266657576,42.68039765078337,42.23796866390737,42.29397201538086,1169243,0.0,0.0
2014-06-10 00:00:00-04:00,42.232374511580524,42.27717719665542,41.957955555261165,42.05876159667969,864330,0.0,0.0
2014-06-11 00:00:00-04:00,41.94675510832913,42.08116316427265,41.549128765927236,41.56032943725586,1031415,0.0,0.0
2014-06-12 00:00:00-04:00,41.625311954493824,41.93607586403583,41.111140598219166,41.913475036621094,1007445,0.557447,0.0
2014-06-13 00:00:00-04:00,41.86827009111624,42.22988583391988,41.63660909573342,42.077327728271484,751530,0.0,0.0
2014-06-16 00:00:00-04:00,42.0603755652066,42.78360449167844,42.00952370938671,42.51804733276367,1118483,0.0,0.0
2014-06-17 00:00:00-04:00,42.34288596074216,42.518044875476576,42.13382581075377,42.35983657836914,738488,0.0,0.0
2014-06-18 00:00:00-04:00,42.331579362837076,43.43337694534586,42.30897854263722,43.41642379760742,1034235,0.0,0.0
2014-06-19 00:00:00-04:00,43.55203040659336,43.91364860898212,43.422078217996635,43.88539505004883,1094983,0.0,0.0
2014-06-20 00:00:00-04:00,44.04925610076956,44.100105418562634,43.81194240047661,43.862796783447266,1173003,0.0,0.0
2014-06-23 00:00:00-04:00,43.851502792296536,44.054910223603706,43.529438493471034,43.77239990234375,644605,0.0,0.0
2014-06-24 00:00:00-04:00,43.693300713096704,44.06056669443025,43.676347559796056,43.90800857543945,542263,0.0,0.0
2014-06-25 00:00:00-04:00,43.710236690812096,44.1735585937304,43.710236690812096,44.09445571899414,966673,0.0,0.0
2014-06-26 00:00:00-04:00,44.01535675413674,44.10010730915101,43.602889195212406,43.92495346069336,1590245,0.0,0.0
2014-06-27 00:00:00-04:00,43.84019784050128,44.11706045926054,43.65939125361452,43.92495346069336,1111668,0.0,0.0
2014-06-30 00:00:00-04:00,43.95884892404853,44.18485712798268,43.772389623214295,43.99839782714844,2258233,0.0,0.0
2014-07-01 00:00:00-04:00,44.049249820155566,44.12835268724874,43.56897988021573,43.61418151855469,1668618,0.0,0.0
2014-07-02 00:00:00-04:00,43.478589216170256,43.563339780052516,42.580198795805615,42.76100540161133,1537135,0.0,0.0
2014-07-03 00:00:00-04:00,42.55194861231209,42.563249024727746,42.229884325876675,42.438941955566406,1030475,0.0,0.0
2014-07-07 00:00:00-04:00,42.501098554507266,42.86836452802793,42.43329607310455,42.60280227661133,1152793,0.0,0.0
2014-07-08 00:00:00-04:00,42.52934241112662,43.043518770044315,42.42199102655237,42.924861907958984,788543,0.0,0.0
2014-07-09 00:00:00-04:00,42.890956387615475,43.04351447146439,42.43893740684855,42.61409378051758,1136108,0.0,0.0
2014-07-10 00:00:00-04:00,42.5688918626005,43.16781871777172,42.51804254509548,43.14521789550781,1124475,0.0,0.0
2014-07-11 00:00:00-04:00,43.04351113599192,43.21866496349936,42.851399095225524,42.890953063964844,735785,0.0,0.0
2014-07-14 00:00:00-04:00,42.94746742299776,43.10567321293742,42.59715460241709,42.60280227661133,771153,0.0,0.0
2014-07-15 00:00:00-04:00,42.63669063802744,43.04351046873409,42.58584132492481,42.9757080078125,1653343,0.0,0.0
2014-07-16 00:00:00-04:00,43.06611315221451,43.083061235589575,42.597143577962555,43.04916000366211,812278,0.0,0.0
2014-07-17 00:00:00-04:00,42.879663477651896,43.167826546364644,42.80620825938412,42.851409912109375,1421280,0.0,0.0
2014-07-18 00:00:00-04:00,43.026572983737346,43.37688582602212,42.71016138425432,43.26388168334961,897113,0.0,0.0
2014-07-21 00:00:00-04:00,43.32603871878543,43.32603871878543,42.82881540031978,42.8966178894043,1217535,0.0,0.0
2014-07-22 00:00:00-04:00,43.07741996215628,43.07741996215628,42.78360417662688,42.9926643371582,841300,0.0,0.0
2014-07-23 00:00:00-04:00,43.0435261377277,43.26953442307272,42.81751278720372,43.26388168334961,1604463,0.0,0.0
2014-07-24 00:00:00-04:00,43.27515846658933,43.676325486603155,43.100004673681696,43.653724670410156,1738413,0.0,0.0
2014-07-25 00:00:00-04:00,43.29212335392081,43.484230343668585,42.72709773066154,42.941810607910156,1229520,0.0,0.0
2014-07-28 00:00:00-04:00,42.78926034196757,43.62549598588104,42.783607602765244,43.5237922668457,936945,0.0,0.0
2014-07-29 00:00:00-04:00,43.47858181642981,43.73283852998227,43.224320037699876,43.3090705871582,1929938,0.0,0.0
2014-07-30 00:00:00-04:00,43.275179416444196,43.51249316653233,42.49545088031303,42.60280227661133,1737943,0.0,0.0
2014-07-31 00:00:00-04:00,42.59150514025977,42.64800721244293,41.664866091276906,41.71006774902344,1301665,0.0,0.0
2014-08-01 00:00:00-04:00,41.5857561098012,42.195980918071555,41.50100301595658,41.88521957397461,990878,0.0,0.0
2014-08-04 00:00:00-04:00,41.91346889819649,41.98127137051071,40.93032798446227,41.55185317993164,1636658,0.0,0.0
2014-08-05 00:00:00-04:00,41.37105160636727,41.585759461411385,40.613918841822596,40.743873596191406,1305543,0.0,0.0
2014-08-06 00:00:00-04:00,40.5574041272588,40.95291847373945,40.45569790557527,40.72126007080078,3353685,0.0,0.0
2014-08-07 00:00:00-04:00,40.96988272936047,41.56880971861873,40.96988272936047,41.28629684448242,1741820,0.0,0.0
2014-08-08 00:00:00-04:00,41.43320094347313,42.24683571746547,41.21849057105808,42.21858215332031,1208723,0.0,0.0
2014-08-11 00:00:00-04:00,42.24118110285634,42.467191877857864,42.037773684685064,42.167728424072266,695600,0.0,0.0
2014-08-12 00:00:00-04:00,42.03777377174584,42.241181190338374,41.947370474593605,42.03212356567383,909803,0.0,0.0
2014-08-13 00:00:00-04:00,42.156435418912906,42.51240099584543,42.032130863745486,42.45024871826172,728265,0.0,0.0
2014-08-14 00:00:00-04:00,42.61410751821883,42.907918304251716,42.50110336974464,42.8966178894043,775618,0.0,0.0
2014-08-15 00:00:00-04:00,42.94181049513261,43.252569268672616,42.727097618447885,43.14521789550781,1352308,0.0,0.0
2014-08-18 00:00:00-04:00,43.20736381978661,43.3712222993612,42.99265602718422,43.11131286621094,1160900,0.0,0.0
2014-08-19 00:00:00-04:00,43.13957368324991,43.670698176598265,43.02656954959676,43.6424446105957,727913,0.0,0.0
2014-08-20 00:00:00-04:00,43.59158381916009,43.7441368268836,43.32602164232447,43.710235595703125,787250,0.0,0.0
2014-08-21 00:00:00-04:00,43.64808906556712,43.97015331794087,43.58593427126544,43.69329071044922,1156553,0.0,0.0
2014-08-22 00:00:00-04:00,43.72155214328021,43.85715711805252,43.19043265875535,43.44469451904297,965028,0.0,0.0
2014-08-25 00:00:00-04:00,43.5464043065504,43.82326703447277,43.42209972905419,43.761112213134766,928368,0.0,0.0
2014-08-26 00:00:00-04:00,43.84585427485001,43.94755798854678,43.10002197589551,43.11697006225586,919438,0.0,0.0
2014-08-27 00:00:00-04:00,43.22431618074486,43.49552601909511,43.18476221339694,43.46727752685547,927428,0.0,0.0
2014-08-28 00:00:00-04:00,43.44468650141832,44.037960689149216,43.28082798788531,44.0210075378418,961033,0.0,0.0
2014-08-29 00:00:00-04:00,44.03796562636522,44.21877224629821,43.908008335699016,44.21311950683594,972313,0.0,0.0
2014-09-02 00:00:00-04:00,44.14531546075103,44.241371506777526,43.48989148670881,43.74414825439453,1032708,0.0,0.0
2014-09-03 00:00:00-04:00,43.817597017140436,44.05490566242931,43.698940161907096,43.92495346069336,823440,0.0,0.0
2014-09-04 00:00:00-04:00,43.913654941681564,44.004058239021305,43.61419148665465,43.93060302734375,700418,0.0,0.0
2014-09-05 00:00:00-04:00,43.95320599301656,44.55213293224926,43.95320599301656,44.54083251953125,771035,0.0,0.0
2014-09-08 00:00:00-04:00,44.57473135030491,44.57473135030491,44.10576171524643,44.32612228393555,778320,0.0,0.0
2014-09-09 00:00:00-04:00,44.32611478803009,44.32611478803009,43.987097416951734,43.99839782714844,842123,0.0,0.0
2014-09-10 00:00:00-04:00,43.953195683577704,44.04925170173949,43.50117928088006,43.6876335144043,909450,0.0,0.0
2014-09-11 00:00:00-04:00,43.79027163509033,44.09813011799111,43.567926842046205,44.03541564941406,611235,0.587234,0.0
2014-09-12 00:00:00-04:00,43.852976938559834,43.892887071380365,42.94079862943696,43.08332824707031,1515280,0.0,0.0
2014-09-15 00:00:00-04:00,43.26576522973113,43.52231651104967,43.18595007055443,43.35128402709961,579158,0.0,0.0
2014-09-16 00:00:00-04:00,43.351274974885705,44.035404767832254,43.282856884805206,43.84156799316406,685730,0.0,0.0
2014-09-17 00:00:00-04:00,43.86437731795159,44.04681195019248,43.396888572834335,43.66483688354492,642255,0.0,0.0
2014-09-18 00:00:00-04:00,43.676236650751704,43.93278789365203,42.98640318006135,43.185943603515625,875493,0.0,0.0
2014-09-19 00:00:00-04:00,43.35697829271091,43.56792089090807,43.214448681369085,43.499507904052734,1404125,0.0,0.0
2014-09-22 00:00:00-04:00,43.41398361522979,43.62492618670389,43.11182373950436,43.21444320678711,1108848,0.0,0.0
2014-09-23 00:00:00-04:00,43.12892563686674,43.35696887686029,42.99209969287061,43.2486457824707,1099095,0.0,0.0
2014-09-24 00:00:00-04:00,43.35127434000203,43.35127434000203,42.88948418113315,43.1916389465332,1012380,0.0,0.0
2014-09-25 00:00:00-04:00,43.25436554675864,43.436800206776375,42.929401253208454,42.97500991821289,1302488,0.0,0.0
2014-09-26 00:00:00-04:00,43.04912255733246,43.20875287002706,42.54172109548075,43.03201675415039,697833,0.0,0.0
2014-09-29 00:00:00-04:00,42.8951848759024,43.345572894492605,42.78686432146257,43.305667877197266,789365,0.0,0.0
2014-09-30 00:00:00-04:00,43.36268993546995,43.79027373764468,43.16314946491178,43.37409210205078,1165718,0.0,0.0
2014-10-01 00:00:00-04:00,43.4538992804711,44.01830897786663,43.37408412907683,43.48810577392578,980773,0.0,0.0
2014-10-02 00:00:00-04:00,43.43679414287634,43.870081510717505,43.362682627983915,43.48240280151367,1071835,0.0,0.0
2014-10-03 00:00:00-04:00,43.56222701163185,43.87578916035293,43.248664862910765,43.82448196411133,1011323,0.0,0.0
2014-10-06 00:00:00-04:00,43.852977226886104,44.10952849599827,43.6078281228281,43.813072204589844,721450,0.0,0.0
2014-10-07 00:00:00-04:00,43.71044036315897,44.29765943229516,43.68763603683053,43.90998077392578,991113,0.0,0.0
2014-10-08 00:00:00-04:00,43.870071154897396,45.1756263663859,43.870071154897396,45.09580612182617,1992918,0.0,0.0
2014-10-09 00:00:00-04:00,45.20413186969389,45.72293282507747,44.35466819783265,44.39457321166992,2310520,0.0,0.0
2014-10-10 00:00:00-04:00,44.62833638696252,45.24405850484498,44.548521219376134,44.8848876953125,1820075,0.0,0.0
2014-10-13 00:00:00-04:00,44.85636103802326,45.540495871717944,44.71953509344139,44.98178482055664,1515750,0.0,0.0
2014-10-14 00:00:00-04:00,45.25545543534786,45.72294421997722,44.93618969115558,45.329566955566406,2504160,0.0,0.0
2014-10-15 00:00:00-04:00,45.35805901304427,45.75143613945834,43.527999318720504,44.41167449951172,1985985,0.0,0.0
2014-10-16 00:00:00-04:00,44.06962279736036,44.30907339837899,43.573626012201615,43.830177307128906,3021865,0.0,0.0
2014-10-17 00:00:00-04:00,43.927090458365925,44.138027940163504,43.19164320306212,43.88718032836914,3408793,0.0,0.0
2014-10-20 00:00:00-04:00,43.89857845663417,44.890571759224464,43.89857845663417,44.833560943603516,1612805,0.0,0.0
2014-10-21 00:00:00-04:00,45.11292917558699,45.52340716343229,44.90769018166434,45.46639633178711,1629373,0.0,0.0
2014-10-22 00:00:00-04:00,45.59181549313181,46.053610848354104,45.375174355062626,45.52910614013672,1138693,0.0,0.0
2014-10-23 00:00:00-04:00,45.80846915844606,46.093523333635154,45.5120128162494,45.60892868041992,1454885,0.0,0.0
2014-10-24 00:00:00-04:00,45.67732607045867,46.15622203188253,45.52909795002308,45.72293472290039,1818665,0.0,0.0
2014-10-27 00:00:00-04:00,45.608915563441485,46.264542533213955,45.608915563441485,45.95668411254883,1741585,0.0,0.0
2014-10-28 00:00:00-04:00,45.973802116712264,46.29876646074613,45.665943580106074,46.293067932128906,1798573,0.0,0.0
2014-10-29 00:00:00-04:00,45.8654639145034,46.230333130833834,45.22693767513938,45.637420654296875,1681778,0.0,0.0
2014-10-30 00:00:00-04:00,45.7343432925915,46.754844700108066,45.683036106800216,46.74344253540039,1592595,0.0,0.0
2014-10-31 00:00:00-04:00,46.93727969027206,46.93727969027206,46.446981493348964,46.84035873413086,1333625,0.0,0.0
2014-11-03 00:00:00-05:00,46.95438689463388,47.31355254097014,46.90877823409678,47.20523452758789,1137048,0.0,0.0
2014-11-04 00:00:00-05:00,47.285051058339405,47.587210998576296,46.84606513251302,46.97148895263672,756230,0.0,0.0
2014-11-05 00:00:00-05:00,47.29074082712269,48.12880749982316,47.02279254369581,47.9805793762207,2228270,0.0,0.0
2014-11-06 00:00:00-05:00,47.826659842305645,47.826659842305645,46.84036479385902,47.13112258911133,2627300,0.0,0.0
2014-11-07 00:00:00-05:00,47.16531528794123,47.5130838127857,47.03419296960644,47.4959831237793,999103,0.0,0.0
2014-11-10 00:00:00-05:00,47.34776546325038,47.83805857765246,47.222336532500215,47.80385208129883,846588,0.0,0.0
2014-11-11 00:00:00-05:00,47.667002328177134,47.70120880747474,47.005671950972406,47.19950866699219,1375103,0.0,0.0
2014-11-12 00:00:00-05:00,46.78905376355348,46.88596961349739,45.956690583399315,46.12202453613281,1856500,0.0,0.0
2014-11-13 00:00:00-05:00,46.247443919822636,46.45268287614927,45.39227649100869,45.48349380493164,1938868,0.0,0.0
2014-11-14 00:00:00-05:00,45.49488884056436,45.73433425209332,45.34666072866547,45.534793853759766,1211073,0.0,0.0
2014-11-17 00:00:00-05:00,45.37517095140423,46.25314271377128,45.37517095140423,46.23604202270508,1198970,0.0,0.0
2014-11-18 00:00:00-05:00,46.4013809302607,46.71494307219564,45.9909029260613,46.46979904174805,2110065,0.0,0.0
2014-11-19 00:00:00-05:00,46.304451653490446,46.492589906304815,45.99659323952818,46.29874801635742,1328573,0.0,0.0
2014-11-20 00:00:00-05:00,46.24744244421424,46.32155395401883,45.84836159774844,45.973785400390625,1120715,0.0,0.0
2014-11-21 00:00:00-05:00,46.321560970306415,46.44128626453807,45.494901408649184,45.979496002197266,1433970,0.0,0.0
2014-11-24 00:00:00-05:00,46.05930372094335,46.20183332335787,45.84836113595852,45.911075592041016,1278518,0.0,0.0
2014-11-25 00:00:00-05:00,45.97380047975327,45.97380047975327,45.54621663874204,45.831275939941406,737078,0.0,0.0
2014-11-26 00:00:00-05:00,45.968082362717226,46.156220603610414,45.77994412182404,45.99088668823242,796298,0.0,0.0
2014-11-28 00:00:00-05:00,46.22464304294387,46.83466143074692,46.01939896050532,46.4412841796875,650950,0.0,0.0
2014-12-01 00:00:00-05:00,46.21324073881613,46.94298441328062,46.07071112020447,46.48689270019531,1389908,0.0,0.0
2014-12-02 00:00:00-05:00,46.310165987135385,46.965798277209636,46.01370963546216,46.90308380126953,1162075,0.0,0.0
2014-12-03 00:00:00-05:00,46.857463389628634,47.05700382402987,46.48119196064208,47.00569152832031,1115663,0.0,0.0
2014-12-04 00:00:00-05:00,47.02280079416621,47.26794479389721,46.74914371486845,47.11971664428711,1053858,0.0,0.0
2014-12-05 00:00:00-05:00,46.8574495205475,47.17671003246415,46.572395492050475,46.74912643432617,835073,0.0,0.0
2014-12-08 00:00:00-05:00,46.82894743439114,47.564394586311735,46.73203160794191,47.14250946044922,1566158,0.0,0.0
2014-12-09 00:00:00-05:00,47.01138864374076,47.64421124190621,46.9258698663516,47.4959831237793,1292500,0.0,0.0
2014-12-10 00:00:00-05:00,47.52448629198104,48.01478441214166,46.7035254445676,46.73773193359375,1454768,0.0,0.0
2014-12-11 00:00:00-05:00,47.02522321721918,48.14062644070361,46.915980623037115,47.565673828125,1042225,0.587234,0.0
2014-12-12 00:00:00-05:00,47.68640757583763,48.198113307254815,47.05971237153649,47.08271026611328,1100153,0.0,0.0
2014-12-15 00:00:00-05:00,47.26670236951153,47.58292605688179,46.51926550012149,46.88148498535156,1434793,0.0,0.0
2014-12-16 00:00:00-05:00,46.92747409973271,47.99113450500496,46.64574730088123,47.18620300292969,1065373,0.0,0.0
2014-12-17 00:00:00-05:00,47.31843865855123,48.29010222803098,47.31843865855123,48.15211486816406,1371813,0.0,0.0
2014-12-18 00:00:00-05:00,48.21537704945756,49.14679718017578,47.991144940981656,49.14679718017578,972900,0.0,0.0
2014-12-19 00:00:00-05:00,49.29626650112297,49.72747956650194,49.10078441309567,49.3020133972168,2200423,0.0,0.0
2014-12-22 00:00:00-05:00,49.30201542228116,49.58374219662284,48.985791807458874,49.57799530029297,849643,0.0,0.0
2014-12-23 00:00:00-05:00,49.75621333598892,49.94019643691565,49.566483340241106,49.68147277832031,822618,0.0,0.0
2014-12-24 00:00:00-05:00,49.7217327154354,50.681902567691395,49.7217327154354,50.561161041259766,537210,0.0,0.0
2014-12-26 00:00:00-05:00,50.59565195099995,51.41783433616213,50.59565195099995,51.35458755493164,1035293,0.0,0.0
2014-12-29 00:00:00-05:00,51.279861896647034,52.18828415681486,51.2166202448328,51.84906768798828,1269353,0.0,0.0
2014-12-30 00:00:00-05:00,51.63632330658095,51.64782225479205,50.49217022832508,50.57841491699219,840008,0.0,0.0
2014-12-31 00:00:00-05:00,50.8083890942331,50.88312967347959,49.58949554452867,49.65848922729492,1286273,0.0,0.0
2015-01-02 00:00:00-05:00,49.92297201626081,50.15870304253948,49.43426411767564,50.02646255493164,1025423,0.0,0.0
2015-01-05 00:00:00-05:00,49.96895951270947,50.18169260617642,49.34226433330726,49.53774642944336,1293910,0.0,0.0
2015-01-06 00:00:00-05:00,49.70449579151408,50.49217641761136,49.42276894872448,49.4630126953125,1450185,0.0,0.0
2015-01-07 00:00:00-05:00,49.62400025356597,50.23919659951856,49.267527681922665,50.049461364746094,1096158,0.0,0.0
2015-01-08 00:00:00-05:00,50.221943276703364,50.53816693531234,50.06095799883607,50.27943801879883,800410,0.0,0.0
2015-01-09 00:00:00-05:00,50.285186366431525,50.365678999436646,49.612495356376456,49.90571594238281,793008,0.0,0.0
2015-01-12 00:00:00-05:00,50.12994283847687,50.256431248754275,49.4572518976454,49.8654670715332,987470,0.0,0.0
2015-01-13 00:00:00-05:00,50.27943304003013,51.00962392358933,49.77347935969056,50.14719772338867,756113,0.0,0.0
2015-01-14 00:00:00-05:00,49.698722921796,50.74513205312129,49.68722397699205,50.68763732910156,886655,0.0,0.0
2015-01-15 00:00:00-05:00,50.95789155514353,51.27411527844857,50.6129230319938,51.15337371826172,939413,0.0,0.0
2015-01-16 00:00:00-05:00,51.05562191157879,51.7743087246427,50.911882487298996,51.72256088256836,779965,0.0,0.0
2015-01-20 00:00:00-05:00,51.88928432078209,51.946779044279296,51.25109031288003,51.79154586791992,819445,0.0,0.0
2015-01-21 00:00:00-05:00,51.607556433748464,52.308997198748585,51.2108402734888,52.245750427246094,785605,0.0,0.0
2015-01-22 00:00:00-05:00,52.30901077664103,52.5619876199843,51.76280819688438,52.14802551269531,633795,0.0,0.0
2015-01-23 00:00:00-05:00,52.30902499538436,52.69999446826544,52.18828343752117,52.45851135253906,521230,0.0,0.0
2015-01-26 00:00:00-05:00,52.33200085731219,52.33200085731219,51.73405052634625,52.28025817871094,835073,0.0,0.0
2015-01-27 00:00:00-05:00,52.15376330483429,52.72296883424143,52.084769632330364,52.492984771728516,639670,0.0,0.0
2015-01-28 00:00:00-05:00,52.412507498018016,53.05070173259943,51.716818519517915,51.877803802490234,821208,0.0,0.0
2015-01-29 00:00:00-05:00,51.87779404979023,52.74597225100233,51.60181933086206,52.630977630615234,672688,0.0,0.0
2015-01-30 00:00:00-05:00,52.435499644407415,52.613735908090206,51.49258079339325,51.55007553100586,1039758,0.0,0.0
2015-02-02 00:00:00-05:00,51.66507282881731,52.19402964910983,51.1303691109771,52.02154541015625,880193,0.0,0.0
2015-02-03 00:00:00-05:00,51.86055338655076,52.21702076743543,51.53857769480998,51.76280975341797,1264300,0.0,0.0
2015-02-04 00:00:00-05:00,51.699576422461156,51.71682742569156,50.808405161168594,50.952144622802734,1196385,0.0,0.0
2015-02-05 00:00:00-05:00,51.23960028475387,51.55007184566618,50.750892472900965,51.498329162597656,1124123,0.0,0.0
2015-02-06 00:00:00-05:00,51.3776000740821,51.676572760619415,48.77307513094207,49.01455307006836,1457940,0.0,0.0
2015-02-09 00:00:00-05:00,48.91679593115798,49.33076315251368,48.59482543445555,48.81905746459961,1258073,0.0,0.0
2015-02-10 00:00:00-05:00,48.81906618417445,49.894220433351094,48.81906618417445,49.84822463989258,1140573,0.0,0.0
2015-02-11 00:00:00-05:00,49.57800341838727,49.62399921322625,48.589083521013286,48.698326110839844,1112255,0.0,0.0
2015-02-12 00:00:00-05:00,48.698319109948244,48.801809633458106,48.16936754534228,48.290103912353516,1796458,0.0,0.0
2015-02-13 00:00:00-05:00,48.59481354051757,48.59481354051757,46.35825614506349,46.89295959472656,2874403,0.0,0.0
2015-02-17 00:00:00-05:00,46.806736518966495,47.68641383321015,46.72049698007092,47.094215393066406,2871818,0.0,0.0
2015-02-18 00:00:00-05:00,47.180468665297795,48.583351135253906,47.07697809599817,48.583351135253906,2201598,0.0,0.0
2015-02-19 00:00:00-05:00,48.85355702493989,48.85355702493989,47.81289459459156,47.95088195800781,1292500,0.0,0.0
2015-02-20 00:00:00-05:00,48.00264434082029,48.12913279561025,47.15746375256149,47.835906982421875,1540895,0.0,0.0
2015-02-23 00:00:00-05:00,47.899147418209964,48.24986793694365,47.80715582695759,48.23836898803711,1135755,0.0,0.0
2015-02-24 00:00:00-05:00,48.117624767035565,48.807566817163085,48.00838218142472,48.410850524902344,1233515,0.0,0.0
2015-02-25 00:00:00-05:00,48.47409500917908,48.47409500917908,47.5196770929001,47.582923889160156,1117778,0.0,0.0
2015-02-26 00:00:00-05:00,47.69790399568956,47.81864551290345,47.05395782749386,47.12295150756836,1452418,0.0,0.0
2015-02-27 00:00:00-05:00,47.24369300513808,47.27243779474031,46.92746939451126,47.16320037841797,1262303,0.0,0.0
2015-03-02 00:00:00-05:00,47.0942192330556,47.15171398173001,45.921316051760684,46.24903869628906,1404830,0.0,0.0
2015-03-03 00:00:00-05:00,46.15703826047259,46.536508683232896,45.88681041636061,46.41001510620117,1812673,0.0,0.0
2015-03-04 00:00:00-05:00,46.295020525706725,46.4330130350545,46.16853211679089,46.32951736450195,1244560,0.0,0.0
2015-03-05 00:00:00-05:00,46.51350952057008,46.84122693924919,46.39276799767911,46.65149688720703,926723,0.0,0.0
2015-03-06 00:00:00-05:00,46.08229992992745,46.214535255934905,44.84615527847472,45.081886291503906,1360298,0.0,0.0
2015-03-09 00:00:00-04:00,45.1048798371939,45.44409619619104,44.85764989991588,45.11637878417969,1309420,0.0,0.0
2015-03-10 00:00:00-04:00,45.00713540035564,45.73732109788938,44.93238966921026,45.29460906982422,1315883,0.0,0.0
2015-03-11 00:00:00-04:00,45.31763251995721,45.51311987960672,44.920916055281424,44.93241500854492,987588,0.0,0.0
2015-03-12 00:00:00-04:00,45.16443619568505,45.6980997211962,45.06002376678069,45.50667953491211,1886463,0.587234,0.0
2015-03-13 00:00:00-04:00,45.44866749546694,45.46606696494476,44.5727555296025,45.083221435546875,1671673,0.0,0.0
2015-03-16 00:00:00-04:00,45.361640623053205,46.12153335878358,45.2340254857616,45.80829620361328,1467928,0.0,0.0
2015-03-17 00:00:00-04:00,45.65168734682794,45.90691769029474,45.34424819670277,45.605281829833984,1355363,0.0,0.0
2015-03-18 00:00:00-04:00,45.61686941358854,46.8292209785359,45.460248241059254,46.52178192138672,2533418,0.0,0.0
2015-03-19 00:00:00-04:00,46.370968490652665,46.88143427232084,46.12153628824573,46.16214370727539,1656750,0.0,0.0
2015-03-20 00:00:00-04:00,46.405792964408946,47.38611753846655,46.301380526948385,47.31650924682617,2814948,0.0,0.0
2015-03-23 00:00:00-04:00,47.217881383831994,47.56592274240449,47.15987449073658,47.21207809448242,997105,0.0,0.0
2015-03-24 00:00:00-04:00,47.10185560257353,47.43829549684838,46.614592624579494,46.62619400024414,906865,0.0,0.0
2015-03-25 00:00:00-04:00,46.72481873523477,46.95684630038,46.12154186577728,46.138946533203125,1083468,0.0,0.0
2015-03-26 00:00:00-04:00,46.202760019751686,46.5566047217828,45.80831308638503,46.08674621582031,1863198,0.0,0.0
2015-03-27 00:00:00-04:00,46.06353806285321,46.719018578375575,45.95332756206004,46.498592376708984,1518100,0.0,0.0
2015-03-30 00:00:00-04:00,46.603013174363944,47.00326342314059,46.376788842510244,46.82924270629883,781845,0.0,0.0
2015-03-31 00:00:00-04:00,46.56819940951818,47.18887577138949,46.49279304784042,46.8060302734375,1416345,0.0,0.0
2015-04-01 00:00:00-04:00,46.76541461122963,47.20627212524414,46.22014990715174,47.20627212524414,913210,0.0,0.0
2015-04-02 00:00:00-04:00,47.1888708813352,47.774748246396285,47.08445848362281,47.61232376098633,1786588,0.0,0.0
2015-04-06 00:00:00-04:00,47.75735709751748,48.882696235906906,47.65874276061488,48.366432189941406,2185265,0.0,0.0
2015-04-07 00:00:00-04:00,48.31422653563648,48.37223343722288,47.60073384600253,47.6529426574707,1409178,0.0,0.0
2015-04-08 00:00:00-04:00,47.57752323794551,47.77475187088926,47.12506948019918,47.455711364746094,1152793,0.0,0.0
2015-04-09 00:00:00-04:00,47.4789150028014,47.484713092070905,46.916245539735826,47.21207809448242,1164073,0.0,0.0
2015-04-10 00:00:00-04:00,47.45571490428325,47.72834991714619,47.136674374344096,47.40930938720703,907453,0.0,0.0
2015-04-13 00:00:00-04:00,47.41511613313833,47.46732494942075,46.98586502181715,47.01486587524414,1182990,0.0,0.0
2015-04-14 00:00:00-04:00,47.02646921940921,47.33390843903874,46.94525954631028,47.229496002197266,988410,0.0,0.0
2015-04-15 00:00:00-04:00,47.25268466285105,47.72254308844396,47.24108328444234,47.264286041259766,1216830,0.0,0.0
2015-04-16 00:00:00-04:00,47.159878452069115,47.183081211256265,46.46959376621114,46.951053619384766,1000983,0.0,0.0
2015-04-17 00:00:00-04:00,46.603010011255776,47.21208507890249,46.603010011255776,46.81184005737305,787955,0.0,0.0
2015-04-20 00:00:00-04:00,46.92785526782261,48.04739110379351,46.92785526782261,47.583335876464844,1021663,0.0,0.0
2015-04-21 00:00:00-04:00,47.6645391837267,47.97777642039381,46.904646250290426,47.08446502685547,788190,0.0,0.0
2015-04-22 00:00:00-04:00,47.50210889717418,47.623920749907064,47.090257432999266,47.519508361816406,971960,0.0,0.0
2015-04-23 00:00:00-04:00,47.583311850461335,48.105373717603996,47.51370360150898,48.041568756103516,1647233,0.0,0.0
2015-04-24 00:00:00-04:00,47.52533251632416,48.528854620280995,46.794440278708485,48.03579330444336,1652403,0.0,0.0
2015-04-27 00:00:00-04:00,48.256208958750356,48.331615314090776,47.13086491676259,47.258480072021484,1448305,0.0,0.0
2015-04-28 00:00:00-04:00,47.05545858201485,47.56012111443571,46.83503240465302,47.49051284790039,995343,0.0,0.0
2015-04-29 00:00:00-04:00,47.072865964610784,47.27008941962689,46.742224042925855,47.154075622558594,1127060,0.0,0.0
2015-04-30 00:00:00-04:00,47.02066866992057,47.02066866992057,45.93593172155232,46.191162109375,1759680,0.0,0.0
2015-05-01 00:00:00-04:00,46.30137246022493,46.46959506908851,45.91272363290329,46.45219039916992,1065490,0.0,0.0
2015-05-04 00:00:00-04:00,46.56240104403201,47.15407135553949,46.46378672540739,46.75962448120117,763280,0.0,0.0
2015-05-05 00:00:00-04:00,46.788629028750734,46.788629028750734,45.582075286920215,45.6458854675293,1150090,0.0,0.0
2015-05-06 00:00:00-04:00,45.64008963434552,45.83151500736508,44.775784210853715,45.216636657714844,1733595,0.0,0.0
2015-05-07 00:00:00-04:00,45.390655564232446,45.848912663270724,45.373256094690525,45.47187042236328,1124005,0.0,0.0
2015-05-08 00:00:00-04:00,45.999745288061824,46.32458398726716,45.73871159044529,45.94753646850586,1433735,0.0,0.0
2015-05-11 00:00:00-04:00,45.83729466169149,46.463774139552726,45.65167265345961,45.69807815551758,1014378,0.0,0.0
2015-05-12 00:00:00-04:00,45.39065438236923,45.66328939876526,45.077417138045526,45.39645767211914,1166775,0.0,0.0
2015-05-13 00:00:00-04:00,45.52407514927357,45.779305509415074,44.53795264864616,44.77578353881836,1647585,0.0,0.0
2015-05-14 00:00:00-04:00,45.060022046640015,45.46026707545369,44.949806331407835,45.297847747802734,1192038,0.0,0.0
2015-05-15 00:00:00-04:00,45.442854851005485,45.964922029159105,45.373246587262265,45.90690994262695,2155303,0.0,0.0
2015-05-18 00:00:00-04:00,45.70389594441678,46.26656543543485,45.70389594441678,46.24916076660156,1047278,0.0,0.0
2015-05-19 00:00:00-04:00,46.028731971778775,46.37097523882528,45.883712139956344,46.13314437866211,825673,0.0,0.0
2015-05-20 00:00:00-04:00,46.167966096261296,46.574019699967934,46.03455279225421,46.243377685546875,883718,0.0,0.0
2015-05-21 00:00:00-04:00,46.20275765366371,46.341974211251944,45.87212092943196,46.208560943603516,664815,0.0,0.0
2015-05-22 00:00:00-04:00,46.121554707552875,46.33037957432737,45.8199187888786,46.179561614990234,747535,0.0,0.0
2015-05-26 00:00:00-04:00,46.16795275735008,46.16795275735008,45.70389757299743,45.91852569580078,799235,0.0,0.0
2015-05-27 00:00:00-04:00,46.06352709129323,46.12153397265238,45.79089214886571,45.941715240478516,1379803,0.0,0.0
2015-05-28 00:00:00-04:00,46.0113325040049,46.272360921173224,45.81410386870079,46.13314437866211,911330,0.0,0.0
2015-05-29 00:00:00-04:00,46.12734428570174,46.254959444126776,45.8257032566173,45.95912170410156,1019313,0.0,0.0
2015-06-01 00:00:00-04:00,46.01713421047253,46.243363709876164,45.8605129877961,45.976531982421875,782785,0.0,0.0
2015-06-02 00:00:00-04:00,45.75030185023771,45.76770131913864,44.85699044451368,45.152828216552734,1299080,0.0,0.0
2015-06-03 00:00:00-04:00,45.07161900690614,45.23403831862825,44.155104833536676,44.47414016723633,1325870,0.0,0.0
2015-06-04 00:00:00-04:00,44.29431645719727,44.729370736650026,44.23050627751014,44.47993850708008,1798338,0.0,0.0
2015-06-05 00:00:00-04:00,44.050688184817275,44.108700283213516,43.4010109236813,43.470619201660156,2160708,0.0,0.0
2015-06-08 00:00:00-04:00,43.470607460745,43.58662122604243,43.22117526531596,43.2327766418457,1323990,0.0,0.0
2015-06-09 00:00:00-04:00,43.18638110416982,43.41841128836232,43.12257351852793,43.226985931396484,1738648,0.0,0.0
2015-06-10 00:00:00-04:00,43.4822146957181,43.67943812329603,43.21538039954334,43.52281951904297,1717145,0.0,0.0
2015-06-11 00:00:00-04:00,43.827269176539815,44.08487116949805,43.58723340108132,43.797996520996094,1532318,0.587234,0.0
2015-06-12 00:00:00-04:00,43.56380111784896,43.792127756880866,43.35888997146818,43.370601654052734,913093,0.0,0.0
2015-06-15 00:00:00-04:00,43.35889984704642,43.52282932632274,43.054464258997875,43.19497299194336,1075243,0.0,0.0
2015-06-16 00:00:00-04:00,43.1071396837232,43.41157778753688,42.87295592136522,43.38230514526367,1116133,0.0,0.0
2015-06-17 00:00:00-04:00,43.37059652349066,43.985324641567885,43.32961219972465,43.89750671386719,1443253,0.0,0.0
2015-06-18 00:00:00-04:00,43.92094083273439,44.6586169425745,43.92094083273439,44.52396011352539,1339970,0.0,0.0
2015-06-19 00:00:00-04:00,44.53566259189836,44.73471660446602,44.278063281516665,44.31319046020508,2086448,0.0,0.0
2015-06-22 00:00:00-04:00,44.40101689471543,44.48883748758769,43.973636113715195,44.13756561279297,710875,0.0,0.0
2015-06-23 00:00:00-04:00,43.99703723889727,44.05558515291459,43.34132474429092,43.53452682495117,1052448,0.0,0.0
2015-06-24 00:00:00-04:00,43.54623549818445,43.72187136616695,43.177397551248674,43.23594284057617,1105910,0.0,0.0
2015-06-25 00:00:00-04:00,43.32376490618892,43.42914906120104,43.136419962474555,43.25936508178711,1157493,0.0,0.0
2015-06-26 00:00:00-04:00,43.1481235374939,43.891653936705964,42.96663314633735,43.885799407958984,2379845,0.0,0.0
2015-06-29 00:00:00-04:00,43.90923298793505,44.406870730871056,43.67504913140279,43.69846725463867,1978935,0.0,0.0
2015-06-30 00:00:00-04:00,43.86825127227224,43.90923298793505,43.57552210765026,43.69846725463867,1701283,0.0,0.0
2015-07-01 00:00:00-04:00,43.762861426286214,44.061445083050856,43.63406176516827,44.04973602294922,1234808,0.0,0.0
2015-07-02 00:00:00-04:00,44.2722085110439,44.73471901284774,44.13755694299534,44.62348556518555,1560048,0.0,0.0
2015-07-06 00:00:00-04:00,44.54152381172922,44.86937750941515,44.389300775171584,44.76984786987305,1566510,0.0,0.0
2015-07-07 00:00:00-04:00,45.03329452491478,46.19249652267341,44.84594959571665,45.99344253540039,2545873,0.0,0.0
2015-07-08 00:00:00-04:00,45.817809649657114,46.18079047362947,45.57777131930909,45.642173767089844,1646410,0.0,0.0
2015-07-09 00:00:00-04:00,45.765118780283316,45.93490276695178,44.9162093436326,44.998172760009766,1399073,0.0,0.0
2015-07-10 00:00:00-04:00,45.49580609886022,45.89977123687897,44.78740544316037,45.37871551513672,1141630,0.0,0.0
2015-07-13 00:00:00-04:00,45.55434343956683,45.60703681721784,44.93375820580526,45.23234176635742,1156200,0.0,0.0
2015-07-14 00:00:00-04:00,45.22651535933035,45.56607818429293,45.04502225974564,45.138694763183594,743070,0.0,0.0
2015-07-15 00:00:00-04:00,45.15038783794826,45.41384428474883,44.86351327358076,45.372859954833984,916383,0.0,0.0
2015-07-16 00:00:00-04:00,45.47824948601358,46.05785055506336,45.361158891088955,45.98173904418945,905338,0.0,0.0
2015-07-17 00:00:00-04:00,45.800241616541335,45.952464623727195,45.372858361777894,45.37871551513672,1424805,0.0,0.0
2015-07-20 00:00:00-04:00,45.33773995237686,45.33773995237686,44.834250345019804,45.3201789855957,1192625,0.0,0.0
2015-07-21 00:00:00-04:00,45.32015370707077,45.40797423703127,44.69371668827231,44.88106155395508,951280,0.0,0.0
2015-07-22 00:00:00-04:00,44.93961821711652,45.384562385910826,44.85179766489265,45.16209030151367,909333,0.0,0.0
2015-07-23 00:00:00-04:00,44.99816524311291,45.11525581837757,44.254637466009804,44.594200134277344,1108613,0.0,0.0
2015-07-24 00:00:00-04:00,44.8108146277197,45.68899907894188,44.8108146277197,45.29088592529297,2121933,0.0,0.0
2015-07-27 00:00:00-04:00,45.279178160263506,46.42667618143021,45.26746910389129,46.063690185546875,1683893,0.0,0.0
2015-07-28 00:00:00-04:00,45.999302059995955,46.12224455194766,45.77682469675871,46.02857208251953,1604345,0.0,0.0
2015-07-29 00:00:00-04:00,45.93491833154693,46.47354049859238,45.60706455494823,46.43255615234375,1301900,0.0,0.0
2015-07-30 00:00:00-04:00,46.26861589092957,46.80723790229597,46.19250437632975,46.57305145263672,1228228,0.0,0.0
2015-07-31 00:00:00-04:00,46.78381178546252,47.5800277338311,46.78381178546252,47.10580825805664,1036115,0.0,0.0
2015-08-03 00:00:00-04:00,47.12923515022793,47.50393032640174,46.818942429572566,47.047271728515625,954453,0.0,0.0
2015-08-04 00:00:00-04:00,46.87748676465193,47.0297045276526,46.2334832882267,46.30373764038086,1201320,0.0,0.0
2015-08-05 00:00:00-04:00,46.48523925159195,46.64916610353224,46.20421654277647,46.374000549316406,689020,0.0,0.0
2015-08-06 00:00:00-04:00,46.43839300302286,46.80723096459553,45.923189188150545,46.772098541259766,1171593,0.0,0.0
2015-08-07 00:00:00-04:00,46.75454090505728,47.77323430061814,46.502793508871505,47.55076217651367,1708685,0.0,0.0
2015-08-10 00:00:00-04:00,47.580027219226615,47.708826856540256,47.05897151683068,47.21118927001953,891120,0.0,0.0
2015-08-11 00:00:00-04:00,47.29901242150189,47.8610524816612,47.0297040741744,47.51563262939453,1265945,0.0,0.0
2015-08-12 00:00:00-04:00,47.42781539780972,48.77436772573698,47.25217950677897,48.604583740234375,2135093,0.0,0.0
2015-08-13 00:00:00-04:00,48.417232119026984,48.873885372790674,48.03668511671806,48.67483139038086,1253843,0.0,0.0
2015-08-14 00:00:00-04:00,48.516760648169004,49.05538260100621,48.22989133190595,48.973419189453125,1042813,0.0,0.0
2015-08-17 00:00:00-04:00,49.020266867465104,49.3715387132617,48.71583126777471,49.24859619140625,1005213,0.0,0.0
2015-08-18 00:00:00-04:00,49.119786337490666,49.24272883387367,48.75680025702784,48.94414520263672,942585,0.0,0.0
2015-08-19 00:00:00-04:00,48.83291063490133,49.48862317769866,48.69240192894737,49.40080261230469,1655575,0.0,0.0
2015-08-20 00:00:00-04:00,49.10221790693499,49.834036691839415,48.79778238407059,49.33639907836914,1704690,0.0,0.0
2015-08-21 00:00:00-04:00,48.96171583857532,49.301278583166905,48.68069839477539,48.68069839477539,2256823,0.0,0.0
2015-08-24 00:00:00-04:00,48.048401144384094,48.048401144384094,46.15152301074618,46.379852294921875,2383605,0.0,0.0
2015-08-25 00:00:00-04:00,46.72527444323871,47.181933085061765,44.810835036529205,44.82254409790039,1988805,0.0,0.0
2015-08-26 00:00:00-04:00,45.27918866374459,45.665592862007124,44.54736984654732,45.589481353759766,1910785,0.0,0.0
2015-08-27 00:00:00-04:00,45.84707964892695,46.245187603633966,45.47238456085779,46.23347854614258,1425040,0.0,0.0
2015-08-28 00:00:00-04:00,46.21592079390364,46.3271594846025,45.51337721584522,46.15152359008789,1211425,0.0,0.0
2015-08-31 00:00:00-04:00,46.046137777333186,46.081264952974045,45.22649843070111,45.70071792602539,1965540,0.0,0.0
2015-09-01 00:00:00-04:00,45.20307235001802,45.40212631024816,44.313178808880004,44.56492614746094,1467575,0.0,0.0
2015-09-02 00:00:00-04:00,45.00986918217694,45.039144446836424,44.12583281528768,44.50052261352539,1057383,0.0,0.0
2015-09-03 00:00:00-04:00,44.79326171921724,45.033300063446646,44.52981050430375,44.71715545654297,804758,0.0,0.0
2015-09-04 00:00:00-04:00,44.20193763291829,44.436118749275366,43.69844560857849,43.91506576538086,988410,0.0,0.0
2015-09-08 00:00:00-04:00,44.430285802264954,44.80497574830234,44.23708367466623,44.65861511230469,1011205,0.0,0.0
2015-09-09 00:00:00-04:00,44.7171599044597,44.974759239411455,43.93264759057846,43.997047424316406,1182990,0.0,0.0
2015-09-10 00:00:00-04:00,43.75700347690139,44.40685884696008,43.75700347690139,43.95020294189453,983710,0.0,0.0
2015-09-11 00:00:00-04:00,43.81555070509961,44.46540610386898,43.65162125490245,44.45954895019531,877960,0.0,0.0
2015-09-14 00:00:00-04:00,44.52981764805515,44.80497796662653,44.30734023323405,44.42443084716797,777850,0.0,0.0
2015-09-15 00:00:00-04:00,44.52980762869284,44.84009506162864,44.073149088753674,44.78740692138672,1050333,0.0,0.0
2015-09-16 00:00:00-04:00,44.64689765559888,45.51922514634835,44.62933144350852,45.448970794677734,1551235,0.0,0.0
2015-09-17 00:00:00-04:00,45.50807173303941,46.855586376647686,45.3485015344195,46.18773651123047,1765790,0.621277,0.0
2015-09-18 00:00:00-04:00,45.827220316614444,46.49507022412156,45.75039158973956,45.98088836669922,1699873,0.0,0.0
2015-09-21 00:00:00-04:00,46.069539676517564,46.31185667763554,45.898149247333436,46.08727264404297,906278,0.0,0.0
2015-09-22 00:00:00-04:00,45.85676020349629,46.15226540999378,45.54943478873889,45.66763687133789,1231518,0.0,0.0
2015-09-23 00:00:00-04:00,45.7267604727967,46.365057331913036,45.46080300665084,46.29413604736328,1309420,0.0,0.0
2015-09-24 00:00:00-04:00,46.09317514690707,46.60735697552957,45.98679324769213,46.548255920410156,1238685,0.0,0.0
2015-09-25 00:00:00-04:00,46.67827091343728,47.51160360704309,46.32957739205933,46.849666595458984,1897508,0.0,0.0
2015-09-28 00:00:00-04:00,46.84968165475758,47.13336676598112,46.500982723127954,46.554176330566406,1602935,0.0,0.0
2015-09-29 00:00:00-04:00,46.64281963092672,46.79057492421518,45.9454271502803,46.23501968383789,2263638,0.0,0.0
2015-09-30 00:00:00-04:00,46.56598823563894,47.55889124594434,46.40641273996172,47.49979019165039,1850155,0.0,0.0
2015-10-01 00:00:00-04:00,47.57071244966462,47.65345392740306,46.32958498542074,46.908775329589844,1442430,0.0,0.0
2015-10-02 00:00:00-04:00,47.41115048299915,47.63573455810547,46.70193231607358,47.63573455810547,1192508,0.0,0.0
2015-10-05 00:00:00-04:00,47.8721253108521,48.0612486681111,47.33430311456347,47.94304656982422,968318,0.0,0.0
2015-10-06 00:00:00-04:00,47.83074936712542,47.97850463115843,47.38158141767796,47.706634521484375,1342320,0.0,0.0
2015-10-07 00:00:00-04:00,47.80712716712649,47.8603207778627,47.328405863174225,47.49388885498047,996988,0.0,0.0
2015-10-08 00:00:00-04:00,47.39931624743798,48.16763525948527,47.28111413761027,48.09080123901367,769625,0.0,0.0
2015-10-09 00:00:00-04:00,48.031700854724775,48.10262212161161,47.75392854183495,47.954872131347656,976308,0.0,0.0
2015-10-12 00:00:00-04:00,48.078975078595136,48.53996854804568,47.9725931929142,48.22673034667969,832958,0.0,0.0
2015-10-13 00:00:00-04:00,48.09081114969801,48.587265411452215,47.8898675215799,48.0789909362793,1196033,0.0,0.0
2015-10-14 00:00:00-04:00,48.1676339532855,48.62271471286499,47.960777617612905,48.32129669189453,852933,0.0,0.0
2015-10-15 00:00:00-04:00,48.522247094080846,49.35558001016312,48.262202422956406,49.20782470703125,1352308,0.0,0.0
2015-10-16 00:00:00-04:00,49.444227482186896,49.633356171908154,49.05416048710753,49.261016845703125,951398,0.0,0.0
2015-10-19 00:00:00-04:00,49.31419764801766,49.4501327141,48.959591342803066,49.43239974975586,949048,0.0,0.0
2015-10-20 00:00:00-04:00,49.1369044293354,49.76338099336838,49.08962357908143,49.53879165649414,690548,0.0,0.0
2015-10-21 00:00:00-04:00,49.792924298161196,50.02342107104335,49.40876477608007,49.51515197753906,831078,0.0,0.0
2015-10-22 00:00:00-04:00,49.603788619604714,50.259812843049346,49.50922695122827,50.15934371948242,1009678,0.0,0.0
2015-10-23 00:00:00-04:00,49.77519716432642,50.448954523906174,49.04233874672805,49.24919509887695,1135050,0.0,0.0
2015-10-26 00:00:00-04:00,49.39103235133263,49.45013340302511,48.65817401217902,49.34965896606445,1133758,0.0,0.0
2015-10-27 00:00:00-04:00,49.19008346748401,49.43239510419191,48.88275273368024,49.343746185302734,937063,0.0,0.0
2015-10-28 00:00:00-04:00,49.3319251363867,49.53877614238412,48.06124473649975,48.56360626220703,1144920,0.0,0.0
2015-10-29 00:00:00-04:00,48.2622068175948,48.54589193919859,47.35204508761437,47.96078872680664,1067370,0.0,0.0
2015-10-30 00:00:00-04:00,48.09672555985182,48.504525585908446,47.86032128334608,48.22084045410156,894528,0.0,0.0
2015-11-02 00:00:00-05:00,48.22673521089528,48.622714918841055,47.94305015379993,48.557701110839844,980303,0.0,0.0
2015-11-03 00:00:00-05:00,48.33312335480686,48.770476505861154,48.14990741600024,48.735015869140625,1000865,0.0,0.0
2015-11-04 00:00:00-05:00,48.735028126645176,49.16055587431741,48.6109132178229,48.88277816772461,795358,0.0,0.0
2015-11-05 00:00:00-05:00,48.77637964494246,49.33784232573096,48.6877307100727,49.05415725708008,1440315,0.0,0.0
2015-11-06 00:00:00-05:00,48.30356456308867,48.35084540137018,46.80238735131772,46.920589447021484,2418385,0.0,0.0
2015-11-09 00:00:00-05:00,46.690100281969194,47.1451810733019,46.51870986449158,46.867408752441406,1696700,0.0,0.0
2015-11-10 00:00:00-05:00,46.961970866121845,47.523433565880154,46.820128327004056,47.39931869506836,1389673,0.0,0.0
2015-11-11 00:00:00-05:00,47.48205907595373,47.88985901555146,47.381589928823786,47.87213134765625,1293205,0.0,0.0
2015-11-12 00:00:00-05:00,47.73029139880386,48.19127966524007,47.162915926560906,47.298851013183594,1134228,0.0,0.0
2015-11-13 00:00:00-05:00,47.40523034305794,47.75392922599761,46.885135746935894,47.00333786010742,1079473,0.0,0.0
2015-11-16 00:00:00-05:00,46.92059342860947,47.931229379887064,46.90286576183285,47.907588958740234,1315648,0.0,0.0
2015-11-17 00:00:00-05:00,47.75393466027418,48.132181465466594,46.879233625098806,47.01516342163086,991113,0.0,0.0
2015-11-18 00:00:00-05:00,46.861487182284186,47.29884022319762,46.25274375613418,47.21018600463867,1846513,0.0,0.0
2015-11-19 00:00:00-05:00,47.48206583784831,48.096722212149416,47.32249561139782,47.83076477050781,1283218,0.0,0.0
2015-11-20 00:00:00-05:00,48.04351280028373,48.398124371876456,47.88394262632504,48.09670639038086,1707158,0.0,0.0
2015-11-23 00:00:00-05:00,48.073085478718795,48.268121657326105,47.493889698936364,47.594364166259766,763633,0.0,0.0
2015-11-24 00:00:00-05:00,47.369770841031276,47.51752083694257,46.90286983376325,47.40523147583008,1083350,0.0,0.0
2015-11-25 00:00:00-05:00,47.40522210656852,47.40522210656852,46.97378181937001,47.21018600463867,693368,0.0,0.0
2015-11-27 00:00:00-05:00,47.210192276006666,47.64754007685065,47.03288911350234,47.381587982177734,349680,0.0,0.0
2015-11-30 00:00:00-05:00,47.393406073938955,47.94304850221008,47.363852899092734,47.570709228515625,1536430,0.0,0.0
2015-12-01 00:00:00-05:00,47.83668048443832,47.90168901088864,47.28112514079301,47.67710494995117,1370403,0.0,0.0
2015-12-02 00:00:00-05:00,47.51751614312097,47.5825299495804,46.45960466037423,46.500972747802734,1586015,0.0,0.0
2015-12-03 00:00:00-05:00,46.51280039147536,46.6664631516482,46.06953978035443,46.258663177490234,1977408,0.0,0.0
2015-12-04 00:00:00-05:00,46.54826728792878,47.75393970313561,46.412337477042406,47.594364166259766,1588718,0.0,0.0
2015-12-07 00:00:00-05:00,47.47024876351007,47.99034346817863,47.29294555674867,47.97852325439453,1258895,0.0,0.0
2015-12-08 00:00:00-05:00,47.87213802007341,48.00216036270765,47.281122073567886,47.64754867553711,1007445,0.0,0.0
2015-12-09 00:00:00-05:00,47.48206020214377,48.078983537007424,47.1510942773549,47.40523147583008,1984928,0.0,0.0
2015-12-10 00:00:00-05:00,47.36385663457307,47.44069065669946,46.459607825832535,46.642818450927734,1488373,0.0,0.0
2015-12-11 00:00:00-05:00,46.45961904464604,46.83786589557804,46.24094243486668,46.29413604736328,1364528,0.0,0.0
2015-12-14 00:00:00-05:00,46.300042791559314,46.52462685583799,45.71493955395958,46.37687683105469,1613628,0.0,0.0
2015-12-15 00:00:00-05:00,46.489163386414766,47.19246872033012,46.489163386414766,46.76102828979492,909920,0.0,0.0
2015-12-16 00:00:00-05:00,46.979701121601515,47.901682974808175,46.820130905390194,47.80712127685547,1242445,0.0,0.0
2015-12-17 00:00:00-05:00,47.89061576319339,48.105322523240936,47.526813472444225,47.681880950927734,1358418,0.621277,0.0
2015-12-18 00:00:00-05:00,47.634163238484625,47.6938025188708,46.817102423985695,47.043731689453125,1888930,0.0,0.0
2015-12-21 00:00:00-05:00,47.21071924685083,47.47909329118749,46.506970507762155,46.91251754760742,1275815,0.0,0.0
2015-12-22 00:00:00-05:00,47.03776069277716,47.29421221853324,46.501001934051224,47.16300582885742,1046455,0.0,0.0
2015-12-23 00:00:00-05:00,47.3240306541744,47.789222305756475,47.27631923825993,47.717655181884766,786075,0.0,0.0
2015-12-24 00:00:00-05:00,47.604341709855426,47.84886540921589,47.532774580249885,47.6401252746582,385283,0.0,0.0
2015-12-28 00:00:00-05:00,47.59242438413843,48.12321671935211,47.46717920641165,48.10532760620117,892883,0.0,0.0
2015-12-29 00:00:00-05:00,48.29018459306396,48.83290453711188,48.182833924106525,48.570491790771484,1031650,0.0,0.0
2015-12-30 00:00:00-05:00,48.65996070519517,48.86273422163397,48.44525398843228,48.6301383972168,1355363,0.0,0.0
2015-12-31 00:00:00-05:00,48.56454459814863,48.707678864864896,47.31807567253613,47.82501220703125,1151383,0.0,0.0
2016-01-04 00:00:00-05:00,47.41349058508392,47.51487466717213,46.76938114619884,47.19878387451172,1654753,0.0,0.0
2016-01-05 00:00:00-05:00,47.091444043818214,47.771337200065304,46.52486819575131,47.681880950927734,1479443,0.0,0.0
2016-01-06 00:00:00-05:00,47.335964305498074,47.753444592295445,47.19283004022466,47.46717071533203,2465855,0.0,0.0
2016-01-07 00:00:00-05:00,46.984098239420206,47.40753985591618,46.811146978046885,46.94831466674805,1670145,0.0,0.0
2016-01-08 00:00:00-05:00,46.9483180265807,47.21073625804057,46.6680106807133,46.74554443359375,1858028,0.0,0.0
2016-01-11 00:00:00-05:00,46.870789102700456,47.33597557559403,46.864822500351856,47.204769134521484,2169638,0.0,0.0
2016-01-12 00:00:00-05:00,47.57452482184146,47.57452482184146,46.793247561389684,47.473140716552734,1793285,0.0,0.0
2016-01-13 00:00:00-05:00,47.96217816281731,48.41544200434244,47.71765980576955,47.86079406738281,2151190,0.0,0.0
2016-01-14 00:00:00-05:00,47.82500922909573,48.797132069887226,47.634158205607825,48.49893569946289,1354305,0.0,0.0
2016-01-15 00:00:00-05:00,47.88465310039092,48.42737321987572,47.60434581207272,48.033748626708984,1729248,0.0,0.0
2016-01-19 00:00:00-05:00,48.46315662342838,49.16093886805461,48.23056075974737,49.04166030883789,2002553,0.0,0.0
2016-01-20 00:00:00-05:00,48.73153457598428,49.1370816650137,47.43138762714485,47.82501220703125,2389245,0.0,0.0
2016-01-21 00:00:00-05:00,47.819056191080854,48.16496942529848,46.94831719606354,47.264408111572266,1699520,0.0,0.0
2016-01-22 00:00:00-05:00,47.6759094692001,48.558576092410426,47.34192952662944,48.50489807128906,1612923,0.0,0.0
2016-01-25 00:00:00-05:00,48.5287597201662,48.56454863623773,48.02778974500415,48.16496276855469,1013203,0.0,0.0
2016-01-26 00:00:00-05:00,48.37370382126518,49.06552493685655,48.21864166610559,48.72557830810547,1120715,0.0,0.0
2016-01-27 00:00:00-05:00,48.4631493773534,49.22653738861759,48.331942981832626,48.90447998046875,1161135,0.0,0.0
2016-01-28 00:00:00-05:00,48.904479738124785,50.03763656847551,48.65996140271031,49.64997863769531,905103,0.0,0.0
2016-01-29 00:00:00-05:00,50.097286562944895,50.801030104261265,49.38757107368658,50.69964599609375,1795635,0.0,0.0
2016-02-01 00:00:00-05:00,50.401431987368014,51.19464228032014,50.27022559629114,50.8785514831543,1279810,0.0,0.0
2016-02-02 00:00:00-05:00,50.78314448962999,51.47496556837229,50.6817550280633,51.421287536621094,1475095,0.0,0.0
2016-02-03 00:00:00-05:00,51.689658619298385,52.387440840389644,51.34971206378812,51.94014358520508,2087035,0.0,0.0
2016-02-04 00:00:00-05:00,51.850676551102076,52.22044537979208,51.552480194429556,51.65386962890625,1631253,0.0,0.0
2016-02-05 00:00:00-05:00,51.39742388223956,51.80297097302557,50.71753076597573,51.55845260620117,2087388,0.0,0.0
2016-02-08 00:00:00-05:00,51.79105111769125,52.369560223830476,50.836817174963684,51.421287536621094,2065650,0.0,0.0
2016-02-09 00:00:00-05:00,51.30796487797042,51.958041061179344,51.16483060341992,51.79701232910156,1716323,0.0,0.0
2016-02-10 00:00:00-05:00,51.069410214549286,51.75526465302746,49.97800329888581,51.164833068847656,2637170,0.0,0.0
2016-02-11 00:00:00-05:00,51.24833382241715,51.5584634801369,50.11518195393454,50.14500427246094,1766143,0.0,0.0
2016-02-12 00:00:00-05:00,49.94223334099544,50.401458625683404,49.459152336230666,49.93030548095703,1180993,0.0,0.0
2016-02-16 00:00:00-05:00,49.88257556231101,50.473012435118775,49.638057195312356,50.419334411621094,1590598,0.0,0.0
2016-02-17 00:00:00-05:00,50.425284378491234,50.592279666203865,49.84081958395123,50.228477478027344,1545243,0.0,0.0
2016-02-18 00:00:00-05:00,50.317939395491635,51.10518312567144,50.12113247275875,50.777164459228516,1172533,0.0,0.0
2016-02-19 00:00:00-05:00,50.663868291828216,50.81893044600285,50.16289290884623,50.526695251464844,1026363,0.0,0.0
2016-02-22 00:00:00-05:00,50.70560153521619,51.140970926431606,50.508794596174646,50.92626953125,940000,0.0,0.0
2016-02-23 00:00:00-05:00,50.6757929186711,51.319897210327404,50.52669202980121,51.14694595336914,780200,0.0,0.0
2016-02-24 00:00:00-05:00,51.105191057825955,51.522671369520886,50.81295590892289,51.32585906982422,805698,0.0,0.0
2016-02-25 00:00:00-05:00,51.486884676145294,51.91032621700698,51.29007238839387,51.86857604980469,668458,0.0,0.0
2016-02-26 00:00:00-05:00,51.56441741156941,51.7254461466196,50.25234785755359,50.27023696899414,1354540,0.0,0.0
2016-02-29 00:00:00-05:00,50.21656136802467,50.69964219866572,50.10324406529506,50.16884994506836,1468868,0.0,0.0
2016-03-01 00:00:00-05:00,50.46107942441483,50.574391368019185,49.590340706703174,49.995887756347656,1596590,0.0,0.0
2016-03-02 00:00:00-05:00,49.77521569153851,50.18672930781777,48.75538155071892,50.133056640625,1253843,0.0,0.0
2016-03-03 00:00:00-05:00,50.246375226814074,50.246375226814074,49.26232451598765,50.103240966796875,1390965,0.0,0.0
2016-03-04 00:00:00-05:00,49.84678804090119,50.741382487835025,49.661908966669024,50.61017608642578,1079238,0.0,0.0
2016-03-07 00:00:00-05:00,50.413361230474415,51.397411759518825,50.32986091447285,51.39144515991211,1478620,0.0,0.0
2016-03-08 00:00:00-05:00,51.42128434302811,52.244311802647736,51.12904918034909,52.04153823852539,1750398,0.0,0.0
2016-03-09 00:00:00-05:00,52.679673431884105,52.828774291889985,52.238337452546574,52.44111633300781,1312475,0.0,0.0
2016-03-10 00:00:00-05:00,52.30394654472185,52.673710070721164,51.999783551739874,52.48286437988281,952808,0.0,0.0
2016-03-11 00:00:00-05:00,52.76915012563524,52.9778849737072,52.39341991412065,52.63197708129883,1118365,0.0,0.0
2016-03-14 00:00:00-04:00,52.57234335522754,52.798972688039576,52.26221365864521,52.5186653137207,709230,0.0,0.0
2016-03-15 00:00:00-04:00,52.333758277268146,52.91226183387928,52.29796937105437,52.703521728515625,813688,0.0,0.0
2016-03-16 00:00:00-04:00,52.4590132785217,53.5086700167911,52.077321863302714,53.365535736083984,1349723,0.0,0.0
2016-03-17 00:00:00-04:00,53.57599017481928,53.94278486308734,53.100961783677654,53.792457580566406,1682718,0.621277,0.0
2016-03-18 00:00:00-04:00,53.918730703420984,53.990886502358194,53.287364767523954,53.46173858642578,2419208,0.0,0.0
2016-03-21 00:00:00-04:00,53.20919329014554,53.70226330660935,52.746190885102,53.46173858642578,808165,0.0,0.0
2016-03-22 00:00:00-04:00,53.39560400079083,53.70226887325857,53.070897481522216,53.13704299926758,995108,0.0,0.0
2016-03-23 00:00:00-04:00,53.17912095315927,53.94277784297451,52.86644585221607,53.750362396240234,1123418,0.0,0.0
2016-03-24 00:00:00-04:00,53.5098446612,53.888665316454016,53.35952276907216,53.792457580566406,868443,0.0,0.0
2016-03-28 00:00:00-04:00,53.81651645835733,54.13520731980152,53.46174769130024,53.68423080444336,698773,0.0,0.0
2016-03-29 00:00:00-04:00,53.67218505683039,54.66433518115237,53.47976963113647,54.64027786254883,1047278,0.0,0.0
2016-03-30 00:00:00-04:00,54.67638141370159,54.71846960847826,54.26749309213599,54.550106048583984,798648,0.0,0.0
2016-03-31 00:00:00-04:00,54.55007782599085,54.676353125777354,54.23138712873234,54.513999938964844,1277225,0.0,0.0
2016-04-01 00:00:00-04:00,54.48997035001866,54.83872340089245,54.081082072394096,54.748531341552734,1305190,0.0,0.0
2016-04-04 00:00:00-04:00,54.748537225084846,54.856770942159734,54.02095804137962,54.550106048583984,1103325,0.0,0.0
2016-04-05 00:00:00-04:00,54.417811997621136,54.55009763141188,53.46775523727646,53.545921325683594,1525855,0.0,0.0
2016-04-06 00:00:00-04:00,53.473756395585795,53.66016154293424,53.17310727921092,53.50983428955078,928720,0.0,0.0
2016-04-07 00:00:00-04:00,53.311423347819584,53.70828029145771,53.23926214949184,53.3775634765625,1173825,0.0,0.0
2016-04-08 00:00:00-04:00,53.5158576965332,53.984870385818944,53.24527075751809,53.5158576965332,779730,0.0,0.0
2016-04-11 00:00:00-04:00,53.56396414233975,53.93075883015933,53.25128900108733,53.269325256347656,996400,0.0,0.0
2016-04-12 00:00:00-04:00,53.47978474555249,53.65416396956643,53.27534329797361,53.569976806640625,852580,0.0,0.0
2016-04-13 00:00:00-04:00,53.756388552404374,53.79246645931709,52.91456533404701,53.329463958740234,974545,0.0,0.0
2016-04-14 00:00:00-04:00,53.257306945204355,53.45573812395129,52.97469398555742,53.08292770385742,957155,0.0,0.0
2016-04-15 00:00:00-04:00,53.26330402440843,53.69022306897499,52.99872741500867,53.58800506591797,955628,0.0,0.0
2016-04-18 00:00:00-04:00,53.58199241053731,53.70826774010904,53.20918748999987,53.66016387939453,884893,0.0,0.0
2016-04-19 00:00:00-04:00,53.67219367325108,53.86460912983497,53.50984043656209,53.84657287597656,753880,0.0,0.0
2016-04-20 00:00:00-04:00,53.81649627442546,53.99688573483471,52.27115181133185,52.34932327270508,821795,0.0,0.0
2016-04-21 00:00:00-04:00,52.192989239242216,52.28920235823885,50.972350987383216,51.152740478515625,1356420,0.0,0.0
2016-04-22 00:00:00-04:00,51.4413571207099,51.85625559273347,51.236915723432546,51.57364273071289,915090,0.0,0.0
2016-04-25 00:00:00-04:00,51.52553972769673,51.88030838287974,51.33312429177159,51.874298095703125,986648,0.0,0.0
2016-04-26 00:00:00-04:00,51.82619938224227,52.33731107341207,51.39326456339802,51.75404357910156,1017903,0.0,0.0
2016-04-27 00:00:00-04:00,51.98855135999015,52.932597846860595,51.60973070759174,52.583839416503906,1109318,0.0,0.0
2016-04-28 00:00:00-04:00,51.994550311525884,52.992710633111614,51.928404819684815,52.94460678100586,882778,0.0,0.0
2016-04-29 00:00:00-04:00,52.649985425196974,53.70827591233748,52.30123238195067,53.61206817626953,1919480,0.0,0.0
2016-05-02 00:00:00-04:00,53.569987195665966,54.41181047464197,53.3835873583915,54.195343017578125,1625965,0.0,0.0
2016-05-03 00:00:00-04:00,54.14122049826715,54.44187511814704,53.69024395884139,53.9367790222168,1050568,0.0,0.0
2016-05-04 00:00:00-04:00,53.822536648915,55.28971032387008,53.822536648915,54.844749450683594,1282043,0.0,0.0
2016-05-05 00:00:00-04:00,54.68839148379889,55.5121727861398,54.54407451259297,54.77858352661133,1120128,0.0,0.0
2016-05-06 00:00:00-04:00,54.76656044077933,54.76656044077933,53.85258165718325,54.141204833984375,1572503,0.0,0.0
2016-05-09 00:00:00-04:00,54.25545635850179,54.41179391881254,54.00291106876904,54.32160186767578,1353483,0.0,0.0
2016-05-10 00:00:00-04:00,54.50198601621429,54.59217805850737,54.14721735356071,54.285518646240234,932715,0.0,0.0
2016-05-11 00:00:00-04:00,54.36368376471814,54.61021873803653,53.91872306761928,54.532047271728516,898875,0.0,0.0
2016-05-12 00:00:00-04:00,54.60419730470125,55.06118930880783,54.26146003961074,54.91687774658203,738018,0.0,0.0
2016-05-13 00:00:00-04:00,54.8928284991639,54.96498428379912,54.33962875990208,54.64027786254883,626275,0.0,0.0
2016-05-16 00:00:00-04:00,54.54408167253728,54.73650252927331,54.21337028495656,54.646305084228516,565175,0.0,0.0
2016-05-17 00:00:00-04:00,54.47793182933611,54.57413954533894,53.33545981141055,53.58800506591797,927663,0.0,0.0
2016-05-18 00:00:00-04:00,53.22722006191846,53.924731384438324,52.51768816544347,52.74618148803711,1126708,0.0,0.0
2016-05-19 00:00:00-04:00,52.54773700875469,53.32341959733034,52.19898413144142,53.30537796020508,740015,0.0,0.0
2016-05-20 00:00:00-04:00,53.49782752433291,53.49782752433291,52.986721147872444,53.329463958740234,908628,0.0,0.0
2016-05-23 00:00:00-04:00,53.335476452081075,53.38959061402029,52.728156969741555,52.76424026489258,561650,0.0,0.0
2016-05-24 00:00:00-04:00,52.974699321668524,53.72633052672071,52.91456947211168,53.64815902709961,808165,0.0,0.0
2016-05-25 00:00:00-04:00,53.515869172986264,53.57599901784079,53.13103277552331,53.329463958740234,889593,0.0,0.0
2016-05-26 00:00:00-04:00,53.36552567587037,54.05702137711171,53.17311023070997,53.948787689208984,710053,0.0,0.0
2016-05-27 00:00:00-04:00,54.00291556243686,54.26147655197012,53.780432474438946,54.24343490600586,663288,0.0,0.0
2016-05-31 00:00:00-04:00,54.1412142082009,54.58016472745044,54.0149442416838,54.52605056762695,1325165,0.0,0.0
2016-06-01 00:00:00-04:00,54.47793616519507,54.80263723254733,54.36970247607765,54.790611267089844,820503,0.0,0.0
2016-06-02 00:00:00-04:00,54.66434726594891,54.78460693359375,54.12918365933992,54.78460693359375,621340,0.0,0.0
2016-06-03 00:00:00-04:00,55.31977488192144,56.08342660100778,55.283696975280996,55.81885528564453,753410,0.0,0.0
2016-06-06 00:00:00-04:00,55.81884926969981,56.00524907205566,55.403950692853954,55.674537658691406,744833,0.0,0.0
2016-06-07 00:00:00-04:00,55.79479260992763,56.07740551941795,55.626429078007874,55.74067306518555,642255,0.0,0.0
2016-06-08 00:00:00-04:00,55.74669403698931,56.19767052122103,55.54224719556669,56.149566650390625,712873,0.0,0.0
2016-06-09 00:00:00-04:00,56.15557452095817,56.66067053332109,56.131522586578654,56.55243682861328,1103913,0.0,0.0
2016-06-10 00:00:00-04:00,56.51635414393411,56.786941103807735,56.23975689559762,56.4682502746582,787133,0.0,0.0
2016-06-13 00:00:00-04:00,56.52235125247497,56.74483426997629,56.347972088445125,56.420127868652344,910860,0.0,0.0
2016-06-14 00:00:00-04:00,56.47426311856982,57.14170696646478,56.17962423884879,57.11164474487305,1187573,0.0,0.0
2016-06-15 00:00:00-04:00,57.14171710508308,57.14171710508308,56.2578056994811,56.522377014160156,981243,0.0,0.0
2016-06-16 00:00:00-04:00,56.22542736308258,57.061719144449185,56.22542736308258,56.92839813232422,1080295,0.621277,0.0
2016-06-17 00:00:00-04:00,57.0071737069326,57.26170106145274,56.55873032066149,57.195037841796875,1493778,0.0,0.0
2016-06-20 00:00:00-04:00,57.140485323409514,57.261686207177156,56.41327458822259,56.91019821166992,960563,0.0,0.0
2016-06-21 00:00:00-04:00,56.910203260442806,57.33441182384417,56.57084075578696,56.98292922973633,721568,0.0,0.0
2016-06-22 00:00:00-04:00,57.12835628820276,57.12835628820276,56.71021058839935,56.813228607177734,795945,0.0,0.0
2016-06-23 00:00:00-04:00,56.91021430148209,57.01323779810222,56.52843412596662,57.00111770629883,1018960,0.0,0.0
2016-06-24 00:00:00-04:00,56.63145840219742,58.49796360983113,56.57085793653289,57.92225646972656,2188673,0.0,0.0
2016-06-27 00:00:00-04:00,57.78891375576653,58.75246351448183,57.78891375576653,58.47370147705078,1737943,0.0,0.0
2016-06-28 00:00:00-04:00,58.47371620357918,58.7221807984164,57.8192258226317,58.655517578125,1501415,0.0,0.0
2016-06-29 00:00:00-04:00,58.86760870811493,59.12819333620167,58.62520692969997,58.84336853027344,955863,0.0,0.0
2016-06-30 00:00:00-04:00,58.95244748964501,60.073563828676946,58.81912651568001,60.067501068115234,1682600,0.0,0.0
2016-07-01 00:00:00-04:00,60.38263773120851,60.60079935722765,59.552403394429426,60.16447067260742,1342908,0.0,0.0
2016-07-05 00:00:00-04:00,60.22504843290306,60.75833763926767,60.15839067746992,60.661376953125,1220473,0.0,0.0
2016-07-06 00:00:00-04:00,60.685639178397395,60.87350329236038,60.20083013891991,60.57049560546875,1220238,0.0,0.0
2016-07-07 00:00:00-04:00,60.41296080397239,60.612945095402516,59.35244430209143,59.50394821166992,884070,0.0,0.0
2016-07-08 00:00:00-04:00,59.32211965437338,60.09781084189494,58.794893026521855,60.079627990722656,989233,0.0,0.0
2016-07-11 00:00:00-04:00,59.84329991531453,60.00691844292698,59.182746744754546,59.970558166503906,584445,0.0,0.0
2016-07-12 00:00:00-04:00,59.47968339276216,59.79480574431918,58.976696923024384,59.19485855102539,837188,0.0,0.0
2016-07-13 00:00:00-04:00,59.49784405219106,59.673582581795344,59.309980004083066,59.449363708496094,1133993,0.0,0.0
2016-07-14 00:00:00-04:00,59.07972951394121,59.37667449189005,58.704001219669394,58.83732223510742,1362178,0.0,0.0
2016-07-15 00:00:00-04:00,58.9403602400949,59.267602813061515,58.84339947773442,59.182762145996094,1176528,0.0,0.0
2016-07-18 00:00:00-04:00,59.3039296153206,59.631177436103805,59.26151202202939,59.37665557861328,653770,0.0,0.0
2016-07-19 00:00:00-04:00,59.42514921817081,59.63119076791856,59.140324359581285,59.41908645629883,661173,0.0,0.0
2016-07-20 00:00:00-04:00,59.38880212517144,59.564540769726605,58.99489635870553,59.10397720336914,502548,0.0,0.0
2016-07-21 00:00:00-04:00,58.934273553038544,59.67966175869213,58.75852954250779,59.60694122314453,851053,0.0,0.0
2016-07-22 00:00:00-04:00,59.56453642061556,60.41901112363289,59.497878625591035,60.24326705932617,1123888,0.0,0.0
2016-07-25 00:00:00-04:00,60.06749772916116,60.23717895932096,59.70995242074831,59.88569641113281,1437143,0.0,0.0
2016-07-26 00:00:00-04:00,60.10387166280196,60.17053487753134,59.31606577216705,59.38878631591797,1475683,0.0,0.0
2016-07-27 00:00:00-04:00,59.40696858154498,59.45544894800026,58.52219646115362,58.92216491699219,1507173,0.0,0.0
2016-07-28 00:00:00-04:00,58.94639200239045,59.19485110897513,58.75246514707717,58.84336853027344,2156595,0.0,0.0
2016-07-29 00:00:00-04:00,58.79487534553783,59.19483819265055,58.79487534553783,59.097877502441406,2914705,0.0,0.0
2016-08-01 00:00:00-04:00,59.013043388496506,59.546332675875675,58.93426553532801,59.49785232543945,1982343,0.0,0.0
2016-08-02 00:00:00-04:00,59.49786154738345,59.65542271072256,59.158493609148415,59.4736213684082,1648525,0.0,0.0
2016-08-03 00:00:00-04:00,59.400920088047876,59.522121022214975,58.32222090879397,58.58280563354492,1047630,0.0,0.0
2016-08-04 00:00:00-04:00,58.582787240227475,59.17667706376522,58.49794661294803,58.734291076660156,690665,0.0,0.0
2016-08-05 00:00:00-04:00,58.58887102935853,58.61311121728124,57.51623456490349,57.631378173828125,1294380,0.0,0.0
2016-08-08 00:00:00-04:00,57.716204759922995,58.14647070694079,57.33441917693074,57.625301361083984,894293,0.0,0.0
2016-08-09 00:00:00-04:00,57.67984674237784,58.037392157338545,57.437444912771426,57.752567291259766,671983,0.0,0.0
2016-08-10 00:00:00-04:00,57.93437014035219,58.04951372864177,57.60712766204133,57.91618728637695,685495,0.0,0.0
2016-08-11 00:00:00-04:00,57.95860478035944,58.14040613981004,57.73438038741265,58.10404586791992,825908,0.0,0.0
2016-08-12 00:00:00-04:00,58.310096358012885,58.76460254268765,58.304039028059236,58.40706253051758,830373,0.0,0.0
2016-08-15 00:00:00-04:00,58.407060185906936,58.5585586196617,57.40108168443531,57.42532730102539,842005,0.0,0.0
2016-08-16 00:00:00-04:00,57.26774809539115,57.26774809539115,56.552662824218764,56.77082443237305,1586133,0.0,0.0
2016-08-17 00:00:00-04:00,56.49813572899494,57.819231274512255,56.164830461275045,57.613189697265625,2143435,0.0,0.0
2016-08-18 00:00:00-04:00,57.534398665253754,58.588851928710945,57.534398665253754,58.58885192871094,2428843,0.0,0.0
2016-08-19 00:00:00-04:00,58.34645992877859,58.50402112537445,57.11019967493798,57.38896179199219,1695995,0.0,0.0
2016-08-22 00:00:00-04:00,57.51016501769488,57.819224631766,57.352598397084606,57.64348602294922,523110,0.0,0.0
2016-08-23 00:00:00-04:00,57.69196081344023,57.91617976613668,57.32229534557548,57.334415435791016,686553,0.0,0.0
2016-08-24 00:00:00-04:00,57.22535609042101,57.552598648996785,56.843570389123975,57.528358459472656,867385,0.0,0.0
2016-08-25 00:00:00-04:00,57.52831420765487,57.801018846323984,57.36469033793745,57.66769790649414,808048,0.0,0.0
2016-08-26 00:00:00-04:00,57.71621090556202,57.95861275150074,56.049690065859075,56.11029052734375,1030358,0.0,0.0
2016-08-29 00:00:00-04:00,56.30421597335357,56.78901969940805,56.30421597335357,56.67388153076172,997458,0.0,0.0
2016-08-30 00:00:00-04:00,56.74659827219433,56.95869717178317,55.95272407531106,56.04969024658203,641668,0.0,0.0
2016-08-31 00:00:00-04:00,56.110305602891366,56.38300503654907,55.898201214416005,56.29816436767578,1280163,0.0,0.0
2016-09-01 00:00:00-04:00,56.20724130532977,56.30420202652301,55.734552356930834,55.8799934387207,1031533,0.0,0.0
2016-09-02 00:00:00-04:00,55.89817797706211,56.59508589795992,55.764856981398204,56.479942321777344,984533,0.0,0.0
2016-09-06 00:00:00-04:00,56.69205626190499,57.449570196765784,56.64357589160186,57.06172180175781,960915,0.0,0.0
2016-09-07 00:00:00-04:00,56.99506407940918,57.35260409454569,56.63145586910284,57.2920036315918,1181463,0.0,0.0
2016-09-08 00:00:00-04:00,57.00718033089798,57.467749294788355,56.87992207143358,57.267765045166016,1118013,0.0,0.0
2016-09-09 00:00:00-04:00,57.01930007961658,57.01930007961658,55.11643481736051,55.146732330322266,1308363,0.0,0.0
2016-09-12 00:00:00-04:00,55.243693999443586,56.23754696835605,55.09825289656605,56.092105865478516,1403538,0.0,0.0
2016-09-13 00:00:00-04:00,55.98906261093874,55.98906261093874,54.91036937932306,55.35881805419922,1202848,0.0,0.0
2016-09-14 00:00:00-04:00,55.45577341568884,56.01936015249106,55.26185203228682,55.96481704711914,1844750,0.0,0.0
2016-09-15 00:00:00-04:00,55.98928548271333,56.490392833378436,55.67762730120054,56.41706085205078,1137870,0.655319,0.0
2016-09-16 00:00:00-04:00,56.2703943682389,57.24815955372566,55.95873072243051,57.174827575683594,1778245,0.0,0.0
2016-09-19 00:00:00-04:00,57.321492417357376,57.730932040214164,57.20538071120062,57.68815231323242,1103443,0.0,0.0
2016-09-20 00:00:00-04:00,57.93257752402743,58.05479744670744,57.37036040144197,57.376468658447266,874553,0.0,0.0
2016-09-21 00:00:00-04:00,57.31536906504035,58.62924168890658,57.31536906504035,58.57424545288086,1459233,0.0,0.0
2016-09-22 00:00:00-04:00,58.745368320628465,59.00814400790452,58.39092491231107,58.76369857788086,1046925,0.0,0.0
2016-09-23 00:00:00-04:00,58.75147251663634,59.42980155325285,58.40925660783694,59.18535614013672,1334565,0.0,0.0
2016-09-26 00:00:00-04:00,59.13644964133637,59.429782949599996,58.904231775915,59.05089569091797,925783,0.0,0.0
2016-09-27 00:00:00-04:00,59.29535252721508,59.643682164212734,58.024259421647955,58.097591400146484,2129453,0.0,0.0
2016-09-28 00:00:00-04:00,58.32368400016822,58.372571971523165,57.468139023199,57.981468200683594,1525855,0.0,0.0
2016-09-29 00:00:00-04:00,57.68204608360741,57.68204608360741,56.80816508363591,56.86316680908203,3483993,0.0,0.0
2016-09-30 00:00:00-04:00,57.10149994142227,57.96315348809318,57.10149994142227,57.24205017089844,3766698,0.0,0.0
2016-10-03 00:00:00-04:00,57.10761024759636,57.180942233845016,56.14206695039597,56.73483657836914,2200305,0.0,0.0
2016-10-04 00:00:00-04:00,56.67372842240258,56.698172418609204,55.48207538993955,55.73874282836914,3172618,0.0,0.0
2016-10-05 00:00:00-04:00,55.95261979181477,56.59428284925865,55.45762617607144,56.11151123046875,3129730,0.0,0.0
2016-10-06 00:00:00-04:00,55.879293622228204,56.600396995743196,55.56152166838705,56.35595703125,2870995,0.0,0.0
2016-10-07 00:00:00-04:00,56.734824124285055,57.1014894533,56.09316664633221,56.10538864135742,2575365,0.0,0.0
2016-10-10 00:00:00-04:00,56.252052916547996,56.58816052087156,56.16649895086219,56.43538284301758,1635013,0.0,0.0
2016-10-11 00:00:00-04:00,56.319287446776364,56.398727691043085,55.85484606558279,55.97706604003906,1786823,0.0,0.0
2016-10-12 00:00:00-04:00,55.89151151496218,56.343730894317055,55.75706954436631,56.06873321533203,1431620,0.0,0.0
2016-10-13 00:00:00-04:00,56.111517945487954,56.90594784253195,56.01374195815946,56.66762161254883,2324855,0.0,0.0
2016-10-14 00:00:00-04:00,56.51484745066447,56.71651317635384,56.17263147347324,56.221519470214844,1344788,0.0,0.0
2016-10-17 00:00:00-04:00,56.38039100258815,56.62483092361698,56.20316932071269,56.45983123779297,1471218,0.0,0.0
2016-10-18 00:00:00-04:00,56.783724569201574,56.9670545348232,56.09929269754751,56.73483657836914,1456530,0.0,0.0
2016-10-19 00:00:00-04:00,56.77759985479841,56.87537580812689,56.319272334442026,56.68593215942383,971138,0.0,0.0
2016-10-20 00:00:00-04:00,56.832606145564704,57.35204372866238,56.655389937928746,56.89982986450195,1388615,0.0,0.0
2016-10-21 00:00:00-04:00,56.31927704660403,56.912046552383345,56.31927704660403,56.67982864379883,1124358,0.0,0.0
2016-10-24 00:00:00-04:00,56.89982922970441,57.13816089458397,56.5209473477429,56.91815948486328,1139515,0.0,0.0
2016-10-25 00:00:00-04:00,56.747068707986394,57.45595017988381,56.72873844728138,57.43761444091797,1354188,0.0,0.0
2016-10-26 00:00:00-04:00,57.773702741874374,57.85314845356599,56.881491571763796,57.382598876953125,1415640,0.0,0.0
2016-10-27 00:00:00-04:00,57.095386495613916,57.46205189385109,56.87539054362741,57.2542724609375,1945330,0.0,0.0
2016-10-28 00:00:00-04:00,57.23592790771976,57.700363690351494,57.07092824581354,57.40703582763672,1231283,0.0,0.0
2016-10-31 00:00:00-04:00,57.657592712307114,58.995909379065225,57.547594757564354,58.67202377319336,1753453,0.0,0.0
2016-11-01 00:00:00-04:00,58.665901429803554,58.665901429803554,57.535364321677335,57.62091827392578,1115310,0.0,0.0
2016-11-02 00:00:00-04:00,57.57814781235712,57.57814781235712,56.49649850310679,56.942604064941406,1066783,0.0,0.0
2016-11-03 00:00:00-04:00,56.7042840559,57.24816569047664,56.49039635788654,56.99761199951172,830608,0.0,0.0
2016-11-04 00:00:00-04:00,57.3520626617582,57.877614155645176,56.875404647585825,56.88762664794922,1256310,0.0,0.0
2016-11-07 00:00:00-05:00,57.205394598722044,58.25649203366047,56.67984862038315,58.23204803466797,969493,0.0,0.0
2016-11-08 00:00:00-05:00,58.34815915897904,59.14259459619028,58.12204943153202,58.757598876953125,1186045,0.0,0.0
2016-11-09 00:00:00-05:00,57.902033513832095,57.902033513832095,56.38038689879592,56.44760513305664,1616213,0.0,0.0
2016-11-10 00:00:00-05:00,56.34374983186,56.36208009488144,54.7915446931173,55.781532287597656,2064710,0.0,0.0
2016-11-11 00:00:00-05:00,55.64707159676961,56.55150487768037,55.43318390431012,55.59207534790039,954923,0.0,0.0
2016-11-14 00:00:00-05:00,55.42095922290812,56.093174521933776,55.00541133370716,55.842620849609375,1621500,0.0,0.0
2016-11-15 00:00:00-05:00,56.1481896556761,57.39483909926245,56.13596765601604,57.070953369140625,2050845,0.0,0.0
2016-11-16 00:00:00-05:00,57.107616559154145,57.498726007299034,55.79985718159261,56.19707489013672,1491193,0.0,0.0
2016-11-17 00:00:00-05:00,55.94649424662567,56.41092998735853,55.836496308031045,56.02593994140625,850113,0.0,0.0
2016-11-18 00:00:00-05:00,55.9953923592321,56.355943962378134,55.5554005251779,55.74483871459961,1030710,0.0,0.0
2016-11-21 00:00:00-05:00,55.9587288624849,56.4048344532095,55.82428690720967,56.39261245727539,908745,0.0,0.0
2016-11-22 00:00:00-05:00,56.85094101609203,57.59648825908084,56.527055379170065,57.339820861816406,1871188,0.0,0.0
2016-11-23 00:00:00-05:00,56.722619587707904,57.36427726315423,56.50262360954236,56.62484359741211,878195,0.0,0.0
2016-11-25 00:00:00-05:00,56.740929242893145,57.59036050725963,56.740929242893145,57.462032318115234,510890,0.0,0.0
2016-11-28 00:00:00-05:00,57.675941402644966,58.690372787809956,57.54149941498291,58.54370880126953,1263948,0.0,0.0
2016-11-29 00:00:00-05:00,58.225936830431934,58.983706239151175,58.189270833796826,58.54370880126953,899345,0.0,0.0
2016-11-30 00:00:00-05:00,57.730950151284446,57.86539215528178,56.86929090827361,56.88762664794922,1480970,0.0,0.0
2016-12-01 00:00:00-05:00,56.52094769510844,57.23593721588214,56.33761227283794,57.205379486083984,1842753,0.0,0.0
2016-12-02 00:00:00-05:00,57.66370866197189,58.299257963515124,57.474270453776555,58.13425827026367,2170813,0.0,0.0
2016-12-05 00:00:00-05:00,57.853156487173486,58.12204043164462,57.29705286288741,58.10371017456055,1761560,0.0,0.0
2016-12-06 00:00:00-05:00,58.201482871477005,58.59870050617028,58.01203918215543,58.17092514038086,948578,0.0,0.0
2016-12-07 00:00:00-05:00,58.28701589169003,59.31366873088495,58.28701589169003,59.21589279174805,1699638,0.0,0.0
2016-12-08 00:00:00-05:00,58.78201675415039,59.03257036899339,58.15868958509175,58.78201675415039,1298375,0.0,0.0
2016-12-09 00:00:00-05:00,58.849251772019706,59.64368708286125,58.73314553561837,59.552024841308594,1026010,0.0,0.0
2016-12-12 00:00:00-05:00,59.33811081098631,60.193655729229675,59.03866926786254,60.14476776123047,1214480,0.0,0.0
2016-12-13 00:00:00-05:00,60.18755413455644,60.56032770487133,59.949227981616104,60.44422149658203,1095453,0.0,0.0
2016-12-14 00:00:00-05:00,60.798675486278256,61.06145117620941,59.044810597261666,59.22202682495117,1704338,0.0,0.0
2016-12-15 00:00:00-05:00,59.24974030246759,59.63804143516603,58.69502281995706,59.59489440917969,1268765,0.702128,0.0
2016-12-16 00:00:00-05:00,59.57024715042106,60.67351600894983,59.57024715042106,60.52559280395508,1704573,0.0,0.0
2016-12-19 00:00:00-05:00,60.75980559023424,60.82760096437524,60.1866003983731,60.57490158081055,1256193,0.0,0.0
2016-12-20 00:00:00-05:00,60.568741660348614,61.0186775594617,60.371510696418696,60.78446578979492,918498,0.0,0.0
2016-12-21 00:00:00-05:00,60.70434974048894,61.018689412963894,60.50095803207327,60.53177261352539,699948,0.0,0.0
2016-12-22 00:00:00-05:00,60.57491017726512,60.95704518430457,60.229750452062376,60.71666717529297,652830,0.0,0.0
2016-12-23 00:00:00-05:00,60.91391820044554,61.17278391211714,60.65504696347648,60.85844421386719,774443,0.0,0.0
2016-12-27 00:00:00-05:00,60.74748717947945,60.907737343463964,60.42698685151042,60.802955627441406,456958,0.0,0.0
2016-12-28 00:00:00-05:00,60.88308178009776,60.88308178009776,60.24824184699984,60.35918426513672,621105,0.0,0.0
2016-12-29 00:00:00-05:00,60.50095035952065,61.05566248298508,60.322207023756185,60.97554016113281,691723,0.0,0.0
2016-12-30 00:00:00-05:00,61.04333373428121,61.19742319331616,60.50710926820682,60.71666717529297,671278,0.0,0.0
2017-01-03 00:00:00-05:00,60.8584392236406,60.91391320567025,60.29139456689195,60.53177261352539,1422103,0.0,0.0
2017-01-04 00:00:00-05:00,60.61189808739727,61.04950711906668,60.44548167314933,60.692020416259766,1263595,0.0,0.0
2017-01-05 00:00:00-05:00,60.784467438509665,60.88924915358749,60.22358910697276,60.77214050292969,1467693,0.0,0.0
2017-01-06 00:00:00-05:00,60.6180600829542,61.111143104962025,60.49479070877648,60.93239974975586,1171005,0.0,0.0
2017-01-09 00:00:00-05:00,60.710511810674674,61.061832271989815,60.24824891820158,60.32837677001953,1858145,0.0,0.0
2017-01-10 00:00:00-05:00,60.35916817460769,60.37766133534859,59.84143150269101,60.050994873046875,1220590,0.0,0.0
2017-01-11 00:00:00-05:00,60.05103591586966,60.716690702193226,59.983234980539414,60.65505599975586,834368,0.0,0.0
2017-01-12 00:00:00-05:00,60.65502114586095,60.79062293860127,60.31602771460041,60.630367279052734,721215,0.0,0.0
2017-01-13 00:00:00-05:00,60.59955380130224,60.98785497318351,60.340682669851255,60.58722686767578,810163,0.0,0.0
2017-01-17 00:00:00-05:00,60.7413205301046,61.32069202888779,60.667358916467954,61.14194869995117,680325,0.0,0.0
2017-01-18 00:00:00-05:00,61.024855027193034,61.302213883941874,60.846111670568774,60.95089340209961,919320,0.0,0.0
2017-01-19 00:00:00-05:00,60.6180393499344,60.833763443610366,60.235904420683994,60.488609313964844,1474860,0.0,0.0
2017-01-20 00:00:00-05:00,60.69202152306549,61.06183516977201,60.42082890069843,60.64888000488281,731673,0.0,0.0
2017-01-23 00:00:00-05:00,60.75363407275982,60.81526873720319,60.35917222032226,60.420806884765625,519468,0.0,0.0
2017-01-24 00:00:00-05:00,60.26673758852833,60.562589601958244,60.131141281467286,60.377685546875,569053,0.0,0.0
2017-01-25 00:00:00-05:00,60.118791097652526,60.40847676791529,59.7921246306729,60.36532974243164,1325988,0.0,0.0
2017-01-26 00:00:00-05:00,60.3530199734484,60.80295589077083,60.198936039290196,60.53792953491211,703825,0.0,0.0
2017-01-27 00:00:00-05:00,60.61805438182707,60.784470783964,59.77981719095781,59.847618103027344,1159138,0.0,0.0
2017-01-30 00:00:00-05:00,60.057163373607935,60.12496427140111,59.52710522610628,59.87842559814453,984415,0.0,0.0
2017-01-31 00:00:00-05:00,60.02019241791547,60.8892496716419,59.952397034296844,60.79679489135742,1496715,0.0,0.0
2017-02-01 00:00:00-05:00,60.525600654990036,60.833774038703595,59.89692142691839,60.35918426513672,1642415,0.0,0.0
2017-02-02 00:00:00-05:00,60.49478249295601,61.246731098614624,60.22975061181953,60.98786544799805,1115310,0.0,0.0
2017-02-03 00:00:00-05:00,61.09881055570164,61.19742604598612,60.67968919669618,61.02484893798828,1494365,0.0,0.0
2017-02-06 00:00:00-05:00,60.95704381802986,61.172767950784376,60.346857751366315,60.47012710571289,1352660,0.0,0.0
2017-02-07 00:00:00-05:00,60.67353387964346,60.815290896868696,60.42082890069843,60.64888000488281,1053035,0.0,0.0
2017-02-08 00:00:00-05:00,60.790625919556724,61.135780071796894,60.531754780081215,60.85226058959961,1423278,0.0,0.0
2017-02-09 00:00:00-05:00,60.43316725883078,61.006372717989386,59.656564531810105,59.915435791015625,2053548,0.0,0.0
2017-02-10 00:00:00-05:00,59.68120313909051,60.13730531693978,59.5147922582398,60.007869720458984,1378745,0.0,0.0
2017-02-13 00:00:00-05:00,60.026379645577336,60.47014948546236,59.91543718560608,60.44549560546875,955628,0.0,0.0
2017-02-14 00:00:00-05:00,60.14963754667755,60.66736892756818,60.14963754667755,60.53177261352539,1609280,0.0,0.0
2017-02-15 00:00:00-05:00,60.07567282759068,60.46397410591385,59.87844183550189,60.377685546875,1201203,0.0,0.0
2017-02-16 00:00:00-05:00,60.37769262077706,61.01869342016583,60.16196843525715,60.8152961730957,1287918,0.0,0.0
2017-02-17 00:00:00-05:00,60.87690276444346,60.91388908801723,60.149613731624285,60.476280212402344,936710,0.0,0.0
2017-02-21 00:00:00-05:00,60.48245555721237,61.11729551065825,60.21742367607588,60.98786544799805,846940,0.0,0.0
2017-02-22 00:00:00-05:00,60.88927141360942,61.2529133835116,60.66738096675463,61.197444915771484,809928,0.0,0.0
2017-02-23 00:00:00-05:00,61.265204925796304,61.776780931754175,61.13577489231936,61.684326171875,1210485,0.0,0.0
2017-02-24 00:00:00-05:00,61.986361502945314,62.55340062705378,61.8322720217891,62.306861877441406,1192508,0.0,0.0
2017-02-27 00:00:00-05:00,62.20823805469605,62.20823805469605,61.733648262539575,62.00484085083008,558008,0.0,0.0
2017-02-28 00:00:00-05:00,62.16507467169366,62.590356608706024,62.0048245480199,62.48558044433594,1016610,0.0,0.0
2017-03-01 00:00:00-05:00,62.017160498419244,62.75062138213488,61.38848684490012,62.202064514160156,1306953,0.0,0.0
2017-03-02 00:00:00-05:00,62.13427732989608,62.92936746505973,61.98018786714803,62.58421325683594,740485,0.0,0.0
2017-03-03 00:00:00-05:00,62.645852102927925,62.645852102927925,61.924723535855996,62.331512451171875,1256310,0.0,0.0
2017-03-06 00:00:00-05:00,62.22671676058479,62.83690828456457,62.041812749664594,62.658164978027344,1083350,0.0,0.0
2017-03-07 00:00:00-05:00,62.60270092893397,62.82459130248305,62.46094392742061,62.59037399291992,1205550,0.0,0.0
2017-03-08 00:00:00-05:00,62.02948634226571,62.17740955225782,61.5857167122894,61.70281982421875,1039875,0.0,0.0
2017-03-09 00:00:00-05:00,61.7028358951022,62.16509880937448,61.29604696167323,61.46246337890625,1223880,0.0,0.0
2017-03-10 00:00:00-05:00,61.88155372379665,62.06029700467536,61.54256032312426,61.795265197753906,1070660,0.0,0.0
2017-03-13 00:00:00-04:00,61.78909983317141,62.06029787267919,61.65350357606487,62.010990142822266,1049745,0.0,0.0
2017-03-14 00:00:00-04:00,62.08499222524533,62.15278763536284,61.73983236586222,61.937068939208984,900285,0.0,0.0
2017-03-15 00:00:00-04:00,62.189734340442286,63.45941956631907,61.93703496140673,63.21287536621094,1187338,0.0,0.0
2017-03-16 00:00:00-04:00,63.02336223440642,63.02336223440642,62.02920498590034,62.265316009521484,1161253,0.702128,0.0
2017-03-17 00:00:00-04:00,62.420654311935245,63.03578844127415,62.28395845764896,62.69404602050781,1982930,0.0,0.0
2017-03-20 00:00:00-04:00,62.749981683231205,62.9488120542751,62.141058101807,62.27775955200195,788895,0.0,0.0
2017-03-21 00:00:00-04:00,62.24667640926165,63.30918433586442,62.24667640926165,63.048213958740234,1151030,0.0,0.0
2017-03-22 00:00:00-04:00,63.37132923756735,63.75034682982283,63.01715987044305,63.302978515625,893588,0.0,0.0
2017-03-23 00:00:00-04:00,63.20979658393282,63.74415894248187,62.979901680932905,63.129024505615234,754468,0.0,0.0
2017-03-24 00:00:00-04:00,63.22220674088144,63.58880303951372,63.048230158165026,63.483177185058594,678915,0.0,0.0
2017-03-27 00:00:00-04:00,63.744149423298246,63.91191536106468,63.029599876683434,63.309207916259766,899463,0.0,0.0
2017-03-28 00:00:00-04:00,63.20356611935552,63.52666547162261,62.90532056341667,63.191139221191406,1012733,0.0,0.0
2017-03-29 00:00:00-04:00,63.048225026325,63.40239439736404,62.71269878696795,63.2408447265625,992875,0.0,0.0
2017-03-30 00:00:00-04:00,63.104135329791156,63.31539254634196,62.73753913954962,62.92394256591797,680678,0.0,0.0
2017-03-31 00:00:00-04:00,62.88663854531379,63.51419929960219,62.88663854531379,63.44585418701172,1593065,0.0,0.0
2017-04-03 00:00:00-04:00,63.34647162875519,63.43345990683457,62.737548112097805,63.16627883911133,1495893,0.0,0.0
2017-04-04 00:00:00-04:00,63.259504406126844,63.79386114932826,62.97368011291556,63.52667999267578,878665,0.0,0.0
2017-04-05 00:00:00-04:00,63.47075567587646,64.15423516601393,63.30298974324576,64.07967376708984,1299668,0.0,0.0
2017-04-06 00:00:00-04:00,63.86219475474115,64.1169433719326,63.60744056744764,63.980247497558594,908040,0.0,0.0
2017-04-07 00:00:00-04:00,64.11073270814845,64.38412445689649,63.88704855008188,63.980247497558594,928250,0.0,0.0
2017-04-10 00:00:00-04:00,63.89947715188597,64.26607342798951,63.58258846778954,64.12316131591797,1068428,0.0,0.0
2017-04-11 00:00:00-04:00,64.12317070151373,64.27229349936191,63.719293672290085,64.07967376708984,888418,0.0,0.0
2017-04-12 00:00:00-04:00,64.1790939875991,64.67617558942544,63.868421467772286,64.59539794921875,1110493,0.0,0.0
2017-04-13 00:00:00-04:00,64.5767454961425,64.68237134348186,63.93054123376935,64.31578063964844,971255,0.0,0.0
2017-04-17 00:00:00-04:00,64.37789682025138,64.93710706798525,64.37789682025138,64.89361572265625,1106850,0.0,0.0
2017-04-18 00:00:00-04:00,64.86879105656985,65.14218285597839,64.68238198687004,64.88121795654297,773973,0.0,0.0
2017-04-19 00:00:00-04:00,64.89984378335541,64.94955137425752,64.25364510162798,64.52082061767578,624630,0.0,0.0
2017-04-20 00:00:00-04:00,64.52081576786003,64.52081576786003,63.831120210884336,64.27227783203125,1062788,0.0,0.0
2017-04-21 00:00:00-04:00,64.24742229633789,64.87498335233965,64.24742229633789,64.58916473388672,1926883,0.0,0.0
2017-04-24 00:00:00-04:00,64.71343784981877,64.91226820584541,64.3592684930954,64.89984130859375,1144215,0.0,0.0
2017-04-25 00:00:00-04:00,64.66374236947013,64.94956105977963,64.50840333968526,64.79422760009766,1025658,0.0,0.0
2017-04-26 00:00:00-04:00,64.64507226467394,65.34098392084334,64.6264347081331,64.89361572265625,1440080,0.0,0.0
2017-04-27 00:00:00-04:00,65.04276027840905,65.74488283230004,64.84392990139249,65.28508758544922,1563690,0.0,0.0
2017-04-28 00:00:00-04:00,65.23535430086537,65.27885121747342,64.78798609055771,64.98681640625,987235,0.0,0.0
2017-05-01 00:00:00-04:00,65.09246277806797,65.09246277806797,64.34684335251083,64.58295440673828,564705,0.0,0.0
2017-05-02 00:00:00-04:00,64.71343334244281,64.949544373779,64.5208136634073,64.78178405761719,752235,0.0,0.0
2017-05-03 00:00:00-04:00,64.67615962429592,64.86256309017882,64.49596682222473,64.52082061767578,562003,0.0,0.0
2017-05-04 00:00:00-04:00,64.48353471156484,64.7942126996895,64.17286229354183,64.73828887939453,1120128,0.0,0.0
2017-05-05 00:00:00-04:00,64.90605718177723,65.33478791962939,64.79421510713343,64.95576477050781,791010,0.0,0.0
2017-05-08 00:00:00-04:00,65.09245613198117,65.09245613198117,64.51460266795257,64.92469024658203,601130,0.0,0.0
2017-05-09 00:00:00-04:00,64.9185276699357,64.93095457546266,64.48358040638637,64.60163879394531,663523,0.0,0.0
2017-05-10 00:00:00-04:00,64.61403540902391,65.01169619946717,64.5891816096212,65.00548553466797,755995,0.0,0.0
2017-05-11 00:00:00-04:00,64.74452268847149,65.09868655610889,64.52083291667007,65.09247589111328,642608,0.0,0.0
2017-05-12 00:00:00-04:00,65.12973371648592,65.50875682129438,65.11730682075614,65.5025405883789,613350,0.0,0.0
2017-05-15 00:00:00-04:00,65.44042852747316,65.86915936206982,65.30994886266315,65.83187866210938,781375,0.0,0.0
2017-05-16 00:00:00-04:00,65.7697321145578,65.95613558021486,65.02411268182746,65.11731719970703,627685,0.0,0.0
2017-05-17 00:00:00-04:00,65.11730576340443,65.68273229497821,65.11730576340443,65.34720611572266,737078,0.0,0.0
2017-05-18 00:00:00-04:00,65.57712697588909,65.99343092667799,64.98684641852344,65.4528579711914,819915,0.0,0.0
2017-05-19 00:00:00-04:00,65.50873924861997,65.93125359009287,64.99923109027358,65.88154602050781,1047748,0.0,0.0
2017-05-22 00:00:00-04:00,65.83808749084896,66.55884760900396,65.82566059226009,66.50914001464844,896173,0.0,0.0
2017-05-23 00:00:00-04:00,66.48430241590026,67.26099212209384,66.45323794691066,66.71420288085938,946345,0.0,0.0
2017-05-24 00:00:00-04:00,66.65826274063977,67.0745610231728,66.63961960927905,67.05592346191406,635205,0.0,0.0
2017-05-25 00:00:00-04:00,67.13049921233876,67.77670359279207,66.85710740795987,67.71456909179688,808518,0.0,0.0
2017-05-26 00:00:00-04:00,67.4287379225262,67.8388311572657,67.41010035918492,67.65242767333984,534273,0.0,0.0
2017-05-30 00:00:00-04:00,67.65241485220953,68.03143241264472,67.36037999768597,67.82017517089844,1024248,0.0,0.0
2017-05-31 00:00:00-04:00,67.86366827818983,68.27997207503903,67.82638759056609,68.0500717163086,1165248,0.0,0.0
2017-06-01 00:00:00-04:00,67.96309273939922,68.64036144223375,67.65242030004897,68.60308074951172,768333,0.0,0.0
2017-06-02 00:00:00-04:00,69.08152462508004,69.08152462508004,68.5285248536864,68.92618560791016,674568,0.0,0.0
2017-06-05 00:00:00-04:00,68.72737409919372,68.90756696297268,68.39805841164072,68.47883605957031,752940,0.0,0.0
2017-06-06 00:00:00-04:00,68.6776619922877,68.75843963492567,68.32970875960888,68.44776153564453,634265,0.0,0.0
2017-06-07 00:00:00-04:00,68.62793453318075,68.89511561602826,68.39803414304902,68.73977661132812,714753,0.0,0.0
2017-06-08 00:00:00-04:00,68.73979114326934,68.76464494366742,67.35418341592151,67.71456909179688,1568860,0.0,0.0
2017-06-09 00:00:00-04:00,67.51573311850903,67.78913049299112,67.27341134967934,67.71456909179688,948813,0.0,0.0
2017-06-12 00:00:00-04:00,67.71459026053192,68.04390043370289,67.11187705730524,67.7083740234375,869735,0.0,0.0
2017-06-13 00:00:00-04:00,67.63377448184801,68.00658139425835,67.44115479205178,67.98172760009766,525108,0.0,0.0
2017-06-14 00:00:00-04:00,68.41048938435654,68.7460213279178,68.32350106531214,68.65281677246094,893823,0.0,0.0
2017-06-15 00:00:00-04:00,68.65593855653724,69.28822657705794,68.36171224058084,69.21310424804688,1034470,0.702128,0.0
2017-06-16 00:00:00-04:00,69.43219750289087,69.63878668174254,69.26943248185873,69.60748291015625,1602935,0.0,0.0
2017-06-19 00:00:00-04:00,69.58869119692343,69.58869119692343,69.08787023591098,69.4259262084961,889005,0.0,0.0
2017-06-20 00:00:00-04:00,69.40715478571848,69.70764965890314,69.35707324218873,69.50106048583984,896173,0.0,0.0
2017-06-21 00:00:00-04:00,69.49478266455058,69.56990496382257,68.48062601237369,68.94388580322266,892883,0.0,0.0
2017-06-22 00:00:00-04:00,68.88753237531499,69.03777695445352,68.58704321703794,68.59956359863281,861040,0.0,0.0
2017-06-23 00:00:00-04:00,68.53699492820739,68.83122684437922,68.06121458486439,68.16764068603516,1198148,0.0,0.0
2017-06-26 00:00:00-04:00,68.2364774209636,69.01274113545888,67.94850301164612,68.48688507080078,765983,0.0,0.0
2017-06-27 00:00:00-04:00,68.24900394111711,68.46185046262009,67.29744917415735,67.40386962890625,873143,0.0,0.0
2017-06-28 00:00:00-04:00,67.69810918376791,67.79827226415313,66.47110583704304,66.5086669921875,1420928,0.0,0.0
2017-06-29 00:00:00-04:00,66.20191589922477,66.53996630138047,65.81378395600898,66.30834197998047,1529615,0.0,0.0
2017-06-30 00:00:00-04:00,66.49615032811718,66.80290258496504,66.18939807126932,66.22695922851562,1230930,0.0,0.0
2017-07-03 00:00:00-04:00,66.3897377956617,66.57754362023078,66.0078631463676,66.07046508789062,730380,0.0,0.0
2017-07-05 00:00:00-04:00,66.13930221610003,66.2332078948982,65.65100166555749,66.0078353881836,1355833,0.0,0.0
2017-07-06 00:00:00-04:00,65.85133416492197,65.98905837994248,65.63848203879434,65.83881378173828,1111315,0.0,0.0
2017-07-07 00:00:00-04:00,65.95775114357971,66.22068478859973,65.82628993307443,65.89514923095703,853168,0.0,0.0
2017-07-10 00:00:00-04:00,66.06419495067608,66.20818219439604,65.6697999891877,65.68858337402344,1017198,0.0,0.0
2017-07-11 00:00:00-04:00,65.732392490697,65.86385932967238,65.22531412894257,65.53206634521484,1252198,0.0,0.0
2017-07-12 00:00:00-04:00,66.07045709128138,66.26452589251797,65.89517167623198,66.10176086425781,803700,0.0,0.0
2017-07-13 00:00:00-04:00,65.96401561228495,66.23320664856963,65.60718189637349,65.66352081298828,819328,0.0,0.0
2017-07-14 00:00:00-04:00,66.05791165969484,66.27702115143806,65.83880777995611,65.97653198242188,600308,0.0,0.0
2017-07-17 00:00:00-04:00,65.9702816040785,66.47110259357281,65.71987391533412,66.40850067138672,1016023,0.0,0.0
2017-07-18 00:00:00-04:00,66.4836310456895,66.53371258951569,66.12053424094339,66.20191955566406,1840873,0.0,0.0
2017-07-19 00:00:00-04:00,66.26450203135136,66.42726700100154,65.90766833034677,66.32084655761719,941175,0.0,0.0
2017-07-20 00:00:00-04:00,66.5524872553945,66.94062481393323,66.39598524424721,66.84046173095703,1538193,0.0,0.0
2017-07-21 00:00:00-04:00,66.81541283584164,67.57915625066825,66.70898676711725,67.5728988647461,799705,0.0,0.0
2017-07-24 00:00:00-04:00,67.59166297299421,67.59166297299421,66.59002685546875,66.59002685546875,1121185,0.0,0.0
2017-07-25 00:00:00-04:00,66.64014950148064,66.72153483627568,66.17063210629671,66.54624938964844,1105910,0.0,0.0
2017-07-26 00:00:00-04:00,66.98444288303756,67.61046775921766,66.2332197660286,67.22233581542969,1127295,0.0,0.0
2017-07-27 00:00:00-04:00,67.20354461669922,67.26614653583694,66.65890511419846,67.20354461669922,1407768,0.0,0.0
2017-07-28 00:00:00-04:00,67.21605830627813,67.27866021918113,66.67141885801963,66.80914306640625,750943,0.0,0.0
2017-07-31 00:00:00-04:00,66.84672539156286,67.15347766797076,66.57753427479634,67.02201080322266,1008503,0.0,0.0
2017-08-01 00:00:00-04:00,67.17225073290825,67.25363604576262,66.69647607746992,66.97818756103516,1463698,0.0,0.0
2017-08-02 00:00:00-04:00,66.68393255376466,67.36003875732422,66.45856568991286,67.36003875732422,895585,0.0,0.0
2017-08-03 00:00:00-04:00,67.14094879665785,68.16762597578521,67.14094879665785,68.15510559082031,912975,0.0,0.0
2017-08-04 00:00:00-04:00,67.95479372761447,68.23024225479068,67.71690075122804,68.19894409179688,937298,0.0,0.0
2017-08-07 00:00:00-04:00,68.18640210176345,68.23022625408593,67.94225740684253,68.19266510009766,605125,0.0,0.0
2017-08-08 00:00:00-04:00,68.09249021630485,68.50566283853622,68.0173679213537,68.48688507080078,565175,0.0,0.0
2017-08-09 00:00:00-04:00,68.71226724275014,68.71226724275014,67.9297403569101,67.9422607421875,660938,0.0,0.0
2017-08-10 00:00:00-04:00,67.9297420711369,68.32413702333042,67.70437513045661,68.27405548095703,726385,0.0,0.0
2017-08-11 00:00:00-04:00,68.411771113824,68.411771113824,67.30370871023759,67.5290756225586,693838,0.0,0.0
2017-08-14 00:00:00-04:00,67.64804498210138,68.26780700683594,67.61048381732981,68.26780700683594,627803,0.0,0.0
2017-08-15 00:00:00-04:00,68.04869410959758,68.56829300310177,68.04869410959758,68.34292602539062,838833,0.0,0.0
2017-08-16 00:00:00-04:00,68.34291516562499,68.79991204825878,68.32413739313638,68.78739166259766,782668,0.0,0.0
2017-08-17 00:00:00-04:00,68.78114135399694,69.0816306407869,68.7122764197709,68.79991912841797,891943,0.0,0.0
2017-08-18 00:00:00-04:00,68.74981106139826,69.49477660354228,68.61208685807794,69.25688934326172,1643708,0.0,0.0
2017-08-21 00:00:00-04:00,69.35081079365591,69.49479241479226,69.17552540409508,69.41967010498047,652360,0.0,0.0
2017-08-22 00:00:00-04:00,69.50103669525586,69.75144432718866,69.3257513529029,69.72014617919922,534860,0.0,0.0
2017-08-23 00:00:00-04:00,69.69510649492562,70.07697533353256,69.46347662579987,70.0456771850586,587383,0.0,0.0
2017-08-24 00:00:00-04:00,70.00813439478901,70.208460555959,69.90170831566454,69.95178985595703,545083,0.0,0.0
2017-08-25 00:00:00-04:00,70.05824551540599,70.26483476234255,69.80157470703125,69.80157470703125,865623,0.0,0.0
2017-08-28 00:00:00-04:00,69.9204751808775,70.3336477906804,69.9204751808775,70.20218658447266,648718,0.0,0.0
2017-08-29 00:00:00-04:00,70.29610173715648,70.4776501228088,70.12707373630757,70.18341827392578,601600,0.0,0.0
2017-08-30 00:00:00-04:00,70.11454955973753,70.35869985620334,69.90796602765609,70.09577178955078,585738,0.0,0.0
2017-08-31 00:00:00-04:00,70.15211537964304,70.41504344275573,69.90170208848274,70.31488037109375,741778,0.0,0.0
2017-09-01 00:00:00-04:00,70.42756932059012,70.48390824679215,70.03317438915265,70.18968200683594,507718,0.0,0.0
2017-09-05 00:00:00-04:00,70.25228796469946,70.61537914864306,70.10830072368428,70.59659576416016,621928,0.0,0.0
2017-09-06 00:00:00-04:00,70.74055823425549,70.74055823425549,69.87664631468904,69.9142074584961,1205550,0.0,0.0
2017-09-07 00:00:00-04:00,70.0832305040953,70.29607697076418,69.77647837848238,70.02688598632812,858338,0.0,0.0
2017-09-08 00:00:00-04:00,70.00813673303401,70.71554131929545,69.85789210713841,70.64041900634766,772445,0.0,0.0
2017-09-11 00:00:00-04:00,70.58407235365824,71.18505645126437,70.36496842011942,71.05985260009766,518763,0.0,0.0
2017-09-12 00:00:00-04:00,70.82820497343737,71.0097533182733,69.55112039860282,69.6700668334961,734963,0.0,0.0
2017-09-13 00:00:00-04:00,69.67634367356335,69.67634367356335,69.00650024414062,69.00650024414062,1130233,0.0,0.0
2017-09-14 00:00:00-04:00,68.95640570633412,69.87039928645146,68.86250002689543,69.85161590576172,970433,0.0,0.0
2017-09-15 00:00:00-04:00,70.04399378800922,70.34041736417329,69.74757021184514,70.28996276855469,1609750,0.702128,0.0
2017-09-18 00:00:00-04:00,70.2584209424392,70.31518518547462,69.30608768933887,69.70972442626953,1051978,0.0,0.0
2017-09-19 00:00:00-04:00,69.65925493438141,69.70339986613628,69.17362676223064,69.48896789550781,889710,0.0,0.0
2017-09-20 00:00:00-04:00,69.68447620047702,69.7979989986422,68.34742425716868,68.66907501220703,1510815,0.0,0.0
2017-09-21 00:00:00-04:00,68.66909734490112,69.0348931468426,68.5177279109782,68.75739288330078,692428,0.0,0.0
2017-09-22 00:00:00-04:00,68.88353103325484,68.90244867932213,68.22130599852204,68.35375213623047,746008,0.0,0.0
2017-09-25 00:00:00-04:00,68.29700197897694,69.23672174621233,68.24023772614592,69.21149444580078,826025,0.0,0.0
2017-09-26 00:00:00-04:00,69.12320639354796,69.33133447142815,68.68172858844977,69.07905578613281,1119893,0.0,0.0
2017-09-27 00:00:00-04:00,68.65016503463572,68.89613397193985,67.3698714151748,67.63475799560547,912858,0.0,0.0
2017-09-28 00:00:00-04:00,67.50864462701153,68.03211397054007,66.98517528348302,67.89967346191406,1017550,0.0,0.0
2017-09-29 00:00:00-04:00,67.7735098191213,68.17083683974195,67.5275408961305,67.71044158935547,1038700,0.0,0.0
2017-10-02 00:00:00-04:00,67.96272769875628,68.051023237565,67.57169894450838,67.71675872802734,986060,0.0,0.0
2017-10-03 00:00:00-04:00,67.6347539181912,67.6347539181912,66.98514832605946,67.23111724853516,1003920,0.0,0.0
2017-10-04 00:00:00-04:00,67.28158756562532,67.86182106774801,67.07345953226042,67.83028411865234,1656985,0.0,0.0
2017-10-05 00:00:00-04:00,67.91855707620782,68.29066242123147,67.54014773574693,67.9563980102539,1192155,0.0,0.0
2017-10-06 00:00:00-04:00,67.76719459007316,68.15191358687547,67.43923982229086,67.9122543334961,866093,0.0,0.0
2017-10-09 00:00:00-04:00,68.04470373712255,68.17084020287702,67.89333997821718,68.06993103027344,567055,0.0,0.0
2017-10-10 00:00:00-04:00,68.11407512758458,68.99072630792028,67.95009773773404,68.92765808105469,992288,0.0,0.0
2017-10-11 00:00:00-04:00,68.95290108919285,69.48898396665115,68.87091520248333,69.1862564086914,855165,0.0,0.0
2017-10-12 00:00:00-04:00,69.32498962955246,69.83584508590536,68.93396662923345,69.79800415039062,823088,0.0,0.0
2017-10-13 00:00:00-04:00,69.99983428065751,70.27103052449557,69.23040179540376,69.30608367919922,1092280,0.0,0.0
2017-10-16 00:00:00-04:00,69.15472072660346,69.52682618364258,68.89614375968583,69.1421127319336,1084760,0.0,0.0
2017-10-17 00:00:00-04:00,69.14211290650034,69.61512755256679,68.95290252502633,69.47637176513672,1287683,0.0,0.0
2017-10-18 00:00:00-04:00,69.35024556107618,69.74757837498062,69.091662901362,69.72235107421875,1087110,0.0,0.0
2017-10-19 00:00:00-04:00,69.83585001634263,70.7251205444336,69.45744063447937,70.7251205444336,1040815,0.0,0.0
2017-10-20 00:00:00-04:00,70.63051172508985,70.85125334668295,70.34039788064123,70.7881851196289,1160430,0.0,0.0
2017-10-23 00:00:00-04:00,71.05308803777113,71.43780713831093,70.61791434396771,71.29905700683594,1462523,0.0,0.0
2017-10-24 00:00:00-04:00,70.97109689666938,71.25490681228092,70.4287100160295,71.07831573486328,2124988,0.0,0.0
2017-10-25 00:00:00-04:00,71.07830942639855,71.24859649141369,68.45465383333946,69.861083984375,3401743,0.0,0.0
2017-10-26 00:00:00-04:00,70.144882237051,70.74403320975476,69.40067151793387,69.45112609863281,1604580,0.0,0.0
2017-10-27 00:00:00-04:00,69.4952890637534,70.1385907360724,69.34392529469218,69.89892578125,1024600,0.0,0.0
2017-10-30 00:00:00-04:00,69.8800014135685,69.92414634839291,69.36914591523406,69.58988189697266,1074068,0.0,0.0
2017-10-31 00:00:00-04:00,69.45114307531615,69.95569465944625,69.17364281363966,69.66558074951172,1192273,0.0,0.0
2017-11-01 00:00:00-04:00,69.96830374869361,70.3908637647087,69.1105700692273,69.55204772949219,1529498,0.0,0.0
2017-11-02 00:00:00-04:00,69.64032473269441,70.01873970890445,69.33759727477222,69.87998962402344,1979993,0.0,0.0
2017-11-03 00:00:00-04:00,69.7727900185675,70.70620559110604,69.6971081332651,69.94307708740234,1562398,0.0,0.0
2017-11-06 00:00:00-05:00,70.20795558416575,70.77557531224096,69.5835772755679,70.37193298339844,1217770,0.0,0.0
2017-11-07 00:00:00-05:00,70.45393354138014,71.29905359187707,70.22688788256845,71.14768981933594,995108,0.0,0.0
2017-11-08 00:00:00-05:00,71.04048142917485,71.50718646311134,70.90803528182853,71.38735961914062,874318,0.0,0.0
2017-11-09 00:00:00-05:00,71.22965897350964,71.60176432051813,71.14767310954292,71.40625,626040,0.0,0.0
2017-11-10 00:00:00-05:00,71.10982845568294,71.22966091096465,70.75664639309562,70.92062377929688,747300,0.0,0.0
2017-11-13 00:00:00-05:00,71.0909177722274,72.1063247822499,70.95216766263223,72.049560546875,1302958,0.0,0.0
2017-11-14 00:00:00-05:00,71.78469228299821,72.97038099394366,71.69639673619022,72.89469909667969,822970,0.0,0.0
2017-11-15 00:00:00-05:00,73.05236159066845,73.2920265684315,72.14417323556081,72.19463348388672,846235,0.0,0.0
2017-11-16 00:00:00-05:00,72.20723064764205,72.32075345938713,71.80358832985146,71.89188385009766,953513,0.0,0.0
2017-11-17 00:00:00-05:00,71.67114553094761,71.9486457283544,70.98369337938716,71.21704864501953,1140573,0.0,0.0
2017-11-20 00:00:00-05:00,71.25487478033956,71.48822999750061,70.63680063341788,70.7818603515625,868560,0.0,0.0
2017-11-21 00:00:00-05:00,71.04046630859375,71.12876183676148,70.81972466127016,71.04046630859375,937533,0.0,0.0
2017-11-22 00:00:00-05:00,71.0278549194336,71.23598292649173,70.76296832651062,71.0278549194336,1222000,0.0,0.0
2017-11-24 00:00:00-05:00,71.16029666083277,71.52609240948685,71.02154089546593,71.04676818847656,213850,0.0,0.0
2017-11-27 00:00:00-05:00,70.9521742754661,71.81621195628772,70.9521742754661,71.67115783691406,1775895,0.0,0.0
2017-11-28 00:00:00-05:00,71.81621681758246,72.12525402921564,71.64593539167744,72.11264038085938,851405,0.0,0.0
2017-11-29 00:00:00-05:00,71.9675634437436,72.80637934020999,71.74051782744912,72.25137329101562,1227523,0.0,0.0
2017-11-30 00:00:00-05:00,72.32705664277029,73.06495773772713,71.99910185696902,72.88836669921875,1307540,0.0,0.0
2017-12-01 00:00:00-05:00,73.15957307441327,73.41184602162902,72.28922575271021,72.66133117675781,791363,0.0,0.0
2017-12-04 00:00:00-05:00,72.85684755334256,73.62628006363695,72.49104611595105,72.86315155029297,1593770,0.0,0.0
2017-12-05 00:00:00-05:00,72.80637915245033,72.90728831498764,71.4188668599466,72.11892700195312,1047630,0.0,0.0
2017-12-06 00:00:00-05:00,72.32707413854651,72.6234977089367,71.9738919760957,72.52889251708984,1307893,0.0,0.0
2017-12-07 00:00:00-05:00,72.49735430911082,72.58564984130379,72.18831711953099,72.57303619384766,1039993,0.0,0.0
2017-12-08 00:00:00-05:00,72.4153838908535,72.87578498416497,72.22617912383726,72.83794403076172,1536430,0.0,0.0
2017-12-11 00:00:00-05:00,72.70549477720115,73.1974271122837,72.40276153257135,73.15328216552734,795593,0.0,0.0
2017-12-12 00:00:00-05:00,73.15957695777819,73.34247768112249,71.85405590592555,71.90451049804688,1261245,0.0,0.0
2017-12-13 00:00:00-05:00,71.98650159478413,72.200933609982,71.67116039596371,71.78468322753906,936123,0.0,0.0
2017-12-14 00:00:00-05:00,71.7846962333398,72.00543228560208,71.11616711690878,71.65855407714844,902635,0.0,0.0
2017-12-15 00:00:00-05:00,71.97828483194226,72.4613635137218,71.63504876458649,71.97193145751953,2048848,0.751489,0.0
2017-12-18 00:00:00-05:00,72.02910012793915,72.26428313273995,70.43368025392193,70.6561508178711,1094748,0.0,0.0
2017-12-19 00:00:00-05:00,70.70700418498134,70.75150057927537,69.25142108614588,69.28955841064453,1091810,0.0,0.0
2017-12-20 00:00:00-05:00,69.25143118386534,69.6900133285962,68.77471170907492,68.8064956665039,1014495,0.0,0.0
2017-12-21 00:00:00-05:00,68.64758727554309,69.04167301949178,68.38062596512623,68.8064956665039,834838,0.0,0.0
2017-12-22 00:00:00-05:00,69.06707965999607,69.21327556898154,68.74291528917394,69.10521697998047,813688,0.0,0.0
2017-12-26 00:00:00-05:00,68.97176870195364,69.44848825465296,68.69844827614618,68.73023223876953,708408,0.0,0.0
2017-12-27 00:00:00-05:00,68.85734058872451,69.12430188033319,68.7365695363319,69.1179428100586,547198,0.0,0.0
2017-12-28 00:00:00-05:00,69.25142598530935,69.71543298191457,69.14972644611825,69.67093658447266,970315,0.0,0.0
2017-12-29 00:00:00-05:00,69.76629396644088,69.98240552196191,69.3976330776109,69.57560729980469,744833,0.0,0.0
2018-01-02 00:00:00-05:00,69.71541928233917,70.23027594736695,68.87003917989051,68.93360137939453,1161723,0.0,0.0
2018-01-03 00:00:00-05:00,68.81920974315955,69.34677900388361,68.22807256606883,68.71115112304688,1347138,0.0,0.0
2018-01-04 00:00:00-05:00,68.39969212380845,68.96539870490547,67.51617445728952,67.56702423095703,1091223,0.0,0.0
2018-01-05 00:00:00-05:00,67.82763390960748,67.93568683237609,67.11573136191237,67.50346374511719,1460173,0.0,0.0
2018-01-08 00:00:00-05:00,67.6051437888284,68.03736675137723,67.47166031899596,67.99922943115234,805580,0.0,0.0
2018-01-09 00:00:00-05:00,67.72592959882944,67.99289089866431,67.07123024495378,67.17293548583984,1024248,0.0,0.0
2018-01-10 00:00:00-05:00,66.98859071192031,67.09664360853799,66.0033680131499,66.51187133789062,2466560,0.0,0.0
2018-01-11 00:00:00-05:00,66.55635489601669,66.81060938017517,65.90166142284582,66.0605697631836,1109318,0.0,0.0
2018-01-12 00:00:00-05:00,66.68985758282516,66.68985758282516,65.60929423244451,66.05422973632812,1544303,0.0,0.0
2018-01-16 00:00:00-05:00,66.20042034931485,66.52459046794655,65.45038057649509,66.19406127929688,2590170,0.0,0.0
2018-01-17 00:00:00-05:00,66.39111646817786,66.43561287038963,65.79998498421655,66.16229248046875,1525150,0.0,0.0
2018-01-18 00:00:00-05:00,66.30849885668813,66.30849885668813,65.38048461811097,65.7682113647461,1336093,0.0,0.0
2018-01-19 00:00:00-05:00,65.7046180261155,66.03514715747109,65.36774122202506,65.56478118896484,1444545,0.0,0.0
2018-01-22 00:00:00-05:00,65.83810955936251,66.2131294267162,65.55843585079374,65.69827270507812,1288623,0.0,0.0
2018-01-23 00:00:00-05:00,65.7364218801657,66.74071062190136,65.70463792214355,66.53095245361328,1385090,0.0,0.0
2018-01-24 00:00:00-05:00,66.47374124497766,66.7534149700499,66.10507472747281,66.3783950805664,1826303,0.0,0.0
2018-01-25 00:00:00-05:00,66.3021288520571,67.37633888879259,66.24492000652357,67.35091400146484,1247498,0.0,0.0
2018-01-26 00:00:00-05:00,67.39540770659048,67.5288912200517,66.42925624701795,67.05852508544922,1322228,0.0,0.0
2018-01-29 00:00:00-05:00,66.73433954770975,66.77883594131886,66.13049573673051,66.35296630859375,3110108,0.0,0.0
2018-01-30 00:00:00-05:00,66.14956317166674,66.65170742127346,65.98430144489971,66.25762176513672,1418813,0.0,0.0
2018-01-31 00:00:00-05:00,66.31483883572584,67.2174280004708,66.00974019911075,67.14750671386719,1572973,0.0,0.0
2018-02-01 00:00:00-05:00,67.2237806219295,67.59879481107886,65.88260944667103,66.24491119384766,3322313,0.0,0.0
2018-02-02 00:00:00-05:00,65.92075078802975,66.17499964297113,65.42495982280228,65.64743041992188,2361515,0.0,0.0
2018-02-05 00:00:00-05:00,65.48217209931269,66.16864404366578,64.65585757931413,64.83383178710938,2200305,0.0,0.0
2018-02-06 00:00:00-05:00,64.09649186055897,64.11556337100352,62.07520235607573,63.155765533447266,3657540,0.0,0.0
2018-02-07 00:00:00-05:00,63.11127277376862,63.912162224409556,62.952364418264864,63.09856033325195,1359828,0.0,0.0
2018-02-08 00:00:00-05:00,62.95235906315379,63.8422355217131,62.59641075896619,62.60276412963867,2318863,0.0,0.0
2018-02-09 00:00:00-05:00,62.780761904909454,64.74484878193226,62.70448723959715,64.2363510131836,1717850,0.0,0.0
2018-02-12 00:00:00-05:00,64.3443966270503,64.55415478186566,63.600715875730856,64.35710906982422,1847923,0.0,0.0
2018-02-13 00:00:00-05:00,64.23636241129161,65.0880963250774,63.816845979542485,64.96733093261719,1125298,0.0,0.0
2018-02-14 00:00:00-05:00,64.56687675836822,64.8274847227597,63.956673717028366,64.34440612792969,1116485,0.0,0.0
2018-02-15 00:00:00-05:00,64.53506787185603,65.61563094792872,64.45243986258494,65.56478118896484,1160195,0.0,0.0
2018-02-16 00:00:00-05:00,65.29782392002906,67.09664279975635,65.17069951489894,66.88053131103516,2016418,0.0,0.0
2018-02-20 00:00:00-05:00,66.7724822378771,67.185633729154,65.39952718770031,65.59657287597656,1643590,0.0,0.0
2018-02-21 00:00:00-05:00,65.59657811662701,66.1813504604175,64.75755122961868,64.770263671875,1149503,0.0,0.0
2018-02-22 00:00:00-05:00,65.0372287180906,65.42496107836301,64.50965948491685,64.74484252929688,1206490,0.0,0.0
2018-02-23 00:00:00-05:00,64.79568241974596,66.55001068115234,64.75118602701723,66.55001068115234,1238333,0.0,0.0
2018-02-26 00:00:00-05:00,66.70892310960195,66.7852034651724,65.83811792100866,65.95252990722656,1086405,0.0,0.0
2018-02-27 00:00:00-05:00,66.11778072423972,66.54365034040362,64.84017757383893,64.85289001464844,2490530,0.0,0.0
2018-02-28 00:00:00-05:00,64.96096175492761,65.06266131090243,64.02023516406804,64.0583724975586,2557388,0.0,0.0
2018-03-01 00:00:00-05:00,64.10284782305165,64.87195331124825,63.600703581502586,64.02657318115234,1221530,0.0,0.0
2018-03-02 00:00:00-05:00,64.01389325489826,64.7766457594007,63.448186524431584,64.06474304199219,1029418,0.0,0.0
2018-03-05 00:00:00-05:00,63.98844121596971,65.29147500461468,63.702408435861344,65.19612884521484,1249260,0.0,0.0
2018-03-06 00:00:00-05:00,65.107166187727,65.15165690020905,63.99481860236996,64.32534790039062,968905,0.0,0.0
2018-03-07 00:00:00-05:00,64.12191975816589,64.4905862606444,63.257468035994115,63.511722564697266,1322463,0.0,0.0
2018-03-08 00:00:00-05:00,63.66426894592744,64.0774261257863,63.47358233170588,63.81681823730469,1010853,0.0,0.0
2018-03-09 00:00:00-05:00,63.797760298730786,63.93759716641834,63.301969342474145,63.89945983886719,1723490,0.0,0.0
2018-03-12 00:00:00-04:00,63.79139622011972,64.6812728245401,63.740546454043766,64.1409912109375,1806680,0.0,0.0
2018-03-13 00:00:00-04:00,64.39524582216491,64.52237024876692,63.77233613181506,64.1537094116211,1485200,0.0,0.0
2018-03-14 00:00:00-04:00,64.23631812188124,64.78931201128889,64.1219004844063,64.68760681152344,1104853,0.0,0.0
2018-03-15 00:00:00-04:00,64.83381981702622,65.13256503114351,64.30625066370501,64.65584564208984,1986925,0.0,0.0
2018-03-16 00:00:00-04:00,64.8565552616609,65.74140069954206,64.72831762544466,65.57469177246094,3984895,0.751489,0.0
2018-03-19 00:00:00-04:00,65.47208142621244,65.98503181252559,65.11301040780594,65.52337646484375,1894335,0.0,0.0
2018-03-20 00:00:00-04:00,65.58750039445201,65.9209181716409,64.91425008574977,65.49773406982422,2139558,0.0,0.0
2018-03-21 00:00:00-04:00,65.72214789832788,66.51081781165905,65.44643991437036,65.74138641357422,1355363,0.0,0.0
2018-03-22 00:00:00-04:00,65.67726885930726,67.15200713138017,65.67726885930726,65.75421142578125,2341423,0.0,0.0
2018-03-23 00:00:00-04:00,65.85683858506651,66.40826636984879,64.74757975333998,64.81810760498047,915443,0.0,0.0
2018-03-26 00:00:00-04:00,65.02325395529601,65.6836805518654,64.97837366367818,65.47850036621094,699360,0.0,0.0
2018-03-27 00:00:00-04:00,65.52337304542046,67.2738247693454,65.36948793755721,66.56210327148438,831078,0.0,0.0
2018-03-28 00:00:00-04:00,66.74163923568818,67.132766778398,66.31845516789693,66.68392944335938,1011675,0.0,0.0
2018-03-29 00:00:00-04:00,66.69676483465454,67.44696352582454,66.69676483465454,66.94042205810547,696070,0.0,0.0
2018-04-02 00:00:00-04:00,67.11993850721078,67.63930361131114,66.14532709285041,66.47233581542969,1153145,0.0,0.0
2018-04-03 00:00:00-04:00,66.45953692837465,67.07507757960107,66.20305590904125,66.95325469970703,1238450,0.0,0.0
2018-04-04 00:00:00-04:00,66.8314302026134,66.89554902441262,65.95940847815473,66.6134262084961,1121303,0.0,0.0
2018-04-05 00:00:00-04:00,66.67112308365407,67.33155549894255,65.76063016431233,67.08789825439453,1176058,0.0,0.0
2018-04-06 00:00:00-04:00,67.11353971883628,67.32513466283723,66.51082291336232,66.722412109375,1033178,0.0,0.0
2018-04-09 00:00:00-04:00,66.72241622635224,67.33796257961416,66.44670820423455,66.9019546508789,1307893,0.0,0.0
2018-04-10 00:00:00-04:00,67.01093347658254,67.08787602895318,66.27997348107468,66.40180206298828,840243,0.0,0.0
2018-04-11 00:00:00-04:00,66.33769237983206,66.70958143403016,65.98503609237453,66.26074981689453,499493,0.0,0.0
2018-04-12 00:00:00-04:00,66.36975915175523,66.46593448794943,65.2861426949859,65.4656753540039,716163,0.0,0.0
2018-04-13 00:00:00-04:00,65.54260107586478,65.94014332378462,65.51054455470216,65.68366241455078,747770,0.0,0.0
2018-04-16 00:00:00-04:00,65.82474451669142,66.49799484253579,65.56826354895098,66.43387603759766,1134580,0.0,0.0
2018-04-17 00:00:00-04:00,66.45952519421756,67.15842305922735,66.22869174277479,66.99812316894531,638260,0.0,0.0
2018-04-18 00:00:00-04:00,67.04302504548157,67.45338550412085,66.64548260318537,66.69036865234375,1062435,0.0,0.0
2018-04-19 00:00:00-04:00,66.5621132100072,66.79294090626742,66.07480454769221,66.51722717285156,951045,0.0,0.0
2018-04-20 00:00:00-04:00,66.48515211788725,66.51720863721886,65.58106860415081,65.8696060180664,1412820,0.0,0.0
2018-04-23 00:00:00-04:00,65.96578085060193,66.51720236378085,65.9080710740671,66.25431823730469,1357243,0.0,0.0
2018-04-24 00:00:00-04:00,66.4723546173541,67.2866664034509,65.79268946241386,66.81218719482422,2149780,0.0,0.0
2018-04-25 00:00:00-04:00,66.20947461588115,67.32514786079608,65.40798647110661,66.69036865234375,1505058,0.0,0.0
2018-04-26 00:00:00-04:00,66.61983285151335,67.31873085830685,66.18382487875806,67.21614074707031,948108,0.0,0.0
2018-04-27 00:00:00-04:00,67.03658506215493,68.12020136244755,67.03658506215493,67.74189758300781,1652990,0.0,0.0
2018-04-30 00:00:00-04:00,67.7611577010191,67.99198544573517,67.31872923499637,67.58161926269531,2170578,0.0,0.0
2018-05-01 00:00:00-04:00,67.48544946827242,67.58162482916455,67.14561683101059,67.32514953613281,2114413,0.0,0.0
2018-05-02 00:00:00-04:00,67.3251253139201,67.62007179479085,66.66469879797663,67.16482543945312,1540778,0.0,0.0
2018-05-03 00:00:00-04:00,67.21611965662824,67.35718676330497,66.27357043139219,67.06864929199219,1229285,0.0,0.0
2018-05-04 00:00:00-04:00,67.07507855247856,67.3828546305449,66.86989833242708,67.11996459960938,1056560,0.0,0.0
2018-05-07 00:00:00-04:00,67.01735565697622,67.03017941712581,66.52363801722284,66.78011322021484,1321875,0.0,0.0
2018-05-08 00:00:00-04:00,66.61981807523235,66.61981807523235,64.61289084732041,64.8244857788086,1591303,0.0,0.0
2018-05-09 00:00:00-04:00,64.85013870344218,64.97196156966943,63.939645844325064,64.27306365966797,1000395,0.0,0.0
2018-05-10 00:00:00-04:00,64.71547153237042,64.99759423470242,64.34999152126495,64.9719467163086,889945,0.0,0.0
2018-05-11 00:00:00-04:00,65.17072878558587,65.86321764632157,64.99119612672536,65.69009399414062,1588953,0.0,0.0
2018-05-14 00:00:00-04:00,65.74137900917181,65.96579767250124,65.0809525265613,65.58749389648438,1776365,0.0,0.0
2018-05-15 00:00:00-04:00,65.2348530979444,65.47209557688376,64.63854527097999,65.06172943115234,2056955,0.0,0.0
2018-05-16 00:00:00-04:00,65.11302301152149,65.11302301152149,64.15123510302689,64.42053985595703,1009560,0.0,0.0
2018-05-17 00:00:00-04:00,64.38847918724207,64.66419295414481,63.4779863045325,63.68316650390625,1801393,0.0,0.0
2018-05-18 00:00:00-04:00,63.869099945146715,64.40128884470809,63.619033757934496,64.06787109375,1407650,0.0,0.0
2018-05-21 00:00:00-04:00,64.10635219376735,64.29229386321727,63.54851568944123,64.09993743896484,1001805,0.0,0.0
2018-05-22 00:00:00-04:00,64.09351588418129,64.72188008038727,63.99092581133134,64.19610595703125,1028595,0.0,0.0
2018-05-23 00:00:00-04:00,64.4269402828182,65.10019057950498,64.31152643892797,65.03607177734375,1142570,0.0,0.0
2018-05-24 00:00:00-04:00,65.22202669386111,65.69650588453374,64.89501789116015,65.48491668701172,1842283,0.0,0.0
2018-05-25 00:00:00-04:00,65.54260003036404,65.96578978765811,65.41436245178599,65.51695251464844,1191333,0.0,0.0
2018-05-29 00:00:00-04:00,65.49132287672076,66.06839788583812,65.11301904265308,65.4656753540039,1245735,0.0,0.0
2018-05-30 00:00:00-04:00,65.3887327284879,65.90168893036311,65.16431403091825,65.69009399414062,1186280,0.0,0.0
2018-05-31 00:00:00-04:00,65.63877482384821,66.06837354507783,65.22840886357652,65.67724609375,1876710,0.0,0.0
2018-06-01 00:00:00-04:00,65.63239279551844,65.70933537368519,64.65778105741734,64.77960968017578,1251963,0.0,0.0
2018-06-04 00:00:00-04:00,64.93350079839638,65.25409490352665,64.11277414127356,64.14483642578125,1392258,0.0,0.0
2018-06-05 00:00:00-04:00,64.04224817342796,64.23460464209667,63.465173019432356,63.663944244384766,1252668,0.0,0.0
2018-06-06 00:00:00-04:00,63.65750929329452,63.67674780805288,62.04811872734767,62.15712356567383,1506468,0.0,0.0
2018-06-07 00:00:00-04:00,61.93913346192023,62.83680264594694,61.689067202172374,62.221256256103516,1510345,0.0,0.0
2018-06-08 00:00:00-04:00,62.387975160954255,62.49056528434268,61.91349584028283,62.1763801574707,1249965,0.0,0.0
2018-06-11 00:00:00-04:00,61.62492790808988,62.1891733089645,60.43231256279965,60.72084426879883,2744683,0.0,0.0
2018-06-12 00:00:00-04:00,60.797794844888976,62.003239856318785,60.78497683207408,61.868587493896484,1841460,0.0,0.0
2018-06-13 00:00:00-04:00,62.07377161963279,62.29819032196512,61.47746383033992,61.6057014465332,1472745,0.0,0.0
2018-06-14 00:00:00-04:00,61.72752304239158,62.41359708506759,61.580046926531544,62.2276496887207,1448658,0.0,0.0
2018-06-15 00:00:00-04:00,62.1519434047048,62.86373208234044,61.73134153162602,62.80549240112305,2774528,0.751489,0.0
2018-06-18 00:00:00-04:00,62.837852292618855,63.27138989402801,62.68902205580017,63.0255012512207,1130115,0.0,0.0
2018-06-19 00:00:00-04:00,63.01903228415601,64.14494921893102,62.96079260097977,64.12553405761719,2134035,0.0,0.0
2018-06-20 00:00:00-04:00,64.00259311021516,64.36495531693345,63.323155271470405,64.24848175048828,2206415,0.0,0.0
2018-06-21 00:00:00-04:00,64.20966856901985,64.86968556211433,64.1126043461228,64.75321197509766,2924693,0.0,0.0
2018-06-22 00:00:00-04:00,64.79849584611486,65.14791652998207,64.66260712422843,64.99909210205078,1395665,0.0,0.0
2018-06-25 00:00:00-04:00,65.14147666389158,66.67505458088766,65.02500305256159,66.5132827758789,2320038,0.0,0.0
2018-06-26 00:00:00-04:00,66.42266249228904,67.28974923417944,66.36442281227873,66.77855682373047,1887520,0.0,0.0
2018-06-27 00:00:00-04:00,66.66855150433459,67.70387783782563,66.61031762475123,67.4126968383789,1665915,0.0,0.0
2018-06-28 00:00:00-04:00,67.59389319195742,68.02743666329799,67.03093462480865,67.25740814208984,1524680,0.0,0.0
2018-06-29 00:00:00-04:00,67.31563096904932,67.50975356412243,66.6491404922492,67.05680084228516,1345728,0.0,0.0
2018-07-02 00:00:00-04:00,67.12799955172697,67.72978270593762,66.95328625507113,67.67801666259766,1585898,0.0,0.0
2018-07-03 00:00:00-04:00,67.6391679902873,68.31213211429906,67.39975302566836,67.95623779296875,724270,0.0,0.0
2018-07-05 00:00:00-04:00,68.10508307037904,68.8556905968556,67.86566225206815,68.80392456054688,1399073,0.0,0.0
2018-07-06 00:00:00-04:00,68.8103891795575,69.34746463611694,68.7133249738417,69.25687408447266,1091693,0.0,0.0
2018-07-09 00:00:00-04:00,69.20511214013607,69.20511214013607,66.47443651994247,66.74620819091797,1436555,0.0,0.0
2018-07-10 00:00:00-04:00,66.50031329566337,67.65211321295156,65.92441333701929,67.29621887207031,1521038,0.0,0.0
2018-07-11 00:00:00-04:00,67.56799553730596,68.51273133283857,67.47093133609116,68.37036895751953,1329513,0.0,0.0
2018-07-12 00:00:00-04:00,68.48038030943538,68.68744443494312,68.1050765819526,68.53861999511719,1144450,0.0,0.0
2018-07-13 00:00:00-04:00,68.57745018667019,68.77157282037821,68.18273126441424,68.71333312988281,1051625,0.0,0.0
2018-07-16 00:00:00-04:00,68.5968529897761,68.99804552850614,68.29919831322171,68.78450775146484,1352895,0.0,0.0
2018-07-17 00:00:00-04:00,68.94628654963638,69.0821694937527,68.71333358687149,68.8362808227539,1038230,0.0,0.0
2018-07-18 00:00:00-04:00,68.66803594980938,68.93980761800628,68.29920007115936,68.62921142578125,875375,0.0,0.0
2018-07-19 00:00:00-04:00,68.73275087310766,69.75513591643825,68.73275087310766,69.47689056396484,1273230,0.0,0.0
2018-07-20 00:00:00-04:00,69.20511700409259,69.41218114891277,68.3962639872397,68.9786376953125,1182285,0.0,0.0
2018-07-23 00:00:00-04:00,69.14689011083888,69.25042220241092,68.46099000417414,68.86864471435547,1088403,0.0,0.0
2018-07-24 00:00:00-04:00,68.40274053771438,69.24394446242151,67.82036680498904,69.05628967285156,1771548,0.0,0.0
2018-07-25 00:00:00-04:00,69.87806280331503,70.90044763373503,69.54805728273294,70.07865905761719,2218165,0.0,0.0
2018-07-26 00:00:00-04:00,70.54457439929642,70.93281968463302,70.085147911265,70.41515350341797,1462170,0.0,0.0
2018-07-27 00:00:00-04:00,70.41515694293847,70.95870616972633,70.02044378394912,70.2792739868164,1149620,0.0,0.0
2018-07-30 00:00:00-04:00,70.20808179224312,70.22749695480273,69.47041582952484,69.7421875,1515750,0.0,0.0
2018-07-31 00:00:00-04:00,70.09159881310808,70.45396679254526,69.65158759614881,70.23395538330078,2422968,0.0,0.0
2018-08-01 00:00:00-04:00,69.72923220774217,69.8198227466592,68.76508134240707,69.78099822998047,2255295,0.0,0.0
2018-08-02 00:00:00-04:00,69.7357184582106,70.4669224163837,69.32805802515045,70.3375015258789,986648,0.0,0.0
2018-08-03 00:00:00-04:00,69.73570633914045,71.29516660062978,69.73570633914045,71.24340057373047,1239978,0.0,0.0
2018-08-06 00:00:00-04:00,71.25634859098862,71.7545995458011,71.10105049610144,71.50224304199219,2374558,0.0,0.0
2018-08-07 00:00:00-04:00,71.5475461224359,71.5475461224359,70.7128158371631,71.40518951416016,1099918,0.0,0.0
2018-08-08 00:00:00-04:00,71.22401555090615,71.48284577384368,70.86812109398356,71.2822494506836,752940,0.0,0.0
2018-08-09 00:00:00-04:00,71.37283764755556,71.70284907117448,71.15283196539853,71.64461517333984,1075125,0.0,0.0
2018-08-10 00:00:00-04:00,71.81282323154663,72.29813257032274,71.34692324992417,71.39868927001953,1434910,0.0,0.0
2018-08-13 00:00:00-04:00,71.50871451002317,71.76107682735345,71.19164464988589,71.68989562988281,1566040,0.0,0.0
2018-08-14 00:00:00-04:00,71.63164844802014,72.1104841759276,71.63164844802014,71.85165405273438,676095,0.0,0.0
2018-08-15 00:00:00-04:00,71.83226205608142,73.01641895267973,71.81285269096558,72.6475830078125,1422690,0.0,0.0
2018-08-16 00:00:00-04:00,72.53756305381921,73.294644099755,72.36284981215518,73.23640441894531,1523623,0.0,0.0
2018-08-17 00:00:00-04:00,73.14584482672686,73.84469228836824,72.99054667986599,73.52114868164062,1625260,0.0,0.0
2018-08-20 00:00:00-04:00,73.6828999221252,73.6828999221252,73.01640932746285,73.3140640258789,1228228,0.0,0.0
2018-08-21 00:00:00-04:00,73.37229460626101,73.44994364838195,72.58933053115884,72.93875122070312,1619738,0.0,0.0
2018-08-22 00:00:00-04:00,73.04877579461233,73.08112667013432,71.63167170880935,71.97462463378906,1180405,0.0,0.0
2018-08-23 00:00:00-04:00,71.99399822245451,72.74461125121705,71.90340769493741,72.10400390625,1034940,0.0,0.0
2018-08-24 00:00:00-04:00,72.20755163568636,72.4857911303108,71.61223652467393,72.40814208984375,977718,0.0,0.0
2018-08-27 00:00:00-04:00,72.48578757491848,72.70579897954869,71.62517451823877,72.0457763671875,1364763,0.0,0.0
2018-08-28 00:00:00-04:00,71.86460742839898,71.98755465760469,71.47636217948471,71.65106964111328,860453,0.0,0.0
2018-08-29 00:00:00-04:00,71.8451749603017,72.02636183358513,71.50869582562335,72.00047302246094,797238,0.0,0.0
2018-08-30 00:00:00-04:00,72.19461422553297,72.63462547981416,72.07166700410114,72.38226318359375,950340,0.0,0.0
2018-08-31 00:00:00-04:00,72.38226851006614,72.6993383670134,71.7028364170453,71.91637420654297,869853,0.0,0.0
2018-09-04 00:00:00-04:00,72.16872494623404,72.67991734765943,72.15578343987852,72.25931549072266,1063140,0.0,0.0
2018-09-05 00:00:00-04:00,72.39521129323695,73.32700571745616,72.27873771530528,73.2946548461914,1153498,0.0,0.0
2018-09-06 00:00:00-04:00,73.28171171484728,73.96761165859024,72.95170035096542,73.76702117919922,1293558,0.0,0.0
2018-09-07 00:00:00-04:00,73.21052110676592,73.59877210879495,72.7705098786667,73.09404754638672,1429153,0.0,0.0
2018-09-10 00:00:00-04:00,73.30760114839687,73.77996914572391,73.11347850581718,73.37877655029297,1069015,0.0,0.0
2018-09-11 00:00:00-04:00,73.4758287268046,73.7605418892474,73.10052501267543,73.26229095458984,810398,0.0,0.0
2018-09-12 00:00:00-04:00,73.13934718902316,73.57935842595862,72.96463394456329,73.13287353515625,830960,0.0,0.0
2018-09-13 00:00:00-04:00,73.23643048189047,73.62468162367183,72.62170579156765,73.61174011230469,922845,0.0,0.0
2018-09-14 00:00:00-04:00,73.39846687835943,73.54846137177482,72.49199316060118,73.23543548583984,927193,0.751489,0.0
2018-09-17 00:00:00-04:00,73.32021745131672,73.52238294514488,72.75285505547714,73.26152801513672,1160430,0.0,0.0
2018-09-18 00:00:00-04:00,73.0854351159126,73.47671744186985,72.70719553415393,73.37237548828125,1231988,0.0,0.0
2018-09-19 00:00:00-04:00,73.4310757024379,73.4310757024379,70.88120442464385,71.14205932617188,1731010,0.0,0.0
2018-09-20 00:00:00-04:00,71.17466676900666,71.24639894149408,70.48339545656964,71.20075225830078,1254783,0.0,0.0
2018-09-21 00:00:00-04:00,70.99860084802259,71.70291504453212,70.73122160675626,71.1290283203125,3630750,0.0,0.0
2018-09-24 00:00:00-04:00,71.26595773799986,71.37681813160492,70.69859548840972,70.76380920410156,1102503,0.0,0.0
2018-09-25 00:00:00-04:00,70.63990195974027,70.63990195974027,69.70734287932451,70.09862518310547,1122830,0.0,0.0
2018-09-26 00:00:00-04:00,70.32034170010498,70.39207970187677,69.40734394322271,69.44647216796875,1470513,0.0,0.0
2018-09-27 00:00:00-04:00,69.5442992539267,70.42468727936993,69.39430479489609,70.04644775390625,856928,0.0,0.0
2018-09-28 00:00:00-04:00,70.23560009661834,71.2138120251117,70.23560009661834,71.16815948486328,1163015,0.0,0.0
2018-10-01 00:00:00-04:00,70.92033734787582,71.13554557893373,70.50948792773953,71.10293579101562,986295,0.0,0.0
2018-10-02 00:00:00-04:00,71.35729294752643,72.28985247556918,71.35729294752643,72.23116302490234,1569448,0.0,0.0
2018-10-03 00:00:00-04:00,72.02895934606981,72.34850946809598,70.26165892549248,70.8420639038086,1332333,0.0,0.0
2018-10-04 00:00:00-04:00,70.66599852039893,71.42900205540967,70.03342244042051,71.33118438720703,766688,0.0,0.0
2018-10-05 00:00:00-04:00,71.33116864970529,72.863699677434,71.27899767920262,72.79196166992188,1194505,0.0,0.0
2018-10-08 00:00:00-04:00,72.92241945307079,74.02454043295471,72.78547352156299,73.42456817626953,1329278,0.0,0.0
2018-10-09 00:00:00-04:00,73.59412254401478,74.33104066008097,73.30065781842303,74.10931396484375,1487785,0.0,0.0
2018-10-10 00:00:00-04:00,74.10276673043342,74.89185558935779,73.48323352714696,73.5223617553711,1190275,0.0,0.0
2018-10-11 00:00:00-04:00,73.80931701777548,74.01800094382735,71.82028957837893,72.11375427246094,1601525,0.0,0.0
2018-10-12 00:00:00-04:00,72.0485223174324,72.1332972178715,71.24638491039504,71.82678985595703,1380508,0.0,0.0
2018-10-15 00:00:00-04:00,71.73551762699917,72.3615753282435,71.57248621280536,71.81377410888672,1524093,0.0,0.0
2018-10-16 00:00:00-04:00,71.67029675803805,72.87675950292919,71.25292889618251,72.5441665649414,1278753,0.0,0.0
2018-10-17 00:00:00-04:00,72.40720544967627,72.83109755263412,72.07461255469399,72.57676696777344,856340,0.0,0.0
2018-10-18 00:00:00-04:00,72.73980128168182,72.9354424495289,72.09418250471506,72.49198913574219,946345,0.0,0.0
2018-10-19 00:00:00-04:00,72.68762501366358,74.02451499920575,72.4985023087703,73.65279388427734,986060,0.0,0.0
2018-10-22 00:00:00-04:00,73.69845586519021,73.75714529573148,72.8832755180199,73.23543548583984,952690,0.0,0.0
2018-10-23 00:00:00-04:00,73.39847810065552,73.98540757266557,72.66808425513332,73.00067138671875,1677783,0.0,0.0
2018-10-24 00:00:00-04:00,73.20936637418156,77.09612286587182,73.09198164069393,76.75701141357422,4030250,0.0,0.0
2018-10-25 00:00:00-04:00,75.9874840322011,76.29399153960416,74.52016608267716,75.02883911132812,3292115,0.0,0.0
2018-10-26 00:00:00-04:00,75.23749241024672,75.64182328790181,73.17020888313631,73.59410095214844,2334725,0.0,0.0
2018-10-29 00:00:00-04:00,73.77020545651862,74.65059973776732,73.67890621823383,74.10279846191406,1582960,0.0,0.0
2018-10-30 00:00:00-04:00,74.38322381757933,74.87884827626117,73.62022008311519,74.57886505126953,1412585,0.0,0.0
2018-10-31 00:00:00-04:00,74.21365731729277,74.37017028154328,72.92241366993818,73.3006591796875,1893043,0.0,0.0
2018-11-01 00:00:00-04:00,73.300645689298,73.51585389860709,72.42025165820236,73.09848022460938,1646175,0.0,0.0
2018-11-02 00:00:00-04:00,73.31368846661181,73.48324414675346,72.00288386245627,72.63545989990234,1124123,0.0,0.0
2018-11-05 00:00:00-05:00,72.87676044264764,74.03104637354762,72.74633298413596,73.92670440673828,1465108,0.0,0.0
2018-11-06 00:00:00-05:00,73.94626665532206,74.95708231633722,73.88105293029345,74.8918685913086,934478,0.0,0.0
2018-11-07 00:00:00-05:00,75.30925153232843,75.80487590345284,74.67015110236639,75.73966217041016,1330805,0.0,0.0
2018-11-08 00:00:00-05:00,75.71355790379145,76.0396264881552,75.13967134916898,75.89615631103516,1049628,0.0,0.0
2018-11-09 00:00:00-05:00,76.07877618431337,77.27872060562727,75.87661652803854,77.0439453125,1309068,0.0,0.0
2018-11-12 00:00:00-05:00,77.10263752876112,78.55038824035104,76.73744062576567,77.63739013671875,1378393,0.0,0.0
2018-11-13 00:00:00-05:00,77.58520389847074,78.41994535879186,77.10262237152372,78.22430419921875,736608,0.0,0.0
2018-11-14 00:00:00-05:00,77.8591208967165,78.50473975856094,77.57217463334067,77.79390716552734,1202730,0.0,0.0
2018-11-15 00:00:00-05:00,77.2721949640995,78.13954055120823,76.5417952956089,77.80695343017578,1262185,0.0,0.0
2018-11-16 00:00:00-05:00,78.58950699926814,78.90905717391188,77.28522665691189,77.62434387207031,1343143,0.0,0.0
2018-11-19 00:00:00-05:00,77.61130405521239,78.15258095540575,77.35697342276926,77.74173736572266,953865,0.0,0.0
2018-11-20 00:00:00-05:00,78.1590976333543,78.66124624529213,76.985244722329,77.2787094116211,1671320,0.0,0.0
2018-11-21 00:00:00-05:00,77.11567824117124,77.11567824117124,75.81791622590018,76.13746643066406,1122478,0.0,0.0
2018-11-23 00:00:00-05:00,76.25484468759316,76.34614390320071,75.81790980411407,76.08528900146484,605948,0.0,0.0
2018-11-26 00:00:00-05:00,76.2092138563765,76.29398879400455,75.54402787243086,76.10486602783203,1315295,0.0,0.0
2018-11-27 00:00:00-05:00,76.13745059297187,76.7243798956438,75.53747854682152,76.62655639648438,1342085,0.0,0.0
2018-11-28 00:00:00-05:00,76.75047067798275,76.91350205964035,76.15702288569796,76.56134796142578,1247380,0.0,0.0
2018-11-29 00:00:00-05:00,76.7374267578125,76.81568322288334,75.65487314485664,76.7374267578125,1055033,0.0,0.0
2018-11-30 00:00:00-05:00,76.90045344403624,78.12647716813585,76.83523972712362,78.08734893798828,1652520,0.0,0.0
2018-12-03 00:00:00-05:00,77.44825919129693,77.85910855573914,76.9721961060022,77.70911407470703,2414273,0.0,0.0
2018-12-04 00:00:00-05:00,77.9830488136684,78.75257693208182,77.63089455347796,77.7156753540039,2747503,0.0,0.0
2018-12-06 00:00:00-05:00,78.21128505285722,78.48518275889894,76.28747096739534,77.859130859375,1845573,0.0,0.0
2018-12-07 00:00:00-05:00,77.83303301606895,78.28301067053913,77.33088437824823,77.94389343261719,1505763,0.0,0.0
2018-12-10 00:00:00-05:00,78.0612840702425,78.17215034134918,76.98525453389183,77.80695343017578,3329128,0.0,0.0
2018-12-11 00:00:00-05:00,77.91780556964329,78.40691144674125,77.70912164259204,78.1721420288086,2528248,0.0,0.0
2018-12-12 00:00:00-05:00,78.34820905763601,78.67427763972643,77.422168438357,77.43521118164062,1699403,0.0,0.0
2018-12-13 00:00:00-05:00,77.57869593003943,78.43299869865852,77.45478692249907,78.13953399658203,1891633,0.0,0.0
2018-12-14 00:00:00-05:00,78.27426366436646,78.66208615498978,77.16338189342066,77.7089614868164,2045558,0.804255,0.0
2018-12-17 00:00:00-05:00,77.92590982656536,78.07052055862326,74.84962748493506,75.02710723876953,1885053,0.0,0.0
2018-12-18 00:00:00-05:00,75.25718941799646,76.05912183741131,74.52098327148838,74.69188690185547,1549708,0.0,0.0
2018-12-19 00:00:00-05:00,75.00079918006061,75.74357528142173,74.20543736860725,74.81017303466797,1860965,0.0,0.0
2018-12-20 00:00:00-05:00,75.02051908166044,76.09196180951156,74.07397036692502,75.29002380371094,1774720,0.0,0.0
2018-12-21 00:00:00-05:00,75.32947104099414,77.10425080507531,74.77732100313082,74.96794128417969,2261640,0.0,0.0
2018-12-24 00:00:00-05:00,75.09942287654594,75.42151341912863,71.46441366586717,71.6156005859375,766688,0.0,0.0
2018-12-26 00:00:00-05:00,71.62216520942611,72.38465817163578,70.47841398087593,72.07571411132812,1687300,0.0,0.0
2018-12-27 00:00:00-05:00,71.76677463005853,72.43724256731585,70.87281148776438,72.41094970703125,1623028,0.0,0.0
2018-12-28 00:00:00-05:00,72.65414963347168,73.23916862466878,72.02969135834948,72.3780746459961,960445,0.0,0.0
2018-12-31 00:00:00-05:00,72.55552890295172,72.69356340193099,71.83246972550246,72.50293731689453,840948,0.0,0.0
2019-01-02 00:00:00-05:00,72.42409058767112,72.58184773729056,70.55071559701425,70.91881561279297,1369228,0.0,0.0
2019-01-03 00:00:00-05:00,70.99112556768067,71.78648749512146,70.68875769055606,71.21461486816406,1428448,0.0,0.0
2019-01-04 00:00:00-05:00,70.87936836361484,72.2991943359375,70.87936836361484,72.2991943359375,1426568,0.0,0.0
2019-01-07 00:00:00-05:00,71.90480524184245,72.56870287378953,71.63530638507022,72.05599212646484,1084878,0.0,0.0
2019-01-08 00:00:00-05:00,71.99682168787417,72.77904298420547,71.79305500242124,72.69358825683594,854813,0.0,0.0
2019-01-09 00:00:00-05:00,72.44380875076259,73.06169088234769,71.87850643988696,72.3517837524414,921318,0.0,0.0
2019-01-10 00:00:00-05:00,71.95081944091761,73.49553370968653,71.93767301172745,73.42322540283203,1188630,0.0,0.0
2019-01-11 00:00:00-05:00,73.48240992459387,73.75191475235037,72.71991090397852,73.5284194946289,936945,0.0,0.0
2019-01-14 00:00:00-05:00,73.08140399687495,73.08140399687495,71.33291747021252,72.27289581298828,1347255,0.0,0.0
2019-01-15 00:00:00-05:00,71.93766558957935,73.56125826597548,71.93766558957935,73.12742614746094,1732068,0.0,0.0
2019-01-16 00:00:00-05:00,72.83163548908227,73.53497239126803,72.56213074659644,73.44294738769531,1031885,0.0,0.0
2019-01-17 00:00:00-05:00,73.37063779266569,74.50781272719388,73.27204252259256,74.40264129638672,1103208,0.0,0.0
2019-01-18 00:00:00-05:00,74.39605930995273,74.97450802671294,73.91621174816167,74.26459503173828,1072188,0.0,0.0
2019-01-22 00:00:00-05:00,74.35662471606713,74.95479016597672,73.56126283639895,74.30403900146484,769978,0.0,0.0
2019-01-23 00:00:00-05:00,74.35004839903262,75.15855664157225,74.24487697838464,75.11254119873047,983240,0.0,0.0
2019-01-24 00:00:00-05:00,75.09283533450237,75.98022227051811,74.42236153855075,75.92106628417969,1245500,0.0,0.0
2019-01-25 00:00:00-05:00,75.7830141264461,76.13796766751932,74.82331903018718,75.02051544189453,1177350,0.0,0.0
2019-01-28 00:00:00-05:00,75.07968729098745,75.3886313233674,74.48152181632798,75.00080871582031,985120,0.0,0.0
2019-01-29 00:00:00-05:00,74.95478395647235,75.69098979253174,74.95478395647235,75.54637908935547,1135168,0.0,0.0
2019-01-30 00:00:00-05:00,75.21117772208827,76.15115068248684,75.08628365502553,75.78305053710938,825555,0.0,0.0
2019-01-31 00:00:00-05:00,75.75013918788493,77.77469459155346,75.36888695877235,77.4000244140625,2071055,0.0,0.0
2019-02-01 00:00:00-05:00,77.40004268927527,77.60380938472453,76.47978680162329,77.14368438720703,900990,0.0,0.0
2019-02-04 00:00:00-05:00,76.48636231158463,77.18312896248125,75.54638966306904,77.16340637207031,1541013,0.0,0.0
2019-02-05 00:00:00-05:00,77.10426330566406,77.21600502799151,76.47322869603875,77.10426330566406,1084173,0.0,0.0
2019-02-06 00:00:00-05:00,77.09765978068663,77.13052879434099,76.46005512786172,76.95962524414062,1264653,0.0,0.0
2019-02-07 00:00:00-05:00,74.18570704868529,77.8141442373261,74.18570704868529,77.76155853271484,1533493,0.0,0.0
2019-02-08 00:00:00-05:00,77.63668225614539,78.12310013480952,77.28829893728002,77.93247985839844,1390260,0.0,0.0
2019-02-11 00:00:00-05:00,77.93248677097282,78.51750586648464,77.87990104969616,78.24800109863281,978658,0.0,0.0
2019-02-12 00:00:00-05:00,78.30057323021275,78.77384463956267,77.6761149521232,78.54378509521484,1420223,0.0,0.0
2019-02-13 00:00:00-05:00,78.55036987936164,78.60953176277214,78.07709838254917,78.45177459716797,1292030,0.0,0.0
2019-02-14 00:00:00-05:00,78.45176621437346,78.83958881801934,78.09023646885214,78.3597412109375,975720,0.0,0.0
2019-02-15 00:00:00-05:00,78.68181920233202,78.91846079829753,78.32029537963537,78.7541275024414,1049628,0.0,0.0
2019-02-19 00:00:00-05:00,78.74098485718768,79.25369557240721,78.34659199932649,79.2142562866211,1172768,0.0,0.0
2019-02-20 00:00:00-05:00,79.06309128233556,80.08851881262541,78.73443050103056,80.0425033569336,2030870,0.0,0.0
2019-02-21 00:00:00-05:00,79.69409628516878,80.84441751661225,79.42459747094404,80.68008422851562,1812085,0.0,0.0
2019-02-22 00:00:00-05:00,80.85102348510686,81.37688077270514,80.18711982058609,81.32429504394531,1012028,0.0,0.0
2019-02-25 00:00:00-05:00,81.35056165113292,81.40314736291988,80.32513437867068,80.73267364501953,1741468,0.0,0.0
2019-02-26 00:00:00-05:00,80.96272635393525,80.96272635393525,80.02932422382082,80.39085388183594,1178760,0.0,0.0
2019-02-27 00:00:00-05:00,80.15422289197153,80.54204542437168,79.8715717727489,80.4302978515625,867503,0.0,0.0
2019-02-28 00:00:00-05:00,80.48291774277429,81.27170956925625,80.16082720680411,81.21912384033203,1290385,0.0,0.0
2019-03-01 00:00:00-05:00,81.26511064989296,81.33084868525806,80.3645773479357,80.78526306152344,1180875,0.0,0.0
2019-03-04 00:00:00-05:00,80.93646338630072,81.08765028605428,80.25941925717468,80.9233169555664,955158,0.0,0.0
2019-03-05 00:00:00-05:00,80.8444241778983,81.02190390796169,80.50261703881478,80.6932373046875,830255,0.0,0.0
2019-03-06 00:00:00-05:00,80.8181270644584,80.975884197265,80.27254736719388,80.44345092773438,1313415,0.0,0.0
2019-03-07 00:00:00-05:00,80.68665688936845,81.19279726643522,80.32512720680415,80.52232360839844,1622558,0.0,0.0
2019-03-08 00:00:00-05:00,80.60779148089685,80.98903791951757,80.2068224525906,80.98246765136719,1259483,0.0,0.0
2019-03-11 00:00:00-04:00,80.98905108436938,81.42288920179993,80.73926889432586,81.3045654296875,1443958,0.0,0.0
2019-03-12 00:00:00-04:00,81.44915712395837,81.56089880740053,81.05475842045853,81.5477523803711,1854503,0.0,0.0
2019-03-13 00:00:00-04:00,81.6200862937229,81.80413632990364,81.35058150872061,81.61351013183594,1415405,0.0,0.0
2019-03-14 00:00:00-04:00,81.74495598880434,82.04732972974182,81.17965957672664,81.75810241699219,1409178,0.0,0.0
2019-03-15 00:00:00-04:00,81.88726043727044,82.4436435264473,81.47660111120233,82.11908721923828,3064400,0.804255,0.0
2019-03-18 00:00:00-04:00,82.13234395725624,82.28468830694088,81.40374880691124,81.6951904296875,1785060,0.0,0.0
2019-03-19 00:00:00-04:00,81.60906628339848,81.60906628339848,80.61552978599485,80.90034484863281,1349958,0.0,0.0
2019-03-20 00:00:00-04:00,81.08579498527246,81.7614016294158,80.88046238994875,81.07254791259766,1226113,0.0,0.0
2019-03-21 00:00:00-04:00,81.13881185641522,81.76143042917138,80.90698503408294,81.62895965576172,2218048,0.0,0.0
2019-03-22 00:00:00-04:00,81.96012249044954,83.25834178427438,81.80115758970321,82.72183227539062,2186088,0.0,0.0
2019-03-25 00:00:00-04:00,82.88080841719092,83.07289400051002,82.37079298925858,82.86756134033203,617345,0.0,0.0
2019-03-26 00:00:00-04:00,82.90729034011555,83.50341464855343,82.74170487267256,83.3974380493164,728853,0.0,0.0
2019-03-27 00:00:00-04:00,83.38419342899724,83.43055522366335,82.51650702833722,82.92053985595703,882425,0.0,0.0
2019-03-28 00:00:00-04:00,82.98676747268297,83.27820903964214,81.66868063525598,81.98661041259766,762223,0.0,0.0
2019-03-29 00:00:00-04:00,81.90053048946615,82.72848181799563,81.62896834393803,82.62250518798828,1118835,0.0,0.0
2019-04-01 00:00:00-04:00,82.47678038835814,82.55626879763548,81.37726692757357,81.99988555908203,901108,0.0,0.0
2019-04-02 00:00:00-04:00,81.86075321631667,82.17206239878382,81.50308224749647,82.06608581542969,1021898,0.0,0.0
2019-04-03 00:00:00-04:00,81.94025305576378,82.18532692568178,81.07919313314522,81.78128814697266,781493,0.0,0.0
2019-04-04 00:00:00-04:00,82.17210152213144,82.17210152213144,80.84738766176024,81.35077667236328,910508,0.0,0.0
2019-04-05 00:00:00-04:00,81.31100970440676,82.15882844434165,81.22490668554767,82.11908721923828,693250,0.0,0.0
2019-04-08 00:00:00-04:00,81.90051197726582,81.99324150756233,81.11230800088043,81.2182846069336,721803,0.0,0.0
2019-04-09 00:00:00-04:00,81.25142675143094,81.65546563771824,81.11895595883372,81.62234497070312,863743,0.0,0.0
2019-04-10 00:00:00-04:00,82.02636490750831,82.41715662425638,81.2580285502116,81.47660827636719,1015905,0.0,0.0
2019-04-11 00:00:00-04:00,81.53623078645758,82.1323492717147,81.28453037717377,82.07936096191406,893235,0.0,0.0
2019-04-12 00:00:00-04:00,81.83427930698058,82.49663905446523,81.27127559982422,82.41053009033203,1114370,0.0,0.0
2019-04-15 00:00:00-04:00,82.54963773761374,82.72184974980085,82.1588459718621,82.4370346069336,1185928,0.0,0.0
2019-04-16 00:00:00-04:00,82.30456283062858,82.77483705784282,81.02621686371646,81.34414672851562,830490,0.0,0.0
2019-04-17 00:00:00-04:00,81.3640143762001,81.72169141183011,80.9732285529166,81.34414672851562,1382270,0.0,0.0
2019-04-18 00:00:00-04:00,81.32425474922336,82.21844119832079,81.22490465781003,81.60906982421875,1570858,0.0,0.0
2019-04-22 00:00:00-04:00,81.63557349973236,81.78791784546742,81.10569044975,81.2845230102539,1340793,0.0,0.0
2019-04-23 00:00:00-04:00,81.35738859238532,81.93363940426995,81.06595290166288,81.5627212524414,1679545,0.0,0.0
2019-04-24 00:00:00-04:00,81.79454639287943,82.34430307972393,80.84075087214873,82.15884399414062,1619503,0.0,0.0
2019-04-25 00:00:00-04:00,81.81442396028957,82.73509886311358,81.7150679050256,82.24495697021484,1238333,0.0,0.0
2019-04-26 00:00:00-04:00,82.60924433735008,83.1788686286768,82.22507317988769,82.3575439453125,898875,0.0,0.0
2019-04-29 00:00:00-04:00,82.22507738908364,82.32443343710361,81.51635578891539,81.88065338134766,705000,0.0,0.0
2019-04-30 00:00:00-04:00,82.05287514381381,83.29810648837845,81.7283187444437,83.2649917602539,941880,0.0,0.0
2019-05-01 00:00:00-04:00,82.98016945075298,83.15238146027082,82.12572997312603,82.13897705078125,976895,0.0,0.0
2019-05-02 00:00:00-04:00,82.26480317930744,82.59598598538916,81.61569651733726,82.2118148803711,785723,0.0,0.0
2019-05-03 00:00:00-04:00,82.3906729862013,83.0662798963201,82.22508154371133,82.9404296875,658470,0.0,0.0
2019-05-06 00:00:00-04:00,83.01327818333549,83.23847847110906,82.54299808756616,82.84768676757812,680560,0.0,0.0
2019-05-07 00:00:00-04:00,82.82118164430524,83.18547914807294,82.23168388259745,82.50987243652344,722155,0.0,0.0
2019-05-08 00:00:00-04:00,82.41054307353208,82.60925518549435,81.27791491154935,81.4898681640625,723448,0.0,0.0
2019-05-09 00:00:00-04:00,81.74818505389038,81.99325302093537,81.171934208695,81.8674087524414,813453,0.0,0.0
2019-05-10 00:00:00-04:00,81.90053866237557,83.49020014658191,81.76144729047661,83.44383239746094,782433,0.0,0.0
2019-05-13 00:00:00-04:00,83.2649686295494,84.59630264758323,83.2649686295494,84.39097595214844,868090,0.0,0.0
2019-05-14 00:00:00-04:00,84.15914377777415,84.41083818885744,83.31795159292054,83.54315185546875,1140220,0.0,0.0
2019-05-15 00:00:00-04:00,83.66902197344106,83.78824567026741,83.15238001612941,83.24510955810547,762693,0.0,0.0
2019-05-16 00:00:00-04:00,83.17885823329796,84.11940648799842,82.99339918488118,83.96044158935547,563178,0.0,0.0
2019-05-17 00:00:00-04:00,83.53652585919993,84.70890084562517,83.48353756180643,84.41746520996094,714048,0.0,0.0
2019-05-20 00:00:00-04:00,84.70890475975159,84.96722569034577,84.03992450538257,84.37110137939453,709583,0.0,0.0
2019-05-21 00:00:00-04:00,84.41085281590672,85.05333899807977,84.18565251433489,84.25851440429688,634500,0.0,0.0
2019-05-22 00:00:00-04:00,84.4903404015827,85.04009708116989,84.13929582022814,84.97386169433594,588793,0.0,0.0
2019-05-23 00:00:00-04:00,85.0798272020264,85.67595154341018,85.0268388994794,85.66270446777344,787603,0.0,0.0
2019-05-24 00:00:00-04:00,85.71569015496313,86.09985533670725,85.2785366722888,85.3050308227539,580450,0.0,0.0
2019-05-28 00:00:00-04:00,85.47724999889934,85.47724999889934,83.30471760234947,83.36432647705078,1345963,0.0,0.0
2019-05-29 00:00:00-04:00,83.61604203203854,83.77500697704956,82.33769002597784,82.62250518798828,988175,0.0,0.0
2019-05-30 00:00:00-04:00,82.69533145395704,83.01326716753053,81.97336295244617,82.27804565429688,966673,0.0,0.0
2019-05-31 00:00:00-04:00,82.40392459132892,83.28485828827468,82.07274762588527,83.10602569580078,998985,0.0,0.0
2019-06-03 00:00:00-04:00,83.384196296771,84.05317659102006,82.70196892677176,84.01343536376953,1059850,0.0,0.0
2019-06-04 00:00:00-04:00,83.82798092656904,83.90746338545375,82.07273438626945,83.71537780761719,908863,0.0,0.0
2019-06-05 00:00:00-04:00,84.11942030611831,85.90778758508219,83.78824337954377,85.53024291992188,947873,0.0,0.0
2019-06-06 00:00:00-04:00,85.70246970627603,86.09326151591483,85.27856316713248,85.82169342041016,808870,0.0,0.0
2019-06-07 00:00:00-04:00,86.22570363482087,86.92780454452361,85.04670802717416,85.16593170166016,747418,0.0,0.0
2019-06-10 00:00:00-04:00,85.21893530952164,85.22556181704826,84.35786934582882,84.93412017822266,706175,0.0,0.0
2019-06-11 00:00:00-04:00,84.78179076563163,85.16595604880007,84.07968965521307,84.53009033203125,709583,0.0,0.0
2019-06-12 00:00:00-04:00,84.90760678490533,85.74217840485291,84.88773914228865,85.54347229003906,576455,0.0,0.0
2019-06-13 00:00:00-04:00,85.68919384022271,85.86803232021015,84.9937194392144,85.35801696777344,1055385,0.0,0.0
2019-06-14 00:00:00-04:00,85.68831610377462,86.66917179392722,85.48146662535868,86.43563842773438,851758,0.804255,0.0
2019-06-17 00:00:00-04:00,86.54907140312045,86.92273557325868,85.80842450288698,86.569091796875,1282395,0.0,0.0
2019-06-18 00:00:00-04:00,86.74257261348814,86.9494220935447,85.48814276154455,86.05530548095703,1575088,0.0,0.0
2019-06-19 00:00:00-04:00,85.65496023093002,87.34977908620174,85.62827035861373,87.05619049072266,853168,0.0,0.0
2019-06-20 00:00:00-04:00,87.1496116732992,87.68340916023077,86.69587782781294,87.52994537353516,688315,0.0,0.0
2019-06-21 00:00:00-04:00,87.5232730331614,87.7167776198671,86.4623474992802,87.48323822021484,1670498,0.0,0.0
2019-06-24 00:00:00-04:00,87.81684060019073,87.863544876782,87.22298208530108,87.8034896850586,903928,0.0,0.0
2019-06-25 00:00:00-04:00,87.95695918246683,87.99032450702467,86.66916412688589,86.88935852050781,1023073,0.0,0.0
2019-06-26 00:00:00-04:00,86.66917116740535,86.96276570994884,85.02106277331768,85.05442810058594,786663,0.0,0.0
2019-06-27 00:00:00-04:00,85.23457417997962,85.50147282939064,84.72078530747493,85.11446380615234,696188,0.0,0.0
2019-06-28 00:00:00-04:00,84.94099384194278,85.74169590522865,84.827564887833,85.3280029296875,1312475,0.0,0.0
2019-07-01 00:00:00-04:00,85.37470001447676,85.61490881873841,84.19367040272724,85.59489440917969,1055973,0.0,0.0
2019-07-02 00:00:00-04:00,85.81509439323837,86.70920500067022,85.81509439323837,86.63581085205078,973958,0.0,0.0
2019-07-03 00:00:00-04:00,86.95609614312238,87.79683306076016,86.94942666617284,87.46987915039062,537093,0.0,0.0
2019-07-05 00:00:00-04:00,86.80930656445452,87.42984908934608,85.80843036657897,87.32308959960938,628743,0.0,0.0
2019-07-08 00:00:00-04:00,87.4565604844712,87.70344485604151,86.80932792786426,87.42987060546875,854930,0.0,0.0
2019-07-09 00:00:00-04:00,87.33641571649063,87.67003905002834,86.84932265872924,87.55661010742188,1144920,0.0,0.0
2019-07-10 00:00:00-04:00,87.66337337791815,88.03703152769361,87.32307457214758,87.78347778320312,756113,0.0,0.0
2019-07-11 00:00:00-04:00,87.78348204199918,88.13712579884725,86.99612492089517,87.82351684570312,791715,0.0,0.0
2019-07-12 00:00:00-04:00,87.99699148208443,87.99699148208443,86.82263138546438,87.00946044921875,671630,0.0,0.0
2019-07-15 00:00:00-04:00,86.89602315442293,87.40980602114959,86.42227508322335,86.73587799072266,1350780,0.0,0.0
2019-07-16 00:00:00-04:00,86.46233454221961,86.93608274855636,85.80175723679672,86.44231414794922,859513,0.0,0.0
2019-07-17 00:00:00-04:00,86.79595947265625,87.18296261334055,86.59578543437128,86.79595947265625,816273,0.0,0.0
2019-07-18 00:00:00-04:00,86.92939203389263,87.67671428067646,86.16205537794465,87.6500244140625,921670,0.0,0.0
2019-07-19 00:00:00-04:00,87.48321424751556,87.60999411123599,85.89516112087558,85.93519592285156,778320,0.0,0.0
2019-07-22 00:00:00-04:00,85.94189844258908,86.16876240767917,85.04778153975639,85.81512451171875,719335,0.0,0.0
2019-07-23 00:00:00-04:00,85.781721192872,85.88181118277646,84.90762507653135,85.52149200439453,1102268,0.0,0.0
2019-07-24 00:00:00-04:00,85.94187103283404,85.94187103283404,84.67409623889489,85.21456909179688,1219298,0.0,0.0
2019-07-25 00:00:00-04:00,85.13448070860049,86.06863192486915,84.89427193396936,85.44808959960938,889710,0.0,0.0
2019-07-26 00:00:00-04:00,85.40807356149205,86.3622393944082,85.21456901530048,86.32220458984375,1093690,0.0,0.0
2019-07-29 00:00:00-04:00,86.74257890648012,86.74257890648012,85.29464440422632,86.06198120117188,1346315,0.0,0.0
2019-07-30 00:00:00-04:00,86.12870190943524,86.54240088048984,84.90763735297112,85.37471008300781,911800,0.0,0.0
2019-07-31 00:00:00-04:00,85.3413368274474,85.80840948136299,84.36715073911668,84.814208984375,1168655,0.0,0.0
2019-08-01 00:00:00-04:00,84.74082351623824,86.56241615390059,84.38051026376685,86.10868835449219,951280,0.0,0.0
2019-08-02 00:00:00-04:00,86.32886563378752,87.04282252010799,85.70164781874388,85.84844207763672,908628,0.0,0.0
2019-08-05 00:00:00-04:00,85.77505237313214,86.4556439722731,84.26706294518345,84.68743133544922,1091693,0.0,0.0
2019-08-06 00:00:00-04:00,84.74082317087294,85.70833396528865,83.35961340297146,85.28797149658203,1112608,0.0,0.0
2019-08-07 00:00:00-04:00,85.29462840184313,86.10199985459259,84.16697256937081,85.52816772460938,974898,0.0,0.0
2019-08-08 00:00:00-04:00,85.57490185154742,86.56910869827755,84.46726602337478,86.26884460449219,1119658,0.0,0.0
2019-08-09 00:00:00-04:00,86.52237861266602,86.86935290048467,86.08199576245704,86.32220458984375,962560,0.0,0.0
2019-08-12 00:00:00-04:00,86.46900936158829,86.46900936158829,85.22124882892442,85.45478820800781,756700,0.0,0.0
2019-08-13 00:00:00-04:00,85.12782531574209,86.05530727544436,84.9076368778964,85.56153869628906,1019078,0.0,0.0
2019-08-14 00:00:00-04:00,85.95519499618999,86.07529938068787,84.00682301781823,84.18031311035156,1270175,0.0,0.0
2019-08-15 00:00:00-04:00,83.98681500383434,86.16872046067566,83.98681500383434,85.84844207763672,991113,0.0,0.0
2019-08-16 00:00:00-04:00,86.06867053583353,86.39562450544004,85.64162654110031,86.26884460449219,1082528,0.0,0.0
2019-08-19 00:00:00-04:00,86.30219589422418,87.56329531232483,86.00193184930735,87.26970672607422,1691295,0.0,0.0
2019-08-20 00:00:00-04:00,87.36979501144113,87.36979501144113,86.18208379094143,86.45565795898438,1389555,0.0,0.0
2019-08-21 00:00:00-04:00,86.36223803102139,87.1629400912633,86.08199440349438,87.08287048339844,966085,0.0,0.0
2019-08-22 00:00:00-04:00,87.20963606184394,87.52324498689534,86.34888486851777,86.90937805175781,985238,0.0,0.0
2019-08-23 00:00:00-04:00,87.14961206890199,87.39649639852576,85.3480335791411,85.6683120727539,1325988,0.0,0.0
2019-08-26 00:00:00-04:00,86.18206820820497,86.8693412333125,85.72166502675249,86.8426513671875,1033060,0.0,0.0
2019-08-27 00:00:00-04:00,87.3364143015852,87.8969074744409,86.96275617407646,87.00946044921875,1291090,0.0,0.0
2019-08-28 00:00:00-04:00,87.16960187632014,87.22965706771642,86.17540134225875,86.428955078125,814393,0.0,0.0
2019-08-29 00:00:00-04:00,86.80929476511066,86.94274410914275,86.15538699776022,86.7292251586914,721098,0.0,0.0
2019-08-30 00:00:00-04:00,87.12958360868073,87.14292854467956,86.32221198995433,86.51571655273438,1126238,0.0,0.0
2019-09-03 00:00:00-04:00,86.49568002629357,88.01033895206467,86.26881615662404,87.99699401855469,1204610,0.0,0.0
2019-09-04 00:00:00-04:00,88.07040692278932,88.41070576746783,87.37646429798595,88.11711120605469,1321875,0.0,0.0
2019-09-05 00:00:00-04:00,87.68338638560306,87.84353157168131,86.52237117149119,86.68251037597656,1760150,0.0,0.0
2019-09-06 00:00:00-04:00,86.84932866168975,87.06952306784066,85.36803497680374,85.99524688720703,1282160,0.0,0.0
2019-09-09 00:00:00-04:00,85.99523605859899,85.99523605859899,84.84756587482629,85.3880386352539,1159255,0.0,0.0
2019-09-10 00:00:00-04:00,85.408080337133,86.12203739930249,84.85426250592558,85.78841400146484,1397428,0.0,0.0
2019-09-11 00:00:00-04:00,85.54820664333741,86.50237861686037,85.20123827928963,86.24214935302734,933773,0.0,0.0
2019-09-12 00:00:00-04:00,86.74258094217777,87.32308865211932,85.58823499953382,86.22879791259766,2904483,0.0,0.0
2019-09-13 00:00:00-04:00,85.84230075842774,86.82366331148569,85.50621975589307,86.32626342773438,1057618,0.804255,0.0
2019-09-16 00:00:00-04:00,86.59511756199346,87.46220945454306,85.80868510011564,87.4151611328125,1395665,0.0,0.0
2019-09-17 00:00:00-04:00,87.47565510752862,88.73932558192281,87.39499567463045,87.86550903320312,2311108,0.0,0.0
2019-09-18 00:00:00-04:00,88.1410935037209,88.53095343320989,87.45548836249698,88.47718048095703,1017198,0.0,0.0
2019-09-19 00:00:00-04:00,88.72589734135808,88.85361114453036,88.20832954661026,88.63851928710938,905808,0.0,0.0
2019-09-20 00:00:00-04:00,88.7460524052327,89.25017688612081,88.34947383753072,88.92081451416016,1921478,0.0,0.0
2019-09-23 00:00:00-04:00,88.84685128714264,89.25687299062373,88.13435979190832,88.383056640625,2442943,0.0,0.0
2019-09-24 00:00:00-04:00,88.67883142304036,90.08365285103687,88.47045821466108,89.85511779785156,1252198,0.0,0.0
2019-09-25 00:00:00-04:00,89.71398817105326,90.07695569489957,89.40478758804531,89.93579864501953,1574970,0.0,0.0
2019-09-26 00:00:00-04:00,90.15087802690732,90.31891549987644,89.35099627602845,89.69380187988281,1491663,0.0,0.0
2019-09-27 00:00:00-04:00,89.70054130210221,89.84169232061697,88.47047570476748,89.05525970458984,880898,0.0,0.0
2019-09-30 00:00:00-04:00,89.2031189191833,89.56609238712457,88.91408627638741,89.37116241455078,1098860,0.0,0.0
2019-10-01 00:00:00-04:00,89.13590291561735,89.66019524791083,89.0350816387074,89.5257568359375,1072070,0.0,0.0
2019-10-02 00:00:00-04:00,89.34426502972453,89.55935682111549,87.90583264914211,88.20158386230469,1354658,0.0,0.0
2019-10-03 00:00:00-04:00,88.23519944334366,88.45029126033415,87.38827541394362,87.79157257080078,2034278,0.0,0.0
2019-10-04 00:00:00-04:00,87.8991108115269,89.0417920152645,87.64368930113206,88.88719177246094,1434440,0.0,0.0
2019-10-07 00:00:00-04:00,89.39805820178222,89.47199300897124,88.75277665597423,89.02836608886719,1111080,0.0,0.0
2019-10-08 00:00:00-04:00,88.71916272588477,88.96114102182281,87.34122172442021,87.5025405883789,1507878,0.0,0.0
2019-10-09 00:00:00-04:00,87.73107959360378,87.94617142189462,86.8908741265145,87.2874526977539,1394373,0.0,0.0
2019-10-10 00:00:00-04:00,87.02529068601528,87.6571288423208,86.4472315026544,87.57646942138672,1303663,0.0,0.0
2019-10-11 00:00:00-04:00,87.38156565439793,87.87896556584717,86.83711138714527,87.30762481689453,1295203,0.0,0.0
2019-10-14 00:00:00-04:00,87.34792883949355,87.34792883949355,86.05065346633299,86.11114501953125,753528,0.0,0.0
2019-10-15 00:00:00-04:00,86.11115063016099,87.06562653752533,86.04393444130827,86.72954559326172,1635013,0.0,0.0
2019-10-16 00:00:00-04:00,86.6892329040508,86.98498419308265,86.24559994484616,86.88416290283203,1067605,0.0,0.0
2019-10-17 00:00:00-04:00,86.85726006803027,87.2135089093759,86.58839529179059,87.03202819824219,1048218,0.0,0.0
2019-10-18 00:00:00-04:00,86.1582271991632,86.1582271991632,84.49125323431879,85.5936050415039,2906715,0.0,0.0
2019-10-21 00:00:00-04:00,85.91624271482516,86.87743740746646,85.61376679576195,86.84382629394531,1248320,0.0,0.0
2019-10-22 00:00:00-04:00,87.15974051586151,87.2135134739238,86.49429714701253,86.6959457397461,1171123,0.0,0.0
2019-10-23 00:00:00-04:00,86.4942929797629,87.10596336107965,86.33969271995417,86.92447662353516,1108025,0.0,0.0
2019-10-24 00:00:00-04:00,86.99169840955324,87.19334699156552,86.63544956850349,86.7833251953125,962090,0.0,0.0
2019-10-25 00:00:00-04:00,87.00512808116355,87.02528992339278,85.62718728046542,86.17835998535156,1773193,0.0,0.0
2019-10-28 00:00:00-04:00,86.08426683459595,86.45395889762301,84.41729927349668,84.47779083251953,1625495,0.0,0.0
2019-10-29 00:00:00-04:00,83.34857629375274,85.24408546403875,82.95199764255771,85.08948516845703,3405503,0.0,0.0
2019-10-30 00:00:00-04:00,85.90279450455547,86.64889730959658,84.82732931895252,85.36505889892578,6169690,0.0,0.0
2019-10-31 00:00:00-04:00,85.47259325870222,85.85572854546004,85.04912825889913,85.58013916015625,2178333,0.0,0.0
2019-11-01 00:00:00-04:00,85.7145831259084,85.99017254847291,84.96176171394583,85.36505889892578,1994210,0.0,0.0
2019-11-04 00:00:00-05:00,85.18357927875259,85.70114705560137,83.90646539382475,84.06106567382812,1773663,0.0,0.0
2019-11-05 00:00:00-05:00,83.75857725176652,84.10810145584563,83.12673901104439,83.15362548828125,1664505,0.0,0.0
2019-11-06 00:00:00-05:00,83.28134155273438,83.93334165644316,83.10657944590037,83.28134155273438,1179700,0.0,0.0
2019-11-07 00:00:00-05:00,82.89820781402743,83.15362935966921,81.33206140358142,81.85635375976562,1750045,0.0,0.0
2019-11-08 00:00:00-05:00,81.61437146579878,82.54196102247606,80.76744737225805,80.9892578125,1668148,0.0,0.0
2019-11-11 00:00:00-05:00,81.10351200291136,81.47320402962181,80.86825234488558,81.13712310791016,1267355,0.0,0.0
2019-11-12 00:00:00-05:00,81.13714612498215,81.32535149453098,80.71368103066881,81.04303741455078,1424100,0.0,0.0
2019-11-13 00:00:00-05:00,81.09007292870339,82.68982422382742,81.09007292870339,82.42095947265625,1329630,0.0,0.0
2019-11-14 00:00:00-05:00,82.54867975045202,83.30822574522118,82.42096597074894,83.15362548828125,1453005,0.0,0.0
2019-11-15 00:00:00-05:00,83.07294622960706,83.28804402182068,82.70326026866101,83.2409896850586,1224820,0.0,0.0
2019-11-18 00:00:00-05:00,83.34855502375589,83.97366862906088,82.81754408828616,83.0124740600586,1747578,0.0,0.0
2019-11-19 00:00:00-05:00,82.81083449760101,83.2544614179799,82.20588267142769,83.09986114501953,1311653,0.0,0.0
2019-11-20 00:00:00-05:00,83.19396264390113,83.57037938453486,82.93182248022748,83.41577911376953,866680,0.0,0.0
2019-11-21 00:00:00-05:00,83.29476370770713,83.52329871264206,82.66293163523999,82.9250717163086,1143745,0.0,0.0
2019-11-22 00:00:00-05:00,82.93180773887876,83.43593215537055,82.35374250368848,82.97213745117188,952220,0.0,0.0
2019-11-25 00:00:00-05:00,83.20740612980181,83.5703796316884,82.8108335667492,83.40233612060547,2413333,0.0,0.0
2019-11-26 00:00:00-05:00,83.38888777881202,83.73169338710608,83.11329836570737,83.5166015625,2105835,0.0,0.0
2019-11-27 00:00:00-05:00,83.52331136802177,84.06104689852997,83.2006736651102,84.00054931640625,1040815,0.0,0.0
2019-11-29 00:00:00-05:00,84.04088401611229,84.44418719433864,83.61070038670384,83.98039245605469,802760,0.0,0.0
2019-12-02 00:00:00-05:00,83.58382388442598,83.96023460507773,82.91838049044547,82.93182373046875,1461700,0.0,0.0
2019-12-03 00:00:00-05:00,83.17379128548447,83.48298576599997,82.85787217299938,83.35527801513672,1045280,0.0,0.0
2019-12-04 00:00:00-05:00,83.0864117192129,84.4038611935671,83.0864117192129,84.19548797607422,1452653,0.0,0.0
2019-12-05 00:00:00-05:00,84.07450521084513,84.4643591717647,83.82580225743017,84.26271057128906,1059263,0.0,0.0
2019-12-06 00:00:00-05:00,84.13497089045855,84.59876554167472,83.86610617255202,84.17530059814453,951985,0.0,0.0
2019-12-09 00:00:00-05:00,84.20894597982371,84.50469728991301,83.92663791110212,84.2223892211914,1052800,0.0,0.0
2019-12-10 00:00:00-05:00,83.88630527627228,84.42403491232169,83.64432091439299,83.96696472167969,951633,0.0,0.0
2019-12-11 00:00:00-05:00,83.87956027150904,84.30974990152723,83.63758199405507,84.24925231933594,1087345,0.0,0.0
2019-12-12 00:00:00-05:00,84.20893830418659,84.45091662674879,83.59726786488153,83.97367858886719,1102973,0.0,0.0
2019-12-13 00:00:00-05:00,83.94858420668048,84.76855177585414,83.44033869088675,84.6126937866211,994403,0.862128,0.0
2019-12-16 00:00:00-05:00,85.37168474789387,86.42883537001732,85.09384851332858,86.38817596435547,1670733,0.0,0.0
2019-12-17 00:00:00-05:00,86.19166481209757,87.59442352186386,86.19166481209757,87.1946029663086,2598513,0.0,0.0
2019-12-18 00:00:00-05:00,87.40466476364601,87.7977117490893,86.82865349524167,87.62152099609375,1682718,0.0,0.0
2019-12-19 00:00:00-05:00,87.68928776043913,88.26529903600421,87.32334704013824,87.865478515625,1767905,0.0,0.0
2019-12-20 00:00:00-05:00,88.31951643729688,88.57024641140451,87.709619253169,88.00101470947266,4053750,0.0,0.0
2019-12-23 00:00:00-05:00,88.12977107117128,88.26530242652039,86.89642358766417,87.25558471679688,1023543,0.0,0.0
2019-12-24 00:00:00-05:00,87.22171332403667,87.27592587140269,86.69991451818096,86.8489990234375,399618,0.0,0.0
2019-12-26 00:00:00-05:00,86.96418306543542,87.17425968870717,86.65246097035593,87.11327362060547,707703,0.0,0.0
2019-12-27 00:00:00-05:00,87.07939684938248,87.35723917454125,86.82188726565947,87.33690643310547,816860,0.0,0.0
2019-12-30 00:00:00-05:00,87.18104036954907,87.44532345944299,86.85575906097122,87.43177032470703,1603170,0.0,0.0
2019-12-31 00:00:00-05:00,87.6011879385228,88.0687741264641,87.49953639009065,88.00778198242188,984415,0.0,0.0
2020-01-02 00:00:00-05:00,88.09587987543516,88.09587987543516,86.57114310745227,87.21492004394531,1096980,0.0,0.0
2020-01-03 00:00:00-05:00,87.02519010547763,87.86549066749319,87.01163696858892,87.42501068115234,1367583,0.0,0.0
2020-01-06 00:00:00-05:00,87.39111757956334,87.70961930758517,86.82188587727833,87.40467071533203,1122713,0.0,0.0
2020-01-07 00:00:00-05:00,87.47920825395964,87.47920825395964,86.48304375079019,87.11327362060547,862215,0.0,0.0
2020-01-08 00:00:00-05:00,87.27594125852684,87.41147265083664,86.88289414591168,87.06586456298828,841418,0.0,0.0
2020-01-09 00:00:00-05:00,86.96419065720751,87.45210961918859,86.96419065720751,87.18782043457031,948813,0.0,0.0
2020-01-10 00:00:00-05:00,87.41821525047378,87.71639028296426,87.25557763725055,87.37755584716797,1426920,0.0,0.0
2020-01-13 00:00:00-05:00,87.58085604174853,88.17042652344834,87.5334231069612,87.81803894042969,1187690,0.0,0.0
2020-01-14 00:00:00-05:00,87.8586905927266,88.28561734271554,87.28945897601753,88.27206420898438,1386383,0.0,0.0
2020-01-15 00:00:00-05:00,88.58380186396937,89.64773216135013,88.53636892502541,89.4444351196289,1066783,0.0,0.0
2020-01-16 00:00:00-05:00,89.60705224032169,90.1220712947849,89.5054007052733,90.07463836669922,754115,0.0,0.0
2020-01-17 00:00:00-05:00,90.12886418627517,90.78619427173228,89.83069521604851,90.69132232666016,1193095,0.0,0.0
2020-01-21 00:00:00-05:00,90.75909423828125,91.10470224225007,90.16275018193491,90.75909423828125,1508818,0.0,0.0
2020-01-22 00:00:00-05:00,90.84041303589936,91.29444612731098,89.84425450693075,89.8713607788086,1670615,0.0,0.0
2020-01-23 00:00:00-05:00,89.85102845626031,90.88785247279385,89.68839082423511,90.73876190185547,1312945,0.0,0.0
2020-01-24 00:00:00-05:00,90.61000929128015,91.01660336750194,89.60029155628983,89.96623229980469,1467458,0.0,0.0
2020-01-27 00:00:00-05:00,90.07464710567514,90.56933954607175,89.2614529711343,89.64772033691406,1102268,0.0,0.0
2020-01-28 00:00:00-05:00,89.67482578455906,90.52189970970508,89.55284757673188,89.76292419433594,955040,0.0,0.0
2020-01-29 00:00:00-05:00,89.76292822662435,90.04076445280985,89.41054064660155,89.41732025146484,1209663,0.0,0.0
2020-01-30 00:00:00-05:00,89.43084927051807,90.32536200180213,89.05135552320515,90.23048400878906,1714325,0.0,0.0
2020-01-31 00:00:00-05:00,90.18306465585124,90.52189298575865,89.51895505431867,89.86456298828125,1450655,0.0,0.0
2020-02-03 00:00:00-05:00,90.08822365464965,90.67100858218562,89.92558600045356,90.65745544433594,1130703,0.0,0.0
2020-02-04 00:00:00-05:00,90.55580117030921,91.01660781253192,90.19664001464844,90.19664001464844,1651815,0.0,0.0
2020-02-05 00:00:00-05:00,90.80653057126813,91.35543559815957,90.12208811404584,91.1114730834961,1775073,0.0,0.0
2020-02-06 00:00:00-05:00,91.42320310865348,91.82979718305192,90.7590933788875,90.94883728027344,1455473,0.0,0.0
2020-02-07 00:00:00-05:00,91.13858193825446,91.3554381879824,90.48125180839583,90.54224395751953,998868,0.0,0.0
2020-02-10 00:00:00-05:00,90.6235755618508,90.67778811320443,90.07467044193716,90.44060516357422,946815,0.0,0.0
2020-02-11 00:00:00-05:00,90.59644468322797,90.98948557380515,90.31860239553514,90.820068359375,962325,0.0,0.0
2020-02-12 00:00:00-05:00,90.67778251891693,91.08437662898474,90.39994017291274,90.63712310791016,1008268,0.0,0.0
2020-02-13 00:00:00-05:00,90.58289809549188,90.88106706851289,90.17629796645743,90.50157928466797,2036628,0.0,0.0
2020-02-14 00:00:00-05:00,90.657430749481,91.13857004954133,90.37281493216648,90.820068359375,1909375,0.0,0.0
2020-02-18 00:00:00-05:00,91.17245481904588,91.72135978325267,90.99626407712626,91.24699401855469,1491428,0.0,0.0
2020-02-19 00:00:00-05:00,90.99626144075748,91.43674132025203,90.8200646290283,90.85395050048828,1106145,0.0,0.0
2020-02-20 00:00:00-05:00,90.82008461294728,90.98272832686321,90.07466210086224,90.77265167236328,1312475,0.0,0.0
2020-02-21 00:00:00-05:00,90.79972422057897,91.93819334564546,90.6980726965015,91.4570541381836,2015713,0.0,0.0
2020-02-24 00:00:00-05:00,91.23344439469483,91.9314399346028,89.97977641457565,90.03398895263672,2446115,0.0,0.0
2020-02-25 00:00:00-05:00,90.01368648239065,90.3118616169087,86.79480076531145,86.82190704345703,1697288,0.0,0.0
2020-02-26 00:00:00-05:00,86.99127953132033,87.44531252566215,84.49071737282239,84.52459716796875,1762383,0.0,0.0
2020-02-27 00:00:00-05:00,84.04345603412446,84.28741242343051,79.91650585283216,79.97071838378906,2641165,0.0,0.0
2020-02-28 00:00:00-05:00,78.81871561367025,78.81871561367025,74.67820519574616,75.67436981201172,3416665,0.0,0.0
2020-03-02 00:00:00-05:00,76.62309171937868,79.1914260751607,75.49139579661411,79.0423355102539,2957475,0.0,0.0
2020-03-03 00:00:00-05:00,79.05587771275864,80.97366130154057,75.9386448396498,76.58919525146484,3583045,0.0,0.0
2020-03-04 00:00:00-05:00,77.51761860856358,80.87882136577404,77.28721524655451,80.85171508789062,2159533,0.0,0.0
2020-03-05 00:00:00-05:00,79.49636315683324,79.82164446042687,77.72766998851927,78.78482055664062,2352938,0.0,0.0
2020-03-06 00:00:00-05:00,76.50787479726237,79.02876973841762,74.92892565699015,78.68994140625,3146768,0.0,0.0
2020-03-09 00:00:00-04:00,74.20383181855695,74.20383181855695,68.90452619820438,69.48053741455078,3610070,0.0,0.0
2020-03-10 00:00:00-04:00,70.82229675534813,73.28220545299617,68.3488349254116,73.19410705566406,3848360,0.0,0.0
2020-03-11 00:00:00-04:00,71.83200368053903,72.27925698041707,69.52795330491396,70.55122375488281,3608073,0.0,0.0
2020-03-12 00:00:00-04:00,65.0350819879214,67.21714854001978,59.26141090882765,61.789085388183594,3086255,0.0,0.0
2020-03-13 00:00:00-04:00,65.21751981562146,66.08782196044922,61.38683888214259,66.08782196044922,2630355,0.862128,0.0
2020-03-16 00:00:00-04:00,55.50718532987813,62.777939421475786,54.76708764157612,56.898292541503906,3268968,0.0,0.0
2020-03-17 00:00:00-04:00,58.36478061915487,61.407397844305315,57.05590570627642,60.56450653076172,3545445,0.0,0.0
2020-03-18 00:00:00-04:00,57.453365864033096,57.453365864033096,48.798359166613295,52.76609420776367,3137133,0.0,0.0
2020-03-19 00:00:00-04:00,52.697562184418274,59.10487639240607,50.58691837141019,58.52924346923828,3431470,0.0,0.0
2020-03-20 00:00:00-04:00,59.35155527321953,60.077941223887684,55.63736857545542,56.877716064453125,5330858,0.0,0.0
2020-03-23 00:00:00-04:00,55.753892791777986,58.0906791073349,51.1008813345134,52.63589859008789,2576540,0.0,0.0
2020-03-24 00:00:00-04:00,55.17142149088097,59.73534570439395,54.23259207974081,59.2899169921875,2500753,0.0,0.0
2020-03-25 00:00:00-04:00,58.858184061484565,66.2728495922494,57.563020492760735,63.374141693115234,2665135,0.0,0.0
2020-03-26 00:00:00-04:00,62.83275240734572,67.89692428223435,62.394179699954826,67.14312744140625,1888225,0.0,0.0
2020-03-27 00:00:00-04:00,64.94342745400894,68.9043137179303,62.551819137185944,66.83478546142578,2002318,0.0,0.0
2020-03-30 00:00:00-04:00,67.43779075657723,68.70554921018417,65.78628118201742,68.13677215576172,1739118,0.0,0.0
2020-03-31 00:00:00-04:00,67.25279648834474,67.99974398952928,65.03935864638159,65.08047485351562,2252123,0.0,0.0
2020-04-01 00:00:00-04:00,63.058899090926985,63.058899090926985,58.61146976421585,60.358917236328125,2520728,0.0,0.0
2020-04-02 00:00:00-04:00,59.6668036867997,63.03150110448459,59.4475172726827,61.10587692260742,1922653,0.0,0.0
2020-04-03 00:00:00-04:00,60.18075947795031,61.24293112120333,59.11173206265245,59.70792007446289,2133330,0.0,0.0
2020-04-06 00:00:00-04:00,62.6751576846327,66.56066667406044,62.311967614601954,65.81371307373047,1296143,0.0,0.0
2020-04-07 00:00:00-04:00,68.37664149831775,69.54845640247325,66.704570222819,66.77995300292969,1509993,0.0,0.0
2020-04-08 00:00:00-04:00,67.0608975309459,71.75502428702967,66.56065354389322,71.1588363647461,1594593,0.0,0.0
2020-04-09 00:00:00-04:00,71.91265081272496,77.64153916038532,71.91265081272496,76.23673248291016,2861243,0.0,0.0
2020-04-13 00:00:00-04:00,75.36643395038253,75.5925761499567,73.46137082824455,74.44816589355469,1351133,0.0,0.0
2020-04-14 00:00:00-04:00,75.69538463952921,76.2230457803278,73.17357180131233,74.24259948730469,1338443,0.0,0.0
2020-04-15 00:00:00-04:00,72.11825322615556,72.41977828151308,70.36395523024275,71.81673431396484,1420458,0.0,0.0
2020-04-16 00:00:00-04:00,72.46087868296694,73.57102863420499,69.56217053335273,69.60328674316406,1487080,0.0,0.0
2020-04-17 00:00:00-04:00,71.1931043649172,73.08446173287821,70.0829608912295,72.53623962402344,1394255,0.0,0.0
2020-04-20 00:00:00-04:00,70.72027370152519,71.33016710978255,68.21902269320458,69.04820251464844,1278988,0.0,0.0
2020-04-21 00:00:00-04:00,67.51319711418482,68.7192786305413,67.26649987875936,67.93806457519531,1472980,0.0,0.0
2020-04-22 00:00:00-04:00,69.41823674463602,70.69969446588175,68.30123764809832,70.14462280273438,1146095,0.0,0.0
2020-04-23 00:00:00-04:00,70.20631553531702,71.42610230728886,69.06876116528721,69.21952056884766,1271468,0.0,0.0
2020-04-24 00:00:00-04:00,69.93223150116782,70.95328724687546,69.07563447255505,70.5969467163086,1100858,0.0,0.0
2020-04-27 00:00:00-04:00,71.48779420537652,71.65225904267696,69.98018757712394,70.36394500732422,1068075,0.0,0.0
2020-04-28 00:00:00-04:00,72.47458613246447,73.13244545225753,70.37079149146219,72.85833740234375,1776953,0.0,0.0
2020-04-29 00:00:00-04:00,74.29054933202688,75.42124792921052,73.13928956279544,73.52304077148438,1603405,0.0,0.0
2020-04-30 00:00:00-04:00,72.69386869464348,72.84462811405402,70.65175154538848,71.09032440185547,1431973,0.0,0.0
2020-05-01 00:00:00-04:00,70.08297396475346,70.08297396475346,68.40405304188783,68.9933853149414,1237040,0.0,0.0
2020-05-04 00:00:00-04:00,68.67129498606879,69.17154514450304,67.39668667640463,69.0961685180664,1094748,0.0,0.0
2020-05-05 00:00:00-04:00,69.61696657214259,70.83675315828089,69.21951002330817,70.17889404296875,1594123,0.0,0.0
2020-05-06 00:00:00-04:00,70.2268694423477,70.39819001523914,68.31495691299062,68.87688446044922,2034513,0.0,0.0
2020-05-07 00:00:00-04:00,69.7060602206551,70.5489453500963,67.48577324533198,67.65023803710938,1575205,0.0,0.0
2020-05-08 00:00:00-04:00,68.52740735978574,69.68551697130091,68.28755973851274,69.39085388183594,1196855,0.0,0.0
2020-05-11 00:00:00-04:00,68.91115179910074,68.91115179910074,66.7662472528858,67.6571044921875,1230695,0.0,0.0
2020-05-12 00:00:00-04:00,67.84212397119589,68.31496339123035,67.0060883423622,68.02029418945312,1657455,0.0,0.0
2020-05-13 00:00:00-04:00,67.52004930857352,67.52004930857352,65.10103655456446,65.75889587402344,2198190,0.0,0.0
2020-05-14 00:00:00-04:00,64.8954431006408,67.2185239558227,63.312460051470794,67.15685272216797,1764380,0.0,0.0
2020-05-15 00:00:00-04:00,66.56066636467729,66.75254198576982,65.16955889700856,66.71142578125,3243940,0.0,0.0
2020-05-18 00:00:00-04:00,69.37713451285451,71.40554601108789,68.96596636727695,70.7476806640625,1606343,0.0,0.0
2020-05-19 00:00:00-04:00,70.26113200950098,71.36441972662992,69.80884768865921,70.48727416992188,1650405,0.0,0.0
2020-05-20 00:00:00-04:00,71.43295839411296,71.85782580602095,70.37078064959596,70.75453186035156,1645118,0.0,0.0
2020-05-21 00:00:00-04:00,70.37079438361728,70.98068789132412,69.0893299828553,69.2400894165039,1406123,0.0,0.0
2020-05-22 00:00:00-04:00,69.25377745862252,70.02127976944118,69.1235731021696,69.98016357421875,944465,0.0,0.0
2020-05-26 00:00:00-04:00,71.88522896816806,73.16669298266103,71.50832742607224,72.193603515625,1269235,0.0,0.0
2020-05-27 00:00:00-04:00,73.96161338551047,74.30425453552553,71.80985325616054,72.98167419433594,1461700,0.0,0.0
2020-05-28 00:00:00-04:00,74.3179626895721,74.50983830051808,73.5573037314318,73.84512329101562,1283805,0.0,0.0
2020-05-29 00:00:00-04:00,73.20781263031941,74.45501013470141,72.23472311741382,73.71491241455078,2673360,0.0,0.0
2020-06-01 00:00:00-04:00,73.72175945550109,75.06489459784052,73.52987774102667,74.2973861694336,1075713,0.0,0.0
2020-06-02 00:00:00-04:00,74.83877205935444,76.04485353804291,74.46187044542083,75.66110229492188,1334683,0.0,0.0
2020-06-03 00:00:00-04:00,76.44915036772635,77.95675651607279,76.26413055624239,77.4633560180664,921200,0.0,0.0
2020-06-04 00:00:00-04:00,76.9699604072727,77.07274782460568,74.91413834264705,76.15447998046875,1118953,0.0,0.0
2020-06-05 00:00:00-04:00,78.97096782249307,80.45800676448027,78.62147705786639,78.71741485595703,1321523,0.0,0.0
2020-06-08 00:00:00-04:00,78.92300436372854,80.80065661519372,78.92300436372854,80.45801544189453,1433265,0.0,0.0
2020-06-09 00:00:00-04:00,79.45067097042158,79.45067097042158,77.43596456518466,78.80651092529297,1621853,0.0,0.0
2020-06-10 00:00:00-04:00,78.17607349136907,78.6489130047278,76.91517017013456,77.39485931396484,1618563,0.0,0.0
2020-06-11 00:00:00-04:00,74.5029827070017,75.03749948193928,71.2753454572313,71.95376586914062,1709273,0.0,0.0
2020-06-12 00:00:00-04:00,74.05243723136651,74.34306057583674,71.36075343744827,72.70314025878906,1257133,0.862128,0.0
2020-06-15 00:00:00-04:00,71.20160637323299,73.87252859773643,70.71032193205902,73.36048889160156,1404125,0.0,0.0
2020-06-16 00:00:00-04:00,75.56780913041216,76.70952866050112,74.266945215838,74.71671295166016,1217183,0.0,0.0
2020-06-17 00:00:00-04:00,75.0142647504115,75.35332124629142,73.67187768094796,74.16316223144531,892413,0.0,0.0
2020-06-18 00:00:00-04:00,73.51965342280192,74.57833970727943,73.20828094196479,74.54373931884766,902400,0.0,0.0
2020-06-19 00:00:00-04:00,76.23903219850989,76.23903219850989,71.61680885172183,71.79671478271484,3769753,0.0,0.0
2020-06-22 00:00:00-04:00,71.6444624171532,74.2807908665408,71.11166116204343,73.8656234741211,1539838,0.0,0.0
2020-06-23 00:00:00-04:00,74.61984817561982,74.72363692338456,73.31898412843579,74.21851348876953,2155538,0.0,0.0
2020-06-24 00:00:00-04:00,73.22901937065376,73.29821392859347,71.16009278374403,72.8415298461914,2036980,0.0,0.0
2020-06-25 00:00:00-04:00,72.51633174261056,72.70316020058554,71.60295713019177,72.599365234375,1363823,0.0,0.0
2020-06-26 00:00:00-04:00,72.50941367735489,73.13217110719462,71.51300551141755,72.04580688476562,2818120,0.0,0.0
2020-06-29 00:00:00-04:00,72.65471979732202,73.74107773299062,71.74826775775693,73.73416137695312,963383,0.0,0.0
2020-06-30 00:00:00-04:00,73.39509097360366,74.72363277347661,73.0629570743876,74.38458251953125,2691808,0.0,0.0
2020-07-01 00:00:00-04:00,74.36381691310484,76.64724974922491,74.14239432594331,76.11444854736328,1169830,0.0,0.0
2020-07-02 00:00:00-04:00,76.80639597834522,77.2630800384601,75.60932087989569,76.09368896484375,983828,0.0,0.0
2020-07-06 00:00:00-04:00,76.74413050071686,77.3945656244478,74.69595894008516,75.0280990600586,1219650,0.0,0.0
2020-07-07 00:00:00-04:00,74.00401871372016,74.39843087058081,73.20135548577582,74.10089111328125,1630900,0.0,0.0
2020-07-08 00:00:00-04:00,74.07320480567937,75.0626901608633,73.782587640263,74.66136169433594,1355598,0.0,0.0
2020-07-09 00:00:00-04:00,74.32923458972736,74.44686225641253,72.10115704505381,73.81027221679688,1141513,0.0,0.0
2020-07-10 00:00:00-04:00,73.5542525786602,74.7167276029335,73.38818560419395,74.39151000976562,1061260,0.0,0.0
2020-07-13 00:00:00-04:00,74.3914909354555,75.45709328473164,74.06627342567484,75.08344268798828,1332803,0.0,0.0
2020-07-14 00:00:00-04:00,75.16648256149739,75.86535072759641,74.46069183780898,75.27027130126953,1080530,0.0,0.0
2020-07-15 00:00:00-04:00,76.26668237741272,76.97939568856542,75.42942505451636,75.56089782714844,1420105,0.0,0.0
2020-07-16 00:00:00-04:00,75.41557591405018,76.1144440146646,75.22874751575429,75.9068603515625,1826538,0.0,0.0
2020-07-17 00:00:00-04:00,76.16980265748948,77.73361205378598,76.16980265748948,77.15929412841797,1395313,0.0,0.0
2020-07-20 00:00:00-04:00,76.93095219462853,76.93095219462853,75.29794817318412,75.56781005859375,1219768,0.0,0.0
2020-07-21 00:00:00-04:00,75.104197957325,77.0416579021227,75.104197957325,76.88250732421875,1895745,0.0,0.0
2020-07-22 00:00:00-04:00,76.64724809730596,79.69874977138849,76.05909126133004,79.1936264038086,1276873,0.0,0.0
2020-07-23 00:00:00-04:00,79.02755823005138,79.62263766062551,78.77845780921001,79.53960418701172,1562045,0.0,0.0
2020-07-24 00:00:00-04:00,79.85097500901814,80.27998124742008,79.0690672377413,79.27665710449219,1786588,0.0,0.0
2020-07-27 00:00:00-04:00,79.13826054882735,79.53267260524544,78.38403681424198,78.88916015625,1214363,0.0,0.0
2020-07-28 00:00:00-04:00,77.59522996678744,80.5982864225613,76.81332209632387,79.31818389892578,2072583,0.0,0.0
2020-07-29 00:00:00-04:00,79.55344948455091,79.89250596385887,78.50860221986757,79.72643280029297,1301195,0.0,0.0
2020-07-30 00:00:00-04:00,78.88918488393412,79.56729792373379,78.46709487381513,79.36663055419922,1085700,0.0,0.0
2020-07-31 00:00:00-04:00,79.21439123290232,80.18312135081824,78.60547905781797,80.0101318359375,1212953,0.0,0.0
2020-08-03 00:00:00-04:00,79.78873616127522,80.14163166519495,78.66086126381846,78.79232788085938,965263,0.0,0.0
2020-08-04 00:00:00-04:00,78.66083205861386,80.31459141925956,78.41172542873993,80.01705169677734,1202848,0.0,0.0
2020-08-05 00:00:00-04:00,80.39070431451096,80.59828800867135,79.7195139352212,79.92018127441406,1284158,0.0,0.0
2020-08-06 00:00:00-04:00,79.82329999633336,81.24179151666665,79.46348209684162,80.91658020019531,980303,0.0,0.0
2020-08-07 00:00:00-04:00,80.19695345051059,82.6672147311771,80.19695345051059,82.24512481689453,1294615,0.0,0.0
2020-08-10 00:00:00-04:00,82.61877440822941,83.7674102841534,82.37659035159241,83.1930923461914,1043518,0.0,0.0
2020-08-11 00:00:00-04:00,83.68439686470388,84.05113121470775,81.14494044776211,81.22797393798828,881015,0.0,0.0
2020-08-12 00:00:00-04:00,81.80228968797373,82.68107007239907,81.48399465115565,82.21054077148438,722860,0.0,0.0
2020-08-13 00:00:00-04:00,81.69849306728209,82.30740525303024,81.20028598502451,81.7607650756836,649188,0.0,0.0
2020-08-14 00:00:00-04:00,81.74692776662651,82.38352399450166,80.8543147389512,81.44939422607422,543438,0.0,0.0
2020-08-17 00:00:00-04:00,81.44938546529777,81.89915320990627,80.7851114817045,80.98577880859375,1349488,0.0,0.0
2020-08-18 00:00:00-04:00,80.95812167158593,81.42864480306594,80.34920318077812,80.63290405273438,957978,0.0,0.0
2020-08-19 00:00:00-04:00,81.13105289535885,81.24868670416375,80.17616212719676,80.97190856933594,844943,0.0,0.0
2020-08-20 00:00:00-04:00,80.50142167580712,80.8335618144663,79.69876466465352,79.89250946044922,914033,0.0,0.0
2020-08-21 00:00:00-04:00,80.20386800961577,80.34225711475861,79.44963808207554,80.14850616455078,1386148,0.0,0.0
2020-08-24 00:00:00-04:00,80.34917910287784,81.75383792308901,79.9755284927905,81.62928771972656,845648,0.0,0.0
2020-08-25 00:00:00-04:00,81.82303445540956,81.82303445540956,80.49449271780252,80.95809936523438,662700,0.0,0.0
2020-08-26 00:00:00-04:00,80.49450134910884,80.90275239304191,79.70567708784803,80.08625030517578,1072423,0.0,0.0
2020-08-27 00:00:00-04:00,80.70896313824336,81.52546483899154,80.45294646503072,80.97190856933594,993698,0.0,0.0
2020-08-28 00:00:00-04:00,81.2417830454852,81.80918455686145,80.55675390095095,81.55316162109375,652478,0.0,0.0
2020-08-31 00:00:00-04:00,81.65004083689479,82.39734824041298,81.53932954793034,82.1136474609375,1179935,0.0,0.0
2020-09-01 00:00:00-04:00,81.68463605781555,82.06520919110174,80.91657343762374,81.50473022460938,1063375,0.0,0.0
2020-09-02 00:00:00-04:00,81.50475244870232,83.76742419550591,81.1656959537047,83.35225677490234,1259013,0.0,0.0
2020-09-03 00:00:00-04:00,83.73282009384458,84.34865479629923,81.73308174728196,82.42503356933594,1119775,0.0,0.0
2020-09-04 00:00:00-04:00,82.75026464562038,83.0893211559097,81.17261597015485,82.21054077148438,942938,0.0,0.0
2020-09-08 00:00:00-04:00,82.494238122619,82.85404988810154,80.7436061898917,81.70541381835938,1293910,0.0,0.0
2020-09-09 00:00:00-04:00,82.41120773339588,84.023450586104,82.07907378355343,82.83329772949219,838363,0.0,0.0
2020-09-10 00:00:00-04:00,82.52192484851597,82.98553162091848,81.51167781041588,81.59471130371094,844473,0.0,0.0
2020-09-11 00:00:00-04:00,81.78152403720364,82.21745289467154,81.20028349291013,81.95451354980469,724035,0.0,0.0
2020-09-14 00:00:00-04:00,82.34199911288766,83.9058023962859,82.12057651743426,83.29689025878906,729675,0.0,0.0
2020-09-15 00:00:00-04:00,83.45605760060963,84.03729203032997,81.49783562152717,82.03755950927734,1671908,0.0,0.0
2020-09-16 00:00:00-04:00,82.07213497661691,83.60134403912089,81.65004506408341,82.36967468261719,3193180,0.0,0.0
2020-09-17 00:00:00-04:00,82.09981468217991,82.25204271587656,80.16235457456908,80.8612289428711,1463815,0.0,0.0
2020-09-18 00:00:00-04:00,80.14437920245801,80.72371916796912,78.02944136385403,78.19696044921875,2349883,0.862128,0.0
2020-09-21 00:00:00-04:00,77.10109930826798,78.20393322976754,76.53571303858736,77.68741607666016,1214010,0.0,0.0
2020-09-22 00:00:00-04:00,77.81307274384977,78.82517677714795,77.64555362979368,78.18301391601562,1025893,0.0,0.0
2020-09-23 00:00:00-04:00,78.47615753290769,78.63669978215948,77.83400105039941,78.10621643066406,1365350,0.0,0.0
2020-09-24 00:00:00-04:00,78.15508773654706,80.03969013160943,77.24768635161888,78.86705017089844,790188,0.0,0.0
2020-09-25 00:00:00-04:00,78.21091817339952,80.24209641219639,78.02943916935831,80.07457733154297,841770,0.0,0.0
2020-09-28 00:00:00-04:00,80.66088264796544,80.82141860302671,79.82328117148988,80.13738250732422,1028243,0.0,0.0
2020-09-29 00:00:00-04:00,80.33284734189937,80.73070832817832,79.36262943759192,79.85122680664062,986178,0.0,0.0
2020-09-30 00:00:00-04:00,80.32585395760132,81.10063275465222,79.77442765455977,80.29792785644531,982653,0.0,0.0
2020-10-01 00:00:00-04:00,80.15833799302317,80.70278127001117,78.55294052372417,79.18113708496094,1460173,0.0,0.0
2020-10-02 00:00:00-04:00,78.49011019463013,80.17229021057209,77.85493060402956,79.6836929321289,2347298,0.0,0.0
2020-10-05 00:00:00-04:00,79.90705839006574,80.44451857005629,79.2160390525421,79.9280014038086,1043518,0.0,0.0
2020-10-06 00:00:00-04:00,80.19325885275526,82.10578132555447,79.88614046529143,80.54924011230469,1201320,0.0,0.0
2020-10-07 00:00:00-04:00,81.03781844369523,81.41473637582192,79.47430076429065,79.9280014038086,1790465,0.0,0.0
2020-10-08 00:00:00-04:00,83.0550430900161,85.80516698346119,82.83168429840632,85.0652847290039,3241355,0.0,0.0
2020-10-09 00:00:00-04:00,85.46314168717089,85.5259644729825,83.45988323322817,83.96244049072266,994520,0.0,0.0
2020-10-12 00:00:00-04:00,83.91359595379984,84.49991283852977,83.47385516162716,84.30447387695312,719805,0.0,0.0
2020-10-13 00:00:00-04:00,83.6553289504691,84.2486288895256,82.53852869711271,83.11088562011719,1200850,0.0,0.0
2020-10-14 00:00:00-04:00,83.53666361306877,84.067147000392,82.32912701730315,83.34122467041016,1092515,0.0,0.0
2020-10-15 00:00:00-04:00,82.28723924612059,82.90845895353208,82.01501761667924,82.32213592529297,1720788,0.0,0.0
2020-10-16 00:00:00-04:00,82.39195695630285,83.84380185252246,82.1267183481044,83.27143859863281,1972355,0.0,0.0
2020-10-19 00:00:00-04:00,83.13880394294351,83.61344134684816,82.18253978743783,82.48268127441406,1884230,0.0,0.0
2020-10-20 00:00:00-04:00,83.508743188086,85.35844881147062,83.508743188086,84.69534301757812,1271585,0.0,0.0
2020-10-21 00:00:00-04:00,84.47896464684777,86.02852246120062,84.26956578777977,84.77910614013672,1253725,0.0,0.0
2020-10-22 00:00:00-04:00,84.45103587518365,86.02153653811614,84.046191866515,85.87495422363281,811808,0.0,0.0
2020-10-23 00:00:00-04:00,86.87310815451876,87.67581323303838,86.37752768521759,87.35472869873047,1131055,0.0,0.0
2020-10-26 00:00:00-04:00,86.46130320129207,87.40360137926194,85.76330061119349,86.71955871582031,1405300,0.0,0.0
2020-10-27 00:00:00-04:00,87.64091838392099,91.3612606641535,87.28493713264534,88.76470184326172,2763835,0.0,0.0
2020-10-28 00:00:00-04:00,86.64974109928265,88.23420183188495,85.0932002141998,85.2607192993164,2204888,0.0,0.0
2020-10-29 00:00:00-04:00,84.91870686281331,87.4943285174629,83.87170629193542,86.18208312988281,1064550,0.0,0.0
2020-10-30 00:00:00-04:00,85.67954086745573,86.22397800590906,84.39522136052011,86.14720153808594,1293088,0.0,0.0
2020-11-02 00:00:00-05:00,87.15926942918077,87.94800814149245,85.97965290548422,87.73860931396484,1054563,0.0,0.0
2020-11-03 00:00:00-05:00,88.93918033855775,89.43476075635184,87.58506148836668,88.26910400390625,921435,0.0,0.0
2020-11-04 00:00:00-05:00,87.99688570617054,90.09088684597899,86.9359252120976,87.36868286132812,1092280,0.0,0.0
2020-11-05 00:00:00-05:00,88.12253664997156,89.71398072967004,87.27795799771084,87.34077453613281,846705,0.0,0.0
2020-11-06 00:00:00-05:00,87.41056552193028,87.57110778379992,85.72838521814394,86.45430755615234,1455473,0.0,0.0
2020-11-09 00:00:00-05:00,89.47665225197731,91.7870355600295,89.3161162377224,89.90941619873047,1445838,0.0,0.0
2020-11-10 00:00:00-05:00,90.14672590915909,92.56878837853672,90.00712666845284,92.13602447509766,1294145,0.0,0.0
2020-11-11 00:00:00-05:00,92.55482901004066,92.55482901004066,90.48176462998477,90.78190612792969,1775778,0.0,0.0
2020-11-12 00:00:00-05:00,90.59344960307902,90.59344960307902,87.90614839471152,89.69303131103516,2046615,0.0,0.0
2020-11-13 00:00:00-05:00,90.10484542904221,91.75910580428916,89.97222302278837,91.22862243652344,1396018,0.0,0.0
2020-11-16 00:00:00-05:00,92.83400841933616,94.4254457032112,92.63158643206206,94.3696060180664,2291368,0.0,0.0
2020-11-17 00:00:00-05:00,93.46921785991043,94.64884097173521,92.67349583485999,92.72235870361328,1564983,0.0,0.0
2020-11-18 00:00:00-05:00,93.06436713387572,93.06436713387572,90.83774364162909,90.87962341308594,1325870,0.0,0.0
2020-11-19 00:00:00-05:00,91.08901757584252,91.47990167987741,89.48362016215223,90.50270080566406,2477605,0.0,0.0
2020-11-20 00:00:00-05:00,90.85171761525278,91.20769885631171,90.2793606501634,90.64231872558594,2067883,0.0,0.0
2020-11-23 00:00:00-05:00,90.89359980007774,91.42408325853168,90.64232112582359,91.0262222290039,1503295,0.0,0.0
2020-11-24 00:00:00-05:00,91.88475377109489,92.0801927249492,91.33333359409512,91.9336166381836,1684010,0.0,0.0
2020-11-25 00:00:00-05:00,91.73118620685847,92.37334271081566,90.68418564967857,92.30354309082031,1632428,0.0,0.0
2020-11-27 00:00:00-05:00,92.38730741585908,92.45012394422635,89.53946419380398,89.7139663696289,619108,0.0,0.0
2020-11-30 00:00:00-05:00,89.76284120628092,90.13975922479045,87.55018345248766,87.81542205810547,2785338,0.0,0.0
2020-12-01 00:00:00-05:00,88.64602429250661,89.47664289964945,88.08064424152917,88.11554718017578,1370285,0.0,0.0
2020-12-02 00:00:00-05:00,87.81540193717021,89.93732281042368,86.72652165371777,89.86752319335938,1902560,0.0,0.0
2020-12-03 00:00:00-05:00,89.31612085530767,89.783781511283,88.10160101956599,88.52738189697266,1336680,0.0,0.0
2020-12-04 00:00:00-05:00,88.37380736350931,89.02993008419499,87.29191006645314,87.899169921875,788895,0.0,0.0
2020-12-07 00:00:00-05:00,87.47337839788626,88.35983664005056,86.90799838582295,87.14531707763672,981360,0.0,0.0
2020-12-08 00:00:00-05:00,86.7125541805633,87.1871915352756,85.9447522024563,86.99175262451172,881015,0.0,0.0
2020-12-09 00:00:00-05:00,87.07552646531204,87.59204992873683,86.81726473359964,87.23606872558594,940705,0.0,0.0
2020-12-10 00:00:00-05:00,87.18721751175718,87.4803822224971,86.08437707233279,86.70559692382812,1006858,0.0,0.0
2020-12-11 00:00:00-05:00,86.21000120967672,87.51526347976407,86.21000120967672,87.29888153076172,1308598,0.0,0.0
2020-12-14 00:00:00-05:00,87.89917566795002,88.49945247161072,86.0075963542599,86.21699523925781,1129645,0.0,0.0
2020-12-15 00:00:00-05:00,86.28677851159969,87.30585914933597,85.8540208979682,87.11042022705078,1222470,0.0,0.0
2020-12-16 00:00:00-05:00,87.4315055696788,87.52224820531838,86.04946682097444,86.23792266845703,1219650,0.0,0.0
2020-12-17 00:00:00-05:00,86.81028581610717,87.2430434649465,86.09134659344278,86.23792266845703,1029770,0.0,0.0
2020-12-18 00:00:00-05:00,86.98083296717316,87.14279124930906,85.0231994767052,85.69921875,3002830,0.923404,0.0
2020-12-21 00:00:00-05:00,84.70631487700288,84.9950319006847,82.29096744462824,83.33316040039062,1550295,0.0,0.0
2020-12-22 00:00:00-05:00,83.29091706168727,83.9246792663519,82.88248621710535,83.74159240722656,1085465,0.0,0.0
2020-12-23 00:00:00-05:00,84.41057006246646,85.20629690672483,83.47400716724974,83.5021743774414,834955,0.0,0.0
2020-12-24 00:00:00-05:00,83.50918975925491,84.45279735048842,83.17118333111829,84.30491638183594,415010,0.0,0.0
2020-12-28 00:00:00-05:00,84.95981907802476,85.14290590570539,83.65707641203775,83.95987701416016,698185,0.0,0.0
2020-12-29 00:00:00-05:00,84.20635549317869,84.69928798926001,83.74863516654057,83.96693420410156,619578,0.0,0.0
2020-12-30 00:00:00-05:00,83.60779690044933,84.53732113435429,83.60779690044933,84.26268768310547,519703,0.0,0.0
2020-12-31 00:00:00-05:00,84.31196623728991,85.57949672913121,83.95283123018629,85.4949951171875,650245,0.0,0.0
2021-01-04 00:00:00-05:00,85.7062676680248,85.854148677226,83.73455033788213,84.07256317138672,986765,0.0,0.0
2021-01-05 00:00:00-05:00,84.38238515822385,84.82602178206062,83.33315364225265,84.20633697509766,958918,0.0,0.0
2021-01-06 00:00:00-05:00,85.22037776653704,86.05131675311078,84.7133679994197,85.71331024169922,752588,0.0,0.0
2021-01-07 00:00:00-05:00,85.8471064712086,86.01610973703671,83.54442750526954,83.6289291381836,1268530,0.0,0.0
2021-01-08 00:00:00-05:00,83.6430162273698,83.96693916703163,82.43885843916074,83.22754669189453,1011558,0.0,0.0
2021-01-11 00:00:00-05:00,83.10077944059636,83.74862520456674,82.45292736393948,83.07965087890625,853050,0.0,0.0
2021-01-12 00:00:00-05:00,82.6008109319828,84.40352486980316,81.67128675506564,83.98101043701172,1453005,0.0,0.0
2021-01-13 00:00:00-05:00,84.06550540277355,85.97384306313027,83.79087199011397,85.79075622558594,1196150,0.0,0.0
2021-01-14 00:00:00-05:00,85.83300982544388,86.43861108200863,85.40345676704743,85.69921875,1109200,0.0,0.0
2021-01-15 00:00:00-05:00,86.03724229569403,87.21323287737174,85.38235145386459,86.98085021972656,1962485,0.0,0.0
2021-01-19 00:00:00-05:00,87.72727368374085,87.72727368374085,84.97390702764997,85.12178802490234,1016845,0.0,0.0
2021-01-20 00:00:00-05:00,84.73450137365734,86.22033132748847,84.58662666184586,86.08654022216797,1207078,0.0,0.0
2021-01-21 00:00:00-05:00,85.92457156002376,86.50904435832318,85.59360366666897,86.28370666503906,935183,0.0,0.0
2021-01-22 00:00:00-05:00,85.85414426269759,86.08652689015427,84.37535318478487,85.84709930419922,1133053,0.0,0.0
2021-01-25 00:00:00-05:00,85.04433218969135,87.47376335450537,85.04433218969135,86.9315414428711,791950,0.0,0.0
2021-01-26 00:00:00-05:00,87.1709771936661,87.24844018506326,86.0865395029203,86.466796875,1147270,0.0,0.0
2021-01-27 00:00:00-05:00,85.44570553375972,86.48789846912801,84.79081483748801,85.0020751953125,1513165,0.0,0.0
2021-01-28 00:00:00-05:00,85.09362365350184,86.64283275908534,85.00912202730858,85.2767105102539,787133,0.0,0.0
2021-01-29 00:00:00-05:00,84.89646717062284,85.22743508405055,83.26980112954105,83.60076904296875,1156435,0.0,0.0
2021-02-01 00:00:00-05:00,83.6993422087754,84.6570336377724,82.94586620357036,84.19226837158203,824028,0.0,0.0
2021-02-02 00:00:00-05:00,84.55842751562383,85.81187433264924,84.17112532704124,84.30491638183594,683615,0.0,0.0
2021-02-03 00:00:00-05:00,84.01622704664757,84.34719491457655,83.03036840157829,83.3895034790039,901108,0.0,0.0
2021-02-04 00:00:00-05:00,83.3895046907251,84.53732165073528,83.24162368237542,84.29085540771484,976190,0.0,0.0
2021-02-05 00:00:00-05:00,84.99504009226267,86.31186659533401,84.39648373862788,85.71331024169922,1241623,0.0,0.0
2021-02-08 00:00:00-05:00,85.86118963619276,86.19215751975183,84.62182604712433,85.206298828125,971138,0.0,0.0
2021-02-09 00:00:00-05:00,85.25558045736751,85.56541972505265,84.79081524315353,85.43866729736328,530278,0.0,0.0
2021-02-10 00:00:00-05:00,86.00905635054123,86.3893136334866,85.33303709039654,86.02313995361328,570463,0.0,0.0
2021-02-11 00:00:00-05:00,85.73441627089946,86.36113971523906,85.62879241241144,85.9034194946289,1166305,0.0,0.0
2021-02-12 00:00:00-05:00,85.74148137062318,86.04427572792801,84.86829153020545,85.16404724121094,873730,0.0,0.0
2021-02-16 00:00:00-05:00,85.08658619083062,85.38234188661966,84.40352821326009,84.92462158203125,1109553,0.0,0.0
2021-02-17 00:00:00-05:00,85.29080032739813,85.29080032739813,84.1148161208704,84.60774230957031,1368053,0.0,0.0
2021-02-18 00:00:00-05:00,84.92461381107083,85.0584111985044,84.39647553200238,84.50210571289062,1570270,0.0,0.0
2021-02-19 00:00:00-05:00,85.04433760481449,85.8330194809108,84.62886810302734,84.62886810302734,1699990,0.0,0.0
2021-02-22 00:00:00-05:00,84.48097892090354,86.14285676725605,84.13592747715353,86.01609802246094,1494130,0.0,0.0
2021-02-23 00:00:00-05:00,86.50198412464205,89.18492634327389,86.48086187597016,88.4596176147461,2550103,0.0,0.0
2021-02-24 00:00:00-05:00,88.48076094134171,89.25535925448936,87.19914651053725,87.2484359741211,1791875,0.0,0.0
2021-02-25 00:00:00-05:00,86.71325261478303,87.43856141129126,85.14292122578422,85.37529754638672,794888,0.0,0.0
2021-02-26 00:00:00-05:00,85.52316053774226,85.52316053774226,82.86134719165128,82.89655303955078,2003493,0.0,0.0
2021-03-01 00:00:00-05:00,83.39653565973853,84.36126566655136,83.39653565973853,83.86833953857422,1159608,0.0,0.0
2021-03-02 00:00:00-05:00,84.01620894588943,84.1429613613163,82.95993250464662,83.07260131835938,1022955,0.0,0.0
2021-03-03 00:00:00-05:00,82.75574850757577,83.30501549541408,81.46005034581532,82.95291900634766,811808,0.0,0.0
2021-03-04 00:00:00-05:00,83.26274751366772,85.69923015483289,82.76982133095893,84.55140686035156,1740058,0.0,0.0
2021-03-05 00:00:00-05:00,84.93166407046697,87.18505336012353,84.81898892456606,86.72733306884766,1023425,0.0,0.0
2021-03-08 00:00:00-05:00,86.47382823308423,88.15682852187011,85.67810138371836,87.83995056152344,1216713,0.0,0.0
2021-03-09 00:00:00-05:00,87.83992939686759,88.55115444374941,87.45262719122134,87.76246643066406,802760,0.0,0.0
2021-03-10 00:00:00-05:00,87.47377124239985,89.21310596641433,87.43856538548471,88.8891830444336,650598,0.0,0.0
2021-03-11 00:00:00-05:00,88.445545239437,89.62857438315201,88.23429116246774,88.65679931640625,860218,0.0,0.0
2021-03-12 00:00:00-05:00,89.27121031570623,90.56396553477646,88.94447159499542,90.46452331542969,757758,0.923404,0.0
2021-03-15 00:00:00-04:00,90.46453178048716,93.07135469334042,90.46453178048716,93.050048828125,1391318,0.0,0.0
2021-03-16 00:00:00-04:00,92.2687105091838,93.05004867198616,91.75018713401614,92.26160430908203,990760,0.0,0.0
2021-03-17 00:00:00-04:00,92.5173057310027,92.9221744182587,91.7643797436177,92.0058822631836,1124123,0.0,0.0
2021-03-18 00:00:00-04:00,92.084039194936,92.68779881256603,91.26008287059136,92.3326416015625,842005,0.0,0.0
2021-03-19 00:00:00-04:00,92.46759476572188,93.33416912249018,91.41634198502454,92.2900161743164,2551630,0.0,0.0
2021-03-22 00:00:00-04:00,91.57969840017977,91.8496129721879,89.88206825120709,90.6776123046875,1053153,0.0,0.0
2021-03-23 00:00:00-04:00,90.59237946156733,91.94196520131125,90.37928898715379,91.47315979003906,872320,0.0,0.0
2021-03-24 00:00:00-04:00,91.12510592614625,93.17789334978943,91.03276990729206,92.71619415283203,1343613,0.0,0.0
2021-03-25 00:00:00-04:00,93.13527032959252,94.8542063783597,92.70198321790447,94.25755310058594,1112373,0.0,0.0
2021-03-26 00:00:00-04:00,94.27884873159434,95.12411063382956,93.81004977850183,94.64110565185547,689960,0.0,0.0
2021-03-29 00:00:00-04:00,94.43513403040131,95.96939819311679,94.36410387171657,95.19515991210938,783725,0.0,0.0
2021-03-30 00:00:00-04:00,94.73345868974495,95.1809518336805,93.78874811140912,94.84710693359375,553778,0.0,0.0
2021-03-31 00:00:00-04:00,94.75476200946352,94.8471043888941,93.93791209493509,94.57008361816406,1616213,0.0,0.0
2021-04-01 00:00:00-04:00,94.35698926278975,94.5203554183994,93.4904150949838,94.491943359375,865858,0.0,0.0
2021-04-05 00:00:00-04:00,94.68373448919428,96.23930437969457,94.58429227573215,95.47927856445312,825085,0.0,0.0
2021-04-06 00:00:00-04:00,95.20935738033609,96.21088564450905,94.54876745682036,95.98358917236328,513358,0.0,0.0
2021-04-07 00:00:00-04:00,96.18248287917544,96.66548792915579,95.65685336898771,96.38847351074219,928250,0.0,0.0
2021-04-08 00:00:00-04:00,96.70809755710937,96.70809755710937,95.78470563061687,95.8557357788086,718278,0.0,0.0
2021-04-09 00:00:00-04:00,96.05463613516311,96.56605328701939,95.89126358342776,96.21800231933594,719335,0.0,0.0
2021-04-12 00:00:00-04:00,96.6512930915704,97.41132538310862,96.18959385066177,96.33876037597656,654358,0.0,0.0
2021-04-13 00:00:00-04:00,95.91254838012345,98.00084722131908,95.77048810079869,97.75933837890625,735550,0.0,0.0
2021-04-14 00:00:00-04:00,97.98665562256762,98.61172094364163,97.368690132725,98.53358459472656,1012498,0.0,0.0
2021-04-15 00:00:00-04:00,98.12873617636886,99.13026468358383,98.12873617636886,99.07344055175781,1241858,0.0,0.0
2021-04-16 00:00:00-04:00,99.59194398801165,100.50113628265976,99.35754130740384,99.92578887939453,915795,0.0,0.0
2021-04-19 00:00:00-04:00,99.26520881207375,99.69138973049357,98.67565535781205,99.22969055175781,1139280,0.0,0.0
2021-04-20 00:00:00-04:00,99.80505676324394,100.8492097612723,99.65589659749925,100.62901306152344,1029653,0.0,0.0
2021-04-21 00:00:00-04:00,100.52956513710367,100.74976182438627,99.37176393831759,99.542236328125,1063140,0.0,0.0
2021-04-22 00:00:00-04:00,99.51381753619596,99.6416781874711,98.02217785865066,98.13582611083984,1301313,0.0,0.0
2021-04-23 00:00:00-04:00,97.94403231627422,98.5762102111342,97.56046950110635,97.90142059326172,1343025,0.0,0.0
2021-04-26 00:00:00-04:00,98.07190081748227,98.07190081748227,96.99223606882276,97.6883316040039,828258,0.0,0.0
2021-04-27 00:00:00-04:00,97.04194376400326,98.91715243702295,96.76492936604932,96.77912902832031,1045045,0.0,0.0
2021-04-28 00:00:00-04:00,96.34585112421192,97.19821293913088,95.94807590968799,97.01353454589844,755643,0.0,0.0
2021-04-29 00:00:00-04:00,97.48234309324884,99.13735522257463,97.37579467912563,99.1302490234375,1075243,0.0,0.0
2021-04-30 00:00:00-04:00,99.36466470450127,99.5635491604748,98.78221100158744,99.45700073242188,836013,0.0,0.0
2021-05-03 00:00:00-04:00,98.93138426347366,100.82789929198267,98.80352996164237,99.75534057617188,1487668,0.0,0.0
2021-05-04 00:00:00-04:00,99.6700913699377,100.33067502698763,99.03791977625416,99.8902816772461,983005,0.0,0.0
2021-05-05 00:00:00-04:00,100.16020693421484,100.16020693421484,97.65282631589416,98.64725494384766,836365,0.0,0.0
2021-05-06 00:00:00-04:00,99.20840081173898,100.54377427402468,98.89586171987922,100.36619567871094,873613,0.0,0.0
2021-05-07 00:00:00-04:00,99.86186565617903,101.45295387676447,99.86186565617903,100.64320373535156,768685,0.0,0.0
2021-05-10 00:00:00-04:00,101.15461891656122,103.29974230971236,101.15461891656122,102.39055633544922,1092633,0.0,0.0
2021-05-11 00:00:00-04:00,102.5326159102376,102.72439414153042,100.11047174910424,101.02676391601562,794183,0.0,0.0
2021-05-12 00:00:00-04:00,101.18302571386086,101.45294665348867,98.36311281837098,98.44834899902344,983593,0.0,0.0
2021-05-13 00:00:00-04:00,98.54779206955482,100.45140636529604,98.37731335021618,99.62745666503906,1067488,0.0,0.0
2021-05-14 00:00:00-04:00,99.86897782456082,101.36772374866207,99.86897782456082,100.23833465576172,839773,0.0,0.0
2021-05-17 00:00:00-04:00,100.67160372634434,101.28246299126606,99.82634179226501,99.98970794677734,563883,0.0,0.0
2021-05-18 00:00:00-04:00,99.95418913015448,100.15307352820669,97.74513579002932,97.90850830078125,1804683,0.0,0.0
2021-05-19 00:00:00-04:00,97.62439953682228,98.71827022594063,96.71520723965507,98.59041595458984,1588718,0.0,0.0
2021-05-20 00:00:00-04:00,98.91004972269563,100.27384136978672,98.64724134531612,99.69849395751953,1062318,0.0,0.0
2021-05-21 00:00:00-04:00,99.74111371473796,100.66450570180831,98.81060916103962,99.91868591308594,2332963,0.0,0.0
2021-05-24 00:00:00-04:00,100.47273660056646,101.49557726211319,100.3875004094011,100.9841537475586,1010265,0.0,0.0
2021-05-25 00:00:00-04:00,100.50114773540815,100.79237456964601,98.54070262159941,98.5691146850586,1267708,0.0,0.0
2021-05-26 00:00:00-04:00,98.67565242247402,99.15155761766685,97.89431439438516,97.90142059326172,1580610,0.0,0.0
2021-05-27 00:00:00-04:00,98.32050561240419,98.4554660971586,97.73095211384522,97.97956085205078,1644413,0.0,0.0
2021-05-28 00:00:00-04:00,98.43416444931964,98.68276683061036,97.85881059023747,98.01508331298828,874200,0.0,0.0
2021-06-01 00:00:00-04:00,98.50518654721516,98.59042273397678,97.41131578287883,98.0718994140625,735668,0.0,0.0
2021-06-02 00:00:00-04:00,98.53359088684721,98.53359088684721,97.4326203058693,97.62440490722656,858455,0.0,0.0
2021-06-03 00:00:00-04:00,97.34026165438044,98.18552990489825,96.9922171385001,97.78065490722656,1028360,0.0,0.0
2021-06-04 00:00:00-04:00,98.15004389838766,98.34182853070926,97.53207826931036,97.55339050292969,982770,0.0,0.0
2021-06-07 00:00:00-04:00,97.73094812156488,98.37022588867559,97.62440607208784,97.9156265258789,835073,0.0,0.0
2021-06-08 00:00:00-04:00,98.04347048624032,98.11450062965632,96.97801196743947,97.65280151367188,1131995,0.0,0.0
2021-06-09 00:00:00-04:00,97.72384398219263,99.3859559153163,97.41841114320164,98.72537231445312,1536313,0.0,0.0
2021-06-10 00:00:00-04:00,99.13736088460045,99.13736088460045,98.0719021527646,98.13582611083984,1354423,0.0,0.0
2021-06-11 00:00:00-04:00,98.02217997032199,98.50519142009372,97.02775137468159,98.46967315673828,979245,0.0,0.0
2021-06-14 00:00:00-04:00,98.64013466547681,98.78930116702693,97.68832427024465,98.29208374023438,985238,0.0,0.0
2021-06-15 00:00:00-04:00,98.28496777996862,98.46253994534425,97.23371534540458,97.75933837890625,1417285,0.0,0.0
2021-06-16 00:00:00-04:00,98.03638335217062,98.19975589757716,95.89836606825122,96.29613494873047,1836408,0.0,0.0
2021-06-17 00:00:00-04:00,96.07595761965817,96.65130519281927,95.37986193868073,95.54322814941406,1136225,0.0,0.0
2021-06-18 00:00:00-04:00,94.70182874174677,95.93348894141857,94.33662586465206,94.40823364257812,1940865,0.923404,0.0
2021-06-21 00:00:00-04:00,94.5299684860589,95.43223289210744,94.1146369617242,95.1744384765625,1130820,0.0,0.0
2021-06-22 00:00:00-04:00,95.17443065933442,95.20307376767084,94.24352963840064,94.34378051757812,912270,0.0,0.0
2021-06-23 00:00:00-04:00,94.34376488563524,94.34376488563524,93.2982851852397,93.49162292480469,1194035,0.0,0.0
2021-06-24 00:00:00-04:00,93.49162772446483,93.70645743176446,92.61801302010475,93.25532531738281,972900,0.0,0.0
2021-06-25 00:00:00-04:00,93.09062398364709,94.0358528672607,92.78270739546333,94.00004577636719,1251493,0.0,0.0
2021-06-28 00:00:00-04:00,94.20055644005086,94.51563704401525,93.47731476113448,93.80671691894531,1317058,0.0,0.0
2021-06-29 00:00:00-04:00,93.40571039174763,93.79955634653149,92.46048138413502,92.72543334960938,1561693,0.0,0.0
2021-06-30 00:00:00-04:00,92.72542746505503,93.17655960867995,92.27429532143012,92.80419921875,1538310,0.0,0.0
2021-07-01 00:00:00-04:00,93.64737879720789,94.3878049775469,93.02474112577742,94.13538360595703,2696000,0.0,1.175
2021-07-02 00:00:00-04:00,93.9418631968773,94.22793475106495,93.09205145291307,94.01758575439453,1481000,0.0,0.0
2021-07-06 00:00:00-04:00,94.82533809524976,95.22921104858256,93.5884912179805,94.48878479003906,2023900,0.0,0.0
2021-07-07 00:00:00-04:00,94.15221665693788,95.9275627865458,94.02600596908408,95.88549041748047,1875100,0.0,0.0
2021-07-08 00:00:00-04:00,95.41431823000028,96.62592423876633,95.07775850893196,96.11267852783203,1720800,0.0,0.0
2021-07-09 00:00:00-04:00,96.48289742208333,97.33270935251029,95.98647676230239,97.26539611816406,1127500,0.0,0.0
2021-07-12 00:00:00-04:00,96.9456333289513,97.73654750224951,96.62589878944384,97.60192108154297,1147700,0.0,0.0
2021-07-13 00:00:00-04:00,97.77861819242268,97.95531056367453,96.51652432404548,96.6763916015625,834400,0.0,0.0
2021-07-14 00:00:00-04:00,96.76052990891937,97.4336492064571,96.39031365333949,96.6763916015625,1363800,0.0,0.0
2021-07-15 00:00:00-04:00,96.56700452162353,97.7197192144301,96.56700452162353,97.42523193359375,1943300,0.0,0.0
2021-07-16 00:00:00-04:00,97.44207684854378,98.74624332526308,97.27380020221858,98.48541259765625,929300,0.0,0.0
2021-07-19 00:00:00-04:00,98.06470742169958,98.59478459643353,94.66546677484477,95.83500671386719,1376400,0.0,0.0
2021-07-20 00:00:00-04:00,96.04536763572965,97.91326803471354,95.94439779115058,97.70291900634766,1137600,0.0,0.0
2021-07-21 00:00:00-04:00,98.08152421084164,98.61160134068332,96.7605328452926,96.794189453125,993300,0.0,0.0
2021-07-22 00:00:00-04:00,96.78578710804086,97.19806937727034,96.60067894898285,96.65957641601562,680800,0.0,0.0
2021-07-23 00:00:00-04:00,96.73531371818217,98.1067870938019,96.45765145571626,97.90485382080078,1134200,0.0,0.0
2021-07-26 00:00:00-04:00,97.68609237320614,97.97217040414493,96.55020884710879,97.50098419189453,1226600,0.0,0.0
2021-07-27 00:00:00-04:00,97.68608960324038,100.35331379999802,97.1475965925178,99.87371826171875,1724700,0.0,0.0
2021-07-28 00:00:00-04:00,99.76430604464326,99.89051670647562,97.56826235451929,99.02388000488281,977100,0.0,0.0
2021-07-29 00:00:00-04:00,99.33521416742909,100.03357441943787,98.80513697458393,99.39411163330078,983600,0.0,0.0
2021-07-30 00:00:00-04:00,99.20899712688353,99.84004407399743,98.40125138555722,98.71257019042969,643000,0.0,0.0
2021-08-02 00:00:00-04:00,99.13328932345193,99.86530624937714,98.67893465418899,98.94818115234375,924400,0.0,0.0
2021-08-03 00:00:00-04:00,99.09962430394235,99.62129215833608,98.62002881917512,99.39411163330078,787800,0.0,0.0
2021-08-04 00:00:00-04:00,98.94817255491911,99.22583478745582,97.93849987940311,99.10803985595703,728400,0.0,0.0
2021-08-05 00:00:00-04:00,99.58762299528134,100.43743468376279,99.21740673112278,100.40377807617188,656400,0.0,0.0
2021-08-06 00:00:00-04:00,100.55523827865588,101.5060134526212,99.9326006135021,100.6141357421875,733200,0.0,0.0
2021-08-09 00:00:00-04:00,100.39536587684712,101.0264128480189,100.23549858996091,100.88337707519531,802600,0.0,0.0
2021-08-10 00:00:00-04:00,100.89179910751409,101.65746614210123,100.43744448968937,100.96752166748047,806200,0.0,0.0
2021-08-11 00:00:00-04:00,101.11055702080122,101.86781471396729,100.9675212396871,101.11897277832031,992700,0.0,0.0
2021-08-12 00:00:00-04:00,101.42188785833224,101.64906198349586,100.84973824682277,100.92546081542969,491700,0.0,0.0
2021-08-13 00:00:00-04:00,101.10215288098583,101.58174837475997,100.89180386758764,101.2199478149414,988100,0.0,0.0
2021-08-16 00:00:00-04:00,101.48918950705895,102.39789232336625,100.9170399608362,100.96752166748047,866200,0.0,0.0
2021-08-17 00:00:00-04:00,100.6646140152654,101.29566099701573,100.07563940003517,101.22834777832031,771300,0.0,0.0
2021-08-18 00:00:00-04:00,101.21153020864548,101.34615023670379,100.47951334442476,101.08531951904297,812200,0.0,0.0
2021-08-19 00:00:00-04:00,101.09374771661714,102.05293880467879,100.85815782401858,101.1105728149414,937100,0.0,0.0
2021-08-20 00:00:00-04:00,100.90863257479509,102.52411151485494,100.21868804293563,102.21279907226562,1302600,0.0,0.0
2021-08-23 00:00:00-04:00,102.54094108354585,102.54935042229637,101.68271349964341,101.93513488769531,915600,0.0,0.0
2021-08-24 00:00:00-04:00,102.06134935313672,102.06134935313672,100.50476143486785,101.37981414794922,664500,0.0,0.0
2021-08-25 00:00:00-04:00,101.2451841748817,101.90988779803288,100.90862448451699,101.62380981445312,746000,0.0,0.0
2021-08-26 00:00:00-04:00,101.62381978692464,101.6995487738756,100.9927727128187,101.37981414794922,528300,0.0,0.0
2021-08-27 00:00:00-04:00,101.61539823217153,102.13706609463884,101.34615175268507,101.51443481445312,519000,0.0,0.0
2021-08-30 00:00:00-04:00,101.51443378840919,101.9014751975501,101.05166339740248,101.30408477783203,790100,0.0,0.0
2021-08-31 00:00:00-04:00,101.30408920411605,101.72478724365197,100.54683144908289,101.25360107421875,894700,0.0,0.0
2021-09-01 00:00:00-04:00,100.42061566930333,102.35582912093045,100.25233902974546,102.1202392578125,900100,0.0,0.0
2021-09-02 00:00:00-04:00,102.31374288983979,102.76809745830057,101.92670153581943,102.75968170166016,954600,0.0,0.0
2021-09-03 00:00:00-04:00,102.45678521934694,102.72603167501504,101.5733232957525,101.59856414794922,630600,0.0,0.0
2021-09-07 00:00:00-04:00,101.04326131523192,101.0769179318006,99.95786592277253,100.36173248291016,898300,0.0,0.0
2021-09-08 00:00:00-04:00,100.27757568264079,102.47361975938259,99.91577514534082,102.08657836914062,1419000,0.0,0.0
2021-09-09 00:00:00-04:00,102.19596263136505,102.22120348556494,101.4134640544566,101.4471206665039,775800,0.0,0.0
2021-09-10 00:00:00-04:00,101.4471173242309,101.51443054610782,99.89895173711463,99.93260192871094,654800,0.0,0.0
2021-09-13 00:00:00-04:00,100.83289063262494,100.83289063262494,99.19217104797414,99.32679748535156,828000,0.0,0.0
2021-09-14 00:00:00-04:00,99.67178276928914,99.86530669977765,98.61162186956088,98.7967300415039,775200,0.0,0.0
2021-09-15 00:00:00-04:00,98.62844707775051,99.04914510731311,98.03946598475737,98.34236907958984,1175500,0.0,0.0
2021-09-16 00:00:00-04:00,98.52748644004853,99.67178570085925,97.94692747019327,98.9145278930664,1692600,0.0,0.0
2021-09-17 00:00:00-04:00,99.8593053737836,100.36770954541555,96.55466856111123,96.59703826904297,3477100,0.825,0.0
2021-09-20 00:00:00-04:00,95.35989923711577,97.03763330084452,95.31752953800094,96.53770446777344,1742500,0.0,0.0
2021-09-21 00:00:00-04:00,97.23253956697096,97.23253956697096,95.47006583854048,96.0716781616211,1661500,0.0,0.0
2021-09-22 00:00:00-04:00,96.5123013703272,97.0545999931814,95.73274790806298,96.5546646118164,776200,0.0,0.0
2021-09-23 00:00:00-04:00,97.14780228345522,97.41047634477061,96.21572698599526,96.38519287109375,542300,0.0,0.0
2021-09-24 00:00:00-04:00,96.25807967579483,96.82579743983747,95.91914147803365,96.35128784179688,763300,0.0,0.0
2021-09-27 00:00:00-04:00,96.57162818299209,97.4104954689261,95.19045573591454,95.4107666015625,681600,0.0,0.0
2021-09-28 00:00:00-04:00,95.21586886266778,95.49548694456438,93.6737059362924,94.41936492919922,1012100,0.0,0.0
2021-09-29 00:00:00-04:00,94.54647864260878,96.35131585827773,94.36006225639962,95.85985565185547,958300,0.0,0.0
2021-09-30 00:00:00-04:00,96.24962531106947,96.30047025381788,94.61426059686981,94.65662384033203,1602800,0.0,0.0
2021-10-01 00:00:00-04:00,95.52937486826971,95.60563904152971,94.4447776930406,94.62271881103516,718000,0.0,0.0
2021-10-04 00:00:00-04:00,94.28378306747075,96.16488417124559,94.2753142983253,95.75816345214844,1011100,0.0,0.0
2021-10-05 00:00:00-04:00,96.13099810652099,97.10544321432647,95.33450060167873,96.41909790039062,1076300,0.0,0.0
2021-10-06 00:00:00-04:00,96.00390612513426,97.77484881551588,95.25824060100716,97.681640625,848100,0.0,0.0
2021-10-07 00:00:00-04:00,97.96124195283966,98.85095393676346,97.1901573714779,97.49520111083984,1118000,0.0,0.0
2021-10-08 00:00:00-04:00,97.39352788053411,97.6985716315046,96.57160479956967,96.7071762084961,657400,0.0,0.0
2021-10-11 00:00:00-04:00,96.76648969883608,96.76648969883608,94.53798173971434,95.0294418334961,753400,0.0,0.0
2021-10-12 00:00:00-04:00,95.02946441422198,95.81749321229137,94.77525907366656,95.58023834228516,814200,0.0,0.0
2021-10-13 00:00:00-04:00,95.67342110859171,96.74106773986607,94.97859422436908,96.57160186767578,738600,0.0,0.0
2021-10-14 00:00:00-04:00,96.80885592962974,97.52062034500192,96.53770665738674,97.49520111083984,698400,0.0,0.0
2021-10-15 00:00:00-04:00,97.63080101787985,97.98668330590057,97.17323530554891,97.47827911376953,869900,0.0,0.0
2021-10-18 00:00:00-04:00,96.78343420556008,97.15626686956823,96.23266044228671,96.35128784179688,559600,0.0,0.0
2021-10-19 00:00:00-04:00,96.97833456603469,97.342692054639,96.39367270922082,96.99528503417969,561100,0.0,0.0
2021-10-20 00:00:00-04:00,97.05459978425439,98.43576557625212,97.01223007814689,97.8426284790039,856000,0.0,0.0
2021-10-21 00:00:00-04:00,97.90194498876039,98.13072460003946,97.5375874858273,97.78331756591797,788600,0.0,0.0
2021-10-22 00:00:00-04:00,98.13071278911806,98.85095893859999,98.0036166118767,98.29170989990234,944100,0.0,0.0
2021-10-25 00:00:00-04:00,98.15613836154708,98.9526422687963,97.57995174829706,97.99514770507812,1026500,0.0,0.0
2021-10-26 00:00:00-04:00,98.0544811750802,99.3848087234477,97.9612729771612,98.60525512695312,769900,0.0,0.0
2021-10-27 00:00:00-04:00,97.60537282530875,98.36797581120194,96.44451141357422,96.44451141357422,1186100,0.0,0.0
2021-10-28 00:00:00-04:00,96.55465197480186,97.15627069347859,96.36824210016943,96.9444351196289,549200,0.0,0.0
2021-10-29 00:00:00-04:00,96.68176380099258,97.28337611213976,95.44464470789578,96.04625701904297,762100,0.0,0.0
2021-11-01 00:00:00-04:00,96.13946199249285,96.21572616543315,95.08875929148289,95.7242660522461,741400,0.0,0.0
2021-11-02 00:00:00-04:00,95.93612469342422,96.0971218468801,94.69900534428008,95.81749725341797,646100,0.0,0.0
2021-11-03 00:00:00-04:00,95.42771019275929,96.6055156952326,95.08029668102475,95.97000885009766,891500,0.0,0.0
2021-11-04 00:00:00-04:00,96.02084935588834,96.24962898049382,95.40228650242749,96.08863830566406,728300,0.0,0.0
2021-11-05 00:00:00-04:00,96.67328174008728,97.30878847715766,96.17335287665215,96.7071762084961,523400,0.0,0.0
2021-11-08 00:00:00-05:00,96.83429146411724,96.91055564414974,94.92777100453061,95.18197631835938,735100,0.0,0.0
2021-11-09 00:00:00-05:00,95.1396105406247,95.74969814724392,94.77525302359989,95.3260269165039,711800,0.0,0.0
2021-11-10 00:00:00-05:00,95.32600476842222,96.2157167321442,95.16500766943996,95.89372253417969,1041100,0.0,0.0
2021-11-11 00:00:00-05:00,95.74121422206848,95.91068657780743,94.63119776699315,95.31754302978516,754800,0.0,0.0
2021-11-12 00:00:00-05:00,95.29211751446825,95.29211751446825,94.63966676580947,94.86844635009766,471000,0.0,0.0
2021-11-15 00:00:00-05:00,95.42770524729127,96.04626159092885,94.81761767322546,95.91915893554688,1619200,0.0,0.0
2021-11-16 00:00:00-05:00,95.96152354117002,96.42756443122717,95.51243311877454,95.57174682617188,1271400,0.0,0.0
2021-11-17 00:00:00-05:00,95.45313172994291,95.85985250038223,94.85151934449844,95.5378646850586,1267300,0.0,0.0
2021-11-18 00:00:00-05:00,95.52091637030414,95.72427674634879,94.08043033948753,94.37699890136719,1278100,0.0,0.0
2021-11-19 00:00:00-05:00,94.47868411815749,94.47868411815749,93.36019233158025,94.20753479003906,1661600,0.0,0.0
2021-11-22 00:00:00-05:00,94.18211637871492,96.20726435506037,93.85165333418726,95.69886016845703,1718100,0.0,0.0
2021-11-23 00:00:00-05:00,95.94457988987028,96.1055705449907,95.03792380792544,95.11418151855469,1140700,0.0,0.0
2021-11-24 00:00:00-05:00,95.06333820950503,95.62258078646879,94.56340287243013,95.05486297607422,945200,0.0,0.0
2021-11-26 00:00:00-05:00,94.12280428735703,94.35158391262418,93.33477552188783,93.76692199707031,784200,0.0,0.0
2021-11-29 00:00:00-05:00,94.33462816660068,94.81761306179467,93.66522691454071,94.47019958496094,1401000,0.0,0.0
2021-11-30 00:00:00-05:00,93.74148601030781,94.03806101772713,91.699394217897,91.80107116699219,1726200,0.0,0.0
2021-12-01 00:00:00-05:00,93.58049153961836,94.66508871716972,92.43657419123274,92.48741912841797,1503000,0.0,0.0
2021-12-02 00:00:00-05:00,92.82637059180998,94.0380705879472,92.7416311726609,93.20767211914062,1472600,0.0,0.0
2021-12-03 00:00:00-05:00,93.74148980472518,94.82609353508116,93.02972527341089,94.80914306640625,2037800,0.0,0.0
2021-12-06 00:00:00-05:00,95.7242674098573,97.52062907501109,95.51243181993188,96.75802612304688,1011500,0.0,0.0
2021-12-07 00:00:00-05:00,96.53772656439662,98.31714443446874,96.50383209028831,97.4528579711914,1289700,0.0,0.0
2021-12-08 00:00:00-05:00,97.45285350226608,98.4357673474938,96.94444934337523,97.03765106201172,664200,0.0,0.0
2021-12-09 00:00:00-05:00,97.07154265024981,98.34255624206577,96.58855774394813,97.63926696777344,627100,0.0,0.0
2021-12-10 00:00:00-05:00,98.13919590442096,98.73233299488071,97.68163023547655,98.47813415527344,559500,0.0,0.0
2021-12-13 00:00:00-05:00,98.23241631148069,99.79999864398374,97.93584772933853,99.28311920166016,905900,0.0,0.0
2021-12-14 00:00:00-05:00,99.81693889355954,99.98640479037125,99.02891019043687,99.52883911132812,987100,0.0,0.0
2021-12-15 00:00:00-05:00,99.67287479269254,101.46076760539908,99.66440602408136,101.3421401977539,1506400,0.0,0.0
2021-12-16 00:00:00-05:00,101.54549860523178,102.38437214075674,101.35908872871276,101.96070098876953,995400,0.0,0.0
2021-12-17 00:00:00-05:00,101.60645615894363,102.24667159119366,99.31021472457226,99.53215789794922,1796700,0.885,0.0
2021-12-20 00:00:00-05:00,98.84927051729956,100.11262538932463,97.7224915580787,99.98458099365234,885300,0.0,0.0
2021-12-21 00:00:00-05:00,100.43700587448113,101.0174616474401,99.01999251077484,99.42973327636719,992700,0.0,0.0
2021-12-22 00:00:00-05:00,99.18217377261246,100.12969310396899,99.1138825655975,99.61751556396484,420300,0.0,0.0
2021-12-23 00:00:00-05:00,99.53217310562047,100.53090776950273,99.30169838034347,99.719970703125,643800,0.0,0.0
2021-12-27 00:00:00-05:00,100.14676427216531,100.65893530786056,99.44679567043993,100.59918212890625,415500,0.0,0.0
2021-12-28 00:00:00-05:00,100.8894240235973,101.4101331272537,100.53089841055245,101.35037994384766,500500,0.0,0.0
2021-12-29 00:00:00-05:00,101.32477296274334,102.04181772652782,100.99186141575343,101.90523529052734,452000,0.0,0.0
2021-12-30 00:00:00-05:00,102.20401442511672,102.20401442511672,101.40160884266031,101.8540267944336,387400,0.0,0.0
2021-12-31 00:00:00-05:00,101.98204827456836,102.53690293526486,101.26500362514,102.04180145263672,565400,0.0,0.0
2022-01-03 00:00:00-05:00,102.2210758534529,102.2210758534529,100.53090405103787,101.73451232910156,713600,0.0,0.0
2022-01-04 00:00:00-05:00,102.02474166572327,103.1429891944979,101.82841255473383,101.90523529052734,762000,0.0,0.0
2022-01-05 00:00:00-05:00,101.90523409055726,102.9722599369626,101.76865816877401,101.79426574707031,695000,0.0,0.0
2022-01-06 00:00:00-05:00,102.73323634594034,103.074685883272,101.61499546097218,102.06741333007812,874600,0.0,0.0
2022-01-07 00:00:00-05:00,101.35890972087986,102.90396745832493,100.49675759119548,102.16985321044922,1023100,0.0,0.0
2022-01-10 00:00:00-05:00,102.38327094840324,102.60520764589067,101.0174725902169,102.56253051757812,941600,0.0,0.0
2022-01-11 00:00:00-05:00,102.81859594877601,102.86127958269176,100.63332935453933,101.39305114746094,954800,0.0,0.0
2022-01-12 00:00:00-05:00,101.24795308231509,101.97352938435534,100.44554752970559,101.76012420654297,1246700,0.0,0.0
2022-01-13 00:00:00-05:00,102.050347315765,103.28809460474541,101.70035973691999,102.28936004638672,608000,0.0,0.0
2022-01-14 00:00:00-05:00,102.15278607132146,102.21253925891942,100.89796261915535,101.90523529052734,690300,0.0,0.0
2022-01-18 00:00:00-05:00,101.27355605235803,101.70036638855731,99.99312504376017,101.0516128540039,868200,0.0,0.0
2022-01-19 00:00:00-05:00,101.2052650232127,102.08449327539623,100.63334073467122,101.29916381835938,543600,0.0,0.0
2022-01-20 00:00:00-05:00,101.56378540408376,102.63081119138558,100.80405705192499,101.03453826904297,714300,0.0,0.0
2022-01-21 00:00:00-05:00,101.53816820735064,102.5112951745818,100.99185154197905,101.1198959350586,746500,0.0,0.0
2022-01-24 00:00:00-05:00,100.72724437399047,101.46135870992829,97.15910952464475,99.77118682861328,1227000,0.0,0.0
2022-01-25 00:00:00-05:00,98.55902952196546,101.11989121355073,98.55902952196546,100.41138458251953,1450100,0.0,0.0
2022-01-26 00:00:00-05:00,100.31750471752648,101.81987901677365,99.899232385886,100.88089752197266,1400700,0.0,0.0
2022-01-27 00:00:00-05:00,101.58939286589127,103.22834291030436,101.4015952855215,102.27228546142578,1373400,0.0,0.0
2022-01-28 00:00:00-05:00,101.93082793125433,102.65640406014074,101.24792892018027,102.63932800292969,879500,0.0,0.0
2022-01-31 00:00:00-05:00,101.90522469725846,102.89542771750116,101.76864878806435,102.80152893066406,1117400,0.0,0.0
2022-02-01 00:00:00-05:00,102.10156714578281,102.63934581431621,100.0358067220858,101.13697814941406,986400,0.0,0.0
2022-02-02 00:00:00-05:00,100.82113547638312,103.06615544098491,100.56504667638059,102.63081359863281,1004900,0.0,0.0
2022-02-03 00:00:00-05:00,102.7076304356147,103.6210042180363,102.0674149849657,102.48568725585938,871800,0.0,0.0
2022-02-04 00:00:00-05:00,101.93937721606731,102.86982711802509,101.51256688790163,102.43447875976562,949000,0.0,0.0
2022-02-07 00:00:00-05:00,102.42592907520543,102.42592907520543,101.11135263252025,102.093017578125,976700,0.0,0.0
2022-02-08 00:00:00-05:00,102.78448144131339,103.04056376823455,101.96499975985847,102.37474060058594,617300,0.0,0.0
2022-02-09 00:00:00-05:00,102.96372420790168,103.45028771345699,102.51129979693913,102.87835693359375,871400,0.0,0.0
2022-02-10 00:00:00-05:00,101.54671771166433,102.40033841184236,98.65294405906957,98.91756439208984,1847800,0.0,0.0
2022-02-11 00:00:00-05:00,99.40410702507052,100.72722143712672,99.01144236708278,99.15656280517578,821300,0.0,0.0
2022-02-14 00:00:00-05:00,99.68581488111043,100.4882203472974,98.6956183492662,99.06267547607422,1640100,0.0,0.0
2022-02-15 00:00:00-05:00,101.06866178783253,101.56376320796534,98.88338902444214,99.28459167480469,1597000,0.0,0.0
2022-02-16 00:00:00-05:00,99.23340343045722,99.96751773168263,98.23466880411874,99.43827056884766,1581400,0.0,0.0
2022-02-17 00:00:00-05:00,99.08829497144833,101.69183426594762,98.74684538013109,101.19673919677734,1821000,0.0,0.0
2022-02-18 00:00:00-05:00,100.7186988065035,102.55398450901315,100.7186988065035,101.87962341308594,1840300,0.0,0.0
2022-02-22 00:00:00-05:00,102.19548165260123,102.51985520709297,100.5906704051132,101.00894927978516,977100,0.0,0.0
2022-02-23 00:00:00-05:00,101.05160141389099,101.57231048611305,99.92482251439256,100.09555053710938,989000,0.0,0.0
2022-02-24 00:00:00-05:00,99.46389165207651,100.8979748407444,98.08956817085418,100.50531005859375,1850100,0.0,0.0
2022-02-25 00:00:00-05:00,101.84547167854258,104.13317514652078,101.62353501167162,104.09902954101562,1390300,0.0,0.0
2022-02-28 00:00:00-05:00,102.86982742607005,104.35512554900394,102.49423225212472,103.79173278808594,1642800,0.0,0.0
2022-03-01 00:00:00-05:00,103.61247292096377,104.56853040059407,101.73451008207824,102.43447875976562,1438800,0.0,0.0
2022-03-02 00:00:00-05:00,102.35765173324337,104.79900071634599,102.11010097177801,104.45755767822266,977000,0.0,0.0
2022-03-03 00:00:00-05:00,104.57706289250476,107.59888063740173,104.57706289250476,106.8818359375,1161900,0.0,0.0
2022-03-04 00:00:00-05:00,106.15627621898234,109.29759430403185,106.15627621898234,109.16101837158203,860600,0.0,0.0
2022-03-07 00:00:00-05:00,109.135392938681,109.51098157593545,107.65863294055372,108.50371551513672,1212300,0.0,0.0
2022-03-08 00:00:00-05:00,108.93052494831426,109.46831009271148,107.66716359869473,107.70130920410156,1039400,0.0,0.0
2022-03-09 00:00:00-05:00,108.36713762656112,108.71712521496032,106.19894693238477,106.72818756103516,1369000,0.0,0.0
2022-03-10 00:00:00-05:00,106.28431393623988,108.95614435142097,105.99407951508098,108.6659164428711,1283700,0.0,0.0
2022-03-11 00:00:00-05:00,108.15373508319168,109.35734334058101,107.90619082273581,108.38421630859375,1302700,0.0,0.0
2022-03-14 00:00:00-04:00,109.0841781115131,109.83536190086875,107.45375962666695,108.00007629394531,916200,0.0,0.0
2022-03-15 00:00:00-04:00,109.29757707778177,109.70732434837977,107.85496267671628,109.0585708618164,1200200,0.0,0.0
2022-03-16 00:00:00-04:00,108.82810916430785,109.39149548088031,106.9501460922535,109.08419799804688,1403700,0.0,0.0
2022-03-17 00:00:00-04:00,109.38296470309052,109.7841675061142,108.40983754846738,109.0756607055664,1227100,0.0,0.0
2022-03-18 00:00:00-04:00,109.34641475257662,109.68164810939342,108.04845609324285,108.36650085449219,2349100,0.885,0.0
2022-03-21 00:00:00-04:00,108.22036776745671,110.11143449975532,108.22036776745671,109.2518539428711,1409000,0.0,0.0
2022-03-22 00:00:00-04:00,109.4151734545891,109.45814821906761,107.86793765672333,108.05704498291016,1603800,0.0,0.0
2022-03-23 00:00:00-04:00,108.05705554490213,109.60429149400183,107.55850101041113,109.13152313232422,1052600,0.0,0.0
2022-03-24 00:00:00-04:00,109.32062240514159,110.24895734802669,109.11432647983703,109.84496307373047,736200,0.0,0.0
2022-03-25 00:00:00-04:00,110.10283346383707,111.61569213867188,109.79339284892828,111.61569213867188,515700,0.0,0.0
2022-03-28 00:00:00-04:00,111.52971380122798,111.69303494120157,110.39506995471051,111.48673248291016,823000,0.0,0.0
2022-03-29 00:00:00-04:00,111.74461689209575,112.51822822415629,111.17729492002042,112.25176239013672,899800,0.0,0.0
2022-03-30 00:00:00-04:00,112.43229137715264,114.09126304241585,111.94232785980995,113.94513702392578,1096400,0.0,0.0
2022-03-31 00:00:00-04:00,113.66148440733213,115.45800432098798,113.42940883401934,113.64430236816406,1149100,0.0,0.0
2022-04-01 00:00:00-04:00,113.54971899995819,116.01669192978926,113.09414587596967,115.99090576171875,901200,0.0,0.0
2022-04-04 00:00:00-04:00,115.31182950385538,115.31182950385538,113.3777882948496,114.86486053466797,713600,0.0,0.0
2022-04-05 00:00:00-04:00,115.06258701166536,117.01382384810603,115.03680083851916,115.43219757080078,877100,0.0,0.0
2022-04-06 00:00:00-04:00,115.82759055671572,118.61261489559303,115.63848323713442,118.28597259521484,1543300,0.0,0.0
2022-04-07 00:00:00-04:00,118.10547506852969,118.43211742083389,116.36914484516254,117.18573760986328,1319400,0.0,0.0
2022-04-08 00:00:00-04:00,117.69286113030593,118.42350421852404,116.45507257034255,118.06248474121094,1007300,0.0,0.0
2022-04-11 00:00:00-04:00,118.35473669419954,119.05958049748558,116.9794131577555,117.64128875732422,912200,0.0,0.0
2022-04-12 00:00:00-04:00,117.43498604653517,118.92205838807294,116.5410349309555,118.49227142333984,924400,0.0,0.0
2022-04-13 00:00:00-04:00,118.62120802967641,118.77592504878993,116.4292917798295,117.44359588623047,1073900,0.0,0.0
2022-04-14 00:00:00-04:00,117.32325661261038,118.63840374555865,117.32325661261038,117.90776062011719,817200,0.0,0.0
2022-04-18 00:00:00-04:00,118.07967279196872,118.64699476353094,117.15993545873114,117.90776062011719,648600,0.0,0.0
2022-04-19 00:00:00-04:00,118.2172356834493,118.6212365965049,117.3232843091512,118.42353820800781,548000,0.0,0.0
2022-04-20 00:00:00-04:00,119.22289624957739,120.15123762727212,118.99080762613953,119.58391571044922,785200,0.0,0.0
2022-04-21 00:00:00-04:00,119.50655019345497,120.53803618055296,118.68136665019894,118.86186981201172,1017400,0.0,0.0
2022-04-22 00:00:00-04:00,118.65560008127788,118.87049360100467,117.52096911747141,117.59832763671875,664200,0.0,0.0
2022-04-25 00:00:00-04:00,117.89916401338807,118.05388102590302,115.38060556475,116.64418029785156,889500,0.0,0.0
2022-04-26 00:00:00-04:00,116.07684413075495,117.89914956768128,115.55250357027067,115.62987518310547,699100,0.0,0.0
2022-04-27 00:00:00-04:00,116.14564184345669,116.90207120723065,114.82190357291144,115.50096130371094,764400,0.0,0.0
2022-04-28 00:00:00-04:00,115.18292283491448,117.2630904644239,114.75313580941106,116.4894790649414,989100,0.0,0.0
2022-04-29 00:00:00-04:00,115.87056367368308,116.1886018177072,112.4924314458532,112.63855743408203,1343000,0.0,0.0
2022-05-02 00:00:00-04:00,113.61848356307658,114.44368036352962,109.38079009328438,110.66156005859375,1238200,0.0,0.0
2022-05-03 00:00:00-04:00,111.16871362547428,113.1887047763378,110.83348027011894,111.40939331054688,1378000,0.0,0.0
2022-05-04 00:00:00-04:00,112.16582026768259,112.65577064605344,111.31483725338518,112.39789581298828,1404600,0.0,0.0
2022-05-05 00:00:00-04:00,112.17440915276235,112.956624655628,109.83636677860783,110.73892211914062,1516000,0.0,0.0
2022-05-06 00:00:00-04:00,110.21458792296015,111.74462871297614,110.00829198312296,111.46955871582031,1204300,0.0,0.0
2022-05-09 00:00:00-04:00,111.0397661136642,112.47526627573433,109.87075147452646,111.33203125,849300,0.0,0.0
2022-05-10 00:00:00-04:00,111.62428654737333,113.1457362868669,109.59569126673493,110.3779067993164,917200,0.0,0.0
2022-05-11 00:00:00-04:00,110.57559000550299,113.266060607798,110.52401766819055,111.83916473388672,925700,0.0,0.0
2022-05-12 00:00:00-04:00,111.74462507375398,112.28616091548103,109.70743224036492,110.63578033447266,873700,0.0,0.0
2022-05-13 00:00:00-04:00,111.28905442542559,111.95093012309889,109.94812099246823,111.58130645751953,764100,0.0,0.0
2022-05-16 00:00:00-04:00,111.9251459630247,112.50105901876205,111.08275392681831,112.06266784667969,871900,0.0,0.0
2022-05-17 00:00:00-04:00,112.69016336872966,112.69016336872966,110.56701441279279,111.40939331054688,1895100,0.0,0.0
2022-05-18 00:00:00-04:00,112.3291249819679,112.3291249819679,110.02547293803583,110.29193878173828,2063900,0.0,0.0
2022-05-19 00:00:00-04:00,109.9309207628952,111.20308663849133,108.99398823005949,110.73033142089844,1566300,0.0,0.0
2022-05-20 00:00:00-04:00,111.18589920613819,111.22027639416342,109.23466260524185,110.64436340332031,1698000,0.0,0.0
2022-05-23 00:00:00-04:00,112.83628049277401,112.83628049277401,110.85925770740317,112.42367553710938,1438500,0.0,0.0
2022-05-24 00:00:00-04:00,112.65575628679751,115.69865532020857,112.40648562011084,115.3032455444336,1075100,0.0,0.0
2022-05-25 00:00:00-04:00,115.4579791526835,115.78460833446158,113.73883125427709,114.34053039550781,1282100,0.0,0.0
2022-05-26 00:00:00-04:00,115.03679065688743,115.87916950924576,114.34912882971275,114.48666381835938,701400,0.0,0.0
2022-05-27 00:00:00-04:00,114.117067160974,115.47519598388267,113.95375907890464,115.4408187866211,932200,0.0,0.0
2022-05-31 00:00:00-04:00,114.37491682841045,114.97661601828219,113.29185828664133,114.0740737915039,1166600,0.0,0.0
2022-06-01 00:00:00-04:00,114.33194273358295,114.59842171371604,112.94802795134238,113.94513702392578,904200,0.0,0.0
2022-06-02 00:00:00-04:00,114.16863681386288,114.3319448733073,112.24318613243175,114.14283752441406,553300,0.0,0.0
2022-06-03 00:00:00-04:00,113.92793575481309,114.32334557825487,113.30905452221616,113.54113006591797,421100,0.0,0.0
2022-06-06 00:00:00-04:00,113.73882661423933,114.60699154573659,113.24886318747419,113.95372009277344,604400,0.0,0.0
2022-06-07 00:00:00-04:00,113.64429323571794,115.42360473509952,113.24029237470648,115.22590637207031,891300,0.0,0.0
2022-06-08 00:00:00-04:00,114.61560437377683,114.72735320101798,112.862079026318,112.94802856445312,653300,0.0,0.0
2022-06-09 00:00:00-04:00,112.94801041011124,113.4035835487868,110.34350242256708,110.40367889404297,744600,0.0,0.0
2022-06-10 00:00:00-04:00,109.24325176427944,110.61857535092926,108.76189244376934,109.5956802368164,725700,0.0,0.0
2022-06-13 00:00:00-04:00,108.29774164826689,108.70174253434607,104.42965810449104,104.87664031982422,916400,0.0,0.0
2022-06-14 00:00:00-04:00,105.01415201870371,105.33219675357529,100.89679184966033,102.38385772705078,1342700,0.0,0.0
2022-06-15 00:00:00-04:00,103.13169378298868,103.87951898308934,101.36096684270895,102.46981811523438,1258700,0.0,0.0
2022-06-16 00:00:00-04:00,101.2097894365937,101.22710659229341,99.5470583849963,100.98462677001953,1534200,0.885,0.0
2022-06-17 00:00:00-04:00,101.73804204725326,101.74669732072671,98.94084926592461,100.21387481689453,2224700,0.0,0.0
2022-06-21 00:00:00-04:00,100.49098630299173,101.98916775411838,100.24850652642176,101.44358825683594,1129500,0.0,0.0
2022-06-22 00:00:00-04:00,100.63822111627344,102.5867281233772,100.63822111627344,102.10176849365234,1077600,0.0,0.0
2022-06-23 00:00:00-04:00,102.56941264800172,104.2754398681829,102.37022902134298,104.24079895019531,1135400,0.0,0.0
2022-06-24 00:00:00-04:00,104.4659523143576,106.92540457145853,104.4659523143576,106.44044494628906,1057900,0.0,0.0
2022-06-27 00:00:00-04:00,106.13733839104657,107.93862643440757,105.91218234093596,107.68748474121094,712600,0.0,0.0
2022-06-28 00:00:00-04:00,108.34564695295866,109.27226999355999,107.90398352775115,108.44956970214844,852600,0.0,0.0
2022-06-29 00:00:00-04:00,108.74400647149453,109.4627906134625,108.40626579892243,109.1596908569336,799100,0.0,0.0
2022-06-30 00:00:00-04:00,108.62275311054388,110.2248572883356,108.30232963215421,109.76587677001953,1222100,0.0,0.0
2022-07-01 00:00:00-04:00,110.25951712986162,112.03481956412162,109.52341579823775,111.85296630859375,1005700,0.0,0.0
2022-07-05 00:00:00-04:00,111.45460444489328,111.45460444489328,106.08538747666151,107.54893493652344,827800,0.0,0.0
2022-07-06 00:00:00-04:00,108.05120112028133,109.70527017043484,107.37571977666566,109.25495147705078,915800,0.0,0.0
2022-07-07 00:00:00-04:00,109.51474851938498,110.04301092586103,108.14646206959195,108.5448226928711,907000,0.0,0.0
2022-07-08 00:00:00-04:00,108.61410489058458,108.70936575811113,107.60954475177613,108.1204833984375,582100,0.0,0.0
2022-07-11 00:00:00-04:00,107.21983758307299,109.11638641357422,107.14190047846124,109.11638641357422,632000,0.0,0.0
2022-07-12 00:00:00-04:00,108.54482136745507,110.21620755291254,108.1378054754575,108.43224334716797,798900,0.0,0.0
2022-07-13 00:00:00-04:00,107.71347279252436,108.92587856191832,107.21119597117135,107.82605743408203,663900,0.0,0.0
2022-07-14 00:00:00-04:00,106.05074827813944,107.99925542667549,106.0420863963858,107.82605743408203,791900,0.0,0.0
2022-07-15 00:00:00-04:00,108.76131542969138,108.77863918994703,106.83013240714227,108.40625762939453,869500,0.0,0.0
2022-07-18 00:00:00-04:00,108.12048622201036,108.2677051640036,106.92540431693915,107.09860229492188,611400,0.0,0.0
2022-07-19 00:00:00-04:00,107.65284015406952,108.18976443919324,107.10726059529155,107.46231842041016,548200,0.0,0.0
2022-07-20 00:00:00-04:00,107.44501462421715,107.44501462421715,104.93360407271612,105.18474578857422,1226600,0.0,0.0
2022-07-21 00:00:00-04:00,104.8296708269433,105.27998950145387,104.06758392181622,105.23668670654297,1048600,0.0,0.0
2022-07-22 00:00:00-04:00,105.96413348903033,107.20251811203744,105.65237186316287,107.16787719726562,657800,0.0,0.0
2022-07-25 00:00:00-04:00,107.17655746582986,108.30235765721048,106.78685206309498,108.1724624633789,597900,0.0,0.0
2022-07-26 00:00:00-04:00,108.00791719845395,109.80920539074347,107.99925531670912,109.33290100097656,551000,0.0,0.0
2022-07-27 00:00:00-04:00,108.87391772105829,109.92178074592547,108.33699338632414,109.67063903808594,706700,0.0,0.0
2022-07-28 00:00:00-04:00,109.97373613037107,112.30328006788336,108.5361743636949,111.89627075195312,1275600,0.0,0.0
2022-07-29 00:00:00-04:00,112.01748691275765,113.44638649516398,112.01748691275765,112.8401870727539,754700,0.0,0.0
2022-08-01 00:00:00-04:00,112.51111316584851,113.04803082113855,111.35067226576334,112.9441146850586,1170900,0.0,0.0
2022-08-02 00:00:00-04:00,113.51569552938093,113.88807054450153,112.38988878121803,112.49380493164062,785500,0.0,0.0
2022-08-03 00:00:00-04:00,112.16471723614352,113.29052382892127,110.00836491338055,112.9441146850586,997500,0.0,0.0
2022-08-04 00:00:00-04:00,113.03936950717295,113.74949830352482,111.61046985580131,111.71438598632812,788100,0.0,0.0
2022-08-05 00:00:00-04:00,111.87028638837026,111.89627864124778,110.25952652416852,111.80101776123047,731700,0.0,0.0
2022-08-08 00:00:00-04:00,112.67564556609052,113.22123165899413,111.82696636591774,112.36388397216797,543100,0.0,0.0
2022-08-09 00:00:00-04:00,112.8488673810157,115.04852276281899,112.50247140969135,114.7887191772461,997300,0.0,0.0
2022-08-10 00:00:00-04:00,115.0918162695628,115.48152826827848,113.7408534355503,114.5375747680664,928800,0.0,0.0
2022-08-11 00:00:00-04:00,114.74541867253228,116.06174717538185,114.41633324328001,115.46420288085938,1765800,0.0,0.0
2022-08-12 00:00:00-04:00,116.01842877983277,116.9277346182218,115.93182318983087,116.83247375488281,1080300,0.0,0.0
2022-08-15 00:00:00-04:00,116.72854916014015,118.00157474292251,116.20895524143117,117.82837677001953,709100,0.0,0.0
2022-08-16 00:00:00-04:00,117.72445206231869,118.4432361510107,117.49062754812796,117.8543472290039,649700,0.0,0.0
2022-08-17 00:00:00-04:00,117.88032812975685,118.13147640820331,116.65060541374574,116.88442993164062,1169100,0.0,0.0
2022-08-18 00:00:00-04:00,117.1095992881849,117.69848828653082,116.95372506795627,117.29146575927734,751200,0.0,0.0
2022-08-19 00:00:00-04:00,117.57725760659704,118.24407055324075,117.16156655837229,117.89767456054688,1010100,0.0,0.0
2022-08-22 00:00:00-04:00,117.44733503031416,117.81972323098866,116.3561758922177,116.5986557006836,827300,0.0,0.0
2022-08-23 00:00:00-04:00,116.5640139658941,116.5640139658941,115.3949045812837,115.94049072265625,693400,0.0,0.0
2022-08-24 00:00:00-04:00,116.28690078916263,116.50340157454819,115.55946132166535,116.26957702636719,662100,0.0,0.0
2022-08-25 00:00:00-04:00,116.40814445718686,116.76320892807622,115.59409936360044,116.72856140136719,581800,0.0,0.0
2022-08-26 00:00:00-04:00,116.91906664216917,117.07495406202297,115.32562420676274,115.36892700195312,750800,0.0,0.0
2022-08-29 00:00:00-04:00,115.0831572315394,116.50340185856467,113.97467426479574,115.61141967773438,814000,0.0,0.0
2022-08-30 00:00:00-04:00,115.0225385844615,115.60275907828297,113.35114572283837,113.83610534667969,581300,0.0,0.0
2022-08-31 00:00:00-04:00,113.68022184539723,114.11322336191064,112.66699988245475,112.87483215332031,1007600,0.0,0.0
2022-09-01 00:00:00-04:00,112.77957849098108,115.23036881660465,112.31194263752201,114.95325469970703,1147100,0.0,0.0
2022-09-02 00:00:00-04:00,115.0225419698117,115.97513748349151,113.21258538691782,113.5676498413086,765700,0.0,0.0
2022-09-06 00:00:00-04:00,113.93137531828728,115.03120304789127,113.44641565570402,113.61961364746094,796900,0.0,0.0
2022-09-07 00:00:00-04:00,114.29506942526837,117.2308189944028,114.29506942526837,117.16153717041016,947100,0.0,0.0
2022-09-08 00:00:00-04:00,116.77184918315527,117.55125986394239,116.12234688957832,116.63328552246094,922200,0.0,0.0
2022-09-09 00:00:00-04:00,116.55534077465802,117.59454173339631,116.04440217528396,117.3434066772461,781800,0.0,0.0
2022-09-12 00:00:00-04:00,117.55994361699621,118.32203072127702,117.09230766656285,117.7504653930664,824100,0.0,0.0
2022-09-13 00:00:00-04:00,117.02300160534536,117.3520737934258,114.37303426817097,115.16108703613281,1145000,0.0,0.0
2022-09-14 00:00:00-04:00,115.5421289817242,117.09228188994011,115.3083044509009,116.08771514892578,1042400,0.0,0.0
2022-09-15 00:00:00-04:00,115.50747799474718,115.50747799474718,112.99606150483463,113.09999084472656,1991900,0.0,0.0
2022-09-16 00:00:00-04:00,112.71200393229981,113.87164783001211,112.71200393229981,113.26129913330078,2116800,0.885,0.0
2022-09-19 00:00:00-04:00,112.71200254040765,114.33375845121617,112.45914075676387,114.13320922851562,1187300,0.0,0.0
2022-09-20 00:00:00-04:00,113.43569075823271,113.60134276656731,111.33438086341434,112.18885040283203,2130400,0.0,0.0
2022-09-21 00:00:00-04:00,112.89510618894296,113.57519614817701,110.35784698317308,110.37528228759766,1766100,0.0,0.0
2022-09-22 00:00:00-04:00,110.15728310526465,111.21230175337556,109.75620465944219,110.36654663085938,1288000,0.0,0.0
2022-09-23 00:00:00-04:00,109.28538926966215,109.92188762103899,108.18678551842224,109.56440734863281,938900,0.0,0.0
2022-09-26 00:00:00-04:00,109.10227798351411,109.28537859082907,106.20753221862519,107.25382995605469,1326800,0.0,0.0
2022-09-27 00:00:00-04:00,107.71594627209687,108.08214750137667,105.51872559210464,106.11162567138672,1333500,0.0,0.0
2022-09-28 00:00:00-04:00,107.3933502517457,108.02112766853672,105.68440431279103,107.38463592529297,986100,0.0,0.0
2022-09-29 00:00:00-04:00,106.90507613752263,107.07945578740983,102.95531786337797,103.07738494873047,1259700,0.0,0.0
2022-09-30 00:00:00-04:00,103.62669870817625,104.05393355587002,100.30471743638641,100.31343841552734,2392400,0.0,0.0
2022-10-03 00:00:00-04:00,102.27521583272218,102.88555118737794,100.37444860402165,101.95260620117188,2087600,0.0,0.0
2022-10-04 00:00:00-04:00,101.97004110252368,104.08007186066273,101.31610751703809,103.43485260009766,1209100,0.0,0.0
2022-10-05 00:00:00-04:00,102.33625839772553,102.33625839772553,100.07800408193148,101.2376480102539,1415400,0.0,0.0
2022-10-06 00:00:00-04:00,100.69706355840368,100.78425338341513,96.48573580615101,96.52932739257812,1981400,0.0,0.0
2022-10-07 00:00:00-04:00,96.52930393952516,96.66881294737375,93.01550229324528,93.72174835205078,2693700,0.0,0.0
2022-10-10 00:00:00-04:00,93.90485404123356,94.52391698202487,92.66674146396292,92.73649597167969,3428400,0.0,0.0
2022-10-11 00:00:00-04:00,92.55339317755849,93.74790749606726,91.95177220407807,92.6841812133789,2613800,0.0,0.0
2022-10-12 00:00:00-04:00,92.61443240338777,92.7190575167542,89.78072027900546,89.81559753417969,2153000,0.0,0.0
2022-10-13 00:00:00-04:00,88.82162554538608,93.12886376624083,87.74917148979033,92.86729431152344,3531000,0.0,0.0
2022-10-14 00:00:00-04:00,93.74790788345811,94.33209355891589,90.40849238102497,91.11473846435547,2768600,0.0,0.0
2022-10-17 00:00:00-04:00,92.34415996240487,93.99207234019457,92.31799702681536,93.29454040527344,1947400,0.0,0.0
2022-10-18 00:00:00-04:00,94.58496972183009,96.02361848575644,94.33211456912325,95.81436157226562,2536400,0.0,0.0
2022-10-19 00:00:00-04:00,94.58495499618769,95.44814545058749,93.96589202605526,94.71573638916016,1606500,0.0,0.0
2022-10-20 00:00:00-04:00,94.62854388423784,94.62854388423784,91.89074259996741,92.32669830322266,2015200,0.0,0.0
2022-10-21 00:00:00-04:00,92.6318775132924,94.04437656270888,91.61174263701452,93.6868896484375,2774800,0.0,0.0
2022-10-24 00:00:00-04:00,94.12284151354457,94.75061884287874,92.63187368245427,93.73048400878906,2037100,0.0,0.0
2022-10-25 00:00:00-04:00,93.76536674109661,95.36096643762727,93.47763433965855,95.15170288085938,2279900,0.0,0.0
2022-10-26 00:00:00-04:00,95.79692207729371,95.92770348490617,94.56752362848015,95.23889923095703,1845000,0.0,0.0
2022-10-27 00:00:00-04:00,95.71843403986243,97.75871020934842,94.98603164456132,95.28247833251953,2611000,0.0,0.0
2022-10-28 00:00:00-04:00,95.59639123683583,99.29329471079306,95.32610075837209,99.08403778076172,1584800,0.0,0.0
2022-10-31 00:00:00-04:00,98.79629115201203,98.83116841070002,97.07862441153081,97.75,2481300,0.0,0.0
2022-11-01 00:00:00-04:00,98.2382627511241,98.9881071400373,97.47098305993325,98.11619567871094,1221600,0.0,0.0
2022-11-02 00:00:00-04:00,97.85462503241578,99.12761495209323,96.66882492737116,96.79960632324219,1854400,0.0,0.0
2022-11-03 00:00:00-04:00,96.11951403028571,98.30801357876712,95.14297748759283,97.53201293945312,978300,0.0,0.0
2022-11-04 00:00:00-04:00,97.70641581794813,98.58704843306084,96.72115806387879,97.99414825439453,2148900,0.0,0.0
2022-11-07 00:00:00-05:00,98.06389694265211,98.29931014344481,95.28249686026918,96.49445343017578,939500,0.0,0.0
2022-11-08 00:00:00-05:00,97.1134986860259,97.78487425386446,96.43340879290082,97.00015258789062,1471800,0.0,0.0
2022-11-09 00:00:00-05:00,97.00015497100492,97.279166386633,96.35494231964441,96.58163452148438,1252900,0.0,0.0
2022-11-10 00:00:00-05:00,99.04915107976453,100.94119755305422,97.1135063679666,100.74066162109375,1872300,0.0,0.0
2022-11-11 00:00:00-05:00,101.22891713246943,101.69975010962541,98.68293731717242,99.62460327148438,1434000,0.0,0.0
2022-11-14 00:00:00-05:00,99.89489012573596,100.81911409301641,98.42135771196106,98.56958770751953,1886300,0.0,0.0
2022-11-15 00:00:00-05:00,99.57230355748649,100.4616571280776,98.56961052412419,99.81644439697266,1260100,0.0,0.0
2022-11-16 00:00:00-05:00,99.81643764425787,101.13301930144763,99.77283940568825,100.42677307128906,1618500,0.0,0.0
2022-11-17 00:00:00-05:00,99.41533457641076,99.7553861412839,98.35160825969545,98.73524475097656,1464000,0.0,0.0
2022-11-18 00:00:00-05:00,99.83388407887144,101.57770738155914,99.73797326505097,99.92107391357422,2300300,0.0,0.0
2022-11-21 00:00:00-05:00,100.17389769008408,100.17389769008408,97.65407433974005,98.52598571777344,2967300,0.0,0.0
2022-11-22 00:00:00-05:00,99.11890469387365,100.18263784303494,98.61319440129577,99.11018371582031,1425500,0.0,0.0
2022-11-23 00:00:00-05:00,98.3777948882349,99.86004205982685,98.22957150150732,99.82516479492188,966000,0.0,0.0
2022-11-25 00:00:00-05:00,100.19135568436037,100.6360257688007,99.9210585904271,100.0780029296875,387000,0.0,0.0
2022-11-28 00:00:00-05:00,99.31945362453645,100.89761149304572,99.29329068870419,100.53141021728516,1965700,0.0,0.0
2022-11-29 00:00:00-05:00,100.06056951016005,100.52268155886131,98.92708185503245,99.51126098632812,1209200,0.0,0.0
2022-11-30 00:00:00-05:00,99.13633163774703,101.57768641854025,98.88348316493774,101.15045166015625,3527500,0.0,0.0
2022-12-01 00:00:00-05:00,102.0833949792466,103.10352978739076,101.2027625450972,101.2463607788086,1971100,0.0,0.0
2022-12-02 00:00:00-05:00,100.26983098894885,100.53140712195689,99.55486376450524,100.3221435546875,1320400,0.0,0.0
2022-12-05 00:00:00-05:00,99.57228527193132,100.44419672493301,99.2235260124558,99.4502182006836,1798000,0.0,0.0
2022-12-06 00:00:00-05:00,99.3891910821915,101.12429977524603,99.19736948580099,101.02838897705078,1325300,0.0,0.0
2022-12-07 00:00:00-05:00,100.88886717994444,101.7694995555374,99.52868752619555,99.75538635253906,982100,0.0,0.0
2022-12-08 00:00:00-05:00,101.01095448561024,102.80709685095077,100.40934002320701,102.58911895751953,1692100,0.0,0.0
2022-12-09 00:00:00-05:00,102.27523973262365,103.07739685823718,101.90903178209747,102.17932891845703,1456400,0.0,0.0
2022-12-12 00:00:00-05:00,103.00763347482282,104.79505487374522,102.4321752914475,104.76017761230469,1056700,0.0,0.0
2022-12-13 00:00:00-05:00,106.13778014279987,106.7306801748171,103.82721354807876,105.03044891357422,1587400,0.0,0.0
2022-12-14 00:00:00-05:00,105.43153827279448,106.5301486388332,104.42012437954754,105.15252685546875,2148200,0.0,0.0
2022-12-15 00:00:00-05:00,104.79504430333726,105.22227907161428,103.19944467720316,103.85337829589844,1419600,0.0,0.0
2022-12-16 00:00:00-05:00,102.67822982026318,102.97707424402543,100.76213178116174,101.79928588867188,3118400,0.953,0.0
2022-12-19 00:00:00-05:00,101.66745131413474,102.3618178818612,100.77972269844557,101.23677062988281,885400,0.0,0.0
2022-12-20 00:00:00-05:00,101.16644178453362,102.00144251496485,100.41934080895498,101.49165344238281,1339000,0.0,0.0
2022-12-21 00:00:00-05:00,102.03660517523413,103.23196954506852,101.82566049403115,103.21439361572266,1013100,0.0,0.0
2022-12-22 00:00:00-05:00,103.12649595194519,103.12649595194519,100.85881893639902,102.61670684814453,1518600,0.0,0.0
2022-12-23 00:00:00-05:00,102.25633696699012,104.21638494603457,102.25633696699012,104.19001770019531,710800,0.0,0.0
2022-12-27 00:00:00-05:00,104.50643279963175,105.12169085760156,103.98785240293444,104.7964859008789,579500,0.0,0.0
2022-12-28 00:00:00-05:00,104.93712293465536,105.61391356546635,103.76812581293494,103.90876007080078,603400,0.0,0.0
2022-12-29 00:00:00-05:00,104.30427729471518,105.26232969052117,104.24275148623664,104.7525405883789,530500,0.0,0.0
2022-12-30 00:00:00-05:00,104.65586649539044,104.73497494595223,102.40577190055222,103.30229187011719,550500,0.0,0.0
2023-01-03 00:00:00-05:00,103.49566180951423,104.01423557983422,102.14208716883685,103.59234619140625,810900,0.0,0.0
2023-01-04 00:00:00-05:00,104.06696113586005,105.81605765343133,103.93511820712033,105.08653259277344,971100,0.0,0.0
2023-01-05 00:00:00-05:00,104.36581610300611,104.954713721294,102.31788153380958,102.46730041503906,838900,0.0,0.0
2023-01-06 00:00:00-05:00,103.50444531254072,105.33264370070889,102.9682889464623,104.98107147216797,817500,0.0,0.0
2023-01-09 00:00:00-05:00,104.74374032807543,106.54557796023408,104.74374032807543,105.87757873535156,899800,0.0,0.0
2023-01-10 00:00:00-05:00,105.56117711744965,105.64028556751269,104.61191595155796,105.49085998535156,661700,0.0,0.0
2023-01-11 00:00:00-05:00,105.33264226236216,106.63348228995562,105.33264226236216,106.10611724853516,669400,0.0,0.0
2023-01-12 00:00:00-05:00,106.30826895786346,106.57195482738935,104.68222397794781,104.93711853027344,947500,0.0,0.0
2023-01-13 00:00:00-05:00,104.35701985342087,104.54159728126471,102.95070414560257,103.65386199951172,870700,0.0,0.0
2023-01-17 00:00:00-05:00,103.89995279198591,104.50642620069674,102.81006428419774,103.10890197753906,1192400,0.0,0.0
2023-01-18 00:00:00-05:00,103.53080865240352,103.53080865240352,99.99745021892775,100.1117172241211,1313100,0.0,0.0
2023-01-19 00:00:00-05:00,100.09413519589606,100.14687639315468,98.67025028030707,98.93392944335938,823700,0.0,0.0
2023-01-20 00:00:00-05:00,98.84603345119686,100.25234239644274,97.07935427627015,100.1732406616211,1566900,0.0,0.0
2023-01-23 00:00:00-05:00,100.25233868751059,100.94670517043292,99.41734466817132,99.99744415283203,1032300,0.0,0.0
2023-01-24 00:00:00-05:00,100.48086794515955,100.48086794515955,98.70540419005589,99.6986083984375,743900,0.0,0.0
2023-01-25 00:00:00-05:00,99.18004099819589,99.70741278016276,98.71420173582783,99.68104553222656,884200,0.0,0.0
2023-01-26 00:00:00-05:00,99.29429200601157,100.0062344087565,98.88997862261263,99.62828826904297,723400,0.0,0.0
2023-01-27 00:00:00-05:00,99.44371132965873,100.20839492921537,98.85482053185575,99.8392333984375,891100,0.0,0.0
2023-01-30 00:00:00-05:00,99.63708547652203,101.30708030203576,99.45250805400143,100.48966217041016,888700,0.0,0.0
2023-01-31 00:00:00-05:00,101.16645221777631,102.29149945549338,100.19961516697636,102.28271484375,1168500,0.0,0.0
2023-02-01 00:00:00-05:00,101.65866484874653,102.72218626929782,101.10492584470833,102.12450408935547,1491200,0.0,0.0
2023-02-02 00:00:00-05:00,102.28270427063961,103.00343800191199,100.66544400424198,100.82365417480469,1707800,0.0,0.0
2023-02-03 00:00:00-05:00,99.95351137582597,100.26993174793135,97.3254707296606,99.10972595214844,1423700,0.0,0.0
2023-02-06 00:00:00-05:00,98.89875976970977,100.09412395085602,98.55597220218498,100.04138946533203,850500,0.0,0.0
2023-02-07 00:00:00-05:00,99.443727206801,100.13809379651845,98.4065729811967,99.9447250366211,1030800,0.0,0.0
2023-02-08 00:00:00-05:00,98.85482192213256,99.47887128906278,97.9407194575868,98.68782043457031,1045200,0.0,0.0
2023-02-09 00:00:00-05:00,98.907558259918,99.4876644659962,98.17803319681116,98.44171905517578,1636000,0.0,0.0
2023-02-10 00:00:00-05:00,98.7141945734608,99.93592614847185,98.4593000188873,99.91835021972656,888900,0.0,0.0
2023-02-13 00:00:00-05:00,99.91833615038378,100.38417531335806,99.63707438939124,100.23475646972656,592400,0.0,0.0
2023-02-14 00:00:00-05:00,100.18205358960776,100.56878444184392,99.62831450316477,99.93594360351562,1231900,0.0,0.0
2023-02-15 00:00:00-05:00,99.40855748884518,100.56876321226272,99.24156270151306,100.38418579101562,996700,0.0,0.0
2023-02-16 00:00:00-05:00,99.46131177565296,100.14688706075037,98.37141632701565,99.67225646972656,1167600,0.0,0.0
2023-02-17 00:00:00-05:00,99.90957150316397,101.76414403987079,99.48768210196508,101.34225463867188,1025800,0.0,0.0
2023-02-21 00:00:00-05:00,100.87638398668585,100.91154254582656,99.25033918483217,99.53160095214844,1283700,0.0,0.0
2023-02-22 00:00:00-05:00,99.83045422369128,100.09413338196512,98.66145717516132,99.1536636352539,1389300,0.0,0.0
2023-02-23 00:00:00-05:00,100.99945263421165,100.99945263421165,97.98467461386977,98.72298431396484,1248900,0.0,0.0
2023-02-24 00:00:00-05:00,97.91434699297415,99.40854886727587,97.24634778415022,99.3206558227539,1745000,0.0,0.0
2023-02-27 00:00:00-05:00,99.80409386815742,100.27871772697678,97.7649440566793,98.03741455078125,1374300,0.0,0.0
2023-02-28 00:00:00-05:00,97.56277831799909,97.89677460445554,96.1652606581788,96.42893981933594,2037900,0.0,0.0
2023-03-01 00:00:00-05:00,95.47967802237312,95.72578795905744,93.26474223869509,93.9239501953125,1910000,0.0,0.0
2023-03-02 00:00:00-05:00,93.76572942247499,95.24235534667969,93.58115202017557,95.24235534667969,1891500,0.0,0.0
2023-03-03 00:00:00-05:00,95.19842336686418,96.29710337693624,94.48648086619689,96.1125259399414,1399900,0.0,0.0
2023-03-06 00:00:00-05:00,95.98947556400225,96.92994539662604,95.50606037676818,95.73458099365234,1384300,0.0,0.0
2023-03-07 00:00:00-05:00,95.73456072964744,95.9103535198224,92.78130891280095,93.43173217773438,2667900,0.0,0.0
2023-03-08 00:00:00-05:00,93.42294892126108,94.4688943191544,93.15047845524579,94.33705139160156,1253500,0.0,0.0
2023-03-09 00:00:00-05:00,94.7677303790509,95.61151571255994,93.41415597764797,93.80968475341797,1271800,0.0,0.0
2023-03-10 00:00:00-05:00,94.09096296003781,94.21401459021358,91.24317941817071,91.83207702636719,1153500,0.0,0.0
2023-03-13 00:00:00-04:00,91.92874148491453,95.89278044652355,91.62990377054277,93.9327392578125,1337200,0.0,0.0
2023-03-14 00:00:00-04:00,94.68863093730131,95.24236318979891,93.36142374769102,94.4688949584961,1349200,0.0,0.0
2023-03-15 00:00:00-04:00,94.32827491591064,96.6047434861128,93.67785819834326,95.77853393554688,1701800,0.0,0.0
2023-03-16 00:00:00-04:00,95.46210414534582,96.74536152377138,94.96989767302102,95.99826049804688,1380900,0.0,0.0
2023-03-17 00:00:00-04:00,95.8235812304628,96.16938615596793,94.37829415116795,94.9103012084961,2379600,0.953,0.0
2023-03-20 00:00:00-04:00,95.16743998259352,96.50632295242289,95.16743998259352,96.1161880493164,1742100,0.0,0.0
2023-03-21 00:00:00-04:00,96.16052724735194,96.16052724735194,92.88867979093952,94.24530029296875,1285600,0.0,0.0
2023-03-22 00:00:00-04:00,93.83740976321015,94.42261544300237,92.18818330177618,92.19705200195312,1055100,0.0,0.0
2023-03-23 00:00:00-04:00,92.04631921571927,92.87093251862017,90.68083015689216,91.02664184570312,912800,0.0,0.0
2023-03-24 00:00:00-04:00,91.28377825189688,94.68863576551381,91.20398023348973,94.65316772460938,1022900,0.0,0.0
2023-03-27 00:00:00-04:00,95.26497861172685,95.64625159148079,93.29654633322211,93.71328735351562,1495900,0.0,0.0
2023-03-28 00:00:00-04:00,93.66895543020547,95.24724610880347,93.36748721736647,94.20983123779297,919600,0.0,0.0
2023-03-29 00:00:00-04:00,94.67976017144225,96.25805067018652,94.67976017144225,95.70831298828125,935300,0.0,0.0
2023-03-30 00:00:00-04:00,96.05412356373081,96.65706672105296,95.9211201033968,96.37332916259766,840100,0.0,0.0
2023-03-31 00:00:00-04:00,96.50633355073462,97.18908154461467,95.98319513384767,97.12701416015625,1693500,0.0,0.0
2023-04-03 00:00:00-04:00,96.75460846240227,97.36641359617161,95.73492421967012,96.63933563232422,1603400,0.0,0.0
2023-04-04 00:00:00-04:00,96.68366613548369,96.94080435503994,96.02752429945151,96.39105987548828,1462400,0.0,0.0
2023-04-05 00:00:00-04:00,96.76346550388449,99.87571675629675,96.76346550388449,99.42350769042969,1212200,0.0,0.0
2023-04-06 00:00:00-04:00,99.99097639046599,101.09046529426953,99.70723884606043,100.94859313964844,1754000,0.0,0.0
2023-04-10 00:00:00-04:00,100.31905972209867,100.94860224412528,99.50331505396595,100.71806335449219,1179000,0.0,0.0
2023-04-11 00:00:00-04:00,100.7624005740669,101.37421246047558,100.3013295574597,101.0018081665039,997400,0.0,0.0
2023-04-12 00:00:00-04:00,101.10819709376342,101.64020415003648,100.39885660701161,100.83332824707031,1499400,0.0,0.0
2023-04-13 00:00:00-04:00,100.31018596378618,100.95746585652908,98.66095930731258,100.35452270507812,1504000,0.0,0.0
2023-04-14 00:00:00-04:00,99.69837668508282,100.5052525769507,99.33483436331397,100.17718505859375,1418100,0.0,0.0
2023-04-17 00:00:00-04:00,100.45205441738362,100.94859343031385,99.10429600394914,99.92890930175781,1022200,0.0,0.0
2023-04-18 00:00:00-04:00,99.69837019205544,99.99983835305646,98.9535549601558,99.34369659423828,1121100,0.0,0.0
2023-04-19 00:00:00-04:00,99.86684830864804,100.64713168151334,99.4501140474934,100.02645111083984,826300,0.0,0.0
2023-04-20 00:00:00-04:00,100.1949206955515,100.68259779425226,99.521041458666,100.52299499511719,1079200,0.0,0.0
2023-04-21 00:00:00-04:00,101.3564775599469,101.3742149638144,100.13286052175083,100.8067398071289,534600,0.0,0.0
2023-04-24 00:00:00-04:00,100.8333341737161,101.48947602285745,100.15945492158228,101.38307189941406,589500,0.0,0.0
2023-04-25 00:00:00-04:00,101.39194759222099,102.52689792786045,101.03727392112425,101.79981994628906,791800,0.0,0.0
2023-04-26 00:00:00-04:00,101.15252041103729,102.056931610204,100.12396770920472,100.16830444335938,1027700,0.0,0.0
2023-04-27 00:00:00-04:00,99.7072296273934,102.87267906271352,99.7072296273934,100.59391021728516,1126500,0.0,0.0
2023-04-28 00:00:00-04:00,100.54958777341922,101.22346696633485,98.66095364607936,99.6717758178711,1088400,0.0,0.0
2023-05-01 00:00:00-04:00,99.30824922211717,101.01067472807814,99.08657902296066,100.15946197509766,1092000,0.0,0.0
2023-05-02 00:00:00-04:00,100.33677856315836,100.33677856315836,98.42154524637783,98.95355224609375,936700,0.0,0.0
2023-05-03 00:00:00-04:00,99.6717878816727,100.30133041203732,98.66096558753583,98.98017120361328,856900,0.0,0.0
2023-05-04 00:00:00-04:00,99.21070004482341,100.13284875730496,98.38608674764143,99.91117858886719,751400,0.0,0.0
2023-05-05 00:00:00-04:00,99.50331413212479,100.51412963867188,99.50331413212479,100.51412963867188,823200,0.0,0.0
2023-05-08 00:00:00-04:00,99.95550735580036,100.86878729454475,99.46783031820087,100.19490814208984,791800,0.0,0.0
2023-05-09 00:00:00-04:00,100.04418891765664,100.81559682733362,99.49444442681283,100.4786605834961,859900,0.0,0.0
2023-05-10 00:00:00-04:00,101.08159964376077,101.81754624718408,99.93778073074832,101.05500030517578,1067400,0.0,0.0
2023-05-11 00:00:00-04:00,100.8421890619588,101.13478852288316,99.66290222347133,100.24810791015625,872300,0.0,0.0
2023-05-12 00:00:00-04:00,100.79784972948812,101.36532476583196,99.92889977486634,100.59391021728516,733600,0.0,0.0
2023-05-15 00:00:00-04:00,100.84219373060863,100.98405911749799,98.94469090787582,99.9732437133789,671500,0.0,0.0
2023-05-16 00:00:00-04:00,100.03532731280862,100.03532731280862,97.55261837363898,97.76542663574219,759700,0.0,0.0
2023-05-17 00:00:00-04:00,98.06688322114493,98.06688322114493,96.29352183644127,96.73686218261719,858700,0.0,0.0
2023-05-18 00:00:00-04:00,96.1073155086139,96.84326207470936,95.61077650731409,96.55952453613281,1257200,0.0,0.0
2023-05-19 00:00:00-04:00,97.02060259976167,97.23341084289541,96.22258860010271,96.258056640625,1202400,0.0,0.0
2023-05-22 00:00:00-04:00,96.50633100370952,97.23341572365793,96.24033083369564,96.56840515136719,784200,0.0,0.0
2023-05-23 00:00:00-04:00,96.38218290305407,97.9516114248299,96.37332096733253,96.7900619506836,1917300,0.0,0.0
2023-05-24 00:00:00-04:00,96.68366519129329,96.92306600587351,95.97431791911116,96.18712615966797,1265900,0.0,0.0
2023-05-25 00:00:00-04:00,95.76153160650921,96.34674421344901,94.53791447132328,94.86598205566406,1105900,0.0,0.0
2023-05-26 00:00:00-04:00,94.69749158149526,94.91916173335753,93.68667623019022,94.44035339355469,785800,0.0,0.0
2023-05-30 00:00:00-04:00,94.52016129276095,95.13197314067527,94.05909030516366,94.3782958984375,993900,0.0,0.0
2023-05-31 00:00:00-04:00,94.5556248433406,95.95658190676964,94.2984866406983,95.4068374633789,1546400,0.0,0.0
2023-06-01 00:00:00-04:00,95.64625298490884,95.85905446640936,93.78421803605859,95.10537719726562,1515600,0.0,0.0
2023-06-02 00:00:00-04:00,94.35169813944239,96.93193550262795,94.1920953401334,96.54179382324219,1596800,0.0,0.0
2023-06-05 00:00:00-04:00,96.71914197211908,98.22649660568302,96.49747177513393,96.97628021240234,1259400,0.0,0.0
2023-06-06 00:00:00-04:00,97.93387924555851,98.02255272619344,96.85213448908233,97.17133331298828,1378000,0.0,0.0
2023-06-07 00:00:00-04:00,97.30433688936702,98.8826274329697,96.46199294098841,98.64322662353516,1525900,0.0,0.0
2023-06-08 00:00:00-04:00,98.4836251158503,99.65404336970182,97.84521392923368,99.2816390991211,1651900,0.0,0.0
2023-06-09 00:00:00-04:00,99.33483296922353,100.04418020110012,98.59888639999797,98.80282592773438,1605600,0.0,0.0
2023-06-12 00:00:00-04:00,99.13090589828309,99.3082393340162,97.97821827150706,98.56343078613281,1429400,0.0,0.0
2023-06-13 00:00:00-04:00,97.72995606453166,99.81365453199668,97.5260165098332,99.61858367919922,1897100,0.0,0.0
2023-06-14 00:00:00-04:00,99.90231184871416,101.64020519159479,99.81364513256617,100.15058135986328,2699300,0.0,0.0
2023-06-15 00:00:00-04:00,100.80605014107742,102.08479296173431,100.25162783913122,101.86123657226562,1854900,0.953,0.0
2023-06-16 00:00:00-04:00,102.44248110847849,102.9879592625797,101.8433516023017,102.04902648925781,4874900,0.0,0.0
2023-06-20 00:00:00-04:00,102.19209454040413,102.26363422162459,101.08325677108493,101.21739196777344,1789200,0.0,0.0
2023-06-21 00:00:00-04:00,100.80604565743553,101.8880577156504,99.71508943376784,101.6019058227539,1591600,0.0,0.0
2023-06-22 00:00:00-04:00,101.94172774775738,102.40672210054004,100.40365848313697,100.99385070800781,1180100,0.0,0.0
2023-06-23 00:00:00-04:00,101.28893728772792,101.28893728772792,97.95347940367117,98.36482238769531,2196200,0.0,0.0
2023-06-26 00:00:00-04:00,98.67780021133167,99.22327840969503,97.7030975167351,98.81193542480469,1240200,0.0,0.0
2023-06-27 00:00:00-04:00,98.83876006555253,99.5899131596767,98.73145735382072,98.96395111083984,931400,0.0,0.0
2023-06-28 00:00:00-04:00,98.91029315620851,98.91029315620851,96.90722974284488,97.44376373291016,1976700,0.0,0.0
2023-06-29 00:00:00-04:00,96.72837993305164,98.42740990975136,96.45117218475214,97.69414520263672,1641800,0.0,0.0
2023-06-30 00:00:00-04:00,98.01606910868433,98.56154727351989,97.08607366080733,98.38269805908203,1578700,0.0,0.0
2023-07-03 00:00:00-04:00,98.38269686839291,99.50047886110161,97.89982105125463,99.48259735107422,676500,0.0,0.0
2023-07-05 00:00:00-04:00,99.1964460255273,101.11903242893415,99.15173201659229,100.60037994384766,1325600,0.0,0.0
2023-07-06 00:00:00-04:00,100.06385955560333,100.07280372308657,99.19645951455192,99.41107177734375,1233300,0.0,0.0
2023-07-07 00:00:00-04:00,98.49000831412783,99.23221720911899,98.1680865481654,98.35587310791016,1172000,0.0,0.0
2023-07-10 00:00:00-04:00,98.06077344923973,98.40952085500761,96.7999121957718,97.91769409179688,986700,0.0,0.0
2023-07-11 00:00:00-04:00,98.06972949270825,99.24116978235014,97.71203785329394,99.12491607666016,766300,0.0,0.0
2023-07-12 00:00:00-04:00,99.63461334364152,101.19057077835932,99.59884350144573,100.8775863647461,1177400,0.0,0.0
2023-07-13 00:00:00-04:00,100.92229853313982,101.44095100192334,100.51095558898727,101.4320068359375,908300,0.0,0.0
2023-07-14 00:00:00-04:00,101.1637303362569,101.41411921196622,100.5377752029818,101.00276947021484,859000,0.0,0.0
2023-07-17 00:00:00-04:00,100.99383497684987,100.99383497684987,98.93711349965679,98.95500183105469,831800,0.0,0.0
2023-07-18 00:00:00-04:00,98.767227129326,99.95654896327548,97.16656910907912,97.74781036376953,892300,0.0,0.0
2023-07-19 00:00:00-04:00,98.07865087686571,99.50941027976694,98.07865087686571,99.47364044189453,1015700,0.0,0.0
2023-07-20 00:00:00-04:00,99.88500668723563,101.2800034006781,98.88347828234426,101.16374969482422,777800,0.0,0.0
2023-07-21 00:00:00-04:00,101.49460464898655,103.21151614752296,101.06537336315253,102.94325256347656,1082900,0.0,0.0
2023-07-24 00:00:00-04:00,103.02373681107584,103.2562373914611,102.2099950133279,102.84489440917969,829800,0.0,0.0
2023-07-25 00:00:00-04:00,102.86278008570072,103.67652873880066,102.5945164719935,103.22941589355469,768100,0.0,0.0
2023-07-26 00:00:00-04:00,103.28305619302111,104.3561241777549,102.86276907190708,103.61392211914062,1011100,0.0,0.0
2023-07-27 00:00:00-04:00,103.61392903878654,104.38296364741744,101.92384309764195,102.24575805664062,1363400,0.0,0.0
2023-07-28 00:00:00-04:00,103.20258391796304,103.58709439191075,101.083266704734,101.55720520019531,816800,0.0,0.0
2023-07-31 00:00:00-04:00,101.95065759563913,102.7912249794251,101.62873584954252,102.2099838256836,1191800,0.0,0.0
2023-08-01 00:00:00-04:00,101.89700173411785,102.41565420597018,101.08326000698378,101.18162536621094,1504200,0.0,0.0
2023-08-02 00:00:00-04:00,100.8149902451262,101.79863702124352,100.77922040314378,101.12796783447266,921800,0.0,0.0
2023-08-03 00:00:00-04:00,100.60036880051608,100.99383020388137,97.86404095230976,97.89981079101562,1126600,0.0,0.0
2023-08-04 00:00:00-04:00,98.00713979990206,98.58838789574037,95.8073452968349,96.46907043457031,1211800,0.0,0.0
2023-08-07 00:00:00-04:00,97.08607774824657,97.50636489187019,96.36175716087835,96.379638671875,1198600,0.0,0.0
2023-08-08 00:00:00-04:00,96.32597013507788,96.8177900573637,95.6374126925191,96.71048736572266,1065000,0.0,0.0
2023-08-09 00:00:00-04:00,96.17396251160346,97.91769963923268,96.17396251160346,96.85356903076172,945400,0.0,0.0
2023-08-10 00:00:00-04:00,96.9966409022315,97.66731002602597,95.51222330014818,95.93251037597656,925600,0.0,0.0
2023-08-11 00:00:00-04:00,96.20078908084494,96.65683921236996,95.78944613466959,96.47799682617188,815600,0.0,0.0
2023-08-14 00:00:00-04:00,96.2902143836093,96.39752391334795,94.79685924567985,95.27079772949219,946900,0.0,0.0
2023-08-15 00:00:00-04:00,94.56435287254489,94.63589255464707,93.31243572535516,93.34820556640625,1045700,0.0,0.0
2023-08-16 00:00:00-04:00,93.61647651795751,94.260320015894,93.47339715290512,93.67012786865234,1089800,0.0,0.0
2023-08-17 00:00:00-04:00,93.78638279270614,94.69849676727148,93.6164845601108,93.76850128173828,872400,0.0,0.0
2023-08-18 00:00:00-04:00,93.92947508915209,94.72533547348864,93.59860910033757,94.42129516601562,664400,0.0,0.0
2023-08-21 00:00:00-04:00,94.12617137338795,94.30501373176102,93.03521524907566,93.71482849121094,1319300,0.0,0.0
2023-08-22 00:00:00-04:00,93.7685016986686,94.24244019902643,93.3661028873007,93.86686706542969,697400,0.0,0.0
2023-08-23 00:00:00-04:00,94.43917210672474,94.43917210672474,93.4197554043446,94.1351318359375,1170000,0.0,0.0
2023-08-24 00:00:00-04:00,93.75061054347336,95.43175907213543,93.26773471332578,93.40186309814453,953400,0.0,0.0
2023-08-25 00:00:00-04:00,93.85791339556074,94.50175688648022,93.34820510231609,93.8221435546875,963600,0.0,0.0
2023-08-28 00:00:00-04:00,93.89369274320086,94.62695749934699,93.63436648741255,93.86686706542969,750200,0.0,0.0
2023-08-29 00:00:00-04:00,94.09042495805507,94.60013331093256,93.58071660517757,94.00994110107422,586000,0.0,0.0
2023-08-30 00:00:00-04:00,93.9652341201249,94.27821173707767,93.16042966053183,93.66119384765625,700800,0.0,0.0
2023-08-31 00:00:00-04:00,94.2066633228835,94.26925884047745,92.418212166028,92.44503784179688,801300,0.0,0.0
2023-09-01 00:00:00-04:00,93.00840559872356,93.11570830327136,90.59399241040029,91.3719711303711,1110300,0.0,0.0
2023-09-05 00:00:00-04:00,91.22890246210784,91.34515616887077,89.48516508467003,90.0932388305664,1386900,0.0,0.0
2023-09-06 00:00:00-04:00,90.13795252786153,90.56717703969291,89.78026088640163,90.21842956542969,1203600,0.0,0.0
2023-09-07 00:00:00-04:00,90.82649225382798,91.81013903131314,90.72812689383949,91.39879608154297,980300,0.0,0.0
2023-09-08 00:00:00-04:00,91.47927151104793,91.91744009640884,91.2288826398711,91.80119323730469,1082900,0.0,0.0
2023-09-11 00:00:00-04:00,91.60446230573126,92.52551347816771,91.60446230573126,92.12310791015625,1763700,0.0,0.0
2023-09-12 00:00:00-04:00,92.14995318414681,93.18725135923546,91.76543589333978,92.92792510986328,1220600,0.0,0.0
2023-09-13 00:00:00-04:00,93.07994567485181,94.93993668503197,92.63283284485082,94.83263397216797,1702600,0.0,0.0
2023-09-14 00:00:00-04:00,95.36020192693537,95.81625881902521,94.98462887340199,95.44962310791016,1718300,0.0,0.0
2023-09-15 00:00:00-04:00,95.93958007841636,96.85990405031536,95.86739591642333,96.3456039428711,3064600,0.953,0.0
2023-09-18 00:00:00-04:00,96.34561014285521,96.85991028339545,95.76815057747179,96.54411315917969,1453400,0.0,0.0
2023-09-19 00:00:00-04:00,96.54411239580135,97.11254721489509,95.9486033515366,95.98469543457031,1207800,0.0,0.0
2023-09-20 00:00:00-04:00,96.27342132200131,97.32007103607293,95.6237845052466,96.25537872314453,806700,0.0,0.0
2023-09-21 00:00:00-04:00,96.11101902666091,96.8599142978837,95.34408115496127,95.72303771972656,1562100,0.0,0.0
2023-09-22 00:00:00-04:00,95.33505581892562,96.12003622953114,95.05534390451446,95.83130645751953,1982300,0.0,0.0
2023-09-25 00:00:00-04:00,95.10948975994839,95.54258099557279,94.53202330601407,95.3350601196289,1066600,0.0,0.0
2023-09-26 00:00:00-04:00,95.01024151116607,95.02828411166077,92.10489407736895,92.17707824707031,1678000,0.0,0.0
2023-09-27 00:00:00-04:00,91.87932170416197,92.1951188348847,90.21912025658062,90.71537780761719,1164100,0.0,0.0
2023-09-28 00:00:00-04:00,91.22064818384726,91.26576500740177,88.94690208423205,88.99201202392578,1739600,0.0,0.0
2023-09-29 00:00:00-04:00,89.94843752911508,90.51687234910506,88.78449366392145,89.57849884033203,1268400,0.0,0.0
2023-10-02 00:00:00-04:00,89.02810683963975,89.32586136297631,84.9137057312109,86.15885162353516,2346400,0.0,0.0
2023-10-03 00:00:00-04:00,85.30168932171068,88.27019612567418,84.6791129168231,87.84612274169922,2240200,0.0,0.0
2023-10-04 00:00:00-04:00,88.33334754230019,88.45966638345216,86.24907289557154,87.62054443359375,1444200,0.0,0.0
2023-10-05 00:00:00-04:00,87.81904870022301,88.04461904607757,84.02946275955004,84.99490356445312,3500500,0.0,0.0
2023-10-06 00:00:00-04:00,83.62343839660568,86.11373692761117,81.33164287019736,85.86109924316406,2534100,0.0,0.0
2023-10-09 00:00:00-04:00,85.87010655194935,87.16036903946963,85.74378772524328,87.1513442993164,1059900,0.0,0.0
2023-10-10 00:00:00-04:00,87.26866316296856,88.10778518891485,86.80849769484031,87.84612274169922,869700,0.0,0.0
2023-10-11 00:00:00-04:00,88.1619112231716,88.50477566319601,86.8355565170832,88.27920532226562,1494000,0.0,0.0
2023-10-12 00:00:00-04:00,87.9002574835015,88.27921404156743,85.99644306730117,86.6370620727539,1774000,0.0,0.0
2023-10-13 00:00:00-04:00,87.4491030380217,88.3062744140625,87.16939803435729,88.3062744140625,1241000,0.0,0.0
2023-10-16 00:00:00-04:00,88.72132802822311,89.06419246778901,87.80099718349597,88.8205795288086,1564200,0.0,0.0
2023-10-17 00:00:00-04:00,88.1619163185407,89.48827110128654,88.1619163185407,88.90178680419922,939000,0.0,0.0
2023-10-18 00:00:00-04:00,88.5679426260941,89.10028533039733,87.45813351156113,87.62054443359375,1385800,0.0,0.0
2023-10-19 00:00:00-04:00,87.29571449864964,88.36040669243718,86.92577586680571,87.28668975830078,1144500,0.0,0.0
2023-10-20 00:00:00-04:00,87.37691123603123,88.47769544090957,87.20548248291016,87.20548248291016,1427800,0.0,0.0
2023-10-23 00:00:00-04:00,86.02350775944188,87.8461200929929,85.3558214323904,86.59194946289062,1740000,0.0,0.0
2023-10-24 00:00:00-04:00,87.50326379161682,88.44163050339198,87.34085284460542,88.15290069580078,1007400,0.0,0.0
2023-10-25 00:00:00-04:00,87.84612091721894,88.64915084233374,87.67468524201655,88.36944580078125,1646700,0.0,0.0
2023-10-26 00:00:00-04:00,88.71230491346397,90.13791114449953,88.41455040624884,88.73937225341797,1275100,0.0,0.0
2023-10-27 00:00:00-04:00,88.37845288339028,89.18148271059745,87.30474278944888,87.4400863647461,1227700,0.0,0.0
2023-10-30 00:00:00-04:00,87.50325355981147,88.49576172711029,86.14983145426012,86.89871978759766,1305000,0.0,0.0
2023-10-31 00:00:00-04:00,87.3949740017925,87.60249486181871,86.18591338703685,86.96187591552734,1871100,0.0,0.0
2023-11-01 00:00:00-04:00,84.9949016859405,88.49575778189998,83.53321028277932,87.16940307617188,3470300,0.0,0.0
2023-11-02 00:00:00-04:00,87.02504183297496,90.18302686203477,87.02504183297496,89.15442657470703,1846400,0.0,0.0
2023-11-03 00:00:00-04:00,90.60708666158017,91.63568679477522,90.13790341361015,90.39054107666016,1728700,0.0,0.0
2023-11-06 00:00:00-05:00,90.36347848557249,90.56198148378432,89.0280990600586,89.0280990600586,1528200,0.0,0.0
2023-11-07 00:00:00-05:00,89.0912650754685,89.19954132356276,88.549897602719,88.90178680419922,1375200,0.0,0.0
2023-11-08 00:00:00-05:00,88.51380634839617,89.298793665739,87.80100319712508,88.91081237792969,2276500,0.0,0.0
2023-11-09 00:00:00-05:00,89.06420362559926,90.18303072780162,88.7574312281653,88.87472534179688,2056000,0.0,0.0
2023-11-10 00:00:00-05:00,89.4431492017128,89.4431492017128,88.46869055960138,88.93787384033203,1315000,0.0,0.0
2023-11-13 00:00:00-05:00,88.91984363544194,89.04616249339325,87.90928588796997,88.11681365966797,1599900,0.0,0.0
2023-11-14 00:00:00-05:00,89.69580126993806,91.89736330288768,89.60556761883382,91.80713653564453,1392100,0.0,0.0
2023-11-15 00:00:00-05:00,91.52743611386872,92.97108511424206,91.36502517108538,92.09587097167969,1238200,0.0,0.0
2023-11-16 00:00:00-05:00,92.79061945014045,93.66583354331009,91.97857166591312,93.23274230957031,1813700,0.0,0.0
2023-11-17 00:00:00-05:00,93.84629520376778,93.84629520376778,92.62821662742986,93.47635650634766,1502500,0.0,0.0
2023-11-20 00:00:00-05:00,92.97108181267375,93.3500383710903,91.52743286356693,92.81769561767578,1392700,0.0,0.0
2023-11-21 00:00:00-05:00,92.96205841539461,93.37710706402535,92.10489377554912,93.16958618164062,1062400,0.0,0.0
2023-11-22 00:00:00-05:00,93.2598012621247,94.82074414894643,92.85377740653442,94.43276977539062,1687600,0.0,0.0
2023-11-24 00:00:00-05:00,94.52300256385521,95.57867016282214,94.42375105791534,95.07339477539062,1220300,0.0,0.0
2023-11-27 00:00:00-05:00,95.19068738763451,95.28091415056628,94.27036339155326,94.61322784423828,1382700,0.0,0.0
2023-11-28 00:00:00-05:00,94.73053153372064,95.7230397941264,94.405709647208,94.75759887695312,1186600,0.0,0.0
2023-11-29 00:00:00-05:00,94.81172392458127,95.49745277984127,93.53048608653943,93.96357727050781,1193700,0.0,0.0
2023-11-30 00:00:00-05:00,94.09891909063282,94.10794383125629,93.26882193363657,93.93650817871094,1568900,0.0,0.0
2023-12-01 00:00:00-05:00,93.95456689019592,97.67196902072202,93.60267766798952,97.59978485107422,2802700,0.0,0.0
2023-12-04 00:00:00-05:00,97.22984566881605,98.58326776989254,96.82381490817664,97.81632995605469,1365900,0.0,0.0
2023-12-05 00:00:00-05:00,97.88851265749442,97.88851265749442,96.02981507191585,96.23734283447266,1403200,0.0,0.0
2023-12-06 00:00:00-05:00,96.48095159821166,97.19375473929468,96.21928916283733,96.84186553955078,1152700,0.0,0.0
2023-12-07 00:00:00-05:00,97.08547155033384,97.41931812687886,96.19221494437761,96.74260711669922,1401800,0.0,0.0
2023-12-08 00:00:00-05:00,96.97719737298895,98.0689569224035,96.45387256567486,97.99677276611328,2139000,0.0,0.0
2023-12-11 00:00:00-05:00,97.96971339974513,99.41336222371154,97.30202022552393,99.3321533203125,1419100,0.0,0.0
2023-12-12 00:00:00-05:00,99.63892975925835,99.63892975925835,97.9697106384734,99.17876434326172,1211900,0.0,0.0
2023-12-13 00:00:00-05:00,99.250954633716,102.38187221312461,98.4388999917589,102.24652862548828,1227000,0.0,0.0
2023-12-14 00:00:00-05:00,103.12173288047941,103.41948736818163,101.19987614722531,101.44348907470703,1710300,0.0,0.0
2023-12-15 00:00:00-05:00,100.49654419843505,101.3888716560418,99.2308911077276,100.06858825683594,2690000,1.02,0.0
2023-12-18 00:00:00-05:00,100.36905311364123,101.12479773464693,99.63150933010104,99.9957275390625,1026700,0.0,0.0
2023-12-19 00:00:00-05:00,100.19605308371911,100.97911984207876,99.82272748983105,100.87895965576172,886700,0.0,0.0
2023-12-20 00:00:00-05:00,100.7241697692538,101.29780879232275,99.5404622585446,99.55867004394531,1165100,0.0,0.0
2023-12-21 00:00:00-05:00,99.82272952111747,100.95180674496056,99.23088270414499,99.92288970947266,897700,0.0,0.0
2023-12-22 00:00:00-05:00,100.58758087023533,101.42527788477932,99.74988385569132,99.8136215209961,950000,0.0,0.0
2023-12-26 00:00:00-05:00,99.62241560546887,100.78790839495288,99.62241560546887,100.31442260742188,522200,0.0,0.0
2023-12-27 00:00:00-05:00,100.15963859108895,100.23248363186224,99.52226185153619,99.87737274169922,693100,0.0,0.0
2023-12-28 00:00:00-05:00,99.64972445251922,100.6331045896256,99.64972445251922,100.53295135498047,518200,0.0,0.0
2023-12-29 00:00:00-05:00,100.12321214473062,100.6604356157616,99.8773688253674,100.39637756347656,691600,0.0,0.0
2024-01-02 00:00:00-05:00,100.01393808122175,102.03534259715624,99.95020041391233,101.7621841430664,954200,0.0,0.0
2024-01-03 00:00:00-05:00,102.02624356073316,102.02624356073316,100.62400791403917,101.05196380615234,1308000,0.0,0.0
2024-01-04 00:00:00-05:00,101.33423350068807,101.65292185372701,100.42369137949963,100.64221954345703,1016300,0.0,0.0
2024-01-05 00:00:00-05:00,100.31441685808953,101.18853640010401,100.04125840883259,100.75148010253906,985600,0.0,0.0
2024-01-08 00:00:00-05:00,100.12320437143812,101.65291531450546,99.88646149003071,101.54364776611328,787500,0.0,0.0
2024-01-09 00:00:00-05:00,101.17032537405152,101.58006650825101,100.70594699424353,101.0246353149414,652900,0.0,0.0
2024-01-10 00:00:00-05:00,100.85164471627141,101.36154606813137,100.569371942019,100.9153823852539,676100,0.0,0.0
2024-01-11 00:00:00-05:00,100.5784831444682,100.5784831444682,97.98343945564886,98.35675811767578,519600,0.0,0.0
2024-01-12 00:00:00-05:00,99.08518027383396,99.25818547703193,98.32032832747605,99.11249542236328,827300,0.0,0.0
2024-01-16 00:00:00-05:00,97.92880415122247,98.42049076452015,97.27321273764579,97.97432708740234,1332400,0.0,0.0
2024-01-17 00:00:00-05:00,97.37338024626189,98.60261076572527,95.94382934126358,96.25341033935547,760900,0.0,0.0
2024-01-18 00:00:00-05:00,95.6251274023808,95.8982928086124,94.69637752558612,95.4703369140625,786000,0.0,0.0
2024-01-19 00:00:00-05:00,95.86186712231036,96.1168177880264,94.65995187901713,95.16985321044922,1016900,0.0,0.0
2024-01-22 00:00:00-05:00,94.90580434607773,95.99845206667466,94.03167783333845,94.6053237915039,849000,0.0,0.0
2024-01-23 00:00:00-05:00,94.59620497255509,95.14252876670879,93.99525088305118,95.12432098388672,765600,0.0,0.0
2024-01-24 00:00:00-05:00,95.88918318112151,95.88918318112151,93.03008163670182,93.20308685302734,1491900,0.0,0.0
2024-01-25 00:00:00-05:00,94.31394660654567,94.74190247882599,93.33055953154637,94.51426696777344,1458200,0.0,0.0
2024-01-26 00:00:00-05:00,94.96953476594332,95.00595033321719,93.9952550895877,94.32304382324219,1165300,0.0,0.0
2024-01-29 00:00:00-05:00,94.31394613930608,94.90579985448753,93.72209242412465,94.5506820678711,1566400,0.0,0.0
2024-01-30 00:00:00-05:00,94.22288068977686,96.24427791146455,93.84955516905717,95.20626068115234,1614800,0.0,0.0
2024-01-31 00:00:00-05:00,96.32625245311758,96.94542137737973,95.19718216071664,95.98934936523438,1533700,0.0,0.0
2024-02-01 00:00:00-05:00,95.44302660610299,97.89238717978267,94.90581007930712,97.85596466064453,1316700,0.0,0.0
2024-02-02 00:00:00-05:00,96.9181015831592,97.00915440212512,94.94221998248638,95.67976379394531,1437400,0.0,0.0
2024-02-05 00:00:00-05:00,94.7510104969127,95.73439765078349,94.02258097125232,94.62353515625,1395700,0.0,0.0
2024-02-06 00:00:00-05:00,94.3594876057635,95.07881679203139,93.89511607606914,94.88760375976562,1068000,0.0,0.0
2024-02-07 00:00:00-05:00,95.15164432955156,96.34445219335915,94.6781655196605,95.80723571777344,1692900,0.0,0.0
2024-02-08 00:00:00-05:00,95.60692186550146,96.95452724937793,93.58551726312926,94.90580749511719,1847800,0.0,0.0
2024-02-09 00:00:00-05:00,94.8784821978939,95.30643808808092,93.91330981364898,95.0697021484375,1118600,0.0,0.0
2024-02-12 00:00:00-05:00,95.16075510509064,97.17305227628236,94.85116718427703,96.86346435546875,1459800,0.0,0.0
2024-02-13 00:00:00-05:00,96.2169814217023,96.58119964873974,93.89510324974772,95.0423812866211,1697600,0.0,0.0
2024-02-14 00:00:00-05:00,95.10612053639426,96.47193370032649,94.90580710773425,95.90740203857422,1273600,0.0,0.0
2024-02-15 00:00:00-05:00,96.417310708052,98.16555002320104,96.417310708052,98.1291275024414,1231900,0.0,0.0
2024-02-16 00:00:00-05:00,97.59190213442268,98.87576287749815,97.38247439569774,98.15644073486328,1273300,0.0,0.0
2024-02-20 00:00:00-05:00,98.14733251949981,99.61330583723462,97.73758441168394,98.01074981689453,1023100,0.0,0.0
2024-02-21 00:00:00-05:00,98.6390389503607,99.68616387777509,98.10181543585666,99.39479064941406,1135600,0.0,0.0
2024-02-22 00:00:00-05:00,98.5388828897453,98.5388828897453,97.23680720119819,97.44622802734375,1486800,0.0,0.0
2024-02-23 00:00:00-05:00,97.70116557730447,99.10339423300938,97.61921317972532,98.74828338623047,1127000,0.0,0.0
2024-02-26 00:00:00-05:00,98.17464121028114,98.17464121028114,96.48103248194673,96.69046020507812,897300,0.0,0.0
2024-02-27 00:00:00-05:00,97.31873699493171,97.85596044547174,96.75420533982089,97.72848510742188,780600,0.0,0.0
2024-02-28 00:00:00-05:00,97.57369869214176,98.57529365302042,97.30053327240886,98.42960357666016,906700,0.0,0.0
2024-02-29 00:00:00-05:00,98.90308444677343,99.48583082938917,98.0380652920047,98.65723419189453,1387800,0.0,0.0
2024-03-01 00:00:00-05:00,98.3658680339737,98.62081872623705,96.62673612781425,98.43871307373047,1322000,0.0,0.0
2024-03-04 00:00:00-05:00,97.91971168930942,100.00485421774245,97.91971168930942,99.9775390625,760700,0.0,0.0
2024-03-05 00:00:00-05:00,100.15962769053388,102.08087201380307,99.92288480722854,100.15052032470703,1269300,0.0,0.0
2024-03-06 00:00:00-05:00,101.07017022164634,102.1264023620709,100.96090267187957,101.7621841430664,1101100,0.0,0.0
2024-03-07 00:00:00-05:00,102.15373198032286,102.76379358909671,101.94430421699751,102.5816879272461,927100,0.0,0.0
2024-03-08 00:00:00-05:00,102.90946159209568,102.97319925905671,101.74396885516008,102.72735595703125,1128100,0.0,0.0
2024-03-11 00:00:00-04:00,102.90037089576764,103.84733557072354,102.23567206589708,102.84573364257812,1170400,0.0,0.0
2024-03-12 00:00:00-04:00,102.38135740249731,102.71825353828041,100.79700912421644,100.96090698242188,862100,0.0,0.0
2024-03-13 00:00:00-04:00,101.47991249278549,102.15371863676721,100.90627348068897,101.12480163574219,1137900,0.0,0.0
2024-03-14 00:00:00-04:00,100.76969507634426,100.97001545488837,98.53886965394341,99.60420227050781,1543200,0.0,0.0
2024-03-15 00:00:00-04:00,99.41119895344453,101.12993462598982,99.27333069320433,99.70531463623047,2305400,1.02,0.0
2024-03-18 00:00:00-04:00,99.71449391778542,100.91853582876372,99.43876442836125,100.62442016601562,1113900,0.0,0.0
2024-03-19 00:00:00-04:00,100.97367257174744,102.11336980086008,100.66117075966834,101.51594543457031,1378000,0.0,0.0
2024-03-20 00:00:00-04:00,101.24941801370328,102.21448175641538,100.74390342542269,101.13912200927734,1770100,0.0,0.0
2024-03-21 00:00:00-04:00,101.1758806510425,101.76411194452658,100.27514753849306,100.32110595703125,1200300,0.0,0.0
2024-03-22 00:00:00-04:00,101.0931521473248,101.0931521473248,99.98102719123358,100.07293701171875,1076500,0.0,0.0
2024-03-25 00:00:00-04:00,100.45897742749518,100.45897742749518,99.16302571560497,99.65015411376953,1045100,0.0,0.0
2024-03-26 00:00:00-04:00,99.69609913415434,100.16484830867319,98.40934068166756,98.46448516845703,1110800,0.0,0.0
2024-03-27 00:00:00-04:00,99.21816381119311,102.39829834226586,99.21816381119311,102.29719543457031,1668700,0.0,0.0
2024-03-28 00:00:00-04:00,102.31557264050599,103.2254917801228,101.99388476410306,103.06924438476562,990500,0.0,0.0
2024-04-01 00:00:00-04:00,103.06926022009385,103.06926022009385,101.3597106573929,101.7733154296875,847500,0.0,0.0
2024-04-02 00:00:00-04:00,101.97550422465653,103.40013105746749,101.5894787516535,102.10417938232422,1268900,0.0,0.0
2024-04-03 00:00:00-04:00,102.29720918445487,102.39831210573976,101.12993255226401,101.3413314819336,1256900,0.0,0.0
2024-04-04 00:00:00-04:00,102.02146864037447,102.22367447495832,100.01780348027988,100.69794464111328,1210600,0.0,0.0
2024-04-05 00:00:00-04:00,99.97184536097717,100.86338544582532,99.5858198641163,100.27515411376953,1106100,0.0,0.0
2024-04-08 00:00:00-04:00,100.53250337425422,101.34132670641921,100.04537496498422,100.6427993774414,1163600,0.0,0.0
2024-04-09 00:00:00-04:00,101.56190256693324,101.67219856020137,100.42220535224213,100.98286437988281,1068900,0.0,0.0
2024-04-10 00:00:00-04:00,99.49389317545504,99.49389317545504,97.23287806116183,98.01412200927734,1444200,0.0,0.0
2024-04-11 00:00:00-04:00,98.60236011855498,98.64831853552508,96.89281078886194,97.54537963867188,1014900,0.0,0.0
2024-04-12 00:00:00-04:00,98.00493027372175,98.49206562462098,96.8744262071414,97.65567016601562,1506300,0.0,0.0
2024-04-15 00:00:00-04:00,97.98656199666135,98.40015972309227,96.23105415331031,96.98472595214844,1331800,0.0,0.0
2024-04-16 00:00:00-04:00,96.7549564359302,96.7549564359302,94.7237189327448,94.8523941040039,1299000,0.0,0.0
2024-04-17 00:00:00-04:00,95.62443216238822,97.11339642017587,94.97186335528451,96.75493621826172,1529200,0.0,0.0
2024-04-18 00:00:00-04:00,97.12258738654356,98.3542014176415,96.54354920769791,97.86707305908203,1168800,0.0,0.0
2024-04-19 00:00:00-04:00,98.42773557515973,99.95346540143005,98.161199171554,99.78802490234375,999400,0.0,0.0
2024-04-22 00:00:00-04:00,99.530661831635,101.65380878788672,99.15382246051917,101.21263885498047,1128800,0.0,0.0
2024-04-23 00:00:00-04:00,100.86337172813757,102.15932330712266,100.67035900595738,101.21263885498047,950400,0.0,0.0
2024-04-24 00:00:00-04:00,100.26595516166661,102.75675560883873,99.83397828079426,102.5269775390625,1473800,0.0,0.0
2024-04-25 00:00:00-04:00,101.83763643772848,102.8210862293236,101.00124095445754,102.15013122558594,1408500,0.0,0.0
2024-04-26 00:00:00-04:00,102.33395498104235,102.66483595342055,100.57845422251312,100.66117095947266,1247700,0.0,0.0
2024-04-29 00:00:00-04:00,100.99205821335464,101.93874978403954,100.99205821335464,101.86521911621094,797900,0.0,0.0
2024-04-30 00:00:00-04:00,101.30455928824742,101.96632126921743,100.61522506011538,101.39646911621094,1360000,0.0,0.0
2024-05-01 00:00:00-04:00,101.38727720777678,102.94057926380901,101.02882396596479,102.32477569580078,1112900,0.0,0.0
2024-05-02 00:00:00-04:00,102.9038157890936,102.93138803707419,101.87440745343794,102.85786437988281,738000,0.0,0.0
2024-05-03 00:00:00-04:00,103.446101288178,103.72183079512,102.4350720592444,103.62992095947266,1021100,0.0,0.0
2024-05-06 00:00:00-04:00,103.81373627060768,103.81373627060768,102.6372735942827,103.39094543457031,981500,0.0,0.0
2024-05-07 00:00:00-04:00,104.13542948288368,104.64093705551151,103.37256456831722,104.17218780517578,843800,0.0,0.0
2024-05-08 00:00:00-04:00,104.02512599792018,105.4773250534886,103.26226113821741,105.44975280761719,963700,0.0,0.0
2024-05-09 00:00:00-04:00,105.33945960917582,107.07658126790527,104.91666879929,106.92033386230469,1461300,0.0,0.0
2024-05-10 00:00:00-04:00,107.40746365480058,107.40746365480058,106.11151194933967,106.14827728271484,1025200,0.0,0.0
2024-05-13 00:00:00-04:00,106.22179736991237,106.99385526935427,105.78062042562134,105.98282623291016,796200,0.0,0.0
2024-05-14 00:00:00-04:00,106.5159198259732,106.55268515804427,104.9350456082678,105.4957046508789,723600,0.0,0.0
2024-05-15 00:00:00-04:00,106.6170284358433,107.19606666931026,106.3321058623982,106.69974517822266,599100,0.0,0.0
2024-05-16 00:00:00-04:00,106.62621759882089,107.69238419756621,106.48834935432473,107.33393096923828,757800,0.0,0.0
2024-05-17 00:00:00-04:00,107.48098936196183,107.48098936196183,106.76408292490274,107.16848754882812,791500,0.0,0.0
2024-05-20 00:00:00-04:00,107.53613746208498,107.8118739527933,106.50672917734688,106.93871307373047,734900,0.0,0.0
2024-05-21 00:00:00-04:00,107.23282701110506,107.94973346076571,106.81003620777363,107.70157623291016,596900,0.0,0.0
2024-05-22 00:00:00-04:00,106.99386660663598,107.53613949976209,105.52328131135283,105.75305938720703,901100,0.0,0.0
2024-05-23 00:00:00-04:00,104.97182826675838,105.219992546132,102.95896983031757,102.99573516845703,733800,0.0,0.0
2024-05-24 00:00:00-04:00,103.30822112280457,103.85968708540578,102.73836898783021,103.82292175292969,661300,0.0,0.0
2024-05-28 00:00:00-04:00,103.72182717976939,104.82476620590603,103.7126340928438,103.85969543457031,879100,0.0,0.0
2024-05-29 00:00:00-04:00,103.20713220084816,103.27146978833449,101.9479456888774,101.99390411376953,788800,0.0,0.0
2024-05-30 00:00:00-04:00,102.49940964542463,103.68506545840687,102.46265132098249,103.62992095947266,760400,0.0,0.0
2024-05-31 00:00:00-04:00,104.01594597716883,107.17769479660839,103.51962445233092,107.10416412353516,1519700,0.0,0.0
2024-06-03 00:00:00-04:00,107.0673940507831,107.5637155536658,106.45159046864498,106.83761596679688,1035000,0.0,0.0
2024-06-04 00:00:00-04:00,106.54350501282592,107.40747289075904,105.82659848103926,107.10416412353516,753700,0.0,0.0
2024-06-05 00:00:00-04:00,106.57106056842343,106.87436928813575,105.13724772944855,105.27511596679688,822500,0.0,0.0
2024-06-06 00:00:00-04:00,104.83394574327811,105.59681062830417,104.25490752394704,104.35601043701172,746000,0.0,0.0
2024-06-07 00:00:00-04:00,103.0784483564627,103.9975606788346,103.01411077438749,103.24388885498047,748000,0.0,0.0
2024-06-10 00:00:00-04:00,103.12439693906282,104.22733590304503,102.79351595109519,103.52880859375,1093600,0.0,0.0
2024-06-11 00:00:00-04:00,102.65565702461701,104.65012907140706,102.36154136339577,104.53983306884766,1390300,0.0,0.0
2024-06-12 00:00:00-04:00,105.88173348898893,105.97365032822697,103.23469260605881,103.51961517333984,999400,0.0,0.0
2024-06-13 00:00:00-04:00,103.40933265863744,104.04351541299965,102.42588272275758,103.43690490722656,1521200,0.0,0.0
2024-06-14 00:00:00-04:00,102.97733456468904,103.81372304333667,102.64645360259752,103.06924438476562,766200,0.0,0.0
2024-06-17 00:00:00-04:00,102.32722764922461,103.39391064651515,101.87273052184716,102.7353515625,1178400,1.02,0.0
2024-06-18 00:00:00-04:00,102.40142326895793,102.76316685611415,101.63155580844057,102.5591049194336,946000,0.0,0.0
2024-06-20 00:00:00-04:00,102.58692254977969,103.7370813795032,102.15097336811803,103.06925201416016,902000,0.0,0.0
2024-06-21 00:00:00-04:00,103.54231065503876,104.30290068663912,102.73534741121017,102.87448120117188,1884700,0.0,0.0
2024-06-24 00:00:00-04:00,102.92084657630897,104.97072922396143,102.80953813748768,104.6275405883789,839700,0.0,0.0
2024-06-25 00:00:00-04:00,104.01534908406589,104.41419545549937,101.98401441599333,102.04894256591797,1208000,0.0,0.0
2024-06-26 00:00:00-04:00,101.44603688007298,102.78170263062559,101.05646092105107,102.44778442382812,957200,0.0,0.0
2024-06-27 00:00:00-04:00,102.54055307287555,103.34751623908497,102.16025455533578,103.18983459472656,669400,0.0,0.0
2024-06-28 00:00:00-04:00,103.60722816652756,103.62578311082291,102.42924396273322,102.96722412109375,1566100,0.0,0.0
2024-07-01 00:00:00-04:00,103.36606287304224,103.65360079865329,100.91733407802383,101.21414947509766,890900,0.0,0.0
2024-07-02 00:00:00-04:00,101.59445579328579,101.87272336490399,101.10285588318015,101.473876953125,727900,0.0,0.0
2024-07-03 00:00:00-04:00,101.46458848264258,102.67967545528735,101.2883519012773,101.32545471191406,350300,0.0,0.0
2024-07-05 00:00:00-04:00,101.39966811036827,102.18808343611656,101.06574986566389,101.81706237792969,937900,0.0,0.0
2024-07-08 00:00:00-04:00,101.79851356287398,102.03040083750467,100.83386165121374,101.11212921142578,972100,0.0,0.0
2024-07-09 00:00:00-04:00,100.87095855161274,101.90053855675332,100.70399944059974,100.7967529296875,968200,0.0,0.0
2024-07-10 00:00:00-04:00,101.29763419171388,101.52024398948629,100.54632170133335,101.17705535888672,1025600,0.0,0.0
2024-07-11 00:00:00-04:00,101.90981821931504,105.27681877437735,101.77996191647327,104.9800033569336,1904000,0.0,0.0
2024-07-12 00:00:00-04:00,105.38812118813641,106.90002352863085,105.04492550644204,106.1858139038086,1039200,0.0,0.0
2024-07-15 00:00:00-04:00,105.59219093865946,106.51046968450748,104.48841227168727,104.93363189697266,1133600,0.0,0.0
2024-07-16 00:00:00-04:00,105.35102687220295,106.54756604217971,104.94290300989333,106.38987731933594,1118300,0.0,0.0
2024-07-17 00:00:00-04:00,106.81655005989134,109.94238577272128,106.45479942643752,108.8386001586914,1274900,0.0,0.0
2024-07-18 00:00:00-04:00,107.92961736167943,109.98877756309004,107.91106241615707,108.22643280029297,1018900,0.0,0.0
2024-07-19 00:00:00-04:00,109.07049231342906,109.07049231342906,107.11337027602742,107.67916870117188,671500,0.0,0.0
2024-07-22 00:00:00-04:00,108.19860758787955,108.88499196362348,107.56787389549267,108.71803283691406,760900,0.0,0.0
2024-07-23 00:00:00-04:00,108.56035038210189,108.6716588246331,107.41019144916548,107.50294494628906,647200,0.0,0.0
2024-07-24 00:00:00-04:00,108.67164779751847,109.77542633157151,107.95743108119959,109.3673095703125,954000,0.0,0.0
2024-07-25 00:00:00-04:00,109.74760825328369,111.80676836923993,108.71802819530556,109.62702941894531,1063500,0.0,0.0
2024-07-26 00:00:00-04:00,110.67515734503782,110.67515734503782,108.52324373523375,109.62702941894531,1712700,0.0,0.0
2024-07-29 00:00:00-04:00,109.64557399502893,110.8977638159733,108.93136432954259,110.4803695678711,882100,0.0,0.0
2024-07-30 00:00:00-04:00,110.38761854223526,112.08502798884736,109.90528905531497,111.89024353027344,807500,0.0,0.0
2024-07-31 00:00:00-04:00,111.94589659566799,112.12212610224626,110.89776164492639,111.7974853515625,1046700,0.0,0.0
2024-08-01 00:00:00-04:00,112.29835831493398,114.5894055010248,111.74183032447307,114.44099426269531,1101900,0.0,0.0
2024-08-02 00:00:00-04:00,115.94363800169043,117.57612640621288,112.87345273192985,114.31114959716797,1256200,0.0,0.0
2024-08-05 00:00:00-04:00,115.26651259596643,115.40564636307995,110.05369167809681,110.18354797363281,1099800,0.0,0.0
2024-08-06 00:00:00-04:00,110.18356282558078,111.81605128804327,109.57137699841799,110.44327545166016,1430700,0.0,0.0
2024-08-07 00:00:00-04:00,110.7957351741546,112.57663479240973,110.17427898671076,111.39864349365234,1012200,0.0,0.0
2024-08-08 00:00:00-04:00,110.61023417194946,111.81605087617739,110.51748067392538,111.20386505126953,804200,0.0,0.0
2024-08-09 00:00:00-04:00,111.35226841272744,111.5841556796622,109.36731397389691,111.222412109375,634200,0.0,0.0
2024-08-12 00:00:00-04:00,110.95340984598462,111.90878414857764,110.73079299899513,111.8624038696289,639800,0.0,0.0
2024-08-13 00:00:00-04:00,112.22416608120474,112.78997161070653,111.71401831103371,112.51171112060547,743900,0.0,0.0
2024-08-14 00:00:00-04:00,112.1870575585384,113.89375153285982,111.80676611842671,113.18881225585938,767600,0.0,0.0
2024-08-15 00:00:00-04:00,112.4467713978567,113.33721761252863,112.02009261897877,113.1424331665039,987600,0.0,0.0
2024-08-16 00:00:00-04:00,113.5691071360574,114.03288165774775,112.6415580926767,113.05895233154297,2423800,0.0,0.0
2024-08-19 00:00:00-04:00,113.07750619320954,114.42244946258582,113.07750619320954,114.3389663696289,744300,0.0,0.0
2024-08-20 00:00:00-04:00,114.57087122308243,115.03464581155718,113.78245583800307,114.02362060546875,580700,0.0,0.0
2024-08-21 00:00:00-04:00,114.18129115704355,114.82130229138845,113.87519826004052,114.3853530883789,579200,0.0,0.0
2024-08-22 00:00:00-04:00,114.53376352820946,114.8584042909275,113.50418348313382,114.40390014648438,757800,0.0,0.0
2024-08-23 00:00:00-04:00,114.88623153616155,115.15522162305638,114.32970349418235,114.84912872314453,489200,0.0,0.0
2024-08-26 00:00:00-04:00,115.22942593933709,116.41668763583449,114.73781897992802,115.63754272460938,442200,0.0,0.0
2024-08-27 00:00:00-04:00,115.47985283668692,115.95290481771737,114.34824190152729,114.90476989746094,549300,0.0,0.0
2024-08-28 00:00:00-04:00,115.25724392225132,116.25899149182638,115.03462706089022,115.38710021972656,701800,0.0,0.0
2024-08-29 00:00:00-04:00,115.38710971611401,115.60044204667886,114.29260149257479,115.56333923339844,580500,0.0,0.0
2024-08-30 00:00:00-04:00,115.73957129697763,116.11059233862107,114.91405319455582,115.9621810913086,656100,0.0,0.0
2024-09-03 00:00:00-04:00,115.94364166179321,117.40917099079145,115.74885719299799,116.44451904296875,793800,0.0,0.0
2024-09-04 00:00:00-04:00,116.94538947028312,118.34598348309525,116.24972766167814,117.16799926757812,709500,0.0,0.0
2024-09-05 00:00:00-04:00,118.08627019517633,118.08627019517633,113.83810081994194,114.70072174072266,2609800,0.0,0.0
2024-09-06 00:00:00-04:00,115.05318579032404,115.91580669573112,114.04215363912586,114.2647705078125,1709100,0.0,0.0
2024-09-09 00:00:00-04:00,114.22768049625934,115.89726473866989,113.69897775800023,115.59117889404297,1030700,0.0,0.0
2024-09-10 00:00:00-04:00,115.65609598970426,116.94538863295651,115.4427565895389,116.45378875732422,1278700,0.0,0.0
2024-09-11 00:00:00-04:00,116.20334107258891,116.20334107258891,114.28331486807426,115.36854553222656,1162400,0.0,0.0
2024-09-12 00:00:00-04:00,115.3592873180396,115.79522946276948,114.6357930555727,115.47058868408203,933100,0.0,0.0
2024-09-13 00:00:00-04:00,115.7581304106112,116.8619090265434,114.70999539946872,116.8248062133789,806500,0.0,0.0
2024-09-16 00:00:00-04:00,118.17137867000557,118.54542179083968,117.53549537640629,118.16202545166016,1018500,1.02,0.0
2024-09-17 00:00:00-04:00,117.99371464528969,118.48932824946989,117.06794570286976,117.52615356445312,832400,0.0,0.0
2024-09-18 00:00:00-04:00,117.60096011519086,117.86279316796644,114.87039809552181,116.34789276123047,1301400,0.0,0.0
2024-09-19 00:00:00-04:00,115.74942080076327,116.20762866539626,114.90780942277293,115.51564025878906,2089800,0.0,0.0
2024-09-20 00:00:00-04:00,115.58108872573898,117.33912281835809,115.05742263912836,116.97441864013672,1834200,0.0,0.0
2024-09-23 00:00:00-04:00,117.31106253221326,118.54542339717139,116.6658331459407,118.20878601074219,969400,0.0,0.0
2024-09-24 00:00:00-04:00,117.44197795949023,118.7698567279735,116.89025935983115,117.16144561767578,744200,0.0,0.0
2024-09-25 00:00:00-04:00,117.94695178693777,117.94695178693777,116.14216578915503,117.39523315429688,964800,0.0,0.0
2024-09-26 00:00:00-04:00,117.13339366625009,118.29294304709921,116.93701888570094,117.43263244628906,639300,0.0,0.0
2024-09-27 00:00:00-04:00,118.02174607580602,119.59275131202368,117.86277704899233,119.11583709716797,990800,0.0,0.0
2024-09-30 00:00:00-04:00,119.69562180543993,120.14447639193791,118.49866672889193,120.07902526855469,1117700,0.0,0.0
2024-10-01 00:00:00-04:00,120.23800963284013,121.12637283541652,119.66758454169836,120.3502197265625,780400,0.0,0.0
2024-10-02 00:00:00-04:00,119.16261771669993,120.63075922970027,118.5267343594148,120.3502197265625,763500,0.0,0.0
2024-10-03 00:00:00-04:00,120.40631579400822,120.56528483787027,119.04104552609627,119.27482604980469,868500,0.0,0.0
2024-10-04 00:00:00-04:00,117.96565298394825,119.01298515786624,117.54484376314304,118.74180603027344,721400,0.0,0.0
2024-10-07 00:00:00-04:00,118.47996403335875,118.47996403335875,116.91831188057107,117.16144561767578,962900,0.0,0.0
2024-10-08 00:00:00-04:00,117.91889773444896,118.33970696848927,117.2643151051626,117.33912658691406,844400,0.0,0.0
2024-10-09 00:00:00-04:00,117.2549574010973,117.92824644227463,116.03929583959207,116.44139862060547,1871500,0.0,0.0
2024-10-10 00:00:00-04:00,116.65648708267881,117.38588121110809,115.571741974665,115.6559066772461,789400,0.0,0.0
2024-10-11 00:00:00-04:00,116.07669656836543,117.08663008653573,115.88032179556815,116.76869201660156,880700,0.0,0.0
2024-10-14 00:00:00-04:00,116.81544844935009,117.76927696563482,116.65647940810771,117.43263244628906,830700,0.0,0.0
2024-10-15 00:00:00-04:00,118.22748961686104,119.75173610020218,118.19943709483874,119.12520599365234,1901500,0.0,0.0
2024-10-16 00:00:00-04:00,119.32157307774379,120.50917495130393,119.11584508364318,120.1351318359375,780700,0.0,0.0
2024-10-17 00:00:00-04:00,120.18189002860987,120.58398566163129,119.73302117042721,120.1070785522461,1137300,0.0,0.0
2024-10-18 00:00:00-04:00,120.42501373847713,120.89257475292031,119.57405640208631,120.53722381591797,777000,0.0,0.0
2024-10-21 00:00:00-04:00,120.64946031505099,120.95805232792712,119.05974842516567,119.6582260131836,892700,0.0,0.0
2024-10-22 00:00:00-04:00,119.3215811986354,120.19124505643939,118.72310361201927,119.91070556640625,747800,0.0,0.0
2024-10-23 00:00:00-04:00,119.7330191700496,121.60326324140753,119.55535083467277,121.5565185546875,1389100,0.0,0.0
2024-10-24 00:00:00-04:00,121.56586600650684,123.12751811140774,120.79905907958121,121.35079193115234,1575100,0.0,0.0
2024-10-25 00:00:00-04:00,121.62198025768691,121.70613782369999,118.25554206326817,118.35840606689453,1276000,0.0,0.0
2024-10-28 00:00:00-04:00,119.20936447090256,119.35898029201607,118.30229492265147,118.41450500488281,939700,0.0,0.0
2024-10-29 00:00:00-04:00,117.72252511465948,117.72252511465948,115.74006361821299,115.88968658447266,823400,0.0,0.0
2024-10-30 00:00:00-04:00,116.68452948847852,116.8902574831553,115.48757439335743,116.08605194091797,1002800,0.0,0.0
2024-10-31 00:00:00-04:00,115.69330474423647,117.22690438289544,115.69330474423647,116.1608657836914,900600,0.0,0.0
2024-11-01 00:00:00-04:00,116.1328149682006,116.46010627374217,113.23393077347866,113.42095947265625,992500,0.0,0.0
2024-11-04 00:00:00-05:00,113.18717302032432,114.09424254417762,112.45777896777857,113.7388916015625,911300,0.0,0.0
2024-11-05 00:00:00-05:00,113.73888901712964,115.51562228658833,113.53316816510828,115.42211151123047,749700,0.0,0.0
2024-11-06 00:00:00-05:00,114.78623701969,115.64654763376934,113.13107405272402,113.68279266357422,1570300,0.0,0.0
2024-11-07 00:00:00-05:00,114.22515208363076,115.17897337076656,108.09074700047883,109.4466781616211,3753800,0.0,0.0
2024-11-08 00:00:00-05:00,110.01710941752721,111.61616724957422,109.54954839759247,110.15737915039062,3021500,0.0,0.0
2024-11-11 00:00:00-05:00,110.14802677822843,112.13983417005694,110.12932034201499,111.96216583251953,1321000,0.0,0.0
2024-11-12 00:00:00-05:00,111.73774826820409,112.9066510034313,111.73774826820409,112.28012084960938,1578400,0.0,0.0
2024-11-13 00:00:00-05:00,112.91598645618491,112.98144471368147,110.25089006608964,110.92417907714844,1458700,0.0,0.0
2024-11-14 00:00:00-05:00,111.25147734272876,112.71961875388,111.24212412409545,111.66293334960938,1625100,0.0,0.0
2024-11-15 00:00:00-05:00,111.39173525991066,112.53257810753,111.23275909768198,112.29879760742188,3097600,0.0,0.0
2024-11-18 00:00:00-05:00,111.90606735269172,113.2339391097411,111.57877602305503,112.68222045898438,1552000,0.0,0.0
2024-11-19 00:00:00-05:00,112.33620258658094,113.86045600304,112.11177530562557,113.78564453125,2337900,0.0,0.0
2024-11-20 00:00:00-05:00,113.8043654522876,114.4870077768326,113.40226263304405,114.25322723388672,1575800,0.0,0.0
2024-11-21 00:00:00-05:00,114.44959168556538,116.03929638009356,113.94462490233029,115.93643951416016,1550600,0.0,0.0
2024-11-22 00:00:00-05:00,116.0205912939638,116.93701403291097,115.93643373482747,116.51620483398438,1178600,0.0,0.0
2024-11-25 00:00:00-05:00,116.89960945498844,117.45132803990715,116.6003706843987,117.05857849121094,1567900,0.0,0.0
2024-11-26 00:00:00-05:00,117.22691573249219,117.47939557909956,116.54427340965366,117.31107330322266,1148500,0.0,0.0
2024-11-27 00:00:00-05:00,117.80668148065466,119.25611640804922,117.71316356615193,117.90019226074219,1127700,0.0,0.0
2024-11-29 00:00:00-05:00,118.11527300723517,118.16203196712534,117.12404584042106,117.61965942382812,608700,0.0,0.0
2024-12-02 00:00:00-05:00,117.61029836329872,117.68510984036868,115.41276294887828,115.58108520507812,1095200,0.0,0.0
2024-12-03 00:00:00-05:00,117.18014897292444,117.30171941288916,114.93586162312502,115.0013198852539,1207400,0.0,0.0
2024-12-04 00:00:00-05:00,114.91715091817655,115.39406517278533,113.86981162859249,114.3560791015625,1047600,0.0,0.0
2024-12-05 00:00:00-05:00,114.39348830946619,115.17898744966233,114.15970778425323,114.47764587402344,1094800,0.0,0.0
2024-12-06 00:00:00-05:00,114.55245649622832,114.69272623718841,113.29004309641827,113.68279266357422,1382000,0.0,0.0
2024-12-09 00:00:00-05:00,113.51447704875044,114.31868266730642,113.29004973072098,113.89788055419922,1454300,0.0,0.0
2024-12-10 00:00:00-05:00,113.6734431232496,114.3280328907728,111.76579313394454,114.05684661865234,1381300,0.0,0.0
2024-12-11 00:00:00-05:00,114.01944415926286,114.34673548523675,112.9627586969998,113.1497802734375,1448200,0.0,0.0
2024-12-12 00:00:00-05:00,113.59862809710447,113.79500286857734,112.79442257521654,112.94403839111328,1302900,0.0,0.0
2024-12-13 00:00:00-05:00,113.0282170918935,114.01944429009922,112.61676106195944,113.41161346435547,1439500,0.0,0.0
2024-12-16 00:00:00-05:00,113.52483219248823,116.12917751477848,113.08133779640032,114.50617980957031,2428700,1.09,0.0
2024-12-17 00:00:00-05:00,114.00608770860174,116.00652819593657,113.44936552340715,113.89285278320312,1857200,0.0,0.0
2024-12-18 00:00:00-05:00,113.5154101541673,113.99664235825084,110.86388161420051,110.90162658691406,1409800,0.0,0.0
2024-12-19 00:00:00-05:00,110.32602407663144,112.55292698662196,110.07125451958345,111.44891357421875,1358500,0.0,0.0
2024-12-20 00:00:00-05:00,110.34490508670714,113.69469044467478,110.11843524909322,113.40217590332031,3035900,0.0,0.0
2024-12-23 00:00:00-05:00,113.27949829655361,113.61919581833956,112.21322272018008,113.46821594238281,899000,0.0,0.0
2024-12-24 00:00:00-05:00,113.29838231643484,113.99664633822044,113.29838231643484,113.94947052001953,309900,0.0,0.0
2024-12-26 00:00:00-05:00,113.46823375258356,114.50619536579818,113.27007803362497,114.26085662841797,533400,0.0,0.0
2024-12-27 00:00:00-05:00,113.60032213205999,115.19501290970796,113.32667650045006,114.50617980957031,1074800,0.0,0.0
2024-12-30 00:00:00-05:00,114.17593060573783,114.17593060573783,112.69447460402478,113.75131225585938,735000,0.0,0.0
2024-12-31 00:00:00-05:00,113.8079291488744,114.5816831219976,113.25119977845284,113.94003295898438,646000,0.0,0.0
2025-01-02 00:00:00-05:00,115.9027243163352,115.9027243163352,113.84567009005711,114.24198150634766,693200,0.0,0.0
2025-01-03 00:00:00-05:00,114.40239976379476,115.40262361239786,113.94003641438795,114.72322845458984,906100,0.0,0.0
2025-01-06 00:00:00-05:00,114.71378320515431,114.7515281781191,112.72278087574558,112.92093658447266,893400,0.0,0.0
2025-01-07 00:00:00-05:00,112.98699142156063,114.58168237492802,112.94924644761562,113.59089660644531,844700,0.0,0.0
2025-01-08 00:00:00-05:00,112.82656605078914,114.26083887912078,112.241529829183,114.18535614013672,814900,0.0,0.0
2025-01-10 00:00:00-05:00,113.36442425251342,113.9872054705898,111.68481265096256,112.30758666992188,1082800,0.0,0.0
2025-01-13 00:00:00-05:00,112.36421037849661,112.36421037849661,110.17505241931951,111.5527114868164,710500,0.0,0.0
2025-01-14 00:00:00-05:00,111.61876674049925,113.37386837763827,111.29793807179084,112.69447326660156,823200,0.0,0.0
2025-01-15 00:00:00-05:00,114.51562438915401,114.8647599802668,113.33612101269941,113.80792236328125,843000,0.0,0.0
2025-01-16 00:00:00-05:00,113.49654065116331,116.06314135161064,113.49654065116331,116.05370330810547,903600,0.0,0.0
2025-01-17 00:00:00-05:00,115.827231175213,117.09165533490992,115.49697167074868,116.6859130859375,697200,0.0,0.0
2025-01-21 00:00:00-05:00,117.2992502520896,118.5164986085184,116.47832050409431,116.90293884277344,1209300,0.0,0.0
2025-01-22 00:00:00-05:00,116.36510062494183,116.45945946805112,113.13798067642352,113.44937133789062,1103700,0.0,0.0
2025-01-23 00:00:00-05:00,114.00609113134459,114.41184062730719,109.7410096009324,112.76997375488281,2738800,0.0,0.0
2025-01-24 00:00:00-05:00,112.7133390322179,113.46822406782537,112.15661689777325,112.3830795288086,1107900,0.0,0.0
2025-01-27 00:00:00-05:00,113.60976801720999,115.24219667821987,111.44891694183572,114.86476135253906,1342700,0.0,0.0
2025-01-28 00:00:00-05:00,114.41181074353854,114.42124878491943,111.4017162643831,111.91126251220703,1214900,0.0,0.0
2025-01-29 00:00:00-05:00,112.16606140795713,112.92093928797354,110.92993691089715,110.96768188476562,1263000,0.0,0.0
2025-01-30 00:00:00-05:00,112.17549497743511,112.97756309317074,111.58102782257863,112.6001205444336,1106200,0.0,0.0
2025-01-31 00:00:00-05:00,112.30759590935112,113.92116294379836,112.11887823938137,113.11909484863281,1394000,0.0,0.0
2025-02-03 00:00:00-05:00,112.34534820258939,114.55338252050305,111.53384921043767,114.08158111572266,1478700,0.0,0.0
2025-02-04 00:00:00-05:00,113.39274012227636,114.29859789344975,112.28872663857608,113.84567260742188,848300,0.0,0.0
2025-02-05 00:00:00-05:00,114.96855416665431,116.28959943995717,114.35521814611867,115.77062225341797,1253600,0.0,0.0
2025-02-06 00:00:00-05:00,115.85554297288479,116.06313672701957,114.72322256739015,115.64794921875,1056700,0.0,0.0
2025-02-07 00:00:00-05:00,115.31768886273728,115.94990096456075,114.60054877160397,115.7800521850586,1177400,0.0,0.0
2025-02-10 00:00:00-05:00,115.72343862514698,116.83689013830143,115.23276837148865,116.73309326171875,1095300,0.0,0.0
2025-02-11 00:00:00-05:00,116.27073508141186,117.8937330061877,115.32713230646011,117.84654998779297,924500,0.0,0.0
2025-02-12 00:00:00-05:00,116.59155318843881,117.5257250919171,115.9215961015444,117.18602752685547,1340100,0.0,0.0
2025-02-13 00:00:00-05:00,116.73308299103894,121.47941036874991,116.51605841300085,120.60185241699219,2582900,0.0,0.0
2025-02-14 00:00:00-05:00,121.41336852549412,122.875955720775,121.10197787889349,121.76249694824219,1891700,0.0,0.0
2025-02-18 00:00:00-05:00,122.47963694904169,123.00805217289621,121.31900962534444,122.24373626708984,1427600,0.0,0.0
2025-02-19 00:00:00-05:00,121.74363144040024,123.16846641660324,121.69644842301913,123.02693176269531,1038200,0.0,0.0
2025-02-20 00:00:00-05:00,122.30034297803373,124.4045729065366,121.03591885225957,123.78179168701172,1506000,0.0,0.0
2025-02-21 00:00:00-05:00,123.38549317347442,125.38594083913316,122.47964257617308,124.54613494873047,1079800,0.0,0.0
2025-02-24 00:00:00-05:00,124.9329775908996,125.92376319348955,123.47040508990287,124.91411590576172,782800,0.0,0.0
2025-02-25 00:00:00-05:00,124.92357704845587,125.961545912115,124.92357704845587,125.86717987060547,993600,0.0,0.0
2025-02-26 00:00:00-05:00,125.37648565178608,125.8954700144056,124.40457602644157,125.16889190673828,877400,0.0,0.0
2025-02-27 00:00:00-05:00,124.38571747492473,125.49916177349169,123.79124315382566,124.40457916259766,697600,0.0,0.0
2025-02-28 00:00:00-05:00,125.56520810633637,126.54654850022611,124.29133880444515,126.15966796875,1161900,0.0,0.0
2025-03-03 00:00:00-05:00,125.80110818408292,127.61282348632812,125.45196542395493,127.61282348632812,1082200,0.0,0.0
2025-03-04 00:00:00-05:00,128.32054896304348,128.5941874377035,124.20644021092905,124.49895477294922,1298300,0.0,0.0
2025-03-05 00:00:00-05:00,123.63082781312224,125.58407788387848,123.34774412799159,124.60273742675781,1703300,0.0,0.0
2025-03-06 00:00:00-05:00,124.56496861754898,124.56496861754898,122.37581816797262,123.17787170410156,845000,0.0,0.0
2025-03-07 00:00:00-05:00,123.49873798881951,125.07455292321725,123.20622342710153,124.25360870361328,2408000,0.0,0.0
2025-03-10 00:00:00-04:00,124.80089550134467,126.3861556207446,122.80989310744508,124.56499481201172,2422600,0.0,0.0
2025-03-11 00:00:00-04:00,124.8291861768873,125.33873966250404,123.71574197938199,124.58385467529297,1499200,0.0,0.0
2025-03-12 00:00:00-04:00,123.9893826683043,124.95186140449889,123.56476435470587,123.95164489746094,993600,0.0,0.0
2025-03-13 00:00:00-04:00,124.17813285944737,125.508601850004,123.54590632002481,125.22553253173828,1214100,0.0,0.0
2025-03-14 00:00:00-04:00,125.0273602869185,127.87704453024685,124.85751870862485,127.63169860839844,1086300,0.0,0.0
2025-03-17 00:00:00-04:00,127.44146236574717,129.66742752596238,126.83265100957188,128.99203491210938,1740500,1.09,0.0
2025-03-18 00:00:00-04:00,127.84098595263116,129.30593320282674,127.84098595263116,128.7637176513672,1541600,0.0,0.0
2025-03-19 00:00:00-04:00,128.4307505580354,130.0954703759833,128.2975735532078,129.5342254638672,1809500,0.0,0.0
2025-03-20 00:00:00-04:00,129.79110453871283,130.3523495914715,129.1252193477103,130.26673889160156,1954900,0.0,0.0
2025-03-21 00:00:00-04:00,130.00036831905754,131.48434498933074,128.93493763344074,130.42843627929688,3749100,0.0,0.0
2025-03-24 00:00:00-04:00,130.59968940022284,131.36070735628792,129.34402211064415,129.51524353027344,1125000,0.0,0.0
2025-03-25 00:00:00-04:00,129.13469564161338,129.82911756496833,126.51870733211476,127.94561004638672,1585900,0.0,0.0
2025-03-26 00:00:00-04:00,128.0597694279197,129.51520916947663,128.04075450759018,129.10617065429688,1773800,0.0,0.0
2025-03-27 00:00:00-04:00,129.39154309487512,129.74350778864593,128.3736788509794,128.6114959716797,1204800,0.0,0.0
2025-03-28 00:00:00-04:00,129.5437404869629,130.5045309848661,128.8873773989056,129.9147491455078,1597800,0.0,0.0
2025-03-31 00:00:00-04:00,130.50453435479835,132.273894433768,129.9718262906279,131.5319061279297,1190300,0.0,0.0
2025-04-01 00:00:00-04:00,130.761383937175,131.62702730377714,130.14305065793755,131.19895935058594,893300,0.0,0.0
2025-04-02 00:00:00-04:00,130.95162712053087,132.1692496572311,129.89571848938553,131.27505493164062,1055900,0.0,0.0
2025-04-03 00:00:00-04:00,132.51171575427978,133.54859502014816,130.9706507883255,132.6924591064453,1946800,0.0,0.0
2025-04-04 00:00:00-04:00,132.89220488623485,133.48200121920397,124.27371470637105,125.37718963623047,1732000,0.0,0.0
2025-04-07 00:00:00-04:00,123.18927472868991,124.8730240923281,119.94544555527345,121.71480560302734,2373000,0.0,0.0
2025-04-08 00:00:00-04:00,124.00736710573075,124.81595116853569,119.59348167317107,121.18209838867188,1528100,0.0,0.0
2025-04-09 00:00:00-04:00,120.02155285187065,124.95863901627307,117.66241087988871,124.15005493164062,1870200,0.0,0.0
2025-04-10 00:00:00-04:00,123.50320188973136,124.52105172577414,120.53524129762522,122.475830078125,1848800,0.0,0.0
2025-04-11 00:00:00-04:00,122.03823625096159,123.56027174151086,120.57328906635304,123.49369049072266,2031600,0.0,0.0
2025-04-14 00:00:00-04:00,123.99786364123403,127.43194375222126,123.60784004471597,126.699462890625,1398600,0.0,0.0
2025-04-15 00:00:00-04:00,126.69948119724116,127.7268531409191,126.1001772679602,126.44263458251953,1459900,0.0,0.0
2025-04-16 00:00:00-04:00,127.57461924092078,127.7077962504434,125.07277843859758,125.58647155761719,781200,0.0,0.0
2025-04-17 00:00:00-04:00,126.24284622550806,128.69710612776734,126.22381679167204,127.04190826416016,1389400,0.0,0.0
2025-04-21 00:00:00-04:00,126.35700444574982,126.78507239429906,123.84565603036046,125.35816955566406,2357600,0.0,0.0
2025-04-22 00:00:00-04:00,126.60432219306055,129.77204806519887,126.31893873773895,129.18226623535156,2345100,0.0,0.0
2025-04-23 00:00:00-04:00,128.90638601946,130.09547161503352,127.50802019784915,129.52471923828125,2383800,0.0,0.0
2025-04-24 00:00:00-04:00,129.07763373343883,131.03724465226657,128.33564541495468,130.3047637939453,1833000,0.0,0.0
2025-04-25 00:00:00-04:00,130.00036638151064,130.124021425386,127.77440140927703,128.1929473876953,1294700,0.0,0.0
2025-04-28 00:00:00-04:00,128.2690526148055,129.4866752433103,126.57579569344084,129.07763671875,1118300,0.0,0.0
2025-04-29 00:00:00-04:00,128.51637957189809,131.03723527935713,128.1834297923294,130.09547424316406,1781000,0.0,0.0
2025-04-30 00:00:00-04:00,130.52357956851208,130.7804116564378,127.4509713376828,130.3238067626953,2719100,0.0,0.0
2025-05-01 00:00:00-04:00,131.27506529130878,131.65556692085306,128.61151033887853,129.22032165527344,1626600,0.0,0.0
2025-05-02 00:00:00-04:00,129.46765647963002,130.01937946958913,128.47832905133134,129.71498107910156,709900,0.0,0.0
2025-05-05 00:00:00-04:00,129.86717099533962,130.29523888865816,128.47831269157248,130.0288848876953,1407400,0.0,0.0
2025-05-06 00:00:00-04:00,130.0764643307899,131.63654414313703,129.4010572861735,130.95162963867188,1206100,0.0,0.0
2025-05-07 00:00:00-04:00,130.732842137357,132.73051208605648,130.732842137357,131.8553466796875,1197600,0.0,0.0
2025-05-08 00:00:00-04:00,131.25601812445623,131.60799732520442,128.83980262131206,129.09664916992188,1404400,0.0,0.0
2025-05-09 00:00:00-04:00,129.42009782208422,129.84816579529098,128.36418908006365,129.48667907714844,913000,0.0,0.0
2025-05-12 00:00:00-04:00,128.42125020721457,128.53539778475516,125.36767187115252,126.61384582519531,1376600,0.0,0.0
2025-05-13 00:00:00-04:00,126.50922274902975,127.40340308555933,125.45331396892414,126.36652374267578,1837800,0.0,0.0
2025-05-14 00:00:00-04:00,126.30945713510718,126.62337754870344,123.32247399037693,126.22384643554688,2181300,0.0,0.0
2025-05-15 00:00:00-04:00,127.21313096527551,129.94328139894984,126.66139349985013,129.65789794921875,2464400,0.0,0.0
2025-05-16 00:00:00-04:00,129.3534821582957,131.47482129196342,129.267871479862,131.34164428710938,1722400,0.0,0.0
2025-05-19 00:00:00-04:00,130.9135745160581,131.95997573761088,129.84815837426348,131.81729125976562,1101900,0.0,0.0
2025-05-20 00:00:00-04:00,131.5604311921899,132.46413332801148,131.2084519909252,131.6460418701172,762900,0.0,0.0
2025-05-21 00:00:00-04:00,131.32263630253618,131.51288712408655,128.64957379445445,129.4771728515625,1459500,0.0,0.0
2025-05-22 00:00:00-04:00,128.64958038232464,128.83983121361732,126.88972753364921,128.05978393554688,2046300,0.0,0.0
2025-05-23 00:00:00-04:00,129.18227718781924,130.02890565075626,127.49852772235327,129.67694091796875,1069000,0.0,0.0
2025-05-27 00:00:00-04:00,130.78992174836654,130.91357679291428,129.5627771567297,130.4379425048828,746400,0.0,0.0
2025-05-28 00:00:00-04:00,130.06694160154188,130.06694160154188,127.79341040316042,128.4022216796875,1055000,0.0,0.0
2025-05-29 00:00:00-04:00,128.15489540400768,129.62936450417118,128.02171839261774,129.61984252929688,1022900,0.0,0.0
2025-05-30 00:00:00-04:00,129.32497480896396,130.34283926910572,129.13472397502582,129.99085998535156,1520100,0.0,0.0
2025-06-02 00:00:00-04:00,129.27739713626698,130.03841492049955,128.62103399401343,129.35350036621094,1073300,0.0,0.0
2025-06-03 00:00:00-04:00,129.81011465025497,129.95279912879454,127.54609082271796,128.95396423339844,1097500,0.0,0.0
2025-06-04 00:00:00-04:00,128.91590060254597,128.91590060254597,126.78505411197678,126.81359100341797,1159000,0.0,0.0
2025-06-05 00:00:00-04:00,126.76603782202011,126.76603782202011,125.66257736974713,126.23332977294922,1479900,0.0,0.0
2025-06-06 00:00:00-04:00,126.76604155020758,127.75536896918308,125.95747199308985,127.32730102539062,1419900,0.0,0.0
2025-06-09 00:00:00-04:00,126.99434581500056,128.1168356871154,126.509204101406,127.37484741210938,1077400,0.0,0.0
2025-06-10 00:00:00-04:00,127.631706553535,128.59248261581718,126.7470337212168,128.30711364746094,1250700,0.0,0.0
2025-06-11 00:00:00-04:00,128.53539992840695,128.65906948294221,127.85048542132932,128.39271545410156,1290400,0.0,0.0
2025-06-12 00:00:00-04:00,128.5163740572113,129.4010467529297,128.30709383592645,129.4010467529297,1038000,0.0,0.0
2025-06-13 00:00:00-04:00,129.4010641701425,129.61985187995072,128.2975891303334,128.6305389404297,1182800,0.0,0.0
2025-06-16 00:00:00-04:00,129.01411827887102,129.57992410665221,126.81801728016632,127.7002944946289,1532600,1.09,0.0
2025-06-17 00:00:00-04:00,127.47972043667596,127.81537591463967,125.82065638902178,126.55908966064453,2067100,0.0,0.0
2025-06-18 00:00:00-04:00,126.86595722164256,127.26874963421918,125.7151614757201,126.39605712890625,1566000,0.0,0.0
2025-06-20 00:00:00-04:00,126.58786580384708,127.83456740885094,126.43442245454992,126.8947525024414,1615400,0.0,0.0
2025-06-23 00:00:00-04:00,127.82497071818916,128.9086442745892,127.79620191874169,128.54421997070312,835000,0.0,0.0
2025-06-24 00:00:00-04:00,127.70032067302301,128.66890447336758,127.335896340957,127.75785827636719,1346300,0.0,0.0
2025-06-25 00:00:00-04:00,126.9331099645094,127.27835019456627,124.99592786068119,125.50419616699219,1156300,0.0,0.0
2025-06-26 00:00:00-04:00,125.70559338085747,126.48238024626588,125.24527794823837,126.16590881347656,1196300,0.0,0.0
2025-06-27 00:00:00-04:00,126.2042726337604,127.29753089440472,125.8494330577627,126.22344207763672,1870400,0.0,0.0
2025-06-30 00:00:00-04:00,125.82066647638649,127.14408978534155,125.57133200313035,127.02901458740234,2277800,0.0,0.0
2025-07-01 00:00:00-04:00,127.44136719875108,128.36201260997188,126.23303381511352,127.0002212524414,2222700,0.0,0.0
2025-07-02 00:00:00-04:00,126.58786905183925,126.88515640300331,124.52602703797244,125.32198333740234,2022600,0.0,0.0
2025-07-03 00:00:00-04:00,125.38912328462949,127.15367798944811,124.78494921257676,126.53033447265625,1384000,0.0,0.0
2025-07-07 00:00:00-04:00,126.46318224156173,126.85637530868036,125.03428322340021,125.75353240966797,1292700,0.0,0.0
2025-07-08 00:00:00-04:00,124.9575652348214,125.32197488271376,123.80676942952893,124.91919708251953,1548700,0.0,0.0
2025-07-09 00:00:00-04:00,125.14935425319304,126.12753721130785,124.08486490755206,126.03163146972656,2170100,0.0,0.0
2025-07-10 00:00:00-04:00,125.28362849939045,128.4387287638659,125.28362849939045,128.1798095703125,1487000,0.0,0.0
2025-07-11 00:00:00-04:00,127.06736952299761,129.05250450852074,126.96187904599158,128.3907928466797,1156400,0.0,0.0
2025-07-14 00:00:00-04:00,128.51544471109833,130.2800139097696,127.98800699229857,128.6497039794922,1073200,0.0,0.0
2025-07-15 00:00:00-04:00,127.92087610443981,128.5058660801311,127.27834853001877,127.88252258300781,1419800,0.0,0.0
2025-07-16 00:00:00-04:00,127.49890768355193,128.94700546563487,127.11531395619217,128.72642517089844,1267800,0.0,0.0
2025-07-17 00:00:00-04:00,128.29488648363505,129.63747924537935,128.29488648363505,129.2059326171875,895900,0.0,0.0
2025-07-18 00:00:00-04:00,129.57036007845372,131.75687670547902,129.5128224777158,131.6322021484375,1690900,0.0,0.0
2025-07-21 00:00:00-04:00,131.45957186955667,133.06109828756084,131.21023742178497,132.23635864257812,1318800,0.0,0.0
2025-07-22 00:00:00-04:00,132.56242245141038,134.04887376949546,132.38021030728112,133.82830810546875,918500,0.0,0.0
2025-07-23 00:00:00-04:00,133.8954437785821,134.46126434393614,132.09253550031957,132.50489807128906,1062300,0.0,0.0
2025-07-24 00:00:00-04:00,132.61037335237265,133.63650925060108,132.25554842424185,133.32003784179688,1082800,0.0,0.0
2025-07-25 00:00:00-04:00,133.47346133195882,134.03928181032515,133.0227453065583,133.7132110595703,1244300,0.0,0.0
2025-07-28 00:00:00-04:00,133.46389172356845,133.5022598789017,131.47877136340452,131.71852111816406,1628900,0.0,0.0
2025-07-29 00:00:00-04:00,131.28696350873446,132.7734149562665,129.08127741006052,131.47877502441406,2818100,0.0,0.0
2025-07-30 00:00:00-04:00,131.86237329051525,133.09947566315745,129.41692271376732,129.8292999267578,2005300,0.0,0.0
2025-07-31 00:00:00-04:00,129.18673839543973,132.7350311279297,129.18673839543973,132.7350311279297,1757700,0.0,0.0
2025-08-01 00:00:00-04:00,133.3008473469965,133.86665318708606,131.93907066245268,132.8309326171875,1412000,0.0,0.0
2025-08-04 00:00:00-04:00,133.2145464196621,135.33392588491412,133.2145464196621,135.0270538330078,1401700,0.0,0.0
2025-08-05 00:00:00-04:00,135.19008265145095,135.73670444168184,133.26250003702867,133.837890625,870700,0.0,0.0
2025-08-06 00:00:00-04:00,134.06806627561681,134.8352684202695,133.3967698864821,133.4159393310547,860300,0.0,0.0
2025-08-07 00:00:00-04:00,133.53101256888925,135.20926064973287,133.46387562173777,134.46124267578125,1093600,0.0,0.0
2025-08-08 00:00:00-04:00,134.91196358904125,135.199666197106,133.89542705595335,134.50918579101562,1348600,0.0,0.0
2025-08-11 00:00:00-04:00,135.00786034471105,135.00786034471105,133.55017795858257,134.18312072753906,1195900,0.0,0.0
2025-08-12 00:00:00-04:00,134.41330700326495,134.4708446035218,132.64875230729047,134.1543731689453,1308900,0.0,0.0
2025-08-13 00:00:00-04:00,134.44206491991727,135.6983512010378,133.93379664790913,135.6887664794922,967800,0.0,0.0
2025-08-14 00:00:00-04:00,135.22842377023804,135.65998496309555,133.94336881179638,134.1927032470703,1243400,0.0,0.0
2025-08-15 00:00:00-04:00,134.40368560505368,134.40368560505368,132.86929619491622,133.22412109375,1296500,0.0,0.0
2025-08-18 00:00:00-04:00,133.32962193501933,133.38715953031937,131.76644897460938,131.76644897460938,980800,0.0,0.0
2025-08-19 00:00:00-04:00,131.91030489734558,134.11600534875188,131.766446278876,134.00091552734375,726600,0.0,0.0
2025-08-20 00:00:00-04:00,134.56675402160639,136.22581828453988,134.1927303434302,134.7297821044922,965200,0.0,0.0
2025-08-21 00:00:00-04:00,134.42289135620064,135.1421406237624,134.29821680054417,134.45166015625,1069200,0.0,0.0
2025-08-22 00:00:00-04:00,135.13253107787546,135.70792160632843,132.51445368900852,134.20230102539062,1257200,0.0,0.0
2025-08-25 00:00:00-04:00,133.3008347137566,133.63649015083243,132.46651043089338,132.74461364746094,988000,0.0,0.0
2025-08-26 00:00:00-04:00,132.80219964742574,133.08990232220603,131.98705914090843,132.4377899169922,1015600,0.0,0.0
2025-08-27 00:00:00-04:00,132.40897503877977,132.98436555495715,132.16922533208233,132.7350311279297,700500,0.0,0.0
2025-08-28 00:00:00-04:00,132.5720296498071,132.69668957172132,130.81705968911953,130.9033660888672,889300,0.0,0.0
2025-08-29 00:00:00-04:00,131.01845714875,131.6226312864483,130.83624497178286,131.04722595214844,951600,0.0,0.0
2025-09-02 00:00:00-04:00,130.4142665501626,130.83621377712538,129.58952690532652,130.08819580078125,900300,0.0,0.0
2025-09-03 00:00:00-04:00,129.61829727781642,130.3183623907195,129.23468893069253,129.9347686767578,868900,0.0,0.0
2025-09-04 00:00:00-04:00,130.90336877945128,131.23902429625394,129.86764806170012,130.8170623779297,1089800,0.0,0.0
2025-09-05 00:00:00-04:00,131.3828766234245,131.57467351667972,130.2800335123333,130.99928283691406,976000,0.0,0.0
2025-09-08 00:00:00-04:00,130.5485384188151,130.78828816856938,128.62094106556606,129.2155303955078,1035500,0.0,0.0
2025-09-09 00:00:00-04:00,128.8606785578711,130.2991769195644,128.8606785578711,129.57034301757812,634400,0.0,0.0
2025-09-10 00:00:00-04:00,129.56077549965968,130.548543335193,129.09086070450576,130.07862854003906,933000,0.0,0.0
2025-09-11 00:00:00-04:00,130.136158128799,131.35409092571913,129.8005172670653,131.15269470214844,869700,0.0,0.0
2025-09-12 00:00:00-04:00,130.87459095631857,131.6609625045754,130.40467619182402,131.2294158935547,940300,0.0,0.0
2025-09-15 00:00:00-04:00,131.31642552514592,132.1671256044375,131.2390878133321,131.90611267089844,943200,1.09,0.0
2025-09-16 00:00:00-04:00,131.24875617348778,131.85776664673892,129.5183563232422,129.5183563232422,998400,0.0,0.0
2025-09-17 00:00:00-04:00,130.28205883550123,131.61609373710982,130.01138423223807,130.61073303222656,1130500,0.0,0.0
2025-09-18 00:00:00-04:00,129.53769630119774,131.62577016979324,129.53769630119774,130.61073303222656,2156300,0.0,0.0
2025-09-19 00:00:00-04:00,131.3647593638115,131.8867704640361,130.2143849060897,131.15208435058594,1712400,0.0,0.0
2025-09-22 00:00:00-04:00,131.46143107226055,132.0511181812577,131.0167429447138,131.60643005371094,898900,0.0,0.0
2025-09-23 00:00:00-04:00,131.2874144929322,133.40448807686616,131.24875301566365,133.37548828125,924300,0.0,0.0
2025-09-24 00:00:00-04:00,133.40448933473724,134.29385082688972,133.20147601285086,134.13917541503906,710200,0.0,0.0
2025-09-25 00:00:00-04:00,134.69986856578726,135.18321818580284,132.53447170853968,133.07582092285156,963000,0.0,0.0
2025-09-26 00:00:00-04:00,133.67516888901758,134.80620522264695,133.6461690920522,134.67086791992188,964100,0.0,0.0
2025-09-29 00:00:00-04:00,134.76753675377816,136.61393573499515,134.24551093415693,136.1789093017578,961300,0.0,0.0
2025-09-30 00:00:00-04:00,136.29492536315485,137.07794935415842,135.82123744545655,136.7202606201172,805900,0.0,0.0
2025-10-01 00:00:00-04:00,136.57526739792522,137.23263055123138,135.43456937545304,135.49256896972656,902600,0.0,0.0
2025-10-02 00:00:00-04:00,134.99955023856094,135.0092266719045,134.02318926379903,134.64187622070312,906500,0.0,0.0
2025-10-03 00:00:00-04:00,133.87817727759236,136.24658736320333,133.87817727759236,135.34754943847656,1722100,0.0,0.0
2025-10-06 00:00:00-04:00,135.61824219009182,137.66765479522533,135.61824219009182,137.03929138183594,930200,0.0,0.0
2025-10-07 00:00:00-04:00,137.6192951477572,139.0016678877385,136.8362711760857,137.66763305664062,1058300,0.0,0.0
2025-10-08 00:00:00-04:00,138.17031527480052,138.19932982260372,136.47859160502193,136.8652801513672,1182100,0.0,0.0
2025-10-09 00:00:00-04:00,137.67729761285887,137.68695929457377,135.22188814729532,135.4055633544922,901300,0.0,0.0
2025-10-10 00:00:00-04:00,136.10156234358158,137.75462432578044,135.58921299105413,135.77288818359375,1016900,0.0,0.0
2025-10-13 00:00:00-04:00,135.25088794309914,136.3335863215323,134.96087523440193,135.4055633544922,726900,0.0,0.0
2025-10-14 00:00:00-04:00,135.49255013682836,137.72562270993024,135.49255013682836,136.93292236328125,1071400,0.0,0.0
2025-10-15 00:00:00-04:00,137.2229468737752,138.3539831543757,136.72025916551084,137.71597290039062,832900,0.0,0.0
2025-10-16 00:00:00-04:00,137.9383231158115,138.81802300391092,136.60427338443696,136.78794860839844,784000,0.0,0.0
2025-10-17 00:00:00-04:00,137.21328448539305,137.47429739515925,136.1982473924435,137.2229461669922,699600,0.0,0.0
2025-10-20 00:00:00-04:00,138.05430674427654,138.94366821469907,137.60963338439467,138.54733276367188,931200,0.0,0.0
2025-10-21 00:00:00-04:00,138.8856912799806,138.8856912799806,137.15530596572214,137.53231811523438,838700,0.0,0.0
2025-10-22 00:00:00-04:00,137.62897312166186,138.48933489926392,136.73961154542852,137.93832397460938,797500,0.0,0.0
2025-10-23 00:00:00-04:00,138.64401380997086,138.64401380997086,136.61395410146275,136.8266143798828,647500,0.0,0.0
2025-10-24 00:00:00-04:00,137.1842836886925,137.68695664004,136.56559680570734,137.11660766601562,666600,0.0,0.0
2025-10-27 00:00:00-04:00,137.64829077688015,137.64829077688015,135.67623100978875,136.91360473632812,934100,0.0,0.0
2025-10-28 00:00:00-04:00,137.00061964399626,137.26163257311745,134.82554631952638,134.98988342285156,939300,0.0,0.0
2025-10-29 00:00:00-04:00,134.5548829122265,135.33790701413102,133.6558448595745,134.23587036132812,1176300,0.0,0.0
2025-10-30 00:00:00-04:00,135.1735402165693,136.75892618917078,133.24014196946223,133.4624786376953,1975600,0.0,0.0
2025-10-31 00:00:00-04:00,132.04143477358917,132.04143477358917,130.3400495615904,131.02639770507812,2402100,0.0,0.0
2025-11-03 00:00:00-05:00,130.39807051636632,130.64940702900375,127.99098390243708,129.4120330810547,1639100,0.0,0.0
2025-11-04 00:00:00-05:00,130.28204953971775,130.5333860103405,128.39698913340078,128.996337890625,2353900,0.0,0.0
2025-11-05 00:00:00-05:00,129.55702732263285,130.44638879189907,128.81266482908333,129.53768920898438,2942700,0.0,0.0
2025-11-06 00:00:00-05:00,129.70203253187077,130.66873175153202,129.37335833734423,129.62469482421875,2006100,0.0,0.0
2025-11-07 00:00:00-05:00,130.03072461443978,132.2057981578977,129.9340635295719,132.19613647460938,1704600,0.0,0.0
2025-11-10 00:00:00-05:00,132.6794726302541,135.11555888086323,132.51513552713007,134.4968719482422,2210100,0.0,0.0
2025-11-11 00:00:00-05:00,134.40985090148968,135.18321321521057,133.70416461239924,135.12521362304688,1691200,0.0,0.0
2025-11-12 00:00:00-05:00,135.20255437921622,135.90824068422464,134.47752995949728,135.6085662841797,1387700,0.0,0.0
2025-11-13 00:00:00-05:00,135.20255534915756,135.33789265178297,133.046820189246,133.13381958007812,2018700,0.0,0.0
2025-11-14 00:00:00-05:00,133.35615509507818,134.17785533632372,132.02212019546224,132.5344696044922,1664300,0.0,0.0
2025-11-17 00:00:00-05:00,133.05648374520828,133.67517067316032,132.4667966146087,133.017822265625,1338400,0.0,0.0
2025-11-18 00:00:00-05:00,133.1531617723759,133.82984830622456,132.43779900764443,132.51513671875,1493700,0.0,0.0
2025-11-19 00:00:00-05:00,132.36047269068544,132.36047269068544,130.12739956142252,130.55274963378906,1318600,0.0,0.0
2025-11-20 00:00:00-05:00,131.43242491322752,132.53446137087806,130.88139930907292,131.1907501220703,966100,0.0,0.0
2025-11-21 00:00:00-05:00,132.08978768290282,132.61179879849186,131.12308841275552,131.24876403808594,1245300,0.0,0.0
2025-11-24 00:00:00-05:00,131.40342052886098,131.85777035142323,130.12738520321997,131.5387725830078,1232600,0.0,0.0
2025-11-25 00:00:00-05:00,132.2057826676271,132.56347141664705,130.63007293788328,131.5387725830078,1406300,0.0,0.0
2025-11-26 00:00:00-05:00,131.7901012333329,132.64080123358238,131.3840893470299,132.22511291503906,1048600,0.0,0.0
2025-11-28 00:00:00-05:00,132.11876933672497,132.65045681241995,131.80943328310312,132.46678161621094,539300,0.0,0.0
2025-12-01 00:00:00-05:00,131.41308571050803,132.2154477805785,128.71598680318016,128.83200073242188,1374600,0.0,0.0
2025-12-02 00:00:00-05:00,129.44101524501897,129.44101524501897,126.95660600465682,127.16928100585938,951500,0.0,0.0
2025-12-03 00:00:00-05:00,127.97164754124714,128.77400966441178,126.99527188803425,128.7449951171875,1575500,0.0,0.0
2025-12-04 00:00:00-05:00,128.53234216793848,129.60537895382973,125.3712314066923,127.75897979736328,2210300,0.0,0.0
2025-12-05 00:00:00-05:00,127.53661843598891,128.04898258283762,126.77293255791784,126.85993194580078,1580000,0.0,0.0
2025-12-08 00:00:00-05:00,127.25627684058138,127.31427643007976,125.42921601808989,125.67089080810547,1572500,0.0,0.0
2025-12-09 00:00:00-05:00,126.48291610992888,127.10160298991212,125.78689152611538,125.91256713867188,1084700,0.0,0.0
2025-12-10 00:00:00-05:00,125.75789306244603,126.18324306268633,125.21654388056162,125.6612319946289,1935600,0.0,0.0
2025-12-11 00:00:00-05:00,127.0339448089332,127.3722806769311,126.10590709104999,126.39591979980469,1853000,0.0,0.0
2025-12-12 00:00:00-05:00,126.80194287437392,127.710642558302,125.37123206917887,125.47756958007812,1780100,0.0,0.0
2025-12-15 00:00:00-05:00,126.46764003776674,126.46764003776674,124.96544701239165,125.64826202392578,2868700,1.165,0.0
2025-12-16 00:00:00-05:00,126.0872091062804,126.47739973098076,125.3263559934277,125.50194549560547,1717600,0.0,0.0
2025-12-17 00:00:00-05:00,125.79458441192811,125.83359603217025,124.22409505961281,125.7262954711914,2174000,0.0,0.0
2025-12-18 00:00:00-05:00,126.37985119991878,127.66745796405229,125.83359919728663,126.71150207519531,3205400,0.0,0.0
2025-12-19 00:00:00-05:00,126.25303746874921,126.69200379225069,124.38992370587073,124.5069808959961,2828100,0.0,0.0
2025-12-22 00:00:00-05:00,123.66809384496246,125.22882666454973,123.13159845008926,125.16053771972656,1957700,0.0,0.0
2025-12-23 00:00:00-05:00,125.16053501709587,125.90188978830459,124.741089383261,125.36538696289062,1368400,0.0,0.0
2025-12-24 00:00:00-05:00,125.23856268157213,125.97990250659356,124.79961127354301,125.62873840332031,887800,0.0,0.0
2025-12-26 00:00:00-05:00,125.6677764924893,126.04820306575611,125.31661235683906,125.88237762451172,735300,0.0,0.0
2025-12-29 00:00:00-05:00,126.24328462091475,126.9748752931854,125.95064537515643,126.4578857421875,1015500,0.0,0.0
2025-12-30 00:00:00-05:00,126.71149401537805,127.09192055617387,126.33106747458221,126.59444427490234,760200,0.0,0.0
2025-12-31 00:00:00-05:00,126.55544168127672,126.79930524749174,125.77507529253849,125.8140869140625,971100,0.0,0.0
2026-01-02 00:00:00-05:00,126.16524977740356,127.72598253920187,124.90692033744484,127.16021728515625,1084600,0.0,0.0
2026-01-05 00:00:00-05:00,126.70174553487443,126.848057711281,123.51201357308713,125.63850402832031,1276700,0.0,0.0
2026-01-06 00:00:00-05:00,125.98967859073933,126.93587043468447,125.62875038523634,126.84806823730469,1292500,0.0,0.0
2026-01-07 00:00:00-05:00,127.42359980983785,127.42359980983785,124.57526760144628,125.11176300048828,1088300,0.0,0.0
2026-01-08 00:00:00-05:00,124.80937207611942,127.4821221600859,124.80937207611942,126.4481430053711,1344300,0.0,0.0
2026-01-09 00:00:00-05:00,127.23824686066818,128.33075078995523,126.41886891370292,126.70174407958984,1174300,0.0,0.0
2026-01-12 00:00:00-05:00,126.22377561481562,127.53089563860678,126.22377561481562,127.11144256591797,1048000,0.0,0.0
2026-01-13 00:00:00-05:00,127.09192643598874,129.0721122375633,126.57493687930318,128.95504760742188,1381100,0.0,0.0
2026-01-14 00:00:00-05:00,129.17941457079257,130.96449784704015,129.17941457079257,130.662109375,2428900,0.0,0.0
2026-01-15 00:00:00-05:00,131.2278700704683,131.86190943245762,130.2914422470917,131.305908203125,1279100,0.0,0.0
2026-01-16 00:00:00-05:00,130.60356108719787,132.7007816449441,130.06705830509426,132.1837921142578,2221900,0.0,0.0
2026-01-20 00:00:00-05:00,131.66680065819767,132.4959426624377,130.5450343082254,132.28134155273438,2199300,0.0,0.0
2026-01-21 00:00:00-05:00,133.24705594357002,134.1249588111793,132.91539018793375,133.7055206298828,2782600,0.0,0.0
2026-01-22 00:00:00-05:00,133.87135794233586,134.26153372161093,131.77412219703967,131.87167358398438,1792700,0.0,0.0
2026-01-23 00:00:00-05:00,131.71559090149736,131.71559090149736,129.84272046056836,131.03277587890625,1709400,0.0,0.0
2026-01-26 00:00:00-05:00,132.21305728925458,133.58845129981043,131.6765693802825,132.20330810546875,1332700,0.0,0.0
2026-01-27 00:00:00-05:00,132.1252687408021,133.82256441134112,131.6668040749252,133.3250732421875,1018700,0.0,0.0
2026-01-28 00:00:00-05:00,133.4811490563456,134.60293031605988,132.57398379546132,133.20802307128906,991100,0.0,0.0
2026-01-29 00:00:00-05:00,133.74453682307603,135.07115523822347,130.73038667241968,131.14007568359375,2344200,0.0,0.0
2026-01-30 00:00:00-05:00,130.7108656018444,131.14006784052452,129.2574334543595,131.08154296875,3240700,0.0,0.0
2026-02-02 00:00:00-05:00,130.98398332663325,130.98398332663325,128.96480095659058,129.6671142578125,1630000,0.0,0.0
2026-02-03 00:00:00-05:00,129.92076691239262,133.36411956799319,129.92076691239262,132.3398895263672,1598700,0.0,0.0
2026-02-04 00:00:00-05:00,133.21778059920604,134.1639574325411,132.1155126451803,132.36912536621094,1459300,0.0,0.0
2026-02-05 00:00:00-05:00,132.973929347032,134.44685989338134,131.93018616417646,132.79833984375,2522400,0.0,0.0
2026-02-06 00:00:00-05:00,133.88110427925145,134.33956899648518,130.79866508209528,131.51075744628906,1603600,0.0,0.0
2026-02-09 00:00:00-05:00,131.22785026227444,132.15452876078587,130.740123169979,131.72532653808594,1024400,0.0,0.0
2026-02-10 00:00:00-05:00,132.65203770975387,135.6076630946797,132.03749672809053,134.4566192626953,1285700,0.0,0.0
2026-02-11 00:00:00-05:00,134.49561787059838,136.4757885293545,133.72500078610796,136.28070068359375,2332400,0.0,0.0
2026-02-12 00:00:00-05:00,136.56359647840455,139.03149456688138,135.79299416163246,137.45126342773438,1700500,0.0,0.0
2026-02-13 00:00:00-05:00,137.61710038016247,141.85056865298156,137.58783794063737,141.38235473632812,2008300,0.0,0.0
2026-02-17 00:00:00-05:00,146.36690872669996,150.83449084159582,140.28006903395428,141.1384735107422,2264900,0.0,0.0
2026-02-18 00:00:00-05:00,141.08969967244516,141.3140499784557,138.60228840132706,139.11927795410156,1115800,0.0,0.0
2026-02-19 00:00:00-05:00,139.6655421077912,142.904057588015,138.91445299958707,141.4701385498047,1579800,0.0,0.0
2026-02-20 00:00:00-05:00,142.49434924031254,142.53336085867264,140.39711381040257,141.44085693359375,1307600,0.0,0.0
2026-02-23 00:00:00-05:00,142.0163766487494,142.91379274713205,141.30429923407894,142.27000427246094,1549900,0.0,0.0
2026-02-24 00:00:00-05:00,142.08468165448235,142.70897183195757,140.2703360005306,142.50411987304688,1066100,0.0,0.0
2026-02-25 00:00:00-05:00,142.61139613870048,142.97232430152735,140.6117121209007,142.43582153320312,1406100,0.0,0.0
2026-02-26 00:00:00-05:00,142.6211740499619,143.7917161863124,142.44558454317138,142.99183654785156,1060900,0.0,0.0
2026-02-27 00:00:00-05:00,143.16742988418676,144.75741025085705,142.41632591553503,144.60134887695312,1666500,0.0,0.0
2026-03-02 00:00:00-05:00,144.18187885212063,144.9329827325166,143.2259379306845,144.0258026123047,1277900,0.0,0.0
2026-03-03 00:00:00-05:00,141.87982114064917,145.76212498259926,140.52394029550135,144.4745330810547,1950300,0.0,0.0
2026-03-04 00:00:00-05:00,143.71368379359797,146.474221248487,143.2747323354834,146.42544555664062,2161100,0.0,0.0
2026-03-05 00:00:00-05:00,144.83543986430269,146.0547576514785,144.51353818237823,144.99151611328125,1986800,0.0,0.0
2026-03-06 00:00:00-05:00,144.26965763742643,146.62050562651297,143.10887974348503,146.44493103027344,1866500,0.0,0.0
2026-03-09 00:00:00-04:00,146.7473486296734,147.03998789922818,143.56735805636404,145.30368041992188,989700,0.0,0.0
2026-03-10 00:00:00-04:00,144.76715655635311,145.8401472099457,143.98679024558163,144.1331024169922,890900,0.0,0.0
2026-03-11 00:00:00-04:00,143.95753253670347,144.162369583402,142.51386448914994,142.92355346679688,1198800,0.0,0.0
2026-03-12 00:00:00-04:00,143.25521436672696,145.84016222273718,141.9676075887703,144.0160675048828,1119200,0.0,0.0
2026-03-13 00:00:00-04:00,145.59629358415432,146.37665994807386,144.98176753812737,145.89869689941406,1114500,0.0,0.0
2026-03-16 00:00:00-04:00,146.48365415195795,147.20132154581862,145.84463750005528,146.7392578125,1042000,1.165,0.0
2026-03-17 00:00:00-04:00,147.03418739121045,148.14510844232467,146.78840945962548,146.81790161132812,1015700,0.0,0.0
2026-03-18 00:00:00-04:00,146.46396807127317,146.47380878838248,144.50758550644426,144.52723693847656,1210800,0.0,0.0
2026-03-19 00:00:00-04:00,144.83202772698783,145.94293378469385,143.0820750409883,144.65505981445312,1050200,0.0,0.0
2026-03-20 00:00:00-04:00,144.92050722542405,144.93033294256773,139.03166241986935,139.17913818359375,2498600,0.0,0.0
2026-03-23 00:00:00-04:00,140.71278815309535,141.155185435897,139.6313592386072,139.886962890625,1448500,0.0,0.0
2026-03-24 00:00:00-04:00,139.42489919871048,142.3250755201295,139.42489919871048,140.89956665039062,781600,0.0,0.0
2026-03-25 00:00:00-04:00,142.1874539062511,142.79697837676903,140.94872352927024,141.02737426757812,1020900,0.0,0.0
2026-03-26 00:00:00-04:00,140.05410905682035,142.51188847659324,140.05410905682035,141.95150756835938,996100,0.0,0.0
2026-03-27 00:00:00-04:00,142.01048493248402,143.3278510368238,141.41078618333017,142.0301513671875,1014000,0.0,0.0
2026-03-30 00:00:00-04:00,144.1045298328028,144.6943879137364,142.8658143618562,143.5933074951172,943900,0.0,0.0
2026-03-31 00:00:00-04:00,144.24216625756537,144.27165841183788,141.93184749891364,143.7506103515625,978600,0.0,0.0
2026-04-01 00:00:00-04:00,142.75765925371866,144.8418512967323,142.75765925371866,144.63539123535156,692100,0.0,0.0
2026-04-02 00:00:00-04:00,145.11710989323834,146.2575229967871,144.63537978887035,145.5398406982422,879200,0.0,0.0
2026-04-06 00:00:00-04:00,144.76319657426905,146.04124477344573,144.65505368815963,145.1761016845703,1427500,0.0,0.0
2026-04-07 00:00:00-04:00,145.2940715353839,146.93588127526604,144.8713407049298,145.76597595214844,708900,0.0,0.0
2026-04-08 00:00:00-04:00,144.75337901222684,146.47382456928136,144.30114100817653,146.26736450195312,740500,0.0,0.0
2026-04-09 00:00:00-04:00,146.1887127318073,148.8431114294799,146.11990271057934,148.43020629882812,983000,0.0,0.0
2026-04-10 00:00:00-04:00,147.93865305065648,148.48919323461564,147.12266849189737,147.15216064453125,538500,0.0,0.0
2026-04-13 00:00:00-04:00,146.9850221923514,146.9850221923514,144.0356871460118,145.018798828125,1357700,0.0,0.0
2026-04-14 00:00:00-04:00,144.76320392832727,145.84463284435878,143.29836203317456,145.24493408203125,916300,0.0,0.0
2026-04-15 00:00:00-04:00,144.18317576265835,144.84185884830904,143.40650906388407,144.2716522216797,957100,0.0,0.0
2026-04-16 00:00:00-04:00,143.90789798488237,144.81235896470577,143.32785067081886,144.48793029785156,1370500,0.0,0.0
2026-04-17 00:00:00-04:00,143.85874033800127,144.8615184965434,142.62002496645707,144.4977569580078,975900,0.0,0.0
2026-04-20 00:00:00-04:00,144.763208445296,145.67749519284587,143.3278586575127,143.40650939941406,725200,0.0,0.0
2026-04-21 00:00:00-04:00,143.93739376878264,144.48793394421278,141.03721712965225,141.0470428466797,720700,0.0,0.0
2026-04-22 00:00:00-04:00,142.0596419132142,142.8362935626389,140.69311723810662,141.14535522460938,927500,0.0,0.0
2026-04-23 00:00:00-04:00,142.41357764751152,145.1662937205797,142.26611687619004,144.91067504882812,1384700,0.0,0.0
2026-04-24 00:00:00-04:00,144.8418571298201,145.6480009709418,143.90790395978726,144.3994598388672,1274700,0.0,0.0
2026-04-27 00:00:00-04:00,145.04829321212196,146.71959509832607,144.01603793088225,144.02586364746094,1996100,0.0,0.0
2026-04-28 00:00:00-04:00,145.23508879173178,146.26735908797474,143.90789698321447,146.07073974609375,1224400,0.0,0.0
2026-04-29 00:00:00-04:00,145.58900147230167,146.55246169554223,144.43876263542228,144.54690551757812,1132900,0.0,0.0
2026-04-30 00:00:00-04:00,144.02586736391623,149.25602892878305,144.02586736391623,149.1282196044922,1625300,0.0,0.0
2026-05-01 00:00:00-04:00,149.07906565924324,151.12393990608604,146.24769900960018,146.27719116210938,1621500,0.0,0.0
2026-05-04 00:00:00-04:00,145.22526968063642,145.94293706163774,143.18039542965516,144.25198364257812,2137600,0.0,0.0
2026-05-05 00:00:00-04:00,144.51741362781058,144.5370800612634,140.58496699848243,141.07652282714844,4657200,0.0,0.0
2026-05-06 00:00:00-04:00,141.19450374324308,142.51188487982506,139.9754547825034,140.03443908691406,2512000,0.0,0.0
2026-05-07 00:00:00-04:00,139.8869634811163,139.8869634811163,138.28450153882181,139.60186767578125,2118000,0.0,0.0
2026-05-08 00:00:00-04:00,140.34901949357064,140.6832888690724,137.99938315401943,138.2255096435547,1782100,0.0,0.0
2026-05-11 00:00:00-04:00,139.1889611941593,140.86024814287276,138.55977028401676,140.02459716796875,1598200,0.0,0.0
2026-05-12 00:00:00-04:00,139.53304173408299,140.811089993338,138.95300940909087,140.1720733642578,1221700,0.0,0.0
2026-05-13 00:00:00-04:00,139.27743900006533,139.78866130735358,138.2943272558697,139.60186767578125,1463200,0.0,0.0
2026-05-14 00:00:00-04:00,140.01476106736234,141.4501106940093,139.70017313616856,141.3714599609375,1063500,0.0,0.0
2026-05-15 00:00:00-04:00,141.13550279150314,141.24364567053186,137.38984989228896,137.41934204101562,1425600,0.0,0.0
2026-05-18 00:00:00-04:00,138.70722620583476,140.19173447410324,138.1271939028753,138.9628448486328,2140300,0.0,0.0
2026-05-19 00:00:00-04:00,138.56959434361116,141.41078662277044,138.2648321096849,140.73243713378906,1553700,0.0,0.0
2026-05-20 00:00:00-04:00,141.23382498041488,141.74503224392996,140.08358613586577,140.35885620117188,1354500,0.0,0.0
2026-05-21 00:00:00-04:00,140.26054893122904,141.43045429187464,139.778818782406,141.3223114013672,1404700,0.0,0.0
2026-05-22 00:00:00-04:00,141.78436795457884,143.03292399081772,141.1453513618225,142.84613037109375,1070400,0.0,0.0
2026-05-26 00:00:00-04:00,143.53431128015146,143.53431128015146,141.72538931359577,142.1776123046875,1589800,0.0,0.0
2026-05-27 00:00:00-04:00,141.55826853073046,143.00344402626632,141.15518910656712,142.816650390625,1086500,0.0,0.0
2026-05-28 00:00:00-04:00,143.04276456938672,144.07503494278694,140.4866679305953,140.9585723876953,1240100,0.0,0.0
2026-05-29 00:00:00-04:00,141.08635948856187,141.34197813999842,139.89680269151864,140.45716857910156,1309200,0.0,0.0
2026-06-01 00:00:00-04:00,139.3364274877772,139.74933263260448,137.41936252925947,137.46852111816406,1666700,0.0,0.0
2026-06-02 00:00:00-04:00,137.9403975116845,140.89957327113794,137.9403975116845,140.24087524414062,1789400,0.0,0.0
2026-06-03 00:00:00-04:00,140.58497491838523,142.18745181046242,139.1397995006052,139.41506958007812,2540100,0.0,0.0
2026-06-04 00:00:00-04:00,139.76899412811417,141.3321381928012,137.6356434546977,140.3195343017578,1359800,0.0,0.0
2026-06-05 00:00:00-04:00,141.11584712492092,144.17332511862497,141.11584712492092,143.30819702148438,1325100,0.0,0.0
2026-06-08 00:00:00-04:00,142.78714794452262,144.1634983167219,140.6046387821109,140.693115234375,2021500,0.0,0.0
2026-06-09 00:00:00-04:00,141.24365966634969,143.71126469458287,140.76192952092487,143.4851531982422,1982000,0.0,0.0
2026-06-10 00:00:00-04:00,144.51742084170598,145.15643745043232,143.53430913529982,143.60313415527344,1246100,0.0,0.0
2026-06-11 00:00:00-04:00,144.80251791442475,145.74631176138809,143.31802462503998,143.32785034179688,1097200,0.0,0.0
2026-06-12 00:00:00-04:00,144.11434383911853,145.6676621612106,143.91772449478543,144.93032836914062,1211600,0.0,0.0
2026-06-15 00:00:00-04:00,144.55672905747804,146.28701514592254,143.15088661171004,145.5398406982422,954100,0.0,0.0
2026-06-16 00:00:00-04:00,145.90361009512458,147.46675408819692,145.47103854962418,146.336181640625,1027300,0.0,0.0
2026-06-17 00:00:00-04:00,145.34322495584706,146.74908243738997,143.69160455914343,144.70420837402344,1351700,0.0,0.0
2026-06-18 00:00:00-04:00,145.4218834648583,146.40499518244206,144.0160409092388,145.06796264648438,2920500,0.0,0.0
2026-06-22 00:00:00-04:00,144.67654537195622,146.76741933797254,144.65672243337863,145.4990234375,1643900,1.165,0.0
2026-06-23 00:00:00-04:00,146.41068205732535,148.1646416700183,145.35037409018355,147.83763122558594,1171100,0.0,0.0
2026-06-24 00:00:00-04:00,148.64029653147844,149.98796915818275,147.847545259216,149.73033142089844,1335200,0.0,0.0
2026-06-25 00:00:00-04:00,150.12669712965808,152.1779404472763,149.99787070281076,151.42481994628906,918700,0.0,0.0
2026-06-26 00:00:00-04:00,152.30674236289576,153.4958616189861,151.7716439898202,153.03012084960938,1874700,0.0,0.0
2026-06-29 00:00:00-04:00,152.52475601493555,153.6544216258489,152.00946543718507,152.6238555908203,1231400,0.0,0.0
2026-06-30 00:00:00-04:00,151.99955824321611,152.28692281431643,150.3645211197558,150.98880004882812,999700,0.0,0.0
2026-07-01 00:00:00-04:00,151.1770753195742,151.50408575787594,149.2051239013672,149.2051239013672,1626000,0.0,0.0
2026-07-02 00:00:00-04:00,150.21587138133782,152.89139354048558,149.90868387216702,152.66348266601562,1492800,0.0,0.0
2026-07-06 00:00:00-04:00,152.4652989531578,153.0103163675524,149.74022700165688,149.9879608154297,859800,0.0,0.0
2026-07-07 00:00:00-04:00,150.96899645173556,154.3381703666057,150.7906202381044,152.4454803466797,1178700,0.0,0.0
2026-07-08 00:00:00-04:00,151.93019780673063,152.31666194437244,149.85913166967762,150.01768493652344,1322000,0.0,0.0
2026-07-09 00:00:00-04:00,149.49249938555715,150.2951545561821,147.18361833101613,147.9169158935547,1738200,0.0,0.0
2026-07-10 00:00:00-04:00,147.77818653257435,149.51232331232717,147.77818653257435,148.90785217285156,1222000,0.0,0.0
2026-07-13 00:00:00-04:00,149.0663872941048,150.51315945961565,148.44210834802823,149.2744903564453,985300,0.0,0.0
2026-07-14 00:00:00-04:00,149.78978592171765,150.31498042930122,147.40162818242004,147.71873474121094,1072500,0.0,0.0
2026-07-15 00:00:00-04:00,147.22326060305278,148.24392272346535,145.3900243018608,145.61793518066406,1102100,0.0,0.0
2026-07-16 00:00:00-04:00,145.59811786321555,147.6097304536648,145.59811786321555,147.5601806640625,1000900,0.0,0.0
2026-07-17 00:00:00-04:00,149.24475640138758,150.542879140425,146.15304330563606,146.84669494628906,1162600,0.0,0.0
2026-07-20 00:00:00-04:00,147.0448833672212,148.01599569318034,144.28018063090357,144.6269989013672,981600,0.0,0.0
2026-07-21 00:00:00-04:00,144.12163439743887,144.70628260342028,142.56585869760337,143.71534729003906,1083300,0.0,0.0
2026-07-22 00:00:00-04:00,145.0134566832906,147.25297996094983,144.52790810186443,147.20343017578125,1663100,0.0,0.0
2026-07-23 00:00:00-04:00,145.90531491669512,147.8178127341436,145.58820837177615,146.78724670410156,1601900,0.0,0.0
2026-07-24 00:00:00-04:00,147.04488608086223,149.44294765193925,147.04488608086223,148.10519409179688,1153500,0.0,0.0
2026-07-27 00:00:00-04:00,147.35207711175562,148.39256220809392,145.50893683610497,145.89540100097656,1580900,0.0,0.0
2026-07-28 00:00:00-04:00,145.5089342338262,149.19521471920217,144.75582885742188,144.75582885742188,1685600,0.0,0.0
2026-07-29 00:00:00-04:00,145.68731350179854,147.17371646671555,141.2082816671162,142.2190399169922,1449600,0.0,0.0
2026-07-30 00:00:00-04:00,142.07038746093974,142.7640542592055,139.90023676004395,140.41552734375,1059100,0.0,0.0
2026-07-31 00:00:00-04:00,140.3065237041853,141.10917886764727,139.22640786990868,140.583984375,1596700,0.0,0.0
2026-08-03 00:00:00-04:00,140.29661817693454,142.0406588191554,139.12730668872229,140.4353485107422,1381300,0.0,0.0
2026-08-04 00:00:00-04:00,139.45431714422725,140.9803659365838,138.01746401826102,140.4353485107422,1500900,0.0,0.0
2026-08-05 00:00:00-04:00,139.9795151186287,140.3362524316617,137.2445391323577,138.39402770996094,1823200,0.0,0.0
2026-08-06 00:00:00-04:00,139.82097939910733,140.13807083817855,137.40309480423818,138.7012176513672,1297800,0.0,0.0
2026-08-07 00:00:00-04:00,138.18592081614153,140.06870690740269,137.29408511849888,138.60211181640625,1242300,0.0,0.0
2026-08-10 00:00:00-04:00,137.90846540346593,138.0670186821234,135.2329430881311,135.54013061523438,1638000,0.0,0.0
2026-08-11 00:00:00-04:00,135.54012902219844,136.828347935322,134.52937078322796,136.392333984375,1264300,0.0,0.0
2026-08-12 00:00:00-04:00,136.66979196962197,137.67063115880643,136.25360096658073,137.4228973388672,1287000,0.0,0.0
2026-08-13 00:00:00-04:00,138.01746393507958,138.67148484569535,137.47244650956642,138.26519775390625,1891500,0.0,0.0
2026-08-14 00:00:00-04:00,138.07692102512567,139.92998031740345,137.97783656744372,139.56332397460938,870500,0.0,0.0
2026-08-17 00:00:00-04:00,139.04805090910028,139.90024076588134,138.3543840909724,139.87051391601562,1300200,0.0,0.0
2026-08-18 00:00:00-04:00,141.1091766821406,141.94157380216495,138.86966841082983,138.9390411376953,976600,0.0,0.0
2026-08-19 00:00:00-04:00,140.06870834939605,140.07861225885944,137.67063165767868,137.91836547851562,1069000,0.0,0.0
2026-08-20 00:00:00-04:00,137.04635444479112,138.61203402674386,136.79862062082023,136.897705078125,1004700,0.0,0.0
2026-08-21 00:00:00-04:00,137.22470609415024,137.22470609415024,133.8456284593505,133.9942626953125,1135800,0.0,0.0
2026-08-24 00:00:00-04:00,134.2816332297295,134.86629653161333,133.44925123038365,134.43028259277344,1445600,0.0,0.0
2026-08-25 00:00:00-04:00,134.6680996528304,135.619404182755,134.11317831057127,134.9059295654297,1268800,0.0,0.0
2026-08-26 00:00:00-04:00,134.83656722821092,136.62023858848573,134.83656722821092,136.46170043945312,1166300,0.0,0.0
2026-08-27 00:00:00-04:00,134.76719024485854,135.7383025290674,134.58882916265492,135.00502014160156,1243000,0.0,0.0
2026-08-28 00:00:00-04:00,135.98604019982545,135.98604019982545,134.07354242408232,134.6284637451172,877200,0.0,0.0
2026-08-31 00:00:00-04:00,134.28163595473677,135.1437599405645,133.14206641730243,134.4005584716797,1430000,0.0,0.0
2026-09-01 00:00:00-04:00,135.35183935942302,135.7779493707247,133.7762559735368,134.82664489746094,1050300,0.0,0.0
2026-09-02 00:00:00-04:00,134.93564933318262,135.15365629483975,133.1321550654857,134.81674194335938,1169200,0.0,0.0
2026-09-03 00:00:00-04:00,135.4905699195037,135.9662297171886,134.83656415851237,135.82749938964844,967100,0.0,0.0
2026-09-04 00:00:00-04:00,135.05455399243664,136.42204942964267,134.36090236503918,134.84646606445312,1170200,0.0,0.0
2026-09-08 00:00:00-04:00,134.7671894000881,136.7589637412344,134.7671894000881,136.01576232910156,1259500,0.0,0.0
2026-09-09 00:00:00-04:00,135.758126432404,136.24369013819626,133.7762559735368,134.82664489746094,1144600,0.0,0.0
2026-09-10 00:00:00-04:00,135.36176150638067,135.75812955909436,133.08260740209712,133.1222381591797,1471000,0.0,0.0
2026-09-11 00:00:00-04:00,134.22218382805,134.22218382805,131.09082464023822,131.37820434570312,1683900,0.0,0.0
2026-09-14 00:00:00-04:00,131.84393909567027,132.38895651164268,129.6143347652603,129.94134521484375,1940600,0.0,0.0
2026-09-15 00:00:00-04:00,130.02062683388078,130.79355515507967,128.4450282217699,129.21795654296875,1611000,0.0,0.0
2026-09-16 00:00:00-04:00,130.25844502159538,130.55572864221875,128.59368093886133,129.51524353027344,2284800,0.0,0.0
2026-09-17 00:00:00-04:00,130.08007696448456,130.48634893311922,128.65312775818774,129.25759887695312,2248800,0.0,0.0
2026-09-18 00:00:00-04:00,128.08828576939862,128.3459386131054,127.01807387827643,127.3550033569336,3136000,0.0,0.0
2026-09-21 00:00:00-04:00,127.26000213623047,127.48999786376953,125.76000213623047,126.12999725341797,2179500,1.165,0.0
2026-09-22 00:00:00-04:00,126.18000030517578,126.7699966430664,125.12999725341797,125.41000366210938,2683600,0.0,0.0
2026-09-23 00:00:00-04:00,125.0,125.29000091552734,122.5,122.88999938964844,1850300,0.0,0.0
2026-09-24 00:00:00-04:00,123.52999877929688,124.12999725341797,121.05000305175781,121.18000030517578,1682500,0.0,0.0
2026-09-25 00:00:00-04:00,121.05999755859375,121.47000122070312,120.23999786376953,121.44000244140625,2022600,0.0,0.0
2026-09-28 00:00:00-04:00,121.3499984741211,121.80000305175781,120.37000274658203,120.83000183105469,2366600,0.0,0.0
2026-09-29 00:00:00-04:00,120.23999786376953,122.91000366210938,119.68000030517578,122.38999938964844,3042100,0.0,0.0
2026-09-30 00:00:00-04:00,122.97000122070312,123.0,121.73999786376953,121.80000305175781,2248400,0.0,0.0
2026-10-01 00:00:00-04:00,121.33999633789062,123.48999786376953,120.5999984741211,123.2699966430664,2164400,0.0,0.0
2026-10-02 00:00:00-04:00,124.0,125.36000061035156,123.98999786376953,124.44999694824219,1720800,0.0,0.0
